Name,Manufacturer,Is_Notebook,Memory_Type,Release_Date,Release_Year,Release_Month,Process_nm,Memory_MB,Memory_GB,Memory_Bus_Bit,Memory_Bandwidth_GBs,Memory_Speed_MHz
GeForce GTS 150,NVIDIA,0,GDDR3,2009-03-01,2009,3,55,1024,1.0,256,64.0,1000
Radeon HD 2900 XT 512MB,AMD,0,GDDR3,2007-05-14,2007,5,80,512,0.5,512,106.0,828
Radeon HD 2900 Pro,AMD,0,GDDR3,2007-12-07,2007,12,80,512,0.5,256,51.2,800
Radeon HD 2600 XT Diamond Edition,AMD,0,GDDR4,2007-07-01,2007,7,65,256,0.25,128,36.8,1150
Radeon HD 2600 XT,AMD,0,GDDR3,2007-06-28,2007,6,65,256,0.25,128,22.4,700
Radeon HD 2600 XT 256MB GDDR4,AMD,0,GDDR4,2007-06-26,2007,6,65,256,0.25,128,35.2,1100
Radeon HD 4890 Sapphire Vapor-X OC 2GB Edition,AMD,0,GDDR5,2009-07-13,2009,7,55,2048,2.0,256,134.4,1050
Radeon HD 2900 GT,AMD,0,GDDR3,2007-11-06,2007,11,80,256,0.25,256,51.2,800
FirePro D300,AMD,0,GDDR5,2014-01-18,2014,1,28,2048,2.0,256,160.0,1250
Radeon 7000 64mb,AMD,0,DDR,2001-01-02,2001,1,,64,0.0625,64,2.9,366
Quadro4 980 XGL,NVIDIA,0,DDR,2002-11-01,2002,11,150,128,0.125,128,5.2,325
Tesla M2090,NVIDIA,0,GDDR5,2011-07-25,2011,7,40,6144,6.0,384,177.6,925
Tesla K20,NVIDIA,0,GDDR5,2012-11-01,2012,11,28,5120,5.0,320,168.0,1050
Tesla K40c,NVIDIA,0,GDDR5,2013-11-12,2013,11,28,12288,12.0,384,288.4,1502
All-in-Wonder Radeon 7500,AMD,0,DDR,2002-01-22,2002,1,,64,0.0625,128,5.8,360
Radeon R7 250 v2 MSI OC 2GB + Radeon R7 7870K Dual,AMD,0,DDR3,2015-05-28,2015,5,28,3072,3.0,128,57.6,900
Tesla K10,NVIDIA,0,GDDR5,2012-05-15,2012,5,28,8192,8.0,512,320.0,1250
Tesla K20X,NVIDIA,0,GDDR5,2012-11-12,2012,11,28,6144,6.0,384,249.6,1300
Iris i3 6167U,Intel,1,DDR4,2015-09-01,2015,9,14,,,128,34.1,1067
Radeon 9800 XT,AMD,0,DDR,2003-10-01,2003,10,150,256,0.25,256,23.4,730
Tesla C2070,NVIDIA,0,GDDR5,2010-09-01,2010,9,40,6144,6.0,384,144.0,750
Tesla C2075,NVIDIA,0,GDDR5,2011-07-01,2011,7,40,6144,6.0,384,144.0,750
Quadro4 750 XGL,NVIDIA,0,DDR,2002-02-19,2002,2,150,128,0.125,128,3.6,225
Quadro4 900 XGL,NVIDIA,0,DDR,2002-11-01,2002,11,150,128,0.125,128,5.2,325
Iris i5 6360U,Intel,1,DDR4,2015-09-01,2015,9,14,,,128,34.1,1067
Quadro4 780 XGL,NVIDIA,0,DDR,2002-11-01,2002,11,150,128,0.125,128,4.4,275
Tesla C2050,NVIDIA,0,GDDR5,2010-05-01,2010,5,40,3072,3.0,384,144.0,750
Iris i5 6267U,Intel,1,DDR4,2015-09-01,2015,9,14,,,128,34.1,1067
Iris i5 6260U,Intel,1,DDR4,2015-09-01,2015,9,14,,,128,34.1,1067
Iris i5 4258U,Intel,1,DDR3,2013-06-02,2013,6,22,,,128,25.6,800
Quadro4 580 XGL,NVIDIA,0,DDR,2002-11-01,2002,11,150,64,0.0625,128,3.2,200
Iris i5 5350H,Intel,1,DDR3,2015-06-02,2015,6,14,,,128,29.9,933
Quadro4 550 XGL,NVIDIA,0,DDR,2002-02-19,2002,2,150,64,0.0625,128,3.2,200
Quadro4 380 XGL,NVIDIA,0,DDR,2002-02-19,2002,2,150,128,0.125,128,4.1,256
Quadro4 700 XGL,NVIDIA,0,DDR,2002-02-19,2002,2,150,64,0.0625,128,3.6,225
Iris i5 6287U,Intel,1,DDR4,2015-09-01,2015,9,14,,,128,34.1,1067
Iris i7 6650U,Intel,1,DDR4,2015-09-01,2015,9,14,,,128,34.1,1067
Quadro4 500 XGL,NVIDIA,0,DDR,2002-02-19,2002,2,150,128,0.125,128,2.7,166
Iris i7 6567U,Intel,1,DDR4,2015-09-01,2015,9,14,,,128,34.1,1067
Iris i7 6560U,Intel,1,DDR4,2015-09-01,2015,9,14,,,128,34.1,1067
Iris i7 5950HQ,Intel,1,DDR3,2015-06-02,2015,6,14,,,128,29.9,933
Iris i7 5850EQ,Intel,1,DDR3,2015-06-02,2015,6,14,,,128,25.6,800
Titan X Pascal 2016,NVIDIA,0,GDDR5X,2016-08-02,2016,8,16,,,384,480.0,1250
Iris i7 5850HQ,Intel,1,DDR3,2015-06-02,2015,6,14,,,128,29.9,933
Iris i7 5750HQ,Intel,1,DDR3,2015-06-02,2015,6,14,,,128,29.9,933
GeForce Titan XP,NVIDIA,0,GDDR5X,2017-04-06,2017,4,16,12288,12.0,96,547.2,1425
GeForce GTX Titan Zotac Edition,NVIDIA,0,GDDR5,2013-02-19,2013,2,28,6144,6.0,384,288.4,1502
GeForce GTX Titan Z Palit 12GB Edition,NVIDIA,0,GDDR5,2014-05-28,2014,5,28,12288,12.0,384,672.0,1750
GeForce GTX Titan Z EVGA Superclocked 12GB Edition,NVIDIA,0,GDDR5,2014-05-28,2014,5,28,12288,12.0,384,672.0,1750
GeForce GTX Titan Z,NVIDIA,0,GDDR5,2014-05-28,2014,5,28,12288,12.0,384,672.0,1750
GeForce GTX Titan Z EVGA Hydro Copper 12GB Edition,NVIDIA,0,GDDR5,2014-05-28,2014,5,28,12288,12.0,384,672.0,1750
GeForce GTX Titan X EVGA Hybrid 12GB Edition,NVIDIA,0,GDDR5,2015-03-17,2015,3,28,12288,12.0,384,336.6,1753
GeForce GTX Titan X EVGA Superclocked 12GB Edition SLI,NVIDIA,0,GDDR5,2015-03-17,2015,3,28,24576,24.0,384,673.2,1753
GeForce GTX Titan Zotac AMP! Edition,NVIDIA,0,GDDR5,2013-04-01,2013,4,28,6144,6.0,384,317.2,1652
GeForce GTX Titan X SLI,NVIDIA,0,GDDR5,2015-03-17,2015,3,28,24576,24.0,384,673.2,1753
GeForce GTX Titan X,NVIDIA,0,GDDR5,2015-03-17,2015,3,28,12288,12.0,384,336.6,1753
GeForce GTX Titan X EVGA Superclocked 12GB Edition,NVIDIA,0,GDDR5,2015-03-17,2015,3,28,12288,12.0,384,336.6,1753
GeForce GTX Titan WindForce 3X OC Edition,NVIDIA,0,GDDR5,2013-05-15,2013,5,28,6144,6.0,384,288.4,1502
GeForce GTX Titan SLI,NVIDIA,0,GDDR5,2013-02-19,2013,2,28,12288,12.0,384,576.8,1502
GeForce GTX Titan P 12GB [not released],NVIDIA,0,HBM-2,2016-08-17,2016,8,16,12288,12.0,3072,384.0,500
GeForce GTX Titan Inno3D Edition,NVIDIA,0,GDDR5,2013-02-19,2013,2,28,6144,6.0,384,288.4,1502
GeForce GTX Titan P 16GB [not released],NVIDIA,0,HBM-2,2016-08-17,2016,8,16,16384,16.0,4096,512.0,500
GeForce GTX Titan Gigabyte Edition,NVIDIA,0,GDDR5,2013-02-19,2013,2,28,6144,6.0,384,288.4,1502
GeForce GTX Titan iChill Accelero Hybrid Edition,NVIDIA,0,GDDR5,2013-03-15,2013,3,28,6144,6.0,384,288.4,1502
GeForce GTX Titan Asus Edition,NVIDIA,0,GDDR5,2013-02-19,2013,2,28,6144,6.0,384,288.4,1502
GeForce GTX Titan Black Edition,NVIDIA,0,GDDR5,2014-02-18,2014,2,28,6144,6.0,384,336.0,1750
Radeon HD 8670D + 6670 Dual,AMD,0,DDR3,2013-03-01,2013,3,32,2048,2.0,128,28.8,900
GeForce GTX Titan EVGA Edition,NVIDIA,0,GDDR5,2013-02-19,2013,2,28,6144,6.0,384,288.4,1502
GeForce GTX Titan,NVIDIA,0,GDDR5,2013-02-19,2013,2,28,6144,6.0,384,288.4,1502
Radeon HD 7660D + 6670 Dual,AMD,0,DDR3,2012-06-01,2012,6,,,,128,28.8,900
Radeon HD 7560D + 7670 Dual,AMD,0,DDR3,2012-05-01,2012,5,,,,128,,
Radeon HD 7560D + 6570 Dual,AMD,0,DDR3,2012-07-01,2012,7,,1024,1.0,128,28.8,900
Radeon HD 7660D + 7670 Dual,AMD,0,DDR3,2012-06-01,2012,6,,1024,1.0,128,28.8,900
Radeon 8500 Series 64MB,AMD,0,DDR,2001-01-02,2001,1,,64,0.0625,128,8.8,550
Radeon 9800 Pro,AMD,0,DDR2,2003-03-01,2003,3,150,128,0.125,256,44.8,700
Radeon 9600 PRO PC/Mac Edition,AMD,0,DDR,2005-08-01,2005,8,130,256,0.25,128,4.8,300
Radeon 9550,AMD,0,DDR,2004-01-02,2004,1,,256,0.25,128,3.2,200
Radeon 9600 PRO,AMD,0,DDR,2003-10-01,2003,10,130,128,0.125,128,4.8,300
Radeon 9500 Pro,AMD,0,DDR,2002-10-24,2002,10,,128,0.125,128,4.3,270
Radeon 9500,AMD,0,DDR,2002-10-24,2002,10,,128,0.125,128,4.3,270
Radeon 9600 Series,AMD,0,DDR,2003-01-02,2003,1,,128,0.125,128,6.4,400
Radeon 9250,AMD,0,DDR,2004-01-02,2004,1,,128,0.125,128,3.2,200
Radeon 9200 Series,AMD,0,DDR,2003-04-01,2003,4,,128,0.125,128,3.2,200
Radeon 9100,AMD,0,DDR,2003-04-01,2003,4,,64,0.0625,128,4.0,250
FireGL V7700,AMD,0,GDDR4,2008-01-01,2008,1,,512,0.5,256,72.0,1125
FireGL V7350,AMD,0,GDDR3,2006-03-20,2006,3,,1024,1.0,256,41.6,650
FireGL V7100,AMD,0,GDDR3,2004-06-01,2004,6,,256,0.25,256,28.8,450
Radeon 9000 Series 64MB,AMD,0,DDR,2002-08-01,2002,8,,64,0.0625,128,8.0,500
FireGL V8600,AMD,0,GDDR4,2007-01-01,2007,1,,1024,1.0,512,111.1,868
FireGL V5600,AMD,0,GDDR4,2007-01-01,2007,1,,512,0.5,128,35.2,1100
FireGL V7200,AMD,0,GDDR3,2006-04-24,2006,4,,256,0.25,256,41.6,650
FireGL V7600,AMD,0,GDDR3,2007-01-01,2007,1,,512,0.5,256,51.2,800
FireGL Z1,AMD,0,DDR,2002-11-21,2002,11,,128,0.125,256,9.9,310
FireGL V5100,AMD,0,DDR,2005-01-01,2005,1,,128,0.125,256,11.2,350
FireGL V3600,AMD,0,GDDR3,2007-01-01,2007,1,,256,0.25,128,16.0,500
FireGL V3350,AMD,0,DDR2,2006-01-01,2006,1,,256,0.25,64,6.4,400
FireGL V3300,AMD,0,DDR2,2006-04-24,2006,4,,128,0.125,64,6.4,400
FireGL V3400,AMD,0,GDDR3,2006-08-14,2006,8,,128,0.125,128,16.0,500
FirePro W9100,AMD,0,GDDR5,2014-03-26,2014,3,28,16384,16.0,512,320.0,1250
FirePro W8000,AMD,0,GDDR5,2012-06-14,2012,6,,4096,4.0,256,176.0,1375
FireGL V3100,AMD,0,DDR,2004-06-01,2004,6,,128,0.125,128,3.2,200
FirePro W5000,AMD,0,GDDR5,2012-08-01,2012,8,,2048,2.0,256,102.4,800
FirePro W9000,AMD,0,GDDR5,2012-08-01,2012,8,28,6144,6.0,384,264.0,1375
FirePro V8750,AMD,0,GDDR5,2009-07-28,2009,7,,2048,2.0,256,115.2,900
FirePro W7000,AMD,0,GDDR5,2012-06-13,2012,6,28,4096,4.0,256,153.6,1200
FirePro V7900,AMD,0,GDDR5,2011-05-24,2011,5,,2048,2.0,256,160.0,1250
FirePro W2100,AMD,0,DDR3,2014-08-12,2014,8,28,2048,2.0,128,28.8,900
FirePro V8700,AMD,0,GDDR5,2008-09-11,2008,9,,1024,1.0,256,108.8,850
FirePro V7800,AMD,0,GDDR5,2010-04-26,2010,4,,2048,2.0,256,128.0,1000
FirePro V5900,AMD,0,GDDR5,2011-05-24,2011,5,40,2048,2.0,256,128.0,1000
All-in-Wonder 9000 64MB,AMD,0,DDR,2003-03-01,2003,3,,64,0.0625,128,3.2,200
FirePro V5800,AMD,0,GDDR5,2010-04-26,2010,4,40,1024,1.0,128,64.0,1000
FirePro V5700,AMD,0,GDDR3,2008-08-08,2008,8,55,512,0.5,128,28.8,900
FirePro V3750,AMD,0,GDDR3,2008-09-11,2008,9,55,256,0.25,128,22.4,700
FireGL 8800,AMD,0,DDR,2001-01-01,2001,1,,128,0.125,64,2.3,290
FirePro S9150,AMD,0,GDDR5,2014-08-01,2014,8,28,16384,16.0,512,320.0,1250
FirePro S9050,AMD,0,GDDR5,2014-08-01,2014,8,28,12288,12.0,384,264.0,1375
FirePro V9800,AMD,0,GDDR5,2010-09-01,2010,9,28,4096,4.0,256,147.2,1150
FirePro S9000,AMD,0,GDDR5,2012-08-01,2012,8,28,6144,6.0,384,264.0,1375
FirePro S7000,AMD,0,GDDR5,2012-08-01,2012,8,,4096,4.0,256,153.6,1200
FirePro D700,AMD,0,GDDR5,2014-01-18,2014,1,28,3072,3.0,384,264.0,1375
FirePro D500,AMD,0,GDDR5,2014-01-18,2014,1,28,3072,3.0,384,240.0,1250
FirePro V3900,AMD,0,DDR3,2012-02-01,2012,2,40,1024,1.0,128,28.8,900
Radeon R7 7860K,AMD,0,DDR3,2016-02-02,2016,2,28,,,128,34.1,1067
FireStream 9370,AMD,0,GDDR5,2010-06-23,2010,6,,4096,4.0,256,153.6,1200
Radeon R7 7700K,AMD,0,DDR3,2014-02-17,2014,2,28,,,128,34.1,1067
Radeon R7 7850K,AMD,0,DDR3,2014-01-14,2014,1,28,,,128,34.1,1067
Radeon R7 7870K,AMD,0,DDR3,2015-05-28,2015,5,28,,,128,34.1,1067
Radeon R7 7890K,AMD,0,DDR3,2016-03-01,2016,3,28,,,128,34.1,1067
FirePro S10000,AMD,0,GDDR5,2012-11-01,2012,11,28,6144,6.0,384,240.0,1250
FireStream 9270,AMD,0,GDDR5,2008-11-13,2008,11,55,2048,2.0,256,108.8,850
FireStream 9350,AMD,0,GDDR5,2010-06-01,2010,6,55,2048,2.0,256,128.0,1000
FireStream 9170,AMD,0,GDDR3,2007-11-08,2007,11,55,2048,2.0,256,51.2,800
Radeon R7 7800,AMD,0,DDR3,2014-06-30,2014,6,28,,,128,34.1,1067
FireStream 9250,AMD,0,GDDR3,2008-06-16,2008,6,55,1024,1.0,256,63.6,993
Radeon R7 7600,AMD,0,DDR3,2014-06-30,2014,6,28,,,128,34.1,1067
Radeon R7 7600P,AMD,0,DDR3,2014-06-30,2014,6,28,,,128,34.1,1067
Radeon R7 7670K,AMD,0,DDR3,2015-07-20,2015,7,28,,,128,34.1,1067
Radeon R7 7650K,AMD,0,DDR3,2015-02-01,2015,2,28,,,128,34.1,1067
Radeon R3 5150,AMD,0,DDR3,2014-04-09,2014,4,28,,,128,25.6,800
Radeon HD 8670D,AMD,0,DDR3,2013-06-01,2013,6,32,,,128,34.1,1067
Radeon R5 7400K,AMD,0,DDR3,2014-06-30,2014,6,28,,,128,29.9,933
Radeon R3 5350,AMD,0,DDR3,2014-04-09,2014,4,28,,,128,25.6,800
Radeon HD 8650D,AMD,0,DDR3,2013-12-28,2013,12,40,,,128,34.1,1067
Radeon HD 8570D,AMD,0,DDR3,2013-06-01,2013,6,28,,,128,29.9,933
Radeon HD 8550D,AMD,0,DDR3,2013-09-18,2013,9,40,,,128,34.1,1067
Radeon HD 8470D,AMD,0,DDR3,2013-06-01,2013,6,28,,,128,29.9,933
Radeon HD 6690D2,AMD,0,,,,,,,,,,
Radeon HD 7660D,AMD,0,DDR3,2012-06-01,2012,6,,,,128,29.9,933
Radeon HD 7540D,AMD,0,DDR3,2012-06-01,2012,6,32,,,128,29.9,933
Radeon HD 7560D,AMD,0,DDR3,2012-07-01,2012,7,,,,128,29.9,933
Radeon HD 6610D2,AMD,0,DDR3,,,,,2048,2.0,,,
Radeon HD 8370D,AMD,0,DDR3,2013-09-18,2013,9,40,,,128,34.1,1067
Radeon HD 7480D,AMD,0,DDR3,2012-06-01,2012,6,,,,128,25.6,800
Radeon HD 6370D,AMD,0,DDR3,2011-11-30,2011,11,,,,128,,
Radeon HD 6410D,AMD,0,DDR3,2011-06-20,2011,6,,,,128,,
Radeon HD 2400 XT,AMD,0,GDDR3,2007-06-28,2007,6,65,256,0.25,64,8.0,500
Radeon HD 6550D,AMD,0,DDR3,2011-06-20,2011,6,,,,128,,
Radeon HD 2400 Pro PCI-E,AMD,0,DDR2,2007-06-01,2007,6,65,256,0.25,64,6.4,400
Radeon HD 2600 Pro,AMD,0,DDR2,2007-06-28,2007,6,65,256,0.25,128,16.0,500
Radeon HD 2400 Series,AMD,0,DDR2,2007-06-28,2007,6,,256,0.25,64,,
Radeon HD 2400 Pro,AMD,0,DDR2,2007-06-28,2007,6,65,256,0.25,64,6.4,400
Radeon HD 2400 MSI Pro 256MB GDDR2,AMD,0,DDR2,2007-07-01,2007,7,65,256,0.25,64,6.4,400
Radeon HD 2100,AMD,0,DDR2,2007-02-28,2007,2,,,,64,5.3,333
Radeon HD 4890 Sapphire Vapor-X OC 1GB Edition,AMD,0,GDDR5,2009-05-18,2009,5,55,1024,1.0,256,134.4,1050
Radeon HD 6530D,AMD,0,DDR3,2011-06-20,2011,6,,,,128,29.9,933
Radeon HD 4890 Sapphire Toxic Atomic 1GB Edition,AMD,0,GDDR5,2009-05-19,2009,5,55,1024,1.0,256,134.4,1050
Radeon HD 2350 Pro,AMD,0,DDR2,2007-01-01,2007,1,65,256,0.25,64,6.4,400
Radeon HD 4890 Sapphire OC 1GB Edition,AMD,0,GDDR5,2009-04-02,2009,4,55,1024,1.0,256,128.0,1000
Radeon HD 4870 X2,AMD,0,GDDR5,2009-04-01,2009,4,55,2048,2.0,512,230.4,900
Radeon HD 4890 Sapphire Toxic 1GB Edition,AMD,0,GDDR5,2009-05-26,2009,5,55,1024,1.0,256,134.4,1050
Radeon HD 4870 Sapphire Vapor-X 1GB Edition,AMD,0,GDDR5,2009-03-07,2009,3,55,1024,1.0,256,115.2,900
Radeon HD 4890,AMD,0,GDDR5,2009-04-02,2009,4,55,1024,1.0,256,124.8,975
Radeon HD 4870,AMD,0,GDDR5,2008-06-01,2008,6,55,512,0.5,256,115.2,900
Radeon HD 4870 PowerColor PCS+ 512MB Edition,AMD,0,GDDR5,2008-06-25,2008,6,55,512,0.5,256,121.6,950
Radeon HD 4850x2,AMD,0,GDDR3,2009-04-01,2009,4,55,2048,2.0,256,63.6,993
Radeon HD 4850 Sapphire Vapor-X Edition,AMD,0,GDDR3,2011-10-01,2011,10,55,1024,1.0,256,64.0,1000
Radeon HD 4860,AMD,0,GDDR5,2009-09-09,2009,9,55,512,0.5,256,96.0,750
Radeon HD 4850 Golden Sample Edition,AMD,0,GDDR3,2008-08-01,2008,8,55,512,0.5,256,70.4,1100
Radeon HD 4850 HIS iCooler IV 1GB Edition,AMD,0,GDDR3,2008-06-01,2008,6,55,1024,1.0,256,63.6,993
Radeon HD 4850 Gigabyte 512MB Edition,AMD,0,GDDR3,2011-10-01,2011,10,55,512,0.5,256,60.2,940
Radeon HD 4850 Gigabyte OC Edition,AMD,0,GDDR3,2009-06-01,2009,6,55,1024,1.0,256,63.4,990
Radeon HD 4850,AMD,0,GDDR3,2008-06-01,2008,6,55,512,0.5,256,63.6,993
Radeon HD 4830 512MB,AMD,0,GDDR3,2008-10-21,2008,10,55,512,0.5,256,57.6,900
Radeon HD 4830 HIS Fan 512MB Edition,AMD,0,GDDR3,2008-10-21,2008,10,55,512,0.5,256,57.6,900
Radeon HD 4670 HIS IceQ 1GB Edition,AMD,0,GDDR3,2008-09-01,2008,9,55,1024,1.0,128,27.9,873
Radeon HD 4770 512MB,AMD,0,GDDR5,2009-04-28,2009,4,40,512,0.5,128,51.2,800
Radeon HD 4730,AMD,0,GDDR5,2009-06-08,2009,6,55,512,0.5,128,57.6,900
Radeon HD 4730 PowerColor PCS Edition,AMD,0,GDDR5,2009-11-08,2009,11,55,512,0.5,128,57.6,900
Radeon HD 4750,AMD,0,GDDR5,2009-09-09,2009,9,40,512,0.5,128,51.2,800
Radeon HD 4670 Gigabyte 1GB Edition,AMD,0,GDDR3,2009-11-01,2009,11,55,1024,1.0,128,25.6,800
Radeon HD 4670 AGP,AMD,0,GDDR3,2007-07-17,2007,7,55,1024,1.0,128,25.6,800
Radeon HD 4670 Asus 512MB Edition,AMD,0,GDDR3,2008-10-09,2008,10,55,512,0.5,128,32.1,1004
Radeon HD 4650 v2,AMD,0,GDDR3,2008-09-10,2008,9,55,1024,1.0,128,24.0,750
Radeon HD 4650 1GB,AMD,0,DDR2,2008-09-10,2008,9,55,1024,1.0,128,22.4,700
Radeon HD 4670 1GB,AMD,0,GDDR3,2008-09-10,2008,9,55,1024,1.0,128,25.6,800
Radeon HD 4350 Asus Silent 512MB Edition,AMD,0,DDR2,2008-09-30,2008,9,55,512,0.5,64,6.4,400
Radeon HD 4650,AMD,0,DDR2,2008-09-01,2008,9,55,512,0.5,128,12.8,400
Radeon HD 4650 Asus Low Profile Edition,AMD,0,DDR2,2008-09-01,2008,9,55,1024,1.0,128,12.8,400
Radeon HD 4550,AMD,0,GDDR3,2008-09-01,2008,9,55,256,0.25,64,12.8,800
Radeon HD 4350 1GB,AMD,0,DDR2,2008-09-30,2008,9,55,1024,1.0,64,8.0,500
Radeon HD 4550 v2,AMD,0,GDDR3,2008-09-30,2008,9,55,512,0.5,64,12.8,800
Radeon HD 4670 512MB,AMD,0,GDDR3,2008-09-10,2008,9,55,512,0.5,128,25.6,800
Radeon HD 4350,AMD,0,DDR2,2008-09-30,2008,9,55,512,0.5,64,6.4,400
Radeon HD 4250,AMD,0,DDR2,2010-03-30,2010,3,55,,,32,,
Radeon HD 4290,AMD,0,DDR2,2010-03-01,2010,3,55,,,32,,
GeForce GT 140,NVIDIA,0,GDDR3,2009-03-01,2009,3,55,1024,1.0,256,57.6,900
GeForce GT 130,NVIDIA,0,DDR2,2009-03-01,2009,3,55,768,0.75,192,24.0,500
GeForce GT 120,NVIDIA,0,DDR2,2009-03-01,2009,3,55,512,0.5,128,16.0,500
Radeon HD 4200,AMD,0,DDR2,2009-08-01,2009,8,55,,,32,,
Radeon HD 3870 X2,AMD,0,GDDR4,2008-01-28,2008,1,55,1024,1.0,256,57.6,900
Radeon HD 3870,AMD,0,GDDR4,2007-11-19,2007,11,55,512,0.5,256,72.1,1126
Radeon HD 3850 X2,AMD,0,GDDR3,2008-04-04,2008,4,55,1024,1.0,512,106.0,828
Radeon HD 3830,AMD,0,GDDR3,2008-04-01,2008,4,55,256,0.25,128,26.6,830
Radeon HD 3690,AMD,0,GDDR3,2008-01-30,2008,1,55,256,0.25,128,26.6,830
Radeon HD 3800 series,AMD,0,DDR3,2007-11-01,2007,11,55,512,0.5,256,,
GeForce G 100,NVIDIA,0,DDR2,2009-03-01,2009,3,65,512,0.5,64,8.0,500
Radeon HD 3850,AMD,0,GDDR3,2007-11-19,2007,11,55,256,0.25,256,53.1,830
Radeon HD 3650,AMD,0,GDDR3,2008-01-23,2008,1,55,256,0.25,128,25.6,800
Radeon HD 3600 Series,AMD,0,DDR3,2008-01-01,2008,1,,,,128,,
Radeon HD 3470,AMD,0,GDDR3,2008-01-23,2008,1,55,256,0.25,64,15.2,950
Radeon HD 3850 AGP,AMD,0,GDDR3,2008-01-03,2008,1,55,512,0.5,256,53.1,830
Radeon HD 3400 Series,AMD,0,DDR3,2008-01-01,2008,1,55,256,0.25,64,,
Radeon HD 3850 X3,AMD,0,GDDR3,2008-04-10,2008,4,55,1536,1.5,768,163.2,850
Radeon HD 3450,AMD,0,DDR2,2007-12-10,2007,12,55,256,0.25,64,8.0,500
Radeon HD 3200 IGP,AMD,0,GDDR3,2008-03-01,2008,3,55,,,32,,
Radeon HD 3300,AMD,0,GDDR3,2008-08-06,2008,8,55,,,32,,
Radeon HD 3200,AMD,0,DDR2,2008-03-01,2008,3,55,,,32,3.2,400
Radeon 3000,AMD,0,DDR2,2009-01-01,2009,1,55,,,32,,
Iris Pro Graphics 6200 Mobile,Intel,1,DDR3,2015-06-02,2015,6,14,128,0.125,128,29.9,933
Iris Graphics 6100 Mobile,Intel,1,DDR3,2015-01-05,2015,1,14,,,128,29.9,933
Iris Pro Graphics 5200 Mobile,Intel,1,eDRAM,2013-07-27,2013,7,22,128,0.125,128,12.8,800
HD Pentium 4405U,Intel,1,DDR4,2015-09-01,2015,9,14,,,128,34.1,1067
Intel GS45 Express Chipset,Intel,1,DDR3,2008-09-01,2008,9,,,,128,17.1,533
Iris Graphics 550 Mobile,Intel,1,DDR4,2015-09-01,2015,9,14,,,128,34.1,1067
Radeon R9 M295X 4GB,AMD,1,GDDR5,2014-11-23,2014,11,28,4096,4.0,256,174.3,1362
Radeon R9 M395X 4GB,AMD,1,GDDR5,2015-06-09,2015,6,28,4096,4.0,256,160.0,1250
Radeon R9 M390 4GB,AMD,1,GDDR5,2015-06-09,2015,6,28,4096,4.0,256,153.6,1200
HD i7 M640,Intel,1,DDR3,2010-09-20,2010,9,,,,64,8.5,533
Radeon R9 M485X 4GB,AMD,1,GDDR5,2016-05-13,2016,5,28,4096,4.0,256,160.0,1250
Radeon R9 M390X 4GB,AMD,1,GDDR5,2015-06-09,2015,6,28,4096,4.0,256,160.0,1250
Radeon R9 M290X Crossfire,AMD,1,GDDR5,2014-01-01,2014,1,28,4096,4.0,256,307.2,1200
HD i3 M350,Intel,1,DDR3,2010-03-30,2010,3,,,,64,8.5,533
Radeon HD 7290,AMD,1,DDR3,2012-06-05,2012,6,40,,,64,8.5,533
Mobility Radeon HD 5870 Crossfire,AMD,1,GDDR5,2010-01-07,2010,1,40,2048,2.0,128,128.0,1000
Mobility Radeon HD 565v,AMD,1,GDDR3,2010-05-05,2010,5,55,1024,1.0,128,25.6,800
Mobility Radeon HD 5870,AMD,1,GDDR5,2010-01-07,2010,1,40,1024,1.0,128,64.0,1000
Mobility Radeon HD 5850,AMD,1,GDDR5,2010-01-07,2010,1,40,1024,1.0,128,64.0,1000
Mobility Radeon HD 5830,AMD,1,GDDR3,2010-01-07,2010,1,40,1024,1.0,128,25.6,800
Radeon R9 M290X,AMD,1,GDDR5,2014-01-09,2014,1,28,4096,4.0,256,153.6,1200
Mobility Radeon HD 5730,AMD,1,GDDR3,2010-01-07,2010,1,40,1024,1.0,128,25.6,800
Mobility Radeon HD 5770,AMD,1,GDDR5,2010-01-07,2010,1,40,1024,1.0,128,51.2,800
Mobility Radeon HD 5650,AMD,1,GDDR3,2010-01-07,2010,1,40,1024,1.0,128,25.6,800
Mobility Radeon HD 5470,AMD,1,GDDR3,2010-01-07,2010,1,40,1024,1.0,64,12.8,800
Mobility Radeon HD 560v,AMD,1,GDDR3,2010-05-05,2010,5,55,1024,1.0,128,25.6,800
Mobility Radeon HD 550v,AMD,1,GDDR3,2010-05-05,2010,5,55,1024,1.0,128,19.2,600
Mobility Radeon HD 545v,AMD,1,GDDR3,2010-05-05,2010,5,55,1024,1.0,64,12.8,800
Mobility Radeon HD 5470 512MB,AMD,1,GDDR3,2010-01-07,2010,1,40,512,0.5,64,12.8,800
Mobility Radeon HD 530v,AMD,1,GDDR3,2010-05-05,2010,5,55,1024,1.0,64,9.6,600
Radeon HD 8970M Crossfire,AMD,1,GDDR5,2013-05-01,2013,5,28,4096,4.0,256,307.2,1200
Mobility Radeon HD 5145,AMD,1,GDDR3,2010-01-07,2010,1,40,1024,1.0,64,14.4,900
Mobility Radeon HD 5450,AMD,1,GDDR3,2010-01-07,2010,1,40,1024,1.0,64,12.8,800
Radeon HD 8970M,AMD,1,GDDR5,2013-05-14,2013,5,28,2048,2.0,256,153.6,1200
Mobility Radeon HD 540v,AMD,1,GDDR3,2010-05-05,2010,5,55,512,0.5,64,12.8,800
Mobility Radeon HD 5165,AMD,1,GDDR3,2010-01-07,2010,1,40,1024,1.0,128,28.8,900
Mobility Radeon HD 5430,AMD,1,GDDR3,2010-01-07,2010,1,40,1024,1.0,64,12.8,800
Mobility Radeon HD 5750,AMD,1,GDDR5,2010-01-07,2010,1,40,1024,1.0,128,51.2,800
Radeon HD 8870M,AMD,1,GDDR5,2013-04-01,2013,4,28,2048,2.0,128,72.0,1125
Radeon HD 8850M v2,AMD,1,GDDR5,2013-04-01,2013,4,28,2048,2.0,128,72.0,1125
Radeon HD 8790M,AMD,1,GDDR5,2013-04-01,2013,4,28,2048,2.0,128,64.0,1000
Radeon HD 8830M,AMD,1,DDR3,2013-04-01,2013,4,28,2048,2.0,128,32.0,1000
Radeon HD 8770M,AMD,1,GDDR5,2013-04-01,2013,4,28,2048,2.0,128,72.0,1125
Radeon HD 8850M,AMD,1,DDR3,2013-04-01,2013,4,28,2048,2.0,128,32.0,1000
Radeon HD 8750M,AMD,1,GDDR5,2013-02-26,2013,2,28,2048,2.0,128,64.0,1000
Radeon HD 8690M,AMD,1,GDDR5,2013-01-01,2013,1,28,1024,1.0,64,36.0,1125
Radeon HD 8730M,AMD,1,DDR3,2013-04-01,2013,4,28,1024,1.0,128,32.0,1000
Radeon HD 8750M v2,AMD,1,DDR3,2013-02-26,2013,2,28,2048,2.0,128,28.8,900
Radeon HD 8670M,AMD,1,DDR3,2013-03-01,2013,3,28,1024,1.0,64,14.4,900
Radeon HD 8570M,AMD,1,GDDR5,2013-01-01,2013,1,28,1024,1.0,64,36.0,1125
Radeon HD 8550M,AMD,1,DDR3,2013-01-01,2013,1,28,1024,1.0,64,14.4,900
Radeon HD 8670M 2GB,AMD,1,DDR3,2013-03-01,2013,3,28,2048,2.0,64,14.4,900
Radeon HD 6970M,AMD,1,GDDR5,2011-01-04,2011,1,40,2048,2.0,256,115.2,900
Radeon HD 8400,AMD,1,DDR3,2013-05-23,2013,5,28,,,128,25.6,800
Radeon HD 6950M,AMD,1,GDDR5,2011-01-04,2011,1,40,1024,1.0,256,115.2,900
Radeon HD 6850M,AMD,1,DDR3,2011-01-04,2011,1,40,1024,1.0,128,25.6,800
Radeon HD 6830M,AMD,1,DDR3,2011-01-04,2011,1,40,2048,2.0,128,25.6,800
Radeon HD 6870M,AMD,1,GDDR5,2011-01-04,2011,1,40,1024,1.0,128,64.0,1000
Radeon HD 6770M 2GB,AMD,1,GDDR5,2011-01-01,2011,1,40,2048,2.0,128,51.2,800
Radeon HD 6990M,AMD,1,GDDR5,2011-07-12,2011,7,40,2048,2.0,256,115.2,900
Radeon HD 6770M,AMD,1,GDDR5,2011-01-04,2011,1,40,1024,1.0,128,51.2,800
Radeon HD 6750M 512MB,AMD,1,GDDR5,2011-01-01,2011,1,40,512,0.5,128,51.2,800
Radeon HD 6750M,AMD,1,GDDR5,2011-01-04,2011,1,40,1024,1.0,128,51.2,800
Radeon HD 6650M,AMD,1,DDR3,2011-01-04,2011,1,40,1024,1.0,128,25.6,800
Radeon HD 6570M,AMD,1,GDDR5,2010-11-26,2010,11,40,1024,1.0,128,51.2,800
Radeon HD 6730M,AMD,1,DDR3,2011-01-04,2011,1,40,1024,1.0,128,25.6,800
Radeon HD 6630M,AMD,1,DDR3,2011-01-04,2011,1,40,1024,1.0,128,25.6,800
Radeon HD 6550M,AMD,1,DDR3,2010-11-26,2010,11,40,1024,1.0,128,25.6,800
Radeon HD 6470M,AMD,1,DDR3,2011-01-04,2011,1,40,1024,1.0,64,12.8,800
Radeon HD 6490M,AMD,1,GDDR5,2011-01-04,2011,1,40,512,0.5,64,25.6,800
Radeon HD 6530M,AMD,1,DDR3,2010-11-26,2010,11,40,1024,1.0,128,25.6,800
Radeon HD 6450M,AMD,1,DDR3,2011-01-04,2011,1,40,1024,1.0,64,12.8,800
Radeon HD 6370M,AMD,1,DDR3,2010-11-26,2010,11,40,1024,1.0,64,12.8,800
Radeon HD 6350M,AMD,1,DDR3,2010-11-26,2010,11,40,1024,1.0,64,14.4,900
Radeon HD 6430M,AMD,1,DDR3,2011-01-04,2011,1,40,1024,1.0,64,12.8,800
Radeon HD 6330M,AMD,1,DDR3,2010-11-26,2010,11,40,1024,1.0,64,12.8,800
Radeon HD 8330,AMD,1,DDR3,2013-08-01,2013,8,28,,,128,25.6,800
Radeon HD 8250,AMD,1,DDR3,2013-05-23,2013,5,28,,,128,17.1,533
Radeon HD 8280,AMD,1,DDR3,2013-09-01,2013,9,28,,,128,25.6,800
Radeon HD 6320,AMD,1,DDR3,2010-11-16,2010,11,40,,,128,,
Radeon HD 8180,AMD,1,DDR3,2013-05-23,2013,5,28,,,128,17.1,533
Radeon HD 6290,AMD,1,DDR3,2011-01-07,2011,1,40,,,128,25.6,800
Radeon HD 6250,AMD,1,DDR3,2010-11-09,2010,11,40,,,128,,
Radeon HD 8210,AMD,1,DDR3,2013-05-23,2013,5,28,,,128,,
Radeon HD 7950M [not released],AMD,1,GDDR5,2012-05-01,2012,5,28,2048,2.0,256,128.0,1000
Radeon HD 8240,AMD,1,DDR3,2013-11-01,2013,11,28,,,128,21.3,667
Radeon HD 6310,AMD,1,DDR3,2010-11-09,2010,11,40,,,128,,
Radeon HD 7850M,AMD,1,GDDR5,2012-04-24,2012,4,28,2048,2.0,128,64.0,1000
Radeon HD 7870M,AMD,1,GDDR5,2012-04-24,2012,4,28,2048,2.0,128,64.0,1000
Radeon HD 7770M 2GB,AMD,1,GDDR5,2012-04-24,2012,4,28,2048,2.0,128,64.0,1000
Radeon HD 7970M,AMD,1,GDDR5,2012-05-01,2012,5,28,2048,2.0,256,153.6,1200
Radeon HD 7970M Crossfire,AMD,1,GDDR5,2012-05-01,2012,5,28,4096,4.0,256,307.2,1200
Radeon HD 7730M,AMD,1,DDR3,2012-04-23,2012,4,28,2048,2.0,128,28.8,900
Radeon HD 7690M XT,AMD,1,GDDR5,2013-01-07,2013,1,40,1024,1.0,128,57.6,900
Radeon HD 7670M,AMD,1,DDR3,2012-01-07,2012,1,40,1024,1.0,128,28.8,900
Radeon HD 7650M,AMD,1,DDR3,2012-01-07,2012,1,40,1024,1.0,128,28.8,900
Radeon HD 7670M 2GB,AMD,1,DDR3,2012-01-07,2012,1,40,2048,2.0,128,28.8,900
Radeon HD 7750M,AMD,1,GDDR5,2012-04-24,2012,4,28,1024,1.0,128,64.0,1000
Radeon HD 7770M,AMD,1,GDDR5,2012-04-24,2012,4,28,1024,1.0,128,64.0,1000
Radeon HD 7690M,AMD,1,DDR3,2011-12-25,2011,12,40,1024,1.0,128,28.8,900
Radeon HD 7630M,AMD,1,DDR3,2012-01-07,2012,1,40,1024,1.0,128,25.6,800
Radeon HD 7610M,AMD,1,DDR3,2012-01-07,2012,1,40,1024,1.0,128,25.6,800
Radeon HD 7550M v2,AMD,1,GDDR5,2012-01-07,2012,1,40,1024,1.0,64,25.6,800
Radeon HD 7590M,AMD,1,GDDR5,2012-01-07,2012,1,40,1024,1.0,64,25.6,800
Radeon HD 7510M,AMD,1,DDR3,2012-01-07,2012,1,40,1024,1.0,64,12.8,800
Radeon HD 7530M,AMD,1,DDR3,2012-01-07,2012,1,40,1024,1.0,64,14.4,900
Radeon HD 7550M,AMD,1,DDR3,2012-01-07,2012,1,40,2048,2.0,64,14.4,900
Radeon HD 7570M,AMD,1,GDDR5,2012-01-07,2012,1,40,1024,1.0,64,25.6,800
Radeon HD 7430M,AMD,1,DDR3,2012-01-07,2012,1,40,1024,1.0,64,14.4,900
Radeon HD 7450M,AMD,1,DDR3,2012-01-07,2012,1,40,1024,1.0,64,14.4,900
Radeon HD 7470M,AMD,1,DDR3,2012-01-07,2012,1,40,512,0.5,64,14.4,900
Radeon HD 7490M,AMD,1,GDDR5,2012-01-07,2012,1,40,1024,1.0,64,30.4,950
Radeon HD 7370M,AMD,1,DDR3,2012-01-07,2012,1,40,1024,1.0,64,12.8,800
Radeon HD 7340,AMD,1,DDR3,2012-06-06,2012,6,40,,,64,10.7,667
Radeon HD 7350M,AMD,1,DDR3,2012-01-07,2012,1,40,1024,1.0,64,14.4,900
Radeon HD 7330M,AMD,1,DDR3,2012-01-07,2012,1,40,1024,1.0,64,12.8,800
Radeon HD 7310,AMD,1,DDR3,2012-06-05,2012,6,40,,,64,8.5,533
Radeon R9 M280X [not released],AMD,1,GDDR5,2014-06-01,2014,6,28,2048,2.0,128,64.0,1000
Radeon R9 M275X,AMD,1,GDDR5,2014-03-09,2014,3,28,2048,2.0,128,64.0,1000
Radeon R9 M265X,AMD,1,GDDR5,2014-01-09,2014,1,28,2048,2.0,128,64.0,1000
Radeon R9 M275 [not released],AMD,1,GDDR5,2014-03-09,2014,3,28,2048,2.0,128,64.0,1000
Radeon R9 M270X,AMD,1,GDDR5,2014-06-01,2014,6,28,2048,2.0,128,64.0,1000
Radeon R7 M260X,AMD,1,GDDR5,2014-01-09,2014,1,28,2048,2.0,128,64.0,1000
Radeon R7 M265,AMD,1,DDR3,2014-01-09,2014,1,28,2048,2.0,128,32.0,1000
Radeon R7 M260,AMD,1,DDR3,2014-06-11,2014,6,28,2048,2.0,64,16.0,1000
Radeon R7 M260 v2,AMD,1,DDR3,2014-01-09,2014,1,28,4096,4.0,128,28.8,900
Radeon R7 M270,AMD,1,DDR3,2014-01-09,2014,1,28,4096,4.0,128,32.0,1000
Radeon R5 M255,AMD,1,DDR3,2014-10-12,2014,10,28,4096,4.0,64,16.0,1000
Radeon R5 M220,AMD,1,DDR3,2013-11-01,2013,11,28,1024,1.0,64,14.4,900
Radeon R5 M210,AMD,1,DDR3,2013-11-01,2013,11,28,1024,1.0,64,14.4,900
Radeon R5 M230,AMD,1,DDR3,2014-01-01,2014,1,28,4096,4.0,64,16.0,1000
Radeon R5 M240,AMD,1,DDR3,2014-09-18,2014,9,28,2048,2.0,64,16.0,1000
Mobility Radeon X2500,AMD,1,DDR2,2007-06-01,2007,6,,256,0.25,128,12.8,400
Mobility Radeon Xpress 1250,AMD,1,DDR2,2007-02-01,2007,2,80,,,64,6.4,400
Mobility Radeon X1800,AMD,1,GDDR3,2006-03-01,2006,3,,256,0.25,256,32.0,500
Mobility Radeon X1900,AMD,1,GDDR3,2007-01-11,2007,1,,256,0.25,256,30.1,470
Mobility Radeon X2300 128MB GDDR3,AMD,1,GDDR3,2007-03-01,2007,3,,128,0.125,128,12.8,400
Mobility Radeon X1400,AMD,1,DDR2,2006-01-19,2006,1,,128,0.125,128,8.0,250
Mobility Radeon X1300,AMD,1,DDR2,2006-01-19,2006,1,,128,0.125,128,8.0,250
Radeon R9 M385 4GB,AMD,1,GDDR5,2015-06-09,2015,6,28,4096,4.0,128,88.0,1375
Radeon R9 M380 4GB,AMD,1,GDDR5,2015-06-09,2015,6,28,4096,4.0,128,96.0,1500
Mobility Radeon X1600,AMD,1,GDDR3,2006-02-01,2006,2,,256,0.25,128,15.0,470
Radeon R9 M385X 4GB,AMD,1,GDDR5,2015-06-09,2015,6,28,4096,4.0,128,96.0,1500
Radeon R9 M375X 4GB,AMD,1,GDDR5,2015-06-09,2015,6,28,4096,4.0,128,72.0,1125
Radeon R9 M360 4GB,AMD,1,GDDR5,2015-06-09,2015,6,28,4096,4.0,128,64.0,1000
Radeon R9 M365X 4GB,AMD,1,GDDR5,2015-06-09,2015,6,28,4096,4.0,128,64.0,1000
Radeon R7 M340 2GB,AMD,1,DDR3,2015-05-05,2015,5,28,2048,2.0,64,16.0,1000
Radeon R9 M375 2GB,AMD,1,DDR3,2015-05-05,2015,5,28,2048,2.0,128,35.2,1100
Radeon R7 M360 2GB,AMD,1,DDR3,2015-05-05,2015,5,28,2048,2.0,64,17.6,1100
Mobility Radeon X1700,AMD,1,GDDR3,2006-01-02,2006,1,,256,0.25,128,12.8,400
Radeon R7 M360 4GB,AMD,1,DDR3,2015-05-05,2015,5,28,4096,4.0,64,17.6,1100
Mobility Radeon X1350,AMD,1,DDR2,2006-09-18,2006,9,100,128,0.125,64,6.3,392
Radeon R5 M335 2GB,AMD,1,DDR3,2015-10-21,2015,10,28,2048,2.0,64,17.6,1100
Radeon R5 M330 2GB,AMD,1,DDR3,2015-05-05,2015,5,28,2048,2.0,64,16.0,1000
Radeon R5 M320 2GB,AMD,1,DDR3,2015-05-05,2015,5,28,2048,2.0,64,16.0,1000
Radeon R5 M330 4GB,AMD,1,DDR3,2015-05-05,2015,5,28,4096,4.0,64,16.0,1000
Radeon R9 M470 4GB,AMD,1,GDDR5,2016-05-13,2016,5,28,4096,4.0,128,88.0,1375
Radeon R9 M470X 4GB,AMD,1,GDDR5,2016-05-13,2016,5,28,4096,4.0,128,96.0,1500
Intel GM965 Express Chipset,Intel,1,DDR2,2007-05-01,2007,5,,,,128,10.7,333
Intel GM45 Express Chipset,Intel,1,DDR3,2008-09-01,2008,9,,,,128,17.1,533
Mobility Radeon X300,AMD,1,DDR,2005-11-01,2005,11,,128,0.125,64,2.0,250
Radeon R5 M335 4GB,AMD,1,DDR3,2015-10-21,2015,10,28,4096,4.0,64,17.6,1100
Mobility Radeon Xpress 200,AMD,1,DDR,2004-02-01,2004,2,,,,64,,
HD i5 M580,Intel,1,DDR3,2010-09-30,2010,9,,,,128,17.1,533
Mobility Radeon X600,AMD,1,DDR,2004-06-01,2004,6,,128,0.125,128,4.0,250
Mobility Radeon X700,AMD,1,DDR2,2005-03-01,2005,3,,128,0.125,128,11.2,350
Intel 82852/82855,Intel,1,DDR,2004-02-01,2004,2,,,,,,166
HD i5 U470,Intel,1,DDR3,2010-12-30,2010,12,,,,128,12.8,400
HD i5 U430,Intel,1,DDR3,2010-05-30,2010,5,,,,128,12.8,400
HD i5 M560,Intel,1,DDR3,2010-09-30,2010,9,,,,128,17.1,533
HD i5 M480,Intel,1,DDR3,2011-03-30,2011,3,,,,128,17.1,533
HD i5 M520,Intel,1,DDR3,2010-03-30,2010,3,,,,128,17.1,533
HD i5 M540,Intel,1,DDR3,2010-03-30,2010,3,,,,128,17.1,533
HD i5 M460,Intel,1,DDR3,2010-09-30,2010,9,,,,128,17.1,533
HD i5 M430,Intel,1,DDR3,2010-03-30,2010,3,,,,128,17.1,533
HD i5 M450,Intel,1,DDR3,2010-05-30,2010,5,,,,128,17.1,533
HD i5 6300U,Intel,1,DDR4,2015-09-01,2015,9,14,,,128,34.1,1067
HD i5 6440HQ,Intel,1,DDR4,2015-09-01,2015,9,14,,,128,34.1,1067
HD i5 5350U,Intel,1,DDR3,2015-01-05,2015,1,14,,,128,29.9,933
HD i5 6200U,Intel,1,DDR4,2015-09-01,2015,9,14,,,128,34.1,1067
HD i5 4250U,Intel,1,DDR3,2013-06-02,2013,6,22,,,128,25.6,800
HD i5 4260U,Intel,1,DDR3,2014-04-14,2014,4,22,,,128,25.6,800
HD i5 6300HQ,Intel,1,DDR4,2015-09-01,2015,9,14,,,128,34.1,1067
HD i5 5250U,Intel,1,DDR3,2015-01-05,2015,1,14,,,128,29.9,933
HD i5 4210U,Intel,1,DDR3,2014-04-14,2014,4,22,,,128,25.6,800
HD i5 4210M,Intel,1,DDR3,2014-04-14,2014,4,22,,,128,25.6,800
HD i5 4210H,Intel,1,DDR3,2014-07-20,2014,7,22,,,128,25.6,800
HD i5 4200H,Intel,1,DDR3,2013-09-01,2013,9,22,,,128,25.6,800
HD i5 4200U,Intel,1,DDR3,2014-06-02,2014,6,22,,,128,25.6,800
HD i5 2520M,Intel,1,DDR3,2011-03-30,2011,3,,,,128,21.3,667
HD i5 2430M,Intel,1,DDR3,2011-11-02,2011,11,,,,128,21.3,667
HD i5 2467M,Intel,1,DDR3,2011-05-30,2011,5,,,,128,21.3,667
HD i3 M380,Intel,1,DDR3,2010-09-30,2010,9,,,,128,17.1,533
HD i5 2410M,Intel,1,DDR3,2011-03-30,2011,3,,,,128,21.3,667
HD i3 M390,Intel,1,DDR3,2010-03-30,2010,3,,,,128,17.1,533
HD i5 4200M,Intel,1,DDR3,2013-09-01,2013,9,22,,,128,25.6,800
HD i3 M370,Intel,1,DDR3,2010-09-30,2010,9,,,,64,8.5,533
HD M5-6Y57,Intel,1,DDR3,2015-09-01,2015,9,14,,,128,29.9,933
HD M5-6Y54,Intel,1,DDR3,2015-09-01,2015,9,14,,,128,29.9,933
HD M7-6Y75,Intel,1,DDR3,2015-09-01,2015,9,14,,,128,29.9,933
HD M3-6Y30,Intel,1,DDR3,2015-09-01,2015,9,14,,,128,29.9,933
HD M-5Y70,Intel,1,DDR3,2014-09-05,2014,9,14,,,128,25.6,800
HD M-5Y71,Intel,1,DDR3,2015-01-05,2015,1,14,,,128,25.6,800
HD i3 M330,Intel,1,DDR3,2010-03-30,2010,3,,,,128,17.1,533
HD M-5Y31,Intel,1,DDR3,2015-01-05,2015,1,14,,,128,25.6,800
HD i3 6100U,Intel,1,DDR4,2015-09-01,2015,9,14,,,128,34.1,1067
HD i3 6100H,Intel,1,DDR4,2015-09-01,2015,9,14,,,128,34.1,1067
HD M-5Y51,Intel,1,DDR3,2015-01-05,2015,1,14,,,128,25.6,800
HD i3 2357M,Intel,1,DDR3,2011-05-30,2011,5,,,,128,21.3,667
HD i3 2370M,Intel,1,DDR3,2012-01-01,2012,1,,,,128,21.3,667
HD i3 2310M,Intel,1,DDR3,2011-03-30,2011,3,,,,128,21.3,667
HD i3 2330M,Intel,1,DDR3,2011-06-01,2011,6,,1720,1.6796875,128,21.3,667
HD M-5Y10a,Intel,1,DDR3,2014-09-05,2014,9,14,,,128,25.6,800
HD M-5Y10,Intel,1,DDR3,2014-09-05,2014,9,14,,,128,25.6,800
HD i7 M620,Intel,1,DDR3,2010-01-07,2010,1,,,,64,8.5,533
HD i7 6820HK,Intel,1,DDR4,2015-09-01,2015,9,14,,,128,34.1,1067
HD i7 6820HQ,Intel,1,DDR4,2015-09-01,2015,9,14,,,128,34.1,1067
HD M-5Y10c,Intel,1,DDR3,2015-01-05,2015,1,14,,,128,25.6,800
HD i7 6920HQ,Intel,1,DDR4,2015-09-01,2015,9,14,,,128,34.1,1067
HD i7 6500U,Intel,1,DDR4,2015-09-01,2015,9,14,,,128,34.1,1067
HD i7 5700HQ,Intel,1,DDR3,2015-06-02,2015,6,14,,,128,29.9,933
Intel GMA 900,Intel,1,,2005-03-01,2005,3,,,,,,
HD i7 6700HQ,Intel,1,DDR4,2015-09-01,2015,9,14,,,128,34.1,1067
Intel HD Graphics Mobile (Sandy Bridge),Intel,1,DDR3,2014-09-05,2014,9,32,,,128,21.3,667
Intel HD Graphics Mobile (Ivy Bridge),Intel,1,DDR3,2012-10-01,2012,10,22,,,128,25.6,800
HD i7 6600U,Intel,1,DDR4,2015-09-01,2015,9,14,,,128,34.1,1067
Intel GMA 950,Intel,1,,2005-03-01,2005,3,,,,,,
Intel HD Graphics Mobile (Haswell),Intel,1,DDR3,2013-06-01,2013,6,22,,,128,25.6,800
Intel HD Graphics Mobile (Braswell),Intel,1,DDR3,2015-04-01,2015,4,14,,,128,25.6,800
Intel HD Graphics Mobile (Bay Trail),Intel,1,DDR3,2013-09-11,2013,9,22,,,128,21.3,667
Intel HD Graphics Mobile,Intel,1,DDR3,2010-01-10,2010,1,,,,64,8.5,533
Intel HD Graphics 630 Mobile,Intel,1,,2017-03-30,2017,3,14,,,,,1067
Intel HD Graphics 620 Mobile,Intel,1,DDR4,2016-08-01,2016,8,14,,,128,34.1,1067
Intel HD Graphics 6000 Mobile,Intel,1,DDR3,2015-01-05,2015,1,14,,,128,29.9,933
Intel HD Graphics 5600 Mobile,Intel,1,DDR3,2015-06-02,2015,6,14,,,128,29.9,933
Intel HD Graphics 615 Mobile,Intel,1,DDR4,2016-08-01,2016,8,14,,,128,34.1,1067
Intel HD Graphics 530 Mobile,Intel,1,DDR4,2015-09-01,2015,9,14,,,128,34.1,1067
Intel HD Graphics 5300 Mobile,Intel,1,DDR3,2014-09-05,2014,9,14,,,128,25.6,800
Intel HD Graphics 515 Mobile,Intel,1,DDR3,2015-09-01,2015,9,14,,,128,29.9,933
Intel HD Graphics 5000 Mobile,Intel,1,DDR3,2013-05-27,2013,5,22,,,128,25.6,800
Intel HD Graphics 510 Mobile,Intel,1,DDR4,2015-09-01,2015,9,14,,,128,34.1,1067
Intel HD Graphics 4400 Mobile,Intel,1,DDR3,2013-06-05,2013,6,22,,,128,25.6,800
Intel HD Graphics 5500 Mobile,Intel,1,DDR3,2015-01-05,2015,1,14,,,128,29.9,933
Intel HD Graphics 4600 Mobile,Intel,1,DDR3,2013-05-27,2013,5,22,,,128,25.6,800
Intel HD Graphics 520 Mobile,Intel,1,DDR4,2015-09-01,2015,9,14,,,128,34.1,1067
Intel HD Graphics 4000 Mobile,Intel,1,DDR3,2012-03-08,2012,3,22,,,128,25.6,800
Intel HD Graphics 2000 Mobile,Intel,1,DDR3,2011-02-01,2011,2,32,,,128,,
Intel HD Graphics 2500 Mobile,Intel,1,DDR3,2012-04-01,2012,4,,,,128,25.6,800
Intel HD Graphics 4200 Mobile,Intel,1,DDR3,2013-07-01,2013,7,22,,,128,25.6,800
HD Pentium P6200,Intel,1,DDR3,2010-09-26,2010,9,,,,128,17.1,533
HD i7 5700EQ,Intel,1,DDR3,2015-06-02,2015,6,14,,,128,25.6,800
HD Pentium P6100,Intel,1,DDR3,2010-09-26,2010,9,,,,128,17.1,533
HD i7 5600U,Intel,1,DDR3,2015-01-05,2015,1,14,,,128,25.6,800
HD i7 5650U,Intel,1,DDR3,2015-01-05,2015,1,14,,,128,29.9,933
HD i7 5550U,Intel,1,DDR3,2015-01-05,2015,1,14,,,128,29.9,933
HD i7 3920XM,Intel,1,DDR3,2012-04-29,2012,4,,,,64,12.8,800
HD i7 5500U,Intel,1,DDR3,2015-01-05,2015,1,14,,,128,25.6,800
HD i7 3840QM,Intel,1,DDR3,2012-04-29,2012,4,22,,,64,12.8,800
Intel HD Graphics 3000 Mobile,Intel,1,DDR3,2011-02-01,2011,2,,,,64,12.8,800
HD i7 5557U,Intel,1,DDR3,2015-01-05,2015,1,14,,,128,29.9,933
HD i7 3720QM,Intel,1,DDR3,2012-04-29,2012,4,,,,64,12.8,800
HD i7 3630QM,Intel,1,DDR3,2012-09-01,2012,9,,,,128,25.6,800
HD i7 2920XM,Intel,1,DDR3,2011-01-09,2011,1,,,,64,12.8,800
HD i7 3610QM,Intel,1,DDR3,2012-04-29,2012,4,,,,64,12.8,800
HD i7 2820QM,Intel,1,DDR3,2011-01-09,2011,1,,,,64,12.8,800
HD i7 2860QM,Intel,1,DDR3,2011-09-04,2011,9,,,,64,12.8,800
HD i7 2670QM,Intel,1,DDR3,2011-11-12,2011,11,,,,64,10.7,667
HD i7 2630QM,Intel,1,DDR3,2011-01-09,2011,1,,,,64,10.7,667
HD i7 2640M,Intel,1,DDR3,2011-09-04,2011,9,,,,64,10.7,667
HD i7 2720QM,Intel,1,DDR3,2011-01-09,2011,1,,,,64,12.8,800
HD i7 2675QM,Intel,1,DDR3,2011-01-09,2011,1,,,,64,10.7,667
HD i7 3820QM,Intel,1,DDR3,2012-04-29,2012,4,,,,64,12.8,800
HD i7 2760QM,Intel,1,DDR3,2011-09-04,2011,9,,,,64,12.8,800
HD i7 2620M,Intel,1,DDR3,2011-02-20,2011,2,,,,64,10.7,667
Intel GMA 5700M HD,Intel,1,,2010-10-01,2010,10,,,,,,
Intel GMA 4500M HD,Intel,1,DDR3,2008-10-01,2008,10,,,,64,,
Intel GMA 3650,Intel,1,DDR3,2011-11-01,2011,11,,,,64,8.5,533
Intel 965 Express Family,Intel,1,,2007-05-09,2007,5,,,,,,
Iris Graphics 540 Mobile,Intel,1,DDR4,2015-09-01,2015,9,14,,,128,34.1,1067
Intel GMA 3150,Intel,1,,2010-10-01,2010,10,,,,,,
HD Pentium P6000,Intel,1,DDR3,2010-06-20,2010,6,,,,128,17.1,533
Intel GMA 3600,Intel,1,DDR3,2011-10-01,2011,10,,,,64,8.5,533
Iris Graphics 5100 Mobile,Intel,1,DDR3,2013-04-29,2013,4,22,,,128,25.6,800
HD i7 2617M,Intel,1,DDR3,2011-02-20,2011,2,,,,64,10.7,667
Intel GMA 4500M,Intel,1,,2008-10-01,2008,10,,,,128,,
Radeon HD 3100,AMD,1,DDR2,2008-08-01,2008,8,,,,64,,
Mobility Radeon HD 3870 x2,AMD,1,GDDR3,2008-09-01,2008,9,,1024,1.0,256,108.8,1700
Mobility Radeon HD 4870,AMD,1,GDDR5,2009-01-09,2009,1,55,1024,1.0,256,89.6,700
Mobility Radeon HD 4870 x2,AMD,1,GDDR5,2009-01-09,2009,1,55,2048,2.0,512,179.2,700
Radeon HD 6755G2,AMD,1,DDR3,2011-06-14,2011,6,,,,,,
Quadro NVS 510M,NVIDIA,1,GDDR3,2010-01-07,2010,1,,1024,1.0,256,,
Quadro NVS 300M,NVIDIA,1,GDDR3,2006-05-24,2006,5,,512,0.5,128,16.0,500
Quadro NVS 320M,NVIDIA,1,GDDR3,2007-06-09,2007,6,80,512,0.5,128,22.4,700
Quadro NVS 160M,NVIDIA,1,GDDR3,2008-08-15,2008,8,,256,0.25,64,11.2,700
Radeon HD 8610G,AMD,1,DDR3,2013-05-23,2013,5,32,,,128,21.3,667
Radeon HD 7660G,AMD,1,DDR3,2012-05-15,2012,5,32,,,128,25.6,800
Quadro NVS 150M,NVIDIA,1,GDDR3,2008-08-15,2008,8,,256,0.25,64,11.2,700
Radeon HD 8650G,AMD,1,DDR3,2013-05-23,2013,5,32,,,128,29.9,933
NVS 5400M,NVIDIA,1,DDR3,2012-06-01,2012,6,40,2048,2.0,128,28.8,900
GeForce4 Go 488,NVIDIA,1,DDR,2002-03-01,2002,3,,64,0.0625,32,1.1,275
Radeon HD 6380G,AMD,1,DDR3,2011-06-14,2011,6,,,,128,,
Mobility Radeon 7500 64MB,AMD,1,DDR,2001-12-01,2001,12,,64,0.0625,64,1.6,200
GeForce 9800M GTS,NVIDIA,1,GDDR3,2008-07-01,2008,7,,1024,1.0,256,51.2,800
GeForce 9800M GTX SLI,NVIDIA,1,GDDR3,2008-07-01,2008,7,65,2048,2.0,256,102.4,800
GeForce 9800M GT SLI,NVIDIA,1,GDDR3,2008-07-01,2008,7,65,1024,1.0,256,102.4,800
GeForce 9800M GTS SLI,NVIDIA,1,GDDR3,2008-07-01,2008,7,,2048,2.0,256,102.4,800
GeForce 9800M GTX,NVIDIA,1,GDDR3,2008-07-01,2008,7,65,1024,1.0,256,51.2,800
GeForce 9800M GS,NVIDIA,1,GDDR3,2008-01-02,2008,1,,512,0.5,256,51.2,800
GeForce 9700M GT,NVIDIA,1,GDDR3,2008-07-01,2008,7,,512,0.5,128,25.6,800
GeForce 9800M GT,NVIDIA,1,GDDR3,2008-07-01,2008,7,65,512,0.5,256,51.2,800
GeForce 9650M GS,NVIDIA,1,GDDR3,2008-01-02,2008,1,80,512,0.5,128,25.6,800
GeForce 9700M GTS,NVIDIA,1,GDDR3,2008-07-01,2008,7,,512,0.5,256,51.2,800
GeForce 9600M GT,NVIDIA,1,GDDR3,2008-01-02,2008,1,,1024,1.0,128,25.6,800
GeForce 9650M GT,NVIDIA,1,GDDR3,2008-08-19,2008,8,,1024,1.0,128,25.6,800
GeForce 9500M GS,NVIDIA,1,GDDR3,2008-02-01,2008,2,80,512,0.5,128,22.4,700
GeForce 9600M GS,NVIDIA,1,GDDR3,2008-06-03,2008,6,,1024,1.0,128,25.6,800
GeForce 9500M G,NVIDIA,1,GDDR3,2008-06-03,2008,6,,1024,1.0,128,25.6,800
GeForce 9300M GS,NVIDIA,1,GDDR3,2008-01-02,2008,1,,256,0.25,64,11.2,700
GeForce 9300M G,NVIDIA,1,GDDR3,2008-01-02,2008,1,80,256,0.25,64,9.6,600
GeForce 9200M GE,NVIDIA,1,,2008-01-02,2008,1,,64,0.0625,,,
GeForce 9400M,NVIDIA,1,,2008-10-01,2008,10,,256,0.25,,,
GeForce 9500M,NVIDIA,1,,2008-01-02,2008,1,,,,,,
GeForce 9100M,NVIDIA,1,,2008-06-03,2008,6,,,,128,,
GeForce 9200M GS,NVIDIA,1,DDR3,2008-06-03,2008,6,,256,0.25,64,11.2,700
GeForce4 Go 460,NVIDIA,1,DDR,2002-02-06,2002,2,,64,0.0625,32,1.0,250
GeForce 9400M G,NVIDIA,1,,2008-10-01,2008,10,,,,128,,
GeForce4 Go 440,NVIDIA,1,DDR,2002-02-26,2002,2,,64,0.0625,32,0.88,220
Quadro FX 880M,NVIDIA,1,GDDR3,2010-01-07,2010,1,40,1024,1.0,128,25.3,790
GeForce4 Go 420,NVIDIA,1,DDR,2002-02-06,2002,2,,32,0.03125,32,0.8,200
Quadro FX 770M,NVIDIA,1,GDDR3,2008-08-14,2008,8,,512,0.5,128,25.6,800
GeForce4 Go 4200,NVIDIA,1,DDR,2002-11-14,2002,11,,128,0.125,128,3.2,200
Quadro FX 3700M,NVIDIA,1,GDDR3,2008-08-14,2008,8,65,1024,1.0,256,51.2,800
Quadro FX 570M,NVIDIA,1,GDDR3,2007-06-01,2007,6,80,512,0.5,128,22.4,700
Quadro FX 380M,NVIDIA,1,GDDR3,2010-01-07,2010,1,40,512,0.5,64,12.8,800
Quadro FX 3800M,NVIDIA,1,GDDR3,2009-12-22,2009,12,65,,,256,64.0,1000
Quadro FX 360M,NVIDIA,1,GDDR3,2007-05-09,2007,5,80,256,0.25,64,9.6,600
Quadro FX 3600M,NVIDIA,1,GDDR3,2008-02-23,2008,2,65,1024,1.0,256,51.2,800
Quadro FX 2800M,NVIDIA,1,GDDR3,2009-12-01,2009,12,65,1024,1.0,256,64.0,1000
Quadro FX 350M,NVIDIA,1,DDR3,2006-03-31,2006,3,,256,0.25,64,5.6,350
Quadro FX 3500M,NVIDIA,1,GDDR3,2007-03-01,2007,3,,512,0.5,256,44.8,700
Quadro FX 2500M,NVIDIA,1,GDDR3,2005-09-29,2005,9,,1024,1.0,256,38.4,600
Quadro FX 1800M,NVIDIA,1,GDDR5,2010-02-01,2010,2,40,1024,1.0,128,70.4,1100
Quadro FX 1700M,NVIDIA,1,GDDR3,2008-10-01,2008,10,,512,0.5,128,25.6,800
Quadro K610M,NVIDIA,1,GDDR5,2013-07-23,2013,7,28,1024,1.0,64,20.8,650
Quadro FX 1500M,NVIDIA,1,GDDR3,2006-04-18,2006,4,,512,0.5,256,32.0,500
Quadro FX 2700M,NVIDIA,1,GDDR3,2008-08-14,2008,8,,512,0.5,256,51.2,800
Radeon IGP 320M,AMD,1,DDR,2002-10-05,2002,10,,,,64,,
Radeon IGP 340M,AMD,1,DDR,2002-10-05,2002,10,,,,64,,
Quadro K5100M,NVIDIA,1,GDDR5,2013-07-23,2013,7,28,8192,8.0,256,115.5,902
Quadro K4000M,NVIDIA,1,GDDR5,2012-06-01,2012,6,28,4096,4.0,256,89.6,700
Quadro K500M,NVIDIA,1,DDR3,2012-06-01,2012,6,28,1024,1.0,64,14.4,900
Quadro K5000M,NVIDIA,1,GDDR5,2012-08-01,2012,8,28,4096,4.0,256,96.0,750
Quadro K3000M,NVIDIA,1,GDDR5,2012-06-01,2012,6,28,2048,2.0,256,89.6,700
Quadro K2000M,NVIDIA,1,DDR3,2012-06-01,2012,6,28,2048,2.0,128,28.8,900
Quadro 5010M,NVIDIA,1,GDDR5,2011-02-22,2011,2,40,4096,4.0,256,166.4,1300
Quadro K1100M,NVIDIA,1,GDDR5,2013-07-23,2013,7,28,2048,2.0,128,44.8,700
Quadro K3100M,NVIDIA,1,GDDR5,2013-07-23,2013,7,28,4096,4.0,256,102.4,800
Quadro K1000M,NVIDIA,1,DDR3,2012-06-01,2012,6,28,2048,2.0,128,28.8,900
Quadro 4000M,NVIDIA,1,GDDR5,2011-02-22,2011,2,40,2048,2.0,256,153.6,1200
Quadro 3000M,NVIDIA,1,GDDR5,2011-02-22,2011,2,40,2048,2.0,256,80.0,625
Quadro 2000M,NVIDIA,1,DDR3,2011-01-13,2011,1,40,2048,2.0,128,28.8,900
Quadro FX 1600M,NVIDIA,1,GDDR3,2007-06-01,2007,6,80,512,0.5,128,25.6,800
Quadro 5000M,NVIDIA,1,GDDR5,2010-10-27,2010,10,40,2048,2.0,256,153.6,1200
NVS 5200M,NVIDIA,1,DDR3,2012-06-01,2012,6,40,1024,1.0,64,14.4,900
Quadro 1000M,NVIDIA,1,DDR3,2011-02-22,2011,2,40,2048,2.0,128,28.8,900
NVS 5100M,NVIDIA,1,DDR3,2010-01-07,2010,1,40,1024,1.0,128,25.6,800
NVS 4200M,NVIDIA,1,DDR3,2011-02-22,2011,2,40,1024,1.0,64,12.8,800
NVS 3100M,NVIDIA,1,GDDR3,2010-01-07,2010,1,40,512,0.5,64,12.8,800
Quadro NVS 140M 256MB GDDR3,NVIDIA,1,GDDR3,2007-09-05,2007,9,80,256,0.25,64,11.2,700
Quadro NVS 140M 128MB GDDR2,NVIDIA,1,DDR2,2007-09-05,2007,9,80,128,0.125,64,11.2,700
NVS 2100M,NVIDIA,1,GDDR3,2010-01-07,2010,1,40,512,0.5,64,12.8,800
Quadro NVS 135M,NVIDIA,1,GDDR3,2007-05-09,2007,5,80,256,0.25,64,9.6,600
Quadro NVS 130M,NVIDIA,1,GDDR3,2007-05-09,2007,5,80,256,0.25,64,11.2,700
Quadro NVS 120M,NVIDIA,1,DDR3,2006-06-01,2006,6,,512,0.5,64,11.2,700
Radeon R7 8800P,AMD,1,DDR3,2015-06-02,2015,6,28,,,128,34.1,1067
Quadro NVS 110M,NVIDIA,1,DDR,2006-06-01,2006,6,,512,0.5,64,,
Radeon R7 7500,AMD,1,DDR3,2014-06-04,2014,6,28,,,128,25.6,800
Radeon R6 7350B,AMD,1,DDR3,2014-06-30,2014,6,28,,,128,25.6,800
Radeon R5 7410,AMD,1,DDR3,2015-05-06,2015,5,28,,,128,29.9,933
Radeon R6 7400P,AMD,1,DDR3,2014-06-30,2014,6,28,,,128,29.9,933
Radeon R6 8700P,AMD,1,DDR3,2015-06-02,2015,6,28,,,128,34.1,1067
Radeon R6 7300,AMD,1,DDR3,2014-06-30,2014,6,28,,,128,25.6,800
Radeon R5 7200P,AMD,1,DDR3,2014-06-30,2014,6,28,,,128,29.9,933
Radeon R6 6700T,AMD,1,DDR3,2014-04-29,2014,4,28,,,64,10.7,667
Radeon R5 7100,AMD,1,DDR3,2014-06-30,2014,6,28,,,128,25.6,800
Radeon R5 7150B,AMD,1,DDR3,2014-06-30,2014,6,28,,,128,25.6,800
Radeon R5 6410,AMD,1,DDR3,2014-06-30,2014,6,28,,,64,14.9,933
Radeon R3 6210,AMD,1,DDR3,2014-04-29,2014,4,28,,,64,12.8,800
Radeon R4 7000,AMD,1,DDR3,2014-06-30,2014,6,28,,,128,25.6,800
Radeon R4 7310,AMD,1,DDR3,2015-05-06,2015,5,28,,,64,12.8,800
Radeon R2 6110,AMD,1,DDR3,2014-04-29,2014,4,28,,,64,12.8,800
Radeon R2 6200T,AMD,1,DDR3,2014-04-29,2014,4,28,,,64,8.5,533
Radeon R4 7050B,AMD,1,DDR3,2014-06-30,2014,6,28,,,128,25.6,800
Radeon R4 6310,AMD,1,DDR3,2014-04-29,2014,4,28,,,64,14.9,933
Radeon R3 6400T,AMD,1,DDR3,2014-04-29,2014,4,28,,,64,10.7,667
Radeon R2 6010,AMD,1,DDR3,2014-04-29,2014,4,28,,,64,10.7,667
Radeon R8 M365DX,AMD,1,DDR3,2015-06-03,2015,6,28,2048,2.0,192,86.4,1800
Radeon HD 8650G + HD 8670M Dual,AMD,1,DDR3,2013-08-01,2013,8,32,,,64,16.0,1000
Radeon HD 8650G + HD 8570M Dual,AMD,1,DDR3,2013-08-01,2013,8,32,,,64,16.0,1000
Radeon HD 8610G + HD 8670M Dual,AMD,1,DDR3,2013-05-23,2013,5,32,2048,2.0,64,21.3,667
Radeon HD 8550G + HD 8750M Dual,AMD,1,DDR3,2013-08-01,2013,8,32,2048,2.0,128,25.6,800
Radeon HD 8550G + HD 8670M Dual,AMD,1,DDR3,2013-08-01,2013,8,32,,,64,16.0,1000
Radeon HD 7660G + HD 7670M Dual,AMD,1,DDR3,2012-05-01,2012,5,,,,128,28.8,900
Radeon HD 7640G + HD 7670M Dual,AMD,1,DDR3,2012-05-01,2012,5,,,,128,28.8,900
Radeon HD 8210G + HD 8570M Dual,AMD,1,DDR3,2013-08-01,2013,8,32,1024,1.0,64,16.0,1000
Radeon HD 7640G + HD 7470M Dual,AMD,1,DDR3,2012-06-01,2012,6,,1024,1.0,128,25.6,800
Radeon HD 7640G + HD 7610M Dual,AMD,1,DDR3,2012-05-15,2012,5,28,,,128,28.8,900
Radeon HD 6740G2,AMD,1,,2011-06-14,2011,6,,1024,1.0,,,
Radeon HD 7520G + HD 7670M Dual,AMD,1,DDR3,2012-05-01,2012,5,,,,128,28.8,900
Radeon HD 6620G + HD 7690M Dual,AMD,1,DDR3,2012-06-01,2012,6,,,,128,25.6,800
Radeon HD 6620G + HD 7450M Dual,AMD,1,DDR3,2012-02-01,2012,2,,,,128,28.8,900
Radeon HD 6520G + HD 7670M Dual,AMD,1,DDR3,2011-06-01,2011,6,,1024,1.0,128,28.8,900
Radeon HD 6640G2,AMD,1,,2011-06-14,2011,6,,,,,,
Radeon HD 6720G2,AMD,1,DDR3,2011-06-14,2011,6,,1024,1.0,128,,
Radeon HD 6645G2,AMD,1,DDR3,2011-06-14,2011,6,,,,128,21.3,667
Radeon HD 6620G,AMD,1,DDR3,2011-06-14,2011,6,,,,128,,
Radeon HD 6545G2,AMD,1,,2011-06-14,2011,6,,,,,,
Radeon HD 6515G2,AMD,1,,2011-06-14,2011,6,,512,0.5,,,
Radeon HD 6540G2,AMD,1,,2011-06-14,2011,6,,1024,1.0,,,
Radeon HD 7640G,AMD,1,DDR3,2012-05-15,2012,5,32,,,128,25.6,800
Radeon HD 6520G,AMD,1,DDR3,2011-06-14,2011,6,40,,,128,,
Radeon HD 7620G,AMD,1,DDR3,2012-05-01,2012,5,,,,128,21.3,667
Radeon HD 7600G,AMD,1,DDR3,2012-09-01,2012,9,,,,128,21.3,667
Radeon HD 7400G,AMD,1,DDR3,2012-09-01,2012,9,,,,128,21.3,667
Radeon HD 7500G,AMD,1,DDR3,2012-05-01,2012,5,,,,128,21.3,667
Radeon HD 8550G,AMD,1,DDR3,2013-03-12,2013,3,,,,128,25.6,800
Radeon HD 8510G,AMD,1,DDR3,2013-05-01,2013,5,32,,,128,,
Radeon HD 7520G,AMD,1,DDR3,2012-06-01,2012,6,,,,128,25.6,800
Radeon HD 7420G,AMD,1,DDR3,2012-06-01,2012,6,,,,128,25.6,800
Radeon HD 8350G,AMD,1,DDR3,2013-03-12,2013,3,32,,,128,25.6,800
Radeon HD 8450G,AMD,1,DDR3,2013-03-12,2013,3,,,,128,25.6,800
Mobility Radeon HD 4860,AMD,1,,2009-03-03,2009,3,,,,,,
Mobility Radeon HD 4830,AMD,1,,2009-03-03,2009,3,,,,,,
Radeon HD 6480G,AMD,1,DDR3,2011-06-14,2011,6,,,,128,,
Mobility Radeon HD 4670 1GB,AMD,1,GDDR3,2009-01-09,2009,1,,1024,1.0,128,25.6,800
Mobility Radeon HD 4550,AMD,1,GDDR3,2010-01-01,2010,1,,512,0.5,64,11.2,700
Mobility Radeon HD 4650,AMD,1,DDR3,2009-01-09,2009,1,,512,0.5,128,25.6,800
Mobility Radeon HD 4850,AMD,1,GDDR3,2009-01-09,2009,1,,1024,1.0,256,54.4,850
Mobility Radeon HD 4530,AMD,1,GDDR3,2009-01-09,2009,1,,512,0.5,64,11.2,700
Mobility FireGL V5700,AMD,1,GDDR3,2008-01-07,2008,1,,1024,1.0,128,22.4,700
Mobility Radeon HD 4570,AMD,1,GDDR3,2009-01-09,2009,1,,512,0.5,64,12.8,800
Mobility Radeon HD 4670 512MB,AMD,1,DDR3,2009-01-09,2009,1,,512,0.5,128,25.6,800
Mobility Radeon HD 4350,AMD,1,GDDR3,2009-01-09,2009,1,,512,0.5,64,9.6,600
Mobility FireGL V5250,AMD,1,GDDR3,2007-01-01,2007,1,,,,128,10.6,330
Mobility FireGL V5200,AMD,1,GDDR3,2006-12-01,2006,12,,,,128,15.2,475
Mobility FireGL T2,AMD,1,DDR,2003-11-01,2003,11,,,,128,3.2,200
FirePro M7820,AMD,1,GDDR5,2010-05-01,2010,5,,1024,1.0,128,64.0,1000
FirePro M8900,AMD,1,GDDR5,2011-04-12,2011,4,,,,256,115.2,900
FirePro M7740,AMD,1,GDDR5,2009-08-04,2009,8,,1024,1.0,128,64.0,1000
FirePro M5950,AMD,1,GDDR5,2011-04-13,2011,4,,1024,1.0,128,57.6,900
FirePro W4170M,AMD,1,GDDR5,2014-04-28,2014,4,28,2048,2.0,128,72.0,1125
FirePro M5800 1GB DDR3,AMD,1,GDDR5,2010-03-01,2010,3,,1024,1.0,128,51.2,800
FirePro M6100,AMD,1,GDDR5,2013-10-16,2013,10,28,2048,2.0,128,72.0,1125
FirePro M5100,AMD,1,GDDR5,2013-10-16,2013,10,28,2048,2.0,128,72.0,1125
FirePro M4000,AMD,1,GDDR5,2012-06-27,2012,6,28,2048,2.0,128,64.0,1000
Mobility FireGL V3200,AMD,1,DDR2,2004-12-01,2004,12,,,,128,,
Mobility Radeon HD 4330,AMD,1,GDDR3,2009-01-09,2009,1,,512,0.5,64,9.6,600
Mobility Radeon 9600 Series,AMD,1,DDR,2003-03-01,2003,3,,128,0.125,128,4.0,250
FirePro M3900,AMD,1,DDR3,2011-04-13,2011,4,,,,64,14.4,900
Mobility Radeon 9200,AMD,1,DDR,2003-03-01,2003,3,,64,0.0625,128,3.2,200
Mobility Radeon 9700 Series,AMD,1,DDR,2004-02-01,2004,2,,128,0.125,128,4.4,275
Mobility Radeon HD 4250,AMD,1,DDR3,2010-05-01,2010,5,,512,0.5,128,,
Mobility Radeon HD 4270,AMD,1,DDR3,2010-05-01,2010,5,,,,128,,
Mobility Radeon HD 4200,AMD,1,DDR3,2009-09-10,2009,9,,256,0.25,128,,
Mobility Radeon HD 2600 XT,AMD,1,GDDR3,2007-05-14,2007,5,,256,0.25,128,24.0,750
Mobility Radeon 9000 64MB,AMD,1,DDR,2002-08-01,2002,8,,64,0.0625,128,3.2,200
Mobility Radeon HD 2600,AMD,1,GDDR3,2007-05-14,2007,5,,256,0.25,128,19.2,600
Mobility Radeon HD 2700,AMD,1,GDDR3,2007-12-12,2007,12,,256,0.25,128,22.4,700
Mobility Radeon HD 2300,AMD,1,DDR2,2007-03-01,2007,3,,128,0.125,128,12.8,400
Mobility Radeon HD 2400 XT,AMD,1,GDDR3,2007-05-14,2007,5,,256,0.25,64,11.2,700
Mobility Radeon HD 3870,AMD,1,GDDR3,2008-06-04,2008,6,,512,0.5,256,54.4,850
Mobility Radeon HD 3670,AMD,1,GDDR3,2008-01-07,2008,1,,512,0.5,128,25.6,800
Mobility Radeon HD 3650,AMD,1,GDDR3,2008-01-07,2008,1,,512,0.5,128,22.4,700
Mobility Radeon HD 2400,AMD,1,DDR2,2007-05-14,2007,5,,256,0.25,64,8.0,500
Mobility Radeon HD 3850,AMD,1,GDDR3,2008-06-04,2008,6,,512,0.5,256,48.0,750
Mobility Radeon HD 3470,AMD,1,GDDR3,2008-01-07,2008,1,,256,0.25,64,12.8,800
Mobility Radeon HD 3200,AMD,1,DDR2,2008-06-04,2008,6,,256,0.25,64,,
Mobility Radeon HD 3430,AMD,1,DDR2,2008-07-25,2008,7,,256,0.25,64,11.2,700
Mobility Radeon HD 3450,AMD,1,GDDR3,2008-01-07,2008,1,,256,0.25,64,11.2,700
Mobility Radeon HD 3410,AMD,1,DDR2,2008-07-25,2008,7,,256,0.25,64,11.2,700
GeForce 7150M nForce 630M,NVIDIA,1,,2006-01-01,2006,1,,,,64,,
GeForce 8800M GTX,NVIDIA,1,GDDR3,2007-11-01,2007,11,65,512,0.5,256,51.2,800
GeForce 8800M GTX SLI,NVIDIA,1,GDDR5,2007-11-01,2007,11,65,2048,2.0,256,204.8,800
GeForce 8800M GTS,NVIDIA,1,GDDR3,2007-11-01,2007,11,65,512,0.5,256,51.2,800
GeForce Go 6800 ultra,NVIDIA,1,DDR3,2005-02-01,2005,2,,256,0.25,256,35.2,550
GeForce GTX 880M 8GB,NVIDIA,1,GDDR5,2014-03-12,2014,3,28,8192,8.0,256,160.0,1250
GeForce Go 7900 GTX,NVIDIA,1,GDDR3,2006-04-01,2006,4,,512,0.5,256,38.4,600
GeForce Go 7200,NVIDIA,1,DDR3,2006-09-01,2006,9,,64,0.0625,32,2.8,350
GeForce Go 7800 GTX,NVIDIA,1,GDDR3,2005-10-01,2005,10,,512,0.5,256,35.2,550
GeForce Go 7950 GTX,NVIDIA,1,GDDR3,2006-10-01,2006,10,,512,0.5,256,44.8,700
GeForce GTX 880M SLI,NVIDIA,1,GDDR5,2014-03-12,2014,3,28,16384,16.0,256,320.0,1250
GeForce GTX 485M SLI,NVIDIA,1,GDDR5,2011-01-01,2011,1,40,4096,4.0,256,192.0,750
GeForce GTX 880M 4GB,NVIDIA,1,GDDR5,2014-03-12,2014,3,28,4096,4.0,256,160.0,1250
GeForce Go 7900 GS,NVIDIA,1,GDDR3,2006-04-01,2006,4,,512,0.5,256,32.0,500
GeForce GTS 160M,NVIDIA,1,GDDR3,2009-03-02,2009,3,55,1024,1.0,256,51.2,800
GeForce GTX 580M SLI,NVIDIA,1,GDDR5,2011-06-01,2011,6,40,4096,4.0,256,192.0,750
GeForce GTX 560M SLI,NVIDIA,1,GDDR5,2011-05-01,2011,5,40,3072,3.0,192,120.0,625
GeForce GTX 570M,NVIDIA,1,GDDR5,2011-06-28,2011,6,40,1536,1.5,192,72.0,750
GeForce GT 555M 3GB,NVIDIA,1,DDR3,2011-01-05,2011,1,40,3072,3.0,192,43.2,900
GeForce GTX 580M,NVIDIA,1,GDDR5,2011-06-28,2011,6,40,2048,2.0,256,96.0,750
GeForce GT 555M v2,NVIDIA,1,GDDR5,2011-06-15,2011,6,40,1024,1.0,128,50.2,784
GeForce GTX 560M,NVIDIA,1,GDDR5,2011-05-30,2011,5,40,1536,1.5,192,60.0,625
GeForce GT 555M v3,NVIDIA,1,DDR3,2012-03-26,2012,3,40,2048,2.0,128,28.8,900
GeForce GT 550M 2GB,NVIDIA,1,DDR3,2011-01-06,2011,1,40,2048,2.0,128,28.8,900
GeForce GT 540M,NVIDIA,1,DDR3,2011-01-06,2011,1,40,1024,1.0,128,28.8,900
GeForce GT 555M,NVIDIA,1,DDR3,2011-01-05,2011,1,40,1536,1.5,192,43.2,900
GeForce GT 540M 2GB,NVIDIA,1,DDR3,2011-01-01,2011,1,40,2048,2.0,128,28.8,900
GeForce GT 550M,NVIDIA,1,DDR3,2011-01-05,2011,1,40,1024,1.0,128,28.8,900
GeForce GT 525M,NVIDIA,1,DDR3,2011-01-05,2011,1,40,1024,1.0,128,28.8,900
GeForce GT 525M 2GB,NVIDIA,1,DDR3,2011-01-01,2011,1,40,2048,2.0,128,28.8,900
GeForce GT 520M v2,NVIDIA,1,DDR3,2011-01-05,2011,1,40,1024,1.0,64,12.8,800
GeForce GT 520M,NVIDIA,1,DDR3,2011-01-05,2011,1,40,1024,1.0,64,12.8,800
GeForce GTX 280M,NVIDIA,1,GDDR3,2009-03-01,2009,3,55,1024,1.0,256,60.8,950
GeForce GTX 285M,NVIDIA,1,GDDR3,2010-02-01,2010,2,65,1024,1.0,256,64.0,1000
GeForce GT 520MX,NVIDIA,1,DDR3,2011-05-30,2011,5,40,1024,1.0,64,14.4,900
GeForce GTX 260M,NVIDIA,1,GDDR3,2009-03-01,2009,3,65,1024,1.0,256,60.8,950
GeForce GTX 260M SLI,NVIDIA,1,GDDR3,2009-03-01,2009,3,55,2048,2.0,256,121.6,950
GeForce GTS 260M,NVIDIA,1,GDDR5,2009-06-01,2009,6,40,1024,1.0,128,57.6,900
GeForce GTS 250M,NVIDIA,1,GDDR5,2009-06-01,2009,6,40,1024,1.0,128,51.2,800
GeForce GTX 280M SLI,NVIDIA,1,GDDR3,2009-03-01,2009,3,55,2048,2.0,256,121.6,950
GeForce GTX 1070M,NVIDIA,1,GDDR5,2016-09-01,2016,9,16,8192,8.0,256,256.3,2002
GeForce GTX 1050M Ti 4GB,NVIDIA,1,GDDR5,2016-10-18,2016,10,14,4096,4.0,128,112.1,1752
GeForce GT 240M,NVIDIA,1,DDR3,2009-06-01,2009,6,40,1024,1.0,128,25.6,800
GeForce GTX 1080 Ti Mobile,NVIDIA,1,GDDR5X,2017-03-05,2017,3,16,11264,11.0,352,484.4,1376
GeForce GTX 1050M,NVIDIA,1,GDDR5,2016-11-01,2016,11,14,2048,2.0,128,112.1,1752
GeForce G 210M,NVIDIA,1,GDDR3,2009-01-02,2009,1,40,512,0.5,64,12.8,800
GeForce GT 230M,NVIDIA,1,GDDR3,2009-06-15,2009,6,40,1024,1.0,128,25.6,800
GeForce GTX 1060M,NVIDIA,1,GDDR5,2016-09-01,2016,9,16,6144,6.0,192,192.2,2002
GeForce GTX 285M SLI,NVIDIA,1,GDDR3,2010-02-01,2010,2,55,2048,2.0,128,65.3,1020
GeForce GT 130M,NVIDIA,1,GDDR3,2009-01-08,2009,1,55,1024,1.0,128,25.6,800
GeForce GTS 150M,NVIDIA,1,GDDR3,2009-03-02,2009,3,55,1024,1.0,256,64.0,1000
GeForce G 205M,NVIDIA,1,DDR2,2010-01-01,2010,1,90,,,64,6.4,400
GeForce GT 220M,NVIDIA,1,DDR3,2009-08-16,2009,8,55,1024,1.0,128,25.6,800
GeForce G 103M,NVIDIA,1,DDR2,2009-09-01,2009,9,65,512,0.5,64,8.0,500
GeForce G 105M,NVIDIA,1,GDDR3,2009-01-08,2009,1,,512,0.5,64,11.2,700
GeForce G 102M,NVIDIA,1,DDR2,2009-03-03,2009,3,65,,,64,6.4,400
GeForce GT 120M,NVIDIA,1,DDR3,2009-02-11,2009,2,55,1024,1.0,128,,
GeForce GTX 485M,NVIDIA,1,GDDR5,2011-01-05,2011,1,40,2048,2.0,256,96.0,750
GeForce GTX 480M,NVIDIA,1,GDDR5,2010-05-25,2010,5,40,2048,2.0,256,76.8,600
GeForce GTX 480M SLI,NVIDIA,1,GDDR5,2010-05-01,2010,5,40,4096,4.0,256,153.6,600
GeForce GTX 470M SLI,NVIDIA,1,GDDR5,2010-09-01,2010,9,40,3072,3.0,192,120.0,625
GeForce GTX 470M,NVIDIA,1,GDDR5,2010-09-03,2010,9,40,1536,1.5,192,60.0,625
GeForce GT 445M v2,NVIDIA,1,GDDR5,2010-09-03,2010,9,40,1024,1.0,128,40.0,625
GeForce G 110M,NVIDIA,1,GDDR3,2009-01-08,2009,1,55,1024,1.0,64,11.2,700
GeForce GT 445M,NVIDIA,1,DDR3,2010-09-03,2010,9,40,3072,3.0,192,38.4,800
GeForce GTX 460M SLI,NVIDIA,1,GDDR5,2010-09-01,2010,9,40,3072,3.0,192,120.0,625
GeForce GT 435M v2,NVIDIA,1,DDR3,2011-01-15,2011,1,40,1024,1.0,128,25.6,800
GeForce GT 435M,NVIDIA,1,DDR3,2010-09-03,2010,9,40,1024,1.0,128,25.6,800
GeForce GT 425M,NVIDIA,1,DDR3,2010-09-03,2010,9,40,1024,1.0,128,25.6,800
GeForce GTX 460M,NVIDIA,1,GDDR5,2010-09-03,2010,9,40,1536,1.5,192,60.0,625
GeForce GTX 870M 6GB,NVIDIA,1,GDDR5,2014-03-12,2014,3,28,6144,6.0,192,120.0,1250
GeForce GTX 1080M,NVIDIA,1,GDDR5X,2016-09-01,2016,9,16,8192,8.0,256,320.3,1251
GeForce 410M,NVIDIA,1,DDR3,2011-01-05,2011,1,40,1024,1.0,64,12.8,800
GeForce GT 420M,NVIDIA,1,DDR3,2010-09-03,2010,9,40,512,0.5,128,25.6,800
GeForce GT 415M,NVIDIA,1,DDR3,2010-09-03,2010,9,40,512,0.5,128,25.6,800
GeForce GTX 860M 4GB,NVIDIA,1,GDDR5,2014-03-12,2014,3,28,4096,4.0,128,80.0,1250
Geforce 405M,NVIDIA,1,GDDR3,2012-05-10,2012,5,40,512,0.5,64,12.8,800
GeForce GTX 850M v2 2GB,NVIDIA,1,GDDR5,2014-03-12,2014,3,28,2048,2.0,128,80.2,1253
GeForce GTX 850M 4GB,NVIDIA,1,DDR3,2014-03-12,2014,3,28,4096,4.0,128,32.0,1000
GeForce GTX 860M 2GB SLI,NVIDIA,1,GDDR5,2014-03-12,2014,3,28,4096,4.0,128,160.4,1253
GeForce 840M 4GB,NVIDIA,1,DDR3,2014-03-12,2014,3,28,2048,2.0,64,16.0,1001
GeForce GTS 360M,NVIDIA,1,GDDR5,2010-01-07,2010,1,40,1024,1.0,128,57.6,900
GeForce 820M 2GB,NVIDIA,1,DDR3,2013-11-27,2013,11,28,2048,2.0,64,14.4,900
GeForce GTS 350M,NVIDIA,1,GDDR5,2010-01-07,2010,1,40,1024,1.0,128,51.2,800
GeForce GT 335M,NVIDIA,1,DDR3,2010-01-07,2010,1,40,1024,1.0,128,34.1,1066
GeForce 840M 2GB,NVIDIA,1,DDR3,2014-03-12,2014,3,28,2048,2.0,64,16.0,1001
GeForce GT 330M,NVIDIA,1,DDR3,2010-01-10,2010,1,40,1024,1.0,128,34.1,1066
GeForce GT 325M,NVIDIA,1,DDR3,2010-01-10,2010,1,40,1024,1.0,128,34.1,1066
GeForce 825M 2GB,NVIDIA,1,DDR3,2014-01-27,2014,1,28,2048,2.0,64,14.4,900
GeForce 320M,NVIDIA,1,DDR3,2010-04-01,2010,4,40,,,128,21.3,667
GeForce GT 320M,NVIDIA,1,DDR3,2010-01-21,2010,1,40,1024,1.0,128,25.3,790
GeForce GTX 850M 2GB,NVIDIA,1,DDR3,2014-03-12,2014,3,28,2048,2.0,128,32.0,1000
GeForce 310M,NVIDIA,1,DDR3,2010-01-10,2010,1,40,512,0.5,64,12.6,790
GeForce 315M,NVIDIA,1,DDR3,2011-01-05,2011,1,40,512,0.5,64,12.6,790
GeForce GTX 870M 3GB,NVIDIA,1,GDDR5,2014-03-12,2014,3,28,3072,3.0,192,120.0,1250
GeForce 820M 1GB,NVIDIA,1,DDR3,2013-11-27,2013,11,28,1024,1.0,64,14.4,900
GeForce 305M,NVIDIA,1,DDR3,2010-01-10,2010,1,40,512,0.5,64,11.2,700
GeForce GTX 675MX Mac Edition,NVIDIA,1,GDDR5,2013-04-01,2013,4,28,1024,1.0,256,160.0,1250
GeForce GTX 680M,NVIDIA,1,GDDR5,2012-06-05,2012,6,28,4096,4.0,256,115.2,900
GeForce GTX 675MX,NVIDIA,1,GDDR5,2012-10-01,2012,10,28,2048,2.0,256,115.2,900
GeForce GTX 680MX,NVIDIA,1,GDDR5,2012-10-23,2012,10,28,2048,2.0,256,160.0,1250
GeForce GTX 680M SLI,NVIDIA,1,GDDR5,2012-06-01,2012,6,28,4096,4.0,256,230.4,900
GeForce GTX 675M,NVIDIA,1,GDDR5,2012-03-22,2012,3,40,2048,2.0,256,96.0,750
GeForce GTX 675M SLI,NVIDIA,1,GDDR5,2012-03-22,2012,3,40,4096,4.0,256,192.0,750
GeForce GTX 860M 2GB,NVIDIA,1,GDDR5,2014-03-12,2014,3,28,2048,2.0,128,80.2,1253
GeForce GTX 670MX SLI,NVIDIA,1,GDDR5,2012-10-01,2012,10,28,6144,6.0,192,134.4,700
GeForce 310M v2,NVIDIA,1,DDR3,2010-01-10,2010,1,40,1024,1.0,64,10.7,667
GeForce GTX 670M,NVIDIA,1,GDDR5,2012-03-22,2012,3,40,1536,1.5,192,72.0,750
GeForce GTX 670M 3GB,NVIDIA,1,GDDR5,2012-03-01,2012,3,40,3072,3.0,192,72.0,750
GeForce GTX 670MX,NVIDIA,1,GDDR5,2012-10-01,2012,10,28,3072,3.0,192,67.2,700
GeForce GTX 660M,NVIDIA,1,GDDR5,2012-03-22,2012,3,28,2048,2.0,128,64.0,1000
GeForce GT 650M v2 SLI,NVIDIA,1,GDDR5,2012-03-22,2012,3,28,4096,4.0,128,128.0,1000
GeForce GT 650M Mac 1GB Edition,NVIDIA,1,GDDR5,2012-07-12,2012,7,28,1024,1.0,128,80.3,1254
GeForce GT 645M,NVIDIA,1,DDR3,2012-10-01,2012,10,28,2048,2.0,128,28.8,900
GeForce GT 640M LE v2,NVIDIA,1,GDDR5,2012-05-05,2012,5,40,2048,2.0,128,50.2,785
GeForce GT 640M LE,NVIDIA,1,DDR3,2012-03-22,2012,3,28,1024,1.0,128,28.8,900
GeForce GT 650M,NVIDIA,1,DDR3,2012-03-22,2012,3,28,1024,1.0,128,28.8,900
GeForce GT 640M,NVIDIA,1,DDR3,2012-03-22,2012,3,28,2048,2.0,128,28.8,900
GeForce GT 635M v3,NVIDIA,1,DDR3,2012-03-06,2012,3,40,2048,2.0,128,28.8,900
GeForce GT 635M v2,NVIDIA,1,DDR3,2012-03-22,2012,3,40,1024,1.0,128,28.8,900
GeForce GT 630M,NVIDIA,1,DDR3,2012-03-22,2012,3,40,1024,1.0,128,28.8,900
GeForce GT 625M,NVIDIA,1,DDR3,2012-10-01,2012,10,28,2048,2.0,64,14.4,900
GeForce GT 620M v2,NVIDIA,1,DDR3,2012-08-23,2012,8,40,1024,1.0,128,28.8,900
GeForce GT 630M v3,NVIDIA,1,DDR3,2012-03-22,2012,3,40,2048,2.0,128,28.8,900
GeForce GT 620M,NVIDIA,1,DDR3,2012-03-22,2012,3,28,1024,1.0,64,14.4,900
GeForce 610M v5,NVIDIA,1,DDR3,2011-12-07,2011,12,40,2048,2.0,64,12.8,800
GeForce GT 630M v2,NVIDIA,1,GDDR5,2012-03-22,2012,3,40,2048,2.0,128,57.6,900
GeForce 830M 2GB,NVIDIA,1,DDR3,2014-03-12,2014,3,28,2048,2.0,64,14.4,900
GeForce 610M v4,NVIDIA,1,DDR3,2011-12-01,2011,12,40,1024,1.0,64,14.4,900
GeForce 610M v3,NVIDIA,1,DDR3,2011-12-01,2011,12,28,1024,1.0,64,14.4,900
GeForce 610M v2,NVIDIA,1,DDR3,2011-12-01,2011,12,40,1024,1.0,64,14.4,900
GeForce GTX 780M SLI,NVIDIA,1,GDDR5,2013-05-30,2013,5,28,8192,8.0,256,320.0,1250
GeForce GTX 780M,NVIDIA,1,GDDR5,2013-05-30,2013,5,28,4096,4.0,256,160.0,1250
GeForce GTX 770M SLI,NVIDIA,1,GDDR5,2013-05-30,2013,5,28,4096,4.0,192,192.0,1000
GeForce GTX 770M,NVIDIA,1,GDDR5,2013-05-30,2013,5,28,3072,3.0,192,96.2,1002
GeForce GT 635M,NVIDIA,1,DDR3,2012-03-06,2012,3,40,2048,2.0,128,28.8,900
GeForce GTX 765M SLI,NVIDIA,1,GDDR5,2013-05-30,2013,5,28,4096,4.0,128,128.0,1000
GeForce GTX 775M Mac Edition,NVIDIA,1,GDDR5,2013-11-08,2013,11,28,2048,2.0,256,115.2,900
GeForce GTX 760M SLI,NVIDIA,1,GDDR5,2013-05-30,2013,5,28,4096,4.0,128,128.0,1000
GeForce GTX 765M,NVIDIA,1,GDDR5,2013-05-30,2013,5,28,2048,2.0,128,64.1,1002
GeForce GT 755M SLI,NVIDIA,1,GDDR5,2013-06-25,2013,6,28,4096,4.0,128,172.8,1350
GeForce GTX 760M,NVIDIA,1,GDDR5,2013-05-30,2013,5,28,2048,2.0,128,64.1,1002
GeForce GT 750M v3,NVIDIA,1,DDR3,2013-01-09,2013,1,28,2048,2.0,128,28.8,900
GeForce GT 750M Mac Edition,NVIDIA,1,GDDR5,2013-11-08,2013,11,28,2048,2.0,128,80.2,1253
GeForce GT 750M SLI,NVIDIA,1,GDDR5,2013-04-01,2013,4,28,4096,4.0,128,160.0,1250
GeForce GT 750M,NVIDIA,1,DDR3,2013-01-09,2013,1,28,2048,2.0,128,28.8,900
GeForce GT 750M 2GB GDDR5,NVIDIA,1,GDDR5,2013-01-09,2013,1,28,2048,2.0,128,64.0,1000
GeForce GT 745M v2,NVIDIA,1,DDR3,2013-04-01,2013,4,28,2048,2.0,128,28.8,900
GeForce GT 740M v2,NVIDIA,1,DDR3,2013-04-01,2013,4,28,2048,2.0,128,28.8,900
GeForce GT 745M,NVIDIA,1,DDR3,2013-04-01,2013,4,28,2048,2.0,128,28.8,900
GeForce GT 755M,NVIDIA,1,GDDR5,2013-06-25,2013,6,28,2048,2.0,128,86.4,1350
GeForce GT 740M 64-bit Edition,NVIDIA,1,DDR3,2013-06-20,2013,6,28,2048,2.0,64,14.4,900
GeForce GT 740M,NVIDIA,1,DDR3,2013-04-01,2013,4,28,2048,2.0,128,28.8,900
GeForce GT 730M v2,NVIDIA,1,DDR3,2014-03-06,2014,3,28,2048,2.0,128,28.8,900
GeForce GT 730M,NVIDIA,1,DDR3,2013-01-20,2013,1,28,2048,2.0,128,28.8,900
GeForce GT 720M 2GB,NVIDIA,1,DDR3,2013-04-01,2013,4,28,2048,2.0,64,14.4,900
GeForce GT 735M,NVIDIA,1,DDR3,2013-04-01,2013,4,28,2048,2.0,64,14.4,900
GeForce 710M,NVIDIA,1,DDR3,2013-01-09,2013,1,28,1024,1.0,64,14.4,900
GeForce GT 720M,NVIDIA,1,DDR3,2013-04-01,2013,4,28,1024,1.0,64,14.4,900
GeForce GT 650M v2,NVIDIA,1,GDDR5,2012-03-22,2012,3,28,2048,2.0,128,64.0,1000
GeForce GTX 980M 8GB SLI,NVIDIA,1,GDDR5,2014-10-07,2014,10,28,16384,16.0,256,320.8,1253
GeForce GTX 980MX 8GB,NVIDIA,1,GDDR5,2016-06-01,2016,6,28,8192,8.0,256,160.4,1253
GeForce GTX 980M 8GB,NVIDIA,1,GDDR5,2014-10-07,2014,10,28,8192,8.0,256,160.4,1253
GeForce GTX 980M 4GB,NVIDIA,1,GDDR5,2014-10-07,2014,10,28,4096,4.0,256,160.4,1253
GeForce GTX 970MX 3GB,NVIDIA,1,GDDR5,2016-06-01,2016,6,28,3072,3.0,192,120.3,1253
GeForce GTX 970M 6GB SLI,NVIDIA,1,GDDR5,2014-10-07,2014,10,28,12288,12.0,192,240.6,1253
GeForce GTX 970M 3GB,NVIDIA,1,GDDR5,2014-10-07,2014,10,28,3072,3.0,192,120.3,1253
GeForce GTX 970M 6GB,NVIDIA,1,GDDR5,2014-10-07,2014,10,28,6144,6.0,192,120.3,1253
GeForce GTX 965M 4GB SLI,NVIDIA,1,GDDR5,2015-01-07,2015,1,28,4096,4.0,128,160.0,1250
GeForce GTX 980 4GB,NVIDIA,1,GDDR5,2015-09-22,2015,9,28,4096,4.0,256,224.0,1750
GeForce GTX 960M 4GB,NVIDIA,1,GDDR5,2015-03-12,2015,3,28,4096,4.0,128,80.2,1253
GeForce GTX 965M 4GB,NVIDIA,1,GDDR5,2015-01-07,2015,1,28,4096,4.0,128,80.0,1250
GeForce GTX 960M 2GB,NVIDIA,1,GDDR5,2015-03-12,2015,3,28,2048,2.0,128,80.2,1253
GeForce 610M,NVIDIA,1,DDR3,2011-12-01,2011,12,40,1024,1.0,64,14.4,900
GeForce GTX 950M v2 2GB,NVIDIA,1,DDR3,2015-03-12,2015,3,28,2048,2.0,128,32.0,1000
GeForce 940MX 2GB,NVIDIA,1,DDR3,2016-03-01,2016,3,28,2048,2.0,64,16.0,1001
GeForce 945M 2GB,NVIDIA,1,DDR3,2015-10-27,2015,10,28,2048,2.0,128,32.0,1000
GeForce GTX 950M v2 4GB,NVIDIA,1,DDR3,2015-03-12,2015,3,28,4096,4.0,128,28.8,900
GeForce GTX 965M 2GB,NVIDIA,1,GDDR5,2015-01-07,2015,1,28,2048,2.0,128,80.0,1250
GeForce 705M 1GB,NVIDIA,1,DDR3,2013-06-01,2013,6,40,1024,1.0,64,14.4,900
GeForce 930MX 2GB,NVIDIA,1,GDDR5,2016-03-01,2016,3,28,2048,2.0,64,40.0,1250
GeForce GTX 950M 2GB,NVIDIA,1,GDDR5,2015-03-12,2015,3,28,2048,2.0,128,80.0,1250
GeForce 940M 2GB,NVIDIA,1,DDR3,2015-03-13,2015,3,28,2048,2.0,64,16.0,1000
GeForce 920MX 2GB,NVIDIA,1,GDDR5,2016-03-01,2016,3,28,2048,2.0,64,36.0,1125
GeForce 930M 2GB,NVIDIA,1,DDR3,2015-03-13,2015,3,28,2048,2.0,64,14.4,900
GeForce 940M 4GB,NVIDIA,1,DDR3,2015-03-13,2015,3,28,4096,4.0,64,16.0,1000
GeForce 920M 4GB,NVIDIA,1,DDR3,2015-03-13,2015,3,28,4096,4.0,64,14.4,900
GeForce 910M 2GB,NVIDIA,1,DDR3,2015-07-27,2015,7,28,2048,2.0,64,14.4,900
GeForce 920M 2GB,NVIDIA,1,DDR3,2015-03-13,2015,3,28,2048,2.0,64,14.4,900
GeForce Go 7800,NVIDIA,1,GDDR3,2006-03-01,2006,3,,256,0.25,256,35.2,550
GeForce Go 7700,NVIDIA,1,GDDR3,2006-01-02,2006,1,,512,0.5,128,16.0,500
GeForce Go 7300,NVIDIA,1,DDR3,2006-02-01,2006,2,,64,0.0625,64,11.2,700
GeForce Go 7600 GT,NVIDIA,1,GDDR3,2006-08-02,2006,8,,256,0.25,128,19.2,600
GeForce 920M 1GB,NVIDIA,1,DDR3,2015-03-13,2015,3,28,1024,1.0,64,14.4,900
GeForce Go 7400,NVIDIA,1,DDR3,2006-02-01,2006,2,,128,0.125,64,7.2,450
GeForce Go 6800,NVIDIA,1,DDR3,2005-02-25,2005,2,,256,0.25,128,17.6,550
GeForce Go 6600,NVIDIA,1,DDR2,2005-09-29,2005,9,,256,0.25,128,9.6,300
GeForce Go 7600 512MB DDR2,NVIDIA,1,DDR2,2006-03-01,2006,3,,512,0.5,128,12.2,380
GeForce Go 6400,NVIDIA,1,DDR,2006-02-01,2006,2,,32,0.03125,64,2.8,350
GeForce Go 6150,NVIDIA,1,DDR2,2006-02-01,2006,2,,,,,,
GeForce Go 6100,NVIDIA,1,DDR2,2006-02-01,2006,2,,,,,,
GeForce Go 6200,NVIDIA,1,DDR,2006-02-01,2006,2,,32,0.03125,64,2.4,300
GeForce 8800M GT,NVIDIA,1,,2007-11-01,2007,11,,,,,,
GeForce 8800M GS,NVIDIA,1,,2007-11-01,2007,11,,320,0.3125,,,
GeForce Go 7600,NVIDIA,1,GDDR3,2006-03-01,2006,3,,256,0.25,128,16.0,500
GeForce 8700M GT,NVIDIA,1,GDDR3,2007-06-01,2007,6,80,,,128,25.6,800
GeForce 8700M GT 256MB,NVIDIA,1,GDDR3,2007-06-01,2007,6,80,256,0.25,128,25.6,800
GeForce 8600M GT 512MB,NVIDIA,1,GDDR3,2007-06-01,2007,6,80,512,0.5,128,22.4,700
GeForce 8600M GT,NVIDIA,1,GDDR3,2007-06-01,2007,6,80,256,0.25,128,22.4,700
GeForce 8400M GS,NVIDIA,1,GDDR3,2007-05-01,2007,5,80,256,0.25,64,9.6,600
GeForce 8600M GS,NVIDIA,1,GDDR3,2007-06-01,2007,6,80,512,0.5,128,22.4,700
GeForce 8400M G,NVIDIA,1,GDDR3,2007-05-01,2007,5,80,256,0.25,64,9.6,600
GeForce 7000M/nForce 610M,NVIDIA,1,,2006-02-01,2006,2,,,,,,
GeForce 8200M G,NVIDIA,1,,2008-06-01,2008,6,,,,128,,
GeForce 8400M GT,NVIDIA,1,GDDR3,2007-05-01,2007,5,80,512,0.5,128,19.2,600
Iris i5 5675C,Intel,0,eDRAM,2015-06-02,2015,6,14,,,128,12.8,800
HD Xeon E3-1235,Intel,0,DDR3,2011-04-01,2011,4,,,,128,21.3,667
HD i5 K655,Intel,0,DDR3,2010-05-30,2010,5,,,,64,10.7,667
HD Xeon E3-1225,Intel,0,DDR3,2011-04-01,2011,4,,,,128,21.3,667
Intel HD Pentium G620,Intel,0,DDR3,2011-05-01,2011,5,,,,128,17.1,533
Intel Media Accelerator HD,Intel,0,,2010-01-25,2010,1,,,,,,
Intel GMA X4500,Intel,0,,2008-05-01,2008,5,65,,,64,,
Intel HD Pentium G4520,Intel,0,DDR4,2015-09-01,2015,9,14,,,128,34.1,1067
Intel Q45 Express Chipset,Intel,0,DDR3,2008-08-01,2008,8,,,,,,
Radeon RX Vega 64 Nano 8GB,AMD,0,HBM-2,2017-09-30,2017,9,14,8192,8.0,512,256.0,500
Radeon RX Vega 64 Liquid 8GB,AMD,0,HBM-2,2017-07-30,2017,7,14,8192,8.0,512,256.0,500
Radeon Xpress 1200 Series,AMD,0,DDR2,2007-02-28,2007,2,,,,128,,
Radeon Sky 900,AMD,0,GDDR5,2013-03-25,2013,3,,6144,6.0,768,480.0,1250
Radeon X850 XT Platinum,AMD,0,GDDR3,2004-12-21,2004,12,,256,0.25,256,75.5,1180
Radeon Sky 700,AMD,0,GDDR5,2013-03-25,2013,3,,6144,6.0,384,264.0,1375
Radeon R9 295X2 Crossfire,AMD,0,GDDR5,2014-04-08,2014,4,28,16384,16.0,512,1280.0,1250
Radeon R9 295X2 XFX Hydra 8GB Edition,AMD,0,GDDR5,2014-04-29,2014,4,28,8192,8.0,512,640.0,1250
Radeon R9 295X2,AMD,0,GDDR5,2014-04-29,2014,4,28,8192,8.0,512,640.0,1250
Radeon R9 290X XFX Double Dissipation 8GB Edition,AMD,0,GDDR5,2014-11-07,2014,11,28,8192,8.0,512,352.0,1375
Radeon Sky 500,AMD,0,GDDR5,2013-03-25,2013,3,,4096,4.0,256,153.6,1200
Radeon R9 Nano 4GB,AMD,0,HBM-1,2015-08-27,2015,8,28,4096,4.0,4096,512.0,500
Radeon R9 290X XFX Core 4GB Edition,AMD,0,GDDR5,2013-10-24,2013,10,28,4096,4.0,512,320.0,1250
Radeon R9 FURY X 4GB Crossfire,AMD,0,HBM-1,2015-06-24,2015,6,28,8192,8.0,4096,1024.0,500
Radeon Xpress X200,AMD,0,DDR,2004-11-01,2004,11,,,,64,3.2,400
Radeon R9 FURY Sapphire Tri-X 4GB Edition,AMD,0,HBM-1,2015-07-10,2015,7,28,4096,4.0,4096,512.0,500
Radeon R9 FURY X 4GB,AMD,0,HBM-1,2015-06-24,2015,6,28,4096,4.0,4096,512.0,500
Radeon R9 FURY 4GB,AMD,0,HBM-1,2015-07-10,2015,7,28,4096,4.0,4096,512.0,500
Radeon R9 390X XFX Double Dissipation Black 8GB Edition,AMD,0,GDDR5,2015-06-18,2015,6,28,8192,8.0,512,384.0,1500
Radeon R9 390X PowerColor PCS+ 8GB Edition,AMD,0,GDDR5,2015-06-18,2015,6,28,8192,8.0,512,384.0,1500
Radeon R9 390X XFX Double Dissipation 8GB Edition,AMD,0,GDDR5,2015-06-18,2015,6,28,8192,8.0,512,384.0,1500
Radeon R9 390X Sapphire Tri-X 8GB Edition,AMD,0,GDDR5,2015-06-18,2015,6,28,8192,8.0,512,384.0,1500
Radeon R9 390X Sapphire Tri-X w/ Back Plate 8GB Edition,AMD,0,GDDR5,2015-06-18,2015,6,28,8192,8.0,512,384.0,1500
Radeon R9 390X Sapphire Nitro w/ Back Plate 8GB Edition,AMD,0,GDDR5,2015-06-18,2015,6,28,8192,8.0,512,384.0,1500
Radeon R9 390X HIS IceQ X² OC 8GB Edition,AMD,0,GDDR5,2015-06-18,2015,6,28,8192,8.0,512,384.0,1500
Radeon R9 390X MSI Gaming 8GB Edition,AMD,0,GDDR5,2015-06-18,2015,6,28,8192,8.0,512,390.4,1525
Radeon R9 390X PowerColor Devil 8GB Edition,AMD,0,GDDR5,2015-08-13,2015,8,28,8192,8.0,512,390.4,1525
Radeon R9 390X Gigabyte G1 Gaming 8GB Edition,AMD,0,GDDR5,2015-06-18,2015,6,28,8192,8.0,512,384.0,1500
Radeon R9 390X Crossfire,AMD,0,GDDR5,2015-06-18,2015,6,28,16384,16.0,512,768.0,1500
Radeon R9 390X Asus DirectCU III Strix Gaming OC 8GB Edition,AMD,0,GDDR5,2015-06-18,2015,6,28,8192,8.0,512,384.0,1500
Radeon R9 390X Club3D royalQueen OC 8GB Edition,AMD,0,GDDR5,2015-06-18,2015,6,28,8192,8.0,512,384.0,1500
Radeon R9 390 XFX Double Dissipation 8GB Edition,AMD,0,GDDR5,2015-06-18,2015,6,28,8192,8.0,512,384.0,1500
Radeon R9 390X,AMD,0,GDDR5,2015-06-18,2015,6,28,8192,8.0,512,384.0,1500
Radeon R9 390 PowerColor PCS+ 8GB Edition,AMD,0,GDDR5,2015-06-18,2015,6,28,8192,8.0,512,384.0,1500
Radeon R9 390X Asus DirectCU II 8GB Edition,AMD,0,GDDR5,2015-06-18,2015,6,28,8192,8.0,512,384.0,1500
Radeon R9 390 Sapphire Nitro 8GB Edition,AMD,0,GDDR5,2015-06-18,2015,6,28,8192,8.0,512,384.0,1500
Radeon R9 390 Sapphire Nitro w/ Back Plate 8GB Edition,AMD,0,GDDR5,2015-09-16,2015,9,28,8192,8.0,512,384.0,1500
Radeon R9 390 Gigabyte G1 Gaming 8GB Edition,AMD,0,GDDR5,2015-06-18,2015,6,28,8192,8.0,512,384.0,1500
Radeon R9 390 MSI Gaming 8GB Edition,AMD,0,GDDR5,2015-06-18,2015,6,28,8192,8.0,512,390.4,1525
Radeon R9 390 Crossfire,AMD,0,GDDR5,2015-06-18,2015,6,28,16384,16.0,512,768.0,1500
Radeon R9 390 PowerColor Devil 13 Dual Core 16GB Edition,AMD,0,GDDR5,2015-09-03,2015,9,28,16384,16.0,512,691.2,1350
Radeon R9 390 Asus DirectCU III OC Strix Gaming 8GB Edition,AMD,0,GDDR5,2015-06-18,2015,6,28,8192,8.0,512,384.0,1500
Radeon R9 380X XFX Double Dissipation Black OC 4GB Edition,AMD,0,GDDR5,2015-11-19,2015,11,28,4096,4.0,256,185.6,1450
Radeon R9 390 Gigabyte G1 Gaming 8GB Edition Crossfire,AMD,0,GDDR5,2015-06-18,2015,6,28,16384,16.0,512,768.0,1500
Radeon R9 380X XFX Double Dissipation XXX OC 4GB Edition,AMD,0,GDDR5,2015-11-19,2015,11,28,4096,4.0,256,182.4,1425
Radeon R9 390,AMD,0,GDDR5,2015-06-18,2015,6,28,8192,8.0,512,384.0,1500
Radeon R9 390 Club3D royalQueen OC 8GB Edition,AMD,0,GDDR5,2015-06-18,2015,6,28,8192,8.0,512,384.0,1500
Radeon R9 380X Sapphire Nitro 4GB Edition,AMD,0,GDDR5,2015-11-19,2015,11,28,4096,4.0,256,192.0,1500
Radeon R9 380X HIS IceQ X² Turbo 4GB Edition,AMD,0,GDDR5,2015-11-19,2015,11,28,4096,4.0,256,182.4,1425
Radeon R9 390 Asus DirectCU II 8GB Edition,AMD,0,GDDR5,2015-06-18,2015,6,28,8192,8.0,512,384.0,1500
Radeon R9 380X HIS IceQ X² OC 4GB Edition,AMD,0,GDDR5,2015-11-19,2015,11,28,4096,4.0,256,182.4,1425
Radeon R9 380X PowerColor PCS+ Myst. 4GB Edition,AMD,0,GDDR5,2015-11-19,2015,11,28,4096,4.0,256,188.8,1475
Radeon R9 380X Gigabyte Gaming G1 4GB Edition,AMD,0,GDDR5,2015-11-19,2015,11,28,4096,4.0,256,182.4,1425
Radeon R9 380X Asus DirectCU II Strix Gaming 4GB Edition,AMD,0,GDDR5,2015-11-19,2015,11,28,4096,4.0,256,182.4,1425
Radeon R9 380X,AMD,0,GDDR5,2015-11-19,2015,11,28,4096,4.0,256,182.4,1425
Radeon R9 380 Sapphire ITX Compact OC 2GB Edition,AMD,0,GDDR5,2015-06-18,2015,6,28,2048,2.0,256,176.0,1375
Radeon R9 380X Asus DirectCU II OC Strix Gaming 4GB Edition,AMD,0,GDDR5,2015-11-19,2015,11,28,4096,4.0,256,182.4,1425
Radeon R9 380 XFX Double Dissipation 4GB Edition,AMD,0,GDDR5,2015-06-18,2015,6,28,4096,4.0,256,182.4,1425
Radeon R9 380 PowerColor PCS+ 2GB Edition,AMD,0,GDDR5,2015-06-18,2015,6,28,2048,2.0,256,188.8,1475
Radeon R9 380 PowerColor PCS+ 4GB Edition,AMD,0,GDDR5,2015-06-18,2015,6,28,4096,4.0,256,188.8,1475
Radeon R9 380 Sapphire Nitro 4GB Edition,AMD,0,GDDR5,2015-06-18,2015,6,28,4096,4.0,256,185.6,1450
Radeon R9 380 HIS IceQ X² OC 4GB Edition,AMD,0,GDDR5,2015-06-18,2015,6,28,4096,4.0,256,182.4,1425
Radeon R9 380 Sapphire Dual-X OC 2GB Edition,AMD,0,GDDR5,2015-06-18,2015,6,28,2048,2.0,256,176.0,1375
Radeon R9 380 MSI OC 2GB Edition,AMD,0,GDDR5,2015-06-18,2015,6,28,2048,2.0,256,176.0,1375
Radeon R9 380 MSI Gaming 4GB Edition,AMD,0,GDDR5,2015-06-18,2015,6,28,4096,4.0,256,185.6,1450
Radeon R9 380 HIS IceQ X² 4GB Edition,AMD,0,GDDR5,2015-06-18,2015,6,28,4096,4.0,256,182.4,1425
Radeon R9 380 Gigabyte WindForce 2X OC (rev 1.0) 2GB Edition,AMD,0,GDDR5,2015-06-18,2015,6,28,2048,2.0,256,176.0,1375
Radeon R9 380 MSI Gaming 2GB Edition,AMD,0,GDDR5,2015-06-18,2015,6,28,2048,2.0,256,179.2,1400
Radeon R9 380 Crossfire,AMD,0,GDDR5,2015-06-18,2015,6,28,4096,4.0,256,352.0,1375
Radeon R9 380 Gigabyte G1 Gaming 4GB Edition,AMD,0,GDDR5,2015-06-18,2015,6,28,4096,4.0,256,182.4,1425
Radeon R9 380 (OEM),AMD,0,GDDR5,2015-05-07,2015,5,28,2048,2.0,256,176.0,1375
Radeon R9 380 Club3D royalQueen OC 4GB Edition,AMD,0,GDDR5,2015-06-18,2015,6,28,4096,4.0,256,188.8,1475
Radeon R9 380 Asus DirectCU II OC Strix Gaming 2GB Edition,AMD,0,GDDR5,2015-06-18,2015,6,28,2048,2.0,256,176.0,1375
Radeon R9 370 (OEM),AMD,0,GDDR5,2015-05-07,2015,5,28,2048,2.0,256,179.2,1400
Radeon R7 370 Sapphire Nitro 4GB Edition Crossfire,AMD,0,GDDR5,2015-06-18,2015,6,28,8192,8.0,256,358.4,1400
Radeon R9 370X,AMD,0,GDDR5,2015-08-27,2015,8,28,2048,2.0,256,179.2,1400
Radeon R9 380,AMD,0,GDDR5,2015-06-18,2015,6,28,2048,2.0,256,176.0,1375
Radeon R7 370 Sapphire Nitro 2GB Edition,AMD,0,GDDR5,2015-06-18,2015,6,28,2048,2.0,256,179.2,1400
Radeon R7 370 MSI Gaming 4GB Edition Crossfire,AMD,0,GDDR5,2015-06-18,2015,6,28,8192,8.0,256,364.8,1425
Radeon R7 370 Sapphire Dual-X OC 2GB Edition,AMD,0,GDDR5,2015-06-18,2015,6,28,2048,2.0,256,179.2,1400
Radeon R7 370 Sapphire Nitro 4GB Edition,AMD,0,GDDR5,2015-06-18,2015,6,28,4096,4.0,256,179.2,1400
Radeon R7 370 MSI OC 2GB Edition,AMD,0,GDDR5,2015-06-18,2015,6,28,2048,2.0,256,179.2,1400
Radeon R7 370 PowerColor PCS+ 2GB Edition,AMD,0,GDDR5,2015-06-18,2015,6,28,2048,2.0,256,182.4,1425
Radeon R9 380 Asus DirectCU II OC Strix Gaming 4GB Edition,AMD,0,GDDR5,2015-06-18,2015,6,28,4096,4.0,256,176.0,1375
Radeon R7 370 MSI Gaming 4GB Edition,AMD,0,GDDR5,2015-06-18,2015,6,28,4096,4.0,256,182.4,1425
Radeon R9 360 (OEM),AMD,0,GDDR5,2015-05-07,2015,5,28,2048,2.0,128,104.0,1625
Radeon R7 370 MSI Gaming 2GB Edition,AMD,0,GDDR5,2015-06-18,2015,6,28,2048,2.0,256,182.4,1425
Radeon R7 370 Crossfire,AMD,0,GDDR5,2015-06-18,2015,6,28,4096,4.0,256,358.4,1400
Radeon R7 370 Asus DirectCU II OC Strix Gaming 4GB Edition,AMD,0,GDDR5,2015-06-18,2015,6,28,4096,4.0,256,179.2,1400
Radeon R7 360X [not released],AMD,0,GDDR5,2015-10-30,2015,10,28,2048,2.0,128,104.0,1625
Radeon R7 370 Gigabyte WindForce 2X OC (Rev 1.0) 2GB Edition,AMD,0,GDDR5,2015-06-18,2015,6,28,2048,2.0,256,179.2,1400
Radeon R7 370 Asus DirectCU II OC Strix Gaming 2GB Edition,AMD,0,GDDR5,2015-06-18,2015,6,28,2048,2.0,256,179.2,1400
Radeon R7 370,AMD,0,GDDR5,2015-06-18,2015,6,28,2048,2.0,256,179.2,1400
Radeon R7 360 v2 Sapphire Nitro 2GB Edition,AMD,0,GDDR5,2015-06-18,2015,6,28,2048,2.0,128,104.0,1625
Radeon R7 360 v3,AMD,0,GDDR5,2015-06-18,2015,6,28,2048,2.0,128,112.0,1750
Radeon R7 360 XFX Double Dissipation Best Buy 2GB Edition,AMD,0,GDDR5,2015-06-18,2015,6,28,2048,2.0,128,96.0,1500
Radeon R7 360 v2 MSI OC 2GB Edition,AMD,0,GDDR5,2015-06-18,2015,6,28,2048,2.0,128,104.0,1625
Radeon R7 360 XFX Double Dissipation 2GB Edition,AMD,0,GDDR5,2015-06-18,2015,6,28,2048,2.0,128,96.0,1500
Radeon R7 360 v2 PowerColor OC 2GB Edition,AMD,0,GDDR5,2015-06-18,2015,6,28,2048,2.0,128,105.6,1650
Radeon R7 360 XFX Core 2GB Edition,AMD,0,GDDR5,2015-06-18,2015,6,28,2048,2.0,128,96.0,1500
Radeon R7 360 v2 HIS iCooler 2GB Edition,AMD,0,GDDR5,2015-06-18,2015,6,28,2048,2.0,128,104.0,1625
Radeon R7 360 Sapphire OC 2GB Edition,AMD,0,GDDR5,2015-06-18,2015,6,28,2048,2.0,128,96.0,1500
Radeon R7 360 v2 Gigabyte OC 2GB Edition,AMD,0,GDDR5,2015-06-18,2015,6,28,2048,2.0,128,104.0,1625
Radeon R7 360 Crossfire,AMD,0,GDDR5,2015-06-18,2015,6,28,4096,4.0,128,192.0,1500
Radeon R7 360 HIS GREEN iCooler OC 2GB Edition,AMD,0,GDDR5,2016-03-09,2016,3,28,2048,2.0,128,96.0,1500
Radeon R7 360 v2 Asus OC 2GB Edition,AMD,0,GDDR5,2015-06-18,2015,6,28,2048,2.0,128,104.0,1625
Radeon R7 340 (OEM),AMD,0,DDR3,2015-05-05,2015,5,28,2048,2.0,128,28.8,900
Radeon R7 360 v2,AMD,0,GDDR5,2015-06-18,2015,6,28,2048,2.0,128,104.0,1625
Radeon R5 340 (OEM),AMD,0,GDDR5,2015-05-05,2015,5,28,2048,2.0,128,72.0,1125
Radeon R5 330 (OEM),AMD,0,DDR3,2015-05-05,2015,5,28,2048,2.0,128,28.8,900
Radeon R7 360,AMD,0,GDDR5,2015-06-18,2015,6,28,2048,2.0,128,96.0,1500
Radeon R7 350 [not released],AMD,0,GDDR5,2015-09-01,2015,9,28,2048,2.0,128,73.6,1150
Radeon R9 290X XFX Black Edition,AMD,0,GDDR5,2013-12-01,2013,12,28,4096,4.0,512,320.0,1250
Radeon Pro Duo 8GB [not released],AMD,0,HBM-1,2016-04-26,2016,4,28,8192,8.0,4096,1024.0,500
Radeon R9 290X Sapphire Vapor-X 8GB Edition,AMD,0,GDDR5,2014-11-07,2014,11,28,8192,8.0,512,352.0,1375
Radeon R9 290X Sapphire Vapor-X Tri-X OC 4GB Edition,AMD,0,GDDR5,2014-04-29,2014,4,28,4096,4.0,512,361.0,1410
Radeon R9 290X PowerColor PCS+ 4GB Edition Crossfire,AMD,0,GDDR5,2014-01-07,2014,1,28,8192,8.0,512,691.2,1350
Radeon R9 290X Sapphire Tri-X OC Edition,AMD,0,GDDR5,2013-12-01,2013,12,28,4096,4.0,512,332.8,1300
Radeon R7 350 (OEM),AMD,0,GDDR5,2015-05-05,2015,5,28,1024,1.0,128,73.6,1150
Radeon R9 290X PowerColor PCS+ 4GB Edition,AMD,0,GDDR5,2014-01-07,2014,1,28,4096,4.0,512,345.6,1350
Radeon R9 290X PowerColor OC Edition,AMD,0,GDDR5,2013-10-26,2013,10,28,4096,4.0,512,320.0,1250
Radeon R9 290X MSI Lightning Edition,AMD,0,GDDR5,2014-03-01,2014,3,28,4096,4.0,512,320.0,1250
Radeon R9 290X MSI Gaming Edition Crossfire,AMD,0,GDDR5,2013-12-01,2013,12,28,8192,8.0,512,640.0,1250
Radeon R9 290X MSI Gaming Edition,AMD,0,GDDR5,2013-12-01,2013,12,28,4096,4.0,512,320.0,1250
Radeon R9 290X Gigabyte WindForce 3X OC Edition Crossfire,AMD,0,GDDR5,2013-12-01,2013,12,28,8192,8.0,512,640.0,1250
Radeon R9 290X MSI Gaming 8GB Edition,AMD,0,GDDR5,2014-11-06,2014,11,28,8192,8.0,512,320.0,1250
Radeon R9 290X Club3D royalKing Edition,AMD,0,GDDR5,2013-10-24,2013,10,28,4096,4.0,512,320.0,1250
Radeon R9 290X Crossfire,AMD,0,GDDR5,2013-10-24,2013,10,28,8192,8.0,512,640.0,1250
Radeon R9 290X Asus DirectCU II OC Edition Crossfire,AMD,0,GDDR5,2013-12-01,2013,12,28,8192,8.0,512,691.2,1350
Radeon R9 290X Asus DirectCU II OC Edition,AMD,0,GDDR5,2013-12-19,2013,12,28,4096,4.0,512,345.6,1350
Radeon R9 290X Gigabyte WindForce 3X OC Edition,AMD,0,GDDR5,2013-12-01,2013,12,28,4096,4.0,512,320.0,1250
Radeon R9 290X,AMD,0,GDDR5,2013-10-24,2013,10,28,4096,4.0,512,320.0,1250
Radeon R9 290X Asus ROG Matrix Platinum Edition,AMD,0,GDDR5,2014-03-19,2014,3,28,4096,4.0,512,345.6,1350
Radeon R9 290 XFX Black Edition,AMD,0,GDDR5,2013-11-05,2013,11,28,4096,4.0,512,320.0,1250
Radeon R9 290X Asus DirectCU II Edition,AMD,0,GDDR5,2014-01-06,2014,1,28,4096,4.0,512,320.0,1250
Radeon R9 290 Sapphire Vapor-X OC Edition,AMD,0,GDDR5,2014-04-05,2014,4,28,4096,4.0,512,358.4,1400
Radeon R9 290 XFX Double Dissipation Edition,AMD,0,GDDR5,2013-12-20,2013,12,28,4096,4.0,512,320.0,1250
Radeon R9 290 VTX3D X-Edition,AMD,0,GDDR5,2013-11-05,2013,11,28,4096,4.0,512,320.0,1250
Radeon R9 290 Sapphire Tri-X OC Edition,AMD,0,GDDR5,2013-12-05,2013,12,28,4096,4.0,512,332.8,1300
Radeon R9 290 PowerColor OC Edition,AMD,0,GDDR5,2013-11-05,2013,11,28,4096,4.0,512,320.0,1250
Radeon R9 290 MSI Gaming Edition,AMD,0,GDDR5,2013-12-23,2013,12,28,4096,4.0,512,320.0,1250
Radeon R9 290 Sapphire Tri-X OC Edition Crossfire,AMD,0,GDDR5,2013-12-05,2013,12,28,8192,8.0,512,665.6,1300
Radeon R9 290 Sapphire BF4 Edition,AMD,0,GDDR5,2013-11-05,2013,11,28,4096,4.0,512,320.0,1250
Radeon R9 290 PowerColor PCS+ Edition,AMD,0,GDDR5,2014-01-13,2014,1,28,4096,4.0,512,345.6,1350
Radeon R9 290 Gigabyte WindForce 3X OC Edition Crossfire,AMD,0,GDDR5,2013-12-05,2013,12,28,8192,8.0,512,640.0,1250
Radeon R9 290 Gigabyte WindForce 3X OC Edition,AMD,0,GDDR5,2013-12-05,2013,12,28,4096,4.0,512,320.0,1250
Radeon R9 290 Club3D royalAce 4GB Edition,AMD,0,GDDR5,2013-11-05,2013,11,28,4096,4.0,512,320.0,1250
Radeon R9 290 Club3D royalKing 4GB Edition,AMD,0,GDDR5,2013-11-05,2013,11,28,4096,4.0,512,320.0,1250
Radeon R9 290 Asus DirectCU II OC Edition,AMD,0,GDDR5,2014-01-17,2014,1,28,4096,4.0,512,320.0,1250
Radeon R9 285 Sapphire ITX Compact OC 2GB Edition,AMD,0,GDDR5,2014-09-02,2014,9,28,2048,2.0,256,179.2,1400
Radeon R9 285 XFX Double D 2GB Edition,AMD,0,GDDR5,2014-09-02,2014,9,28,2048,2.0,256,176.0,1375
Radeon R9 290 Crossfire,AMD,0,GDDR5,2013-11-05,2013,11,28,8192,8.0,512,640.0,1250
Radeon R9 285 Sapphire Dual-X 2GB Edition,AMD,0,GDDR5,2014-09-02,2014,9,28,2048,2.0,256,176.0,1375
Radeon R9 290,AMD,0,GDDR5,2013-11-05,2013,11,28,4096,4.0,512,320.0,1250
Radeon R9 285 Sapphire ITX Compact 2GB Edition,AMD,0,GDDR5,2014-09-02,2014,9,28,2048,2.0,256,176.0,1375
Radeon R9 285 Sapphire Dual-X OC 2GB Edition,AMD,0,GDDR5,2014-09-01,2014,9,28,2048,2.0,256,179.2,1400
Radeon R9 285 Club3D royalQueen 2GB Edition,AMD,0,GDDR5,2014-09-02,2014,9,28,2048,2.0,256,176.0,1375
Radeon R9 285 PowerColor TurboDuo OC 2GB Edition,AMD,0,GDDR5,2014-09-02,2014,9,28,2048,2.0,256,176.0,1375
Radeon R9 285 MSI Gaming 2GB Edition,AMD,0,GDDR5,2014-09-02,2014,9,28,2048,2.0,256,179.2,1400
Radeon R9 285 Asus Strix OC 2GB Edition,AMD,0,GDDR5,2014-09-02,2014,9,28,2048,2.0,256,179.2,1400
Radeon R9 285 2GB,AMD,0,GDDR5,2014-09-02,2014,9,28,2048,2.0,256,176.0,1375
Radeon R9 280X XFX Double D 3GB Edition,AMD,0,GDDR5,2013-10-08,2013,10,28,3072,3.0,384,288.0,1500
Radeon R9 280X XFX Double D Black Edition,AMD,0,GDDR5,2013-10-09,2013,10,28,3072,3.0,384,297.6,1550
Radeon R9 285 Gigabyte WindForce 2X OC 2GB Edition,AMD,0,GDDR5,2014-09-02,2014,9,28,2048,2.0,256,179.2,1400
Radeon R9 280X VisionTek 3GB Edition,AMD,0,GDDR5,2013-10-08,2013,10,28,3072,3.0,384,288.0,1500
Radeon R9 280X Sapphire Vapor-X 3GB OC Edition Crossfire,AMD,0,GDDR5,2013-10-08,2013,10,28,6144,6.0,384,595.2,1550
Radeon R9 280X Sapphire TRI-X OC 3GB Edition,AMD,0,GDDR5,2013-12-20,2013,12,28,3072,3.0,384,288.0,1500
Radeon R9 280X Sapphire Vapor-X 3GB TRI-X OC Edition,AMD,0,GDDR5,2014-03-01,2014,3,28,3072,3.0,384,288.0,1500
Radeon R9 280X Sapphire Toxic 3GB OC Edition,AMD,0,GDDR5,2013-10-08,2013,10,28,3072,3.0,384,307.2,1600
Radeon R9 280X MSI Gaming 6GB Edition,AMD,0,GDDR5,2014-03-08,2014,3,28,6144,6.0,384,288.0,1500
Radeon R9 280X Sapphire Dual-X 3GB OC Edition,AMD,0,GDDR5,2013-10-08,2013,10,28,3072,3.0,384,288.0,1500
Radeon R9 280X Sapphire Vapor-X 3GB OC Edition,AMD,0,GDDR5,2013-10-08,2013,10,28,3072,3.0,384,297.6,1550
Radeon R9 280X MSI Gaming 3GB Edition,AMD,0,GDDR5,2013-10-08,2013,10,28,3072,3.0,384,288.0,1500
Radeon R9 280X HIS iPower IceQ X² Edition,AMD,0,GDDR5,2013-10-08,2013,10,28,3072,3.0,384,288.0,1500
Radeon R9 280X PowerColor TurboDuo 3GB OC Edition,AMD,0,GDDR5,2013-12-05,2013,12,28,3072,3.0,384,288.0,1500
Radeon R9 280X Gigabyte 3GB OC Edition,AMD,0,GDDR5,2013-10-09,2013,10,28,3072,3.0,384,288.0,1500
Radeon R9 280X Matrix Platinum 3GB Edition,AMD,0,GDDR5,2013-10-08,2013,10,28,3072,3.0,384,307.2,1600
Radeon R9 280X Club3D royalKing Edition,AMD,0,GDDR5,2013-10-08,2013,10,28,3072,3.0,384,288.0,1500
Radeon R9 280X Crossfire,AMD,0,GDDR5,2013-10-01,2013,10,28,6144,6.0,384,576.0,1500
Radeon R9 280X DirectCU II TOP 3GB Edition,AMD,0,GDDR5,2013-10-09,2013,10,28,3072,3.0,384,307.2,1600
Radeon R9 280X Club3D royalQueen Edition,AMD,0,GDDR5,2013-10-08,2013,10,28,3072,3.0,384,288.0,1500
Radeon R9 280X Asus Matrix 3GB Edition,AMD,0,GDDR5,2013-10-08,2013,10,28,3072,3.0,384,288.0,1500
Radeon R9 280 XFX Double D Black 3GB Edition,AMD,0,GDDR5,2014-03-04,2014,3,28,3072,3.0,384,249.6,1300
Radeon R9 280 PowerColor TurboDuo OC 3GB Edition,AMD,0,GDDR5,2014-03-04,2014,3,28,3072,3.0,384,240.0,1250
Radeon R9 280 HIS IceQ OC 3GB Edition,AMD,0,GDDR5,2014-03-04,2014,3,28,3072,3.0,384,240.0,1250
Radeon R9 280 Gigabyte WindForce 3X OC 3GB Edition,AMD,0,GDDR5,2014-03-17,2014,3,28,3072,3.0,384,240.0,1250
Radeon R9 280 MSI Gaming 3GB Edition,AMD,0,GDDR5,2014-03-11,2014,3,28,3072,3.0,384,240.0,1250
Radeon R9 280 Club3D royalKing 3GB Edition,AMD,0,GDDR5,2014-03-04,2014,3,28,3072,3.0,384,240.0,1250
Radeon R9 280 Asus DirectCU II TOP 3GB Edition,AMD,0,GDDR5,2014-03-04,2014,3,28,3072,3.0,384,249.6,1300
Radeon R9 280 Sapphire Dual-X OC 3GB Edition,AMD,0,GDDR5,2014-03-04,2014,3,28,3072,3.0,384,240.0,1250
Radeon R9 280X,AMD,0,GDDR5,2013-10-08,2013,10,28,3072,3.0,384,288.0,1500
Radeon R9 280 Crossfire,AMD,0,GDDR5,2014-03-04,2014,3,28,6144,6.0,384,480.0,1250
Radeon R9 270X XFX Double D 4GB Edition,AMD,0,GDDR5,2013-10-08,2013,10,28,4096,4.0,256,179.2,1400
Radeon R9 270X XFX Double D Black Edition,AMD,0,GDDR5,2013-10-08,2013,10,28,2048,2.0,256,185.6,1450
Radeon R9 270X Sapphire Vapor-X 2GB OC Edition,AMD,0,GDDR5,2013-10-08,2013,10,28,2048,2.0,256,185.6,1450
Radeon R9 270X VTX3D v2 2GB X-Edition,AMD,0,GDDR5,2013-12-19,2013,12,28,2048,2.0,256,179.2,1400
Radeon R9 270X Sapphire Toxic 2GB OC Edition,AMD,0,GDDR5,2013-10-08,2013,10,28,2048,2.0,256,192.0,1500
Radeon R9 270X Sapphire Dual-X 4GB OC Edition,AMD,0,GDDR5,2013-10-08,2013,10,28,4096,4.0,256,179.2,1400
Radeon R9 270X Sapphire Dual-X 2GB OC Edition,AMD,0,GDDR5,2013-10-08,2013,10,28,2048,2.0,256,179.2,1400
Radeon R9 280,AMD,0,GDDR5,2014-03-04,2014,3,28,3072,3.0,384,240.0,1250
Radeon R9 270X Sapphire Black Diamond 2GB Edition,AMD,0,GDDR5,2014-04-21,2014,4,28,2048,2.0,256,192.0,1500
Radeon R9 270X PowerColor PCS+ Edition,AMD,0,GDDR5,2013-11-26,2013,11,28,2048,2.0,256,182.4,1425
Radeon R9 270X MSI Hawk Edition,AMD,0,GDDR5,2013-10-09,2013,10,28,2048,2.0,256,179.2,1400
Radeon R9 270X PowerColor 2GB OC TurboDuo Edition,AMD,0,GDDR5,2013-10-08,2013,10,28,2048,2.0,256,179.2,1400
Radeon R9 270X PowerColor Devil Edition,AMD,0,GDDR5,2013-10-31,2013,10,28,2048,2.0,256,179.2,1400
Radeon R9 270X MSI Gaming 4GB Edition Crossfire,AMD,0,GDDR5,2013-10-09,2013,10,28,8192,8.0,256,358.4,1400
Radeon R9 270X MSI Gaming 2GB Edition Crossfire,AMD,0,GDDR5,2013-10-09,2013,10,28,4096,4.0,256,358.4,1400
Radeon R9 270X PowerColor 2GB OC Edition,AMD,0,GDDR5,2013-10-08,2013,10,28,2048,2.0,256,179.2,1400
Radeon R9 270X MSI Gaming ITX 2GB Edition,AMD,0,GDDR5,2014-05-06,2014,5,28,2048,2.0,256,179.2,1400
Radeon R9 270X HIS IceQ X2 Turbo Edition,AMD,0,GDDR5,2013-10-09,2013,10,28,2048,2.0,256,179.2,1400
Radeon R9 270X Gigabyte 4GB OC Edition Crossfire,AMD,0,GDDR5,2013-10-09,2013,10,28,8192,8.0,256,358.4,1400
Radeon R9 270X MSI Gaming 2GB Edition,AMD,0,GDDR5,2013-10-09,2013,10,28,2048,2.0,256,179.2,1400
Radeon R9 270X Club3D royalQueen Edition,AMD,0,GDDR5,2013-10-08,2013,10,28,2048,2.0,256,179.2,1400
Radeon R9 270X Gigabyte 4GB OC Edition,AMD,0,GDDR5,2013-10-09,2013,10,28,4096,4.0,256,179.2,1400
Radeon R9 270X Gigabyte 2GB OC Edition,AMD,0,GDDR5,2013-10-09,2013,10,28,2048,2.0,256,179.2,1400
Radeon R9 270X,AMD,0,GDDR5,2013-10-08,2013,10,28,2048,2.0,256,179.2,1400
Radeon R9 270X Asus DirectCU II 4GB Edition,AMD,0,GDDR5,2013-10-09,2013,10,28,4096,4.0,256,179.2,1400
Radeon R9 270X Crossfire,AMD,0,GDDR5,2013-10-08,2013,10,28,4096,4.0,256,358.4,1400
Radeon R9 270 XFX Double D 2GB Edition,AMD,0,GDDR5,2013-11-13,2013,11,28,2048,2.0,256,179.2,1400
Radeon R9 270 Sapphire Dual-X 2GB OC Edition,AMD,0,GDDR5,2013-11-13,2013,11,28,2048,2.0,256,179.2,1400
Radeon R9 270X MSI Gaming 4GB Edition,AMD,0,GDDR5,2013-10-09,2013,10,28,4096,4.0,256,179.2,1400
Radeon R9 270 PowerColor 2GB OC Edition,AMD,0,GDDR5,2013-11-13,2013,11,28,2048,2.0,256,179.2,1400
Radeon R9 270 MSI Gaming 2GB Edition,AMD,0,GDDR5,2013-11-13,2013,11,28,2048,2.0,256,179.2,1400
Radeon R9 270 v2,AMD,0,GDDR5,2015-03-13,2015,3,28,2048,2.0,256,179.2,1400
Radeon R9 270 DirectCU II OC Edition,AMD,0,GDDR5,2013-11-13,2013,11,28,2048,2.0,256,179.2,1400
Radeon R9 270 HIS IceQ X² Turbo Edition,AMD,0,GDDR5,2013-11-13,2013,11,28,2048,2.0,256,179.2,1400
Radeon R9 270 HIS iCooler 2GB Edition,AMD,0,GDDR5,2013-11-13,2013,11,28,2048,2.0,256,179.2,1400
Radeon R9 270 Gigabyte WindForce 2X OC Edition,AMD,0,GDDR5,2013-11-13,2013,11,28,2048,2.0,256,179.2,1400
Radeon R9 270 Crossfire,AMD,0,GDDR5,2013-11-13,2013,11,28,4096,4.0,256,358.4,1400
Radeon R9 270X DirectCU II TOP 2GB Edition,AMD,0,GDDR5,2013-10-08,2013,10,28,2048,2.0,256,179.2,1400
Radeon R9 270 HIS IceQ XÂ² 2GB Edition,AMD,0,GDDR5,2013-11-13,2013,11,28,2048,2.0,256,179.2,1400
Radeon R9 270 Club3D 14Series Edition Crossfire,AMD,0,GDDR5,2013-12-18,2013,12,28,4096,4.0,256,358.4,1400
Radeon R9 270 Club3D '14Series Edition,AMD,0,GDDR5,2013-12-18,2013,12,28,2048,2.0,256,179.2,1400
Radeon R9 255 (OEM),AMD,0,GDDR5,2013-12-21,2013,12,28,2048,2.0,128,104.0,1625
Radeon R9 260 (OEM),AMD,0,GDDR5,2013-12-21,2013,12,28,2048,2.0,128,104.0,1625
Radeon R9 270,AMD,0,GDDR5,2013-11-13,2013,11,28,2048,2.0,256,179.2,1400
Radeon R7 265 Sapphire Dual-X 2GB Edition,AMD,0,GDDR5,2014-02-13,2014,2,28,2048,2.0,256,179.2,1400
Radeon R7 265 Gigabyte WindForce 2X OC 2GB Edition,AMD,0,GDDR5,2014-03-18,2014,3,28,2048,2.0,256,179.2,1400
Radeon R7 265 Asus DirectCU II 2GB Edition,AMD,0,GDDR5,2014-02-13,2014,2,28,2048,2.0,256,179.2,1400
Radeon R7 265 Crossfire,AMD,0,GDDR5,2014-02-13,2014,2,28,4096,4.0,256,358.4,1400
Radeon R7 265 PowerColor TurboDuo OC 2GB Edition,AMD,0,GDDR5,2014-03-19,2014,3,28,2048,2.0,256,179.2,1400
Radeon R7 260X XFX Double D 2GB Edition,AMD,0,GDDR5,2013-10-08,2013,10,28,2048,2.0,128,102.4,1600
Radeon R9 270 Club3D royalQueen Edition,AMD,0,GDDR5,2013-11-13,2013,11,28,2048,2.0,256,179.2,1400
Radeon R7 265,AMD,0,GDDR5,2014-02-13,2014,2,28,2048,2.0,256,179.2,1400
Radeon R7 260X VisionTek OC 2GB Edition,AMD,0,GDDR5,2013-10-08,2013,10,28,2048,2.0,128,105.6,1650
Radeon R7 265 MSI OC 2GB Edition,AMD,0,GDDR5,2014-02-13,2014,2,28,2048,2.0,256,179.2,1400
Radeon RX 490 8GB [not released],ATI,0,HBM-2,2016-11-01,2016,11,14,,,8192,1024.0,500
Radeon RX 480X 8GB [not released],ATI,0,,2016-11-01,2016,11,14,,,,,1750
Radeon RX 490X 8GB [not released],ATI,0,,2016-06-01,2016,6,14,,,,,500
Radeon RX 480 XFX Triple X OC 8GB,ATI,0,GDDR5,2016-06-29,2016,6,14,8192,8.0,256,256.0,2000
Radeon R7 260X v3 Sapphire 2GB Edition,AMD,0,GDDR5,2015-02-05,2015,2,28,2048,2.0,128,80.0,1250
Radeon RX 480 XFX GTR Hard Swap Black Edition 8GB,ATI,0,GDDR5,2016-07-29,2016,7,14,8192,8.0,256,256.0,2000
Radeon RX 480 XFX RS Hard Swap 4GB,ATI,0,GDDR5,2016-06-29,2016,6,14,4096,4.0,256,224.0,1750
Radeon RX 480 XFX RS Hard Swap Triple X 8GB,ATI,0,GDDR5,2016-07-29,2016,7,14,8192,8.0,256,256.0,2000
Radeon RX 480X 4GB [not released],ATI,0,,2016-11-01,2016,11,14,,,,,500
Radeon R7 260X v3 PowerColor OC v4 2GB Edition,AMD,0,GDDR5,2013-10-08,2013,10,28,2048,2.0,128,80.0,1250
Radeon R7 260X v3 PowerColor OC v3 2GB Edition,AMD,0,GDDR5,2013-10-08,2013,10,28,2048,2.0,128,80.0,1250
Radeon R7 260X v3 Gigabyte OC Rev. 3.0 2GB Edition,AMD,0,GDDR5,2015-02-05,2015,2,28,2048,2.0,128,80.0,1250
Radeon R7 265 Sapphire Dual-X 2GB Edition Crossfire,AMD,0,GDDR5,2014-02-13,2014,2,28,4096,4.0,256,358.4,1400
Radeon R7 260X v3 MSI OC 2GB Edition,AMD,0,GDDR5,2015-02-05,2015,2,28,2048,2.0,128,80.0,1250
Radeon R7 260X v3 Asus OC 2GB Edition,AMD,0,GDDR5,2013-10-08,2013,10,28,2048,2.0,128,80.0,1250
Radeon R7 260X v3,AMD,0,GDDR5,2015-02-05,2015,2,28,2048,2.0,128,80.0,1250
Radeon R7 260X v2 XFX Core 1GB Edition,AMD,0,GDDR5,2013-10-08,2013,10,28,1024,1.0,128,102.4,1600
Radeon R7 260X v2 XFX Core 2GB Edition,AMD,0,GDDR5,2013-10-08,2013,10,28,2048,2.0,128,102.4,1600
Radeon R7 260X v2 Sapphire OC 2GB Edition,AMD,0,GDDR5,2013-12-20,2013,12,28,2048,2.0,128,96.0,1500
Radeon R7 260X v2 Sapphire iCafe Gaming OC 2GB Edition,AMD,0,GDDR5,2015-02-28,2015,2,28,2048,2.0,128,96.0,1500
Radeon R7 260X v2 MSI OC v2 2GB Edition,AMD,0,GDDR5,2013-10-08,2013,10,28,2048,2.0,128,96.0,1500
Radeon R7 260X v2 MSI OC v1 2GB Edition,AMD,0,GDDR5,2013-10-08,2013,10,28,2048,2.0,128,96.0,1500
Radeon R7 260X v2 MSI OC 1GB Edition,AMD,0,GDDR5,2013-10-08,2013,10,28,1024,1.0,128,96.0,1500
Radeon R7 260X v2 HIS iPower IceQ X² Turbo 1GB Edition,AMD,0,GDDR5,2013-10-31,2013,10,28,1024,1.0,128,102.4,1600
Radeon R7 260X v2 MSI 1GB Edition,AMD,0,GDDR5,2013-10-08,2013,10,28,1024,1.0,128,96.0,1500
Radeon R7 260X v2 HIS iPower IceQ X² 2GB Edition,AMD,0,GDDR5,2013-10-09,2013,10,28,2048,2.0,128,96.0,1500
Radeon R7 260X v2 PowerColor OC 1GB Edition,AMD,0,GDDR5,2013-10-08,2013,10,28,1024,1.0,128,96.0,1500
Radeon R7 260X v2 MSI OC 2GB Edition,AMD,0,GDDR5,2013-10-08,2013,10,28,2048,2.0,128,96.0,1500
Radeon R7 260X v2 Sapphire OC 1GB Edition,AMD,0,GDDR5,2013-12-26,2013,12,28,1024,1.0,128,96.0,1500
Radeon R7 260X v2 HIS iCooler 2GB Edition,AMD,0,GDDR5,2013-10-08,2013,10,28,2048,2.0,128,96.0,1500
Radeon R7 260X v2 HIS iCooler 1GB Edition,AMD,0,GDDR5,2013-10-31,2013,10,28,1024,1.0,128,96.0,1500
Radeon R7 260X v2 Gigabyte OC 1GB Edition,AMD,0,GDDR5,2013-12-26,2013,12,28,1024,1.0,128,96.0,1500
Radeon R7 260X v2 Asus DirectCU II OC 1GB Edition,AMD,0,GDDR5,2013-10-08,2013,10,28,1024,1.0,128,102.4,1600
Radeon R7 260X v2,AMD,0,GDDR5,2013-10-08,2013,10,28,1024,1.0,128,96.0,1500
Radeon R7 260X PowerColor TurboDuo OC 2GB Edition,AMD,0,GDDR5,2013-10-08,2013,10,28,2048,2.0,128,105.6,1650
Radeon R7 260X MSI 2GB Edition,AMD,0,GDDR5,2013-10-08,2013,10,28,2048,2.0,128,104.0,1625
Radeon R7 260X Gigabyte 2GB OC Rev. 2.0 Edition,AMD,0,GDDR5,2013-10-09,2013,10,28,2048,2.0,128,104.0,1625
Radeon R7 260X Gigabyte 2GB OC Rev. 1.0 Edition,AMD,0,GDDR5,2013-10-09,2013,10,28,2048,2.0,128,104.0,1625
Radeon R7 260X Sapphire 2GB OC Edition,AMD,0,GDDR5,2013-10-08,2013,10,28,2048,2.0,128,105.6,1650
Radeon R7 260X Asus DirectCU II OC Edition,AMD,0,GDDR5,2013-10-08,2013,10,28,2048,2.0,128,112.0,1750
Radeon R7 260X MSI 2GB OC Edition,AMD,0,GDDR5,2013-10-08,2013,10,28,2048,2.0,128,104.0,1625
Radeon R7 260X Club3D royalKing Edition,AMD,0,GDDR5,2013-10-08,2013,10,28,2048,2.0,128,105.6,1650
Radeon R7 260X Crossfire,AMD,0,GDDR5,2013-10-01,2013,10,28,4096,4.0,128,208.0,1625
Radeon R7 260X Asus DirectCU II 2GB Edition,AMD,0,GDDR5,2013-10-08,2013,10,28,2048,2.0,128,104.0,1625
Radeon R7 260X,AMD,0,GDDR5,2013-10-08,2013,10,28,2048,2.0,128,104.0,1625
Radeon RX 480 XFX Black Edition 8GB,ATI,0,GDDR5,2016-06-29,2016,6,14,8192,8.0,256,256.0,2000
Radeon RX 480 XFX 4GB,ATI,0,GDDR5,2016-06-29,2016,6,14,4096,4.0,256,224.0,1750
Radeon RX 480 Sapphire Nitro+ 8GB,ATI,0,GDDR5,2016-07-29,2016,7,14,8192,8.0,256,256.0,2000
Radeon RX 480 Sapphire NITRO+ 4GB,ATI,0,GDDR5,2016-06-29,2016,6,14,4096,4.0,256,224.0,1750
Radeon RX 480 Sapphire 4GB,ATI,0,GDDR5,2016-06-29,2016,6,14,4096,4.0,256,224.0,1750
Radeon RX 480 PowerColour 8GB,ATI,0,GDDR5,2016-06-29,2016,6,14,8192,8.0,256,256.0,2000
Radeon RX 480 PowerColor Red Dragon 4GB,ATI,0,GDDR5,2016-06-01,2016,6,14,4096,4.0,256,224.0,1750
Radeon RX 480 PowerColor Red Dragon 8GB,ATI,0,GDDR5,2016-07-29,2016,7,14,8192,8.0,256,256.0,2000
Radeon RX 480 PowerColor Red Devil 8GB,ATI,0,GDDR5,2016-07-29,2016,7,14,8192,8.0,256,256.0,2000
Radeon RX 480 Sapphire 8GB,ATI,0,GDDR5,2016-06-29,2016,6,14,8192,8.0,256,256.0,2000
Radeon RX 480 PowerColor 4GB,ATI,0,GDDR5,2016-06-29,2016,6,14,4096,4.0,256,224.0,1750
Radeon RX 480 MSI GAMING 4G,ATI,0,GDDR5,2016-06-29,2016,6,14,4096,4.0,256,224.0,1750
Radeon RX 480 MSI Gaming 8GB,ATI,0,GDDR5,2016-08-15,2016,8,14,8192,8.0,256,256.0,2000
Radeon RX 480 MSI GAMING X 4G,ATI,0,GDDR5,2016-06-29,2016,6,14,4096,4.0,256,224.0,1750
Radeon RX 480 MSI Gaming X 8GB,ATI,0,GDDR5,2016-08-15,2016,8,14,8192,8.0,256,256.0,2000
Radeon RX 480 MSI Armor OC 8GB,ATI,0,GDDR5,,,,14,8192,8.0,256,256.0,2000
Radeon RX 480 MSI Armor OC 4GB,ATI,0,GDDR5,,,,14,4096,4.0,256,224.0,1750
Radeon RX 480 HIS IceQ X² Roaring Turbo GB,ATI,0,GDDR5,2016-06-29,2016,6,14,8192,8.0,256,256.0,2000
Radeon R7 260,AMD,0,GDDR5,2013-12-17,2013,12,28,2048,2.0,128,96.0,1500
Radeon RX 480 MSI 8GB,ATI,0,GDDR5,2016-06-29,2016,6,14,8192,8.0,256,256.0,2000
Radeon RX 480 MSI Armor 4GB,ATI,0,GDDR5,,,,14,4096,4.0,256,224.0,1750
Radeon R7 260 MSI 1GB OC Edition,AMD,0,GDDR5,2014-01-20,2014,1,28,1024,1.0,128,96.0,1500
Radeon RX 480 MSI 4GB,ATI,0,GDDR5,2016-06-01,2016,6,14,4096,4.0,256,224.0,1750
Radeon R7 250X Sapphire 1GB Edition,AMD,0,GDDR5,2014-02-13,2014,2,28,1024,1.0,128,72.0,1125
Radeon RX 480 HIS IceQ X² Roaring Turbo 8GB,ATI,0,GDDR5,2016-06-29,2016,6,14,8192,8.0,256,256.0,2000
Radeon R7 250X Sapphire Vapor-X OC Edition,AMD,0,GDDR5,2014-02-13,2014,2,28,1024,1.0,128,83.2,1300
Radeon R7 250X PowerColor 1GB Edition,AMD,0,GDDR5,2014-02-13,2014,2,28,1024,1.0,128,72.0,1125
Radeon R7 250X Gigabyte OC 1GB Edition,AMD,0,GDDR5,2014-02-13,2014,2,28,1024,1.0,128,72.0,1125
Radeon R7 250X MSI 1GB Edition,AMD,0,GDDR5,2014-02-13,2014,2,28,1024,1.0,128,72.0,1125
Radeon R7 250X HIS iCooler 1GB Edition,AMD,0,GDDR5,2014-02-13,2014,2,28,1024,1.0,128,72.0,1125
Radeon R7 250X Crossfire,AMD,0,GDDR5,2014-02-10,2014,2,28,4096,4.0,128,144.0,1125
Radeon R7 250X Gigabyte OC 2GB Edition,AMD,0,GDDR5,2014-02-13,2014,2,28,2048,2.0,128,72.0,1125
Radeon R7 250X Asus 1GB Edition,AMD,0,GDDR5,2014-02-13,2014,2,28,1024,1.0,128,72.0,1125
Radeon R7 250E Club3D Low Profile 1GB Edition,AMD,0,GDDR5,2013-12-20,2013,12,28,1024,1.0,128,72.0,1125
Radeon R7 250E Sapphire Ultimate 1GB Edition,AMD,0,GDDR5,2013-12-20,2013,12,28,1024,1.0,128,72.0,1125
Radeon R7 250E,AMD,0,GDDR5,2013-12-20,2013,12,28,1024,1.0,128,72.0,1125
Radeon R7 250X Asus 2GB Edition,AMD,0,GDDR5,2014-02-13,2014,2,28,2048,2.0,128,73.6,1150
Radeon R7 250 v2 XFX 2GB Edition,AMD,0,DDR3,2013-10-09,2013,10,28,2048,2.0,128,25.6,800
Radeon R7 250X,AMD,0,GDDR5,2014-02-10,2014,2,28,2048,2.0,128,72.0,1125
Radeon R7 250 v2 Sapphire 2GB Edition,AMD,0,DDR3,2013-10-09,2013,10,28,2048,2.0,128,28.8,900
Radeon R7 250 v2 MSI OC 2GB Edition,AMD,0,DDR3,2013-10-11,2013,10,28,2048,2.0,128,28.8,900
Radeon R7 250 v2 XFX Core 1GB Edition,AMD,0,DDR3,2013-10-09,2013,10,28,1024,1.0,128,25.6,800
Radeon R7 250 v2 HIS 2GB Edition,AMD,0,DDR3,2013-10-09,2013,10,28,2048,2.0,128,28.8,900
Radeon RX 480 HIS IceQ X² Roaring OC GB,ATI,0,GDDR5,2016-06-29,2016,6,14,8192,8.0,256,256.0,2000
Radeon R7 250 v2 Club3D 2GB Edition,AMD,0,DDR3,2013-10-09,2013,10,28,2048,2.0,128,28.8,900
Radeon R7 250 v2 2GB,AMD,0,DDR3,2013-10-08,2013,10,28,2048,2.0,128,28.8,900
Radeon RX 480 Gigabyte Windforce 8GB,ATI,0,GDDR5,2016-06-29,2016,6,14,8192,8.0,256,256.0,2000
Radeon RX 480 HIS IceQ X2 Roaring OC 8GB,ATI,0,GDDR5,2016-06-29,2016,6,14,8192,8.0,256,256.0,2000
Radeon RX 480 HIS 8GB,ATI,0,GDDR5,2016-06-29,2016,6,14,8192,8.0,256,256.0,2000
Radeon RX 480 Gigabyte Windforce 4GB,ATI,0,GDDR5,2016-06-29,2016,6,14,4096,4.0,256,224.0,1750
Radeon RX 480 Gigabyte G1 Gaming 8GB,ATI,0,GDDR5,2016-06-29,2016,6,14,8192,8.0,256,256.0,2000
Radeon RX 480 Gigabyte G1 Gaming 4GB,ATI,0,GDDR5,2016-06-01,2016,6,14,4096,4.0,256,224.0,1750
Radeon RX 480 Gigabyte 8GB,ATI,0,GDDR5,2016-06-29,2016,6,14,8192,8.0,256,256.0,2000
Radeon RX 480 GIGABYTE G1 Gaming 4GB,ATI,0,GDDR5,2016-06-29,2016,6,14,4096,4.0,256,224.0,1750
Radeon RX 480 ASUS DUAL OC 4GB,ATI,0,GDDR5,2016-06-29,2016,6,14,4096,4.0,256,224.0,1750
Radeon RX 480 Asus 8GB,ATI,0,GDDR5,2016-06-29,2016,6,14,8192,8.0,256,256.0,2000
Radeon RX 480 Armor 8GB,ATI,0,GDDR5,,,,14,8192,8.0,256,256.0,2000
Radeon RX 480 Asus ROG Strix Gaming 8GB,ATI,0,GDDR5,2016-06-29,2016,6,14,8192,8.0,256,256.0,2000
Radeon RX 480 Asus ROG Strix OC 8GB,ATI,0,GDDR5,2016-06-29,2016,6,14,8192,8.0,256,256.0,2000
Radeon RX 480 8GB Crossfire,ATI,0,GDDR5,2016-06-29,2016,6,14,16384,16.0,256,512.0,2000
Radeon RX 480 8GB,ATI,0,GDDR5,2016-06-29,2016,6,14,8192,8.0,256,256.0,2000
Radeon RX 480 Diamond 8GB,ATI,0,GDDR5,2016-06-29,2016,6,14,8192,8.0,256,256.0,2000
Radeon RX 470 XFX RS Black Limited Edition 4GB,ATI,0,GDDR5,2016-08-04,2016,8,14,4096,4.0,256,224.0,1750
Radeon RX 480 4GB,ATI,0,GDDR5,2016-06-01,2016,6,14,4096,4.0,256,224.0,1750
Radeon RX 470 XFX RS Triple X 4GB,ATI,0,GDDR5,2016-08-04,2016,8,14,4096,4.0,256,224.0,1750
Radeon R7 250 Sapphire 1GB Edition,AMD,0,GDDR5,2013-10-08,2013,10,28,1024,1.0,128,73.6,1150
Radeon R7 250 PowerColor OC 1GB Edition,AMD,0,GDDR5,2013-10-08,2013,10,28,1024,1.0,128,73.6,1150
Radeon RX 470 XFX Single Fan Triple X 4GB,ATI,0,GDDR5,2016-08-04,2016,8,14,4096,4.0,256,211.2,1650
Radeon RX 470 XFX RS Black Edition 4GB,ATI,0,GDDR5,2016-08-04,2016,8,14,4096,4.0,256,224.0,1750
Radeon R7 250 Sapphire 1GB Edition Crossfire,AMD,0,GDDR5,2013-10-08,2013,10,28,2048,2.0,128,147.2,1150
Radeon R7 250 HIS IceQ Boost Clock 2GB Edition,AMD,0,GDDR5,2013-10-08,2013,10,28,2048,2.0,128,73.6,1150
Radeon R7 250 Gigabyte OC 1GB Edition,AMD,0,GDDR5,2013-10-09,2013,10,28,1024,1.0,128,73.6,1150
Radeon R7 250 Asus 1GB Edition,AMD,0,GDDR5,2013-10-08,2013,10,28,1024,1.0,128,73.6,1150
Radeon R7 250 HIS iCooler 1GB Edition,AMD,0,GDDR5,2013-10-09,2013,10,28,1024,1.0,128,73.6,1150
Radeon R7 250 2GB,AMD,0,GDDR5,2013-10-08,2013,10,28,2048,2.0,128,73.6,1150
Radeon R7 250 Diamond 1GB Edition,AMD,0,GDDR5,2013-10-08,2013,10,28,1024,1.0,128,73.6,1150
Radeon R7 250 1GB Crossfire,AMD,0,GDDR5,2013-10-08,2013,10,28,2048,2.0,128,147.2,1150
Radeon R7 250 1GB,AMD,0,GDDR5,2013-10-08,2013,10,28,1024,1.0,128,73.6,1150
Radeon R7 240 XFX Core Low Profile 4GB Edition,AMD,0,DDR3,2013-10-08,2013,10,28,4096,4.0,128,21.3,667
Radeon R7 250 Gigabyte OC 2GB Edition,AMD,0,GDDR5,2013-10-09,2013,10,28,2048,2.0,128,73.6,1150
Radeon R7 240 XFX Low Profile 2GB Edition,AMD,0,DDR3,2013-10-08,2013,10,28,2048,2.0,128,25.6,800
Radeon R7 250 MSI OC 1GB Edition,AMD,0,GDDR5,2013-10-11,2013,10,28,1024,1.0,128,73.6,1150
Radeon R7 240 v2 Sapphire 1GB Edition,AMD,0,GDDR5,2013-10-08,2013,10,28,1024,1.0,128,73.6,1150
Radeon R7 240 v2 2GB,AMD,0,GDDR5,2013-10-08,2013,10,28,2048,2.0,128,72.0,1125
Radeon R7 240 v2 HIS iCooler Boost Clock 2GB Edition,AMD,0,GDDR5,2013-10-09,2013,10,28,2048,2.0,128,73.6,1150
Radeon R7 240 v2 1GB,AMD,0,GDDR5,2013-10-08,2013,10,28,1024,1.0,128,72.0,1125
Radeon R7 240 Sapphire 4GB Edition,AMD,0,DDR3,2013-10-08,2013,10,28,1024,1.0,128,28.8,900
Radeon R7 240 Sapphire 1GB Edition,AMD,0,DDR3,2013-10-08,2013,10,28,1024,1.0,128,28.8,900
Radeon RX 470 Sapphire Platinum Edition 4GB,ATI,0,GDDR5,2016-08-04,2016,8,14,4096,4.0,256,224.0,1750
Radeon R7 240 PowerColor OC V2 2GB Edition,AMD,0,DDR3,2013-10-08,2013,10,28,2048,2.0,128,28.8,900
Radeon RX 470 Sapphire Nitro+ 8GB,ATI,0,GDDR5,2016-08-04,2016,8,14,8192,8.0,256,256.0,2000
Radeon RX 470 Sapphire Nitro+ 4GB,ATI,0,GDDR5,2016-08-04,2016,8,14,4096,4.0,256,224.0,1750
Radeon RX 470 PowerColor Red Devil 4GB,ATI,0,GDDR5,2016-08-04,2016,8,14,4096,4.0,256,224.0,1750
Radeon RX 470 MSI Gaming X 4GB,ATI,0,GDDR5,2016-08-04,2016,8,14,4096,4.0,256,211.2,1650
Radeon RX 470 PowerColour Red Dragon 4GB,ATI,0,GDDR5,2016-08-04,2016,8,14,4096,4.0,256,211.2,1650
Radeon RX 470 MSI Gaming 4GB,ATI,0,GDDR5,2016-08-04,2016,8,14,4096,4.0,256,211.2,1650
Radeon RX 470 MSI Gaming X 8GB,ATI,0,GDDR5,2016-08-04,2016,8,14,8192,8.0,256,211.2,1650
Radeon RX 470 HIS IceQ X2 Turbo 4GB,ATI,0,GDDR5,2016-08-04,2016,8,14,4096,4.0,256,211.2,1650
Radeon RX 470 MSI Gaming 8GB,ATI,0,GDDR5,2016-08-04,2016,8,14,,,256,211.2,1650
Radeon RX 470 HIS IceQ X2 OC 4GB,ATI,0,GDDR5,2016-08-04,2016,8,14,4096,4.0,256,211.2,1650
Radeon RX 470 ASUS ROG Strix Gaming 4GB,ATI,0,GDDR5,2016-08-04,2016,8,14,4096,4.0,256,211.2,1650
Radeon RX 470 4GB,ATI,0,GDDR5,2016-08-04,2016,8,14,4096,4.0,256,211.2,1650
Radeon RX 460 VisionTek Overclocked Edition 4GB,ATI,0,GDDR5,2016-07-28,2016,7,14,4096,4.0,128,112.0,1750
Radeon RX 460 XFX 4GB Twin Fan,ATI,0,GDDR5,2016-08-08,2016,8,14,4096,4.0,128,112.0,1750
Radeon RX 460 XFX Black Wolf 2GB,ATI,0,GDDR5,2016-08-08,2016,8,14,2048,2.0,128,112.0,1750
Radeon RX 470 Asus ROG Strix Gaming OC 4GB,ATI,0,GDDR5,2016-08-04,2016,8,14,4096,4.0,256,211.2,1650
Radeon RX 460 XFX 4GB Single Fan,ATI,0,GDDR5,2016-08-08,2016,8,14,4096,4.0,128,112.0,1750
Radeon RX 460 XFX 2GB Single Fan,ATI,0,GDDR5,2016-08-08,2016,8,14,2048,2.0,128,112.0,1750
Radeon RX 470 GIGABYTE G1 4GB,ATI,0,GDDR5,2016-08-04,2016,8,14,4096,4.0,256,211.2,1650
Radeon RX 460 XFX 2GB Twin Fan,ATI,0,GDDR5,2016-07-28,2016,7,14,2048,2.0,128,112.0,1750
Radeon RX 460 Sapphire Nitro 2G D5,ATI,0,GDDR5,2016-08-08,2016,8,14,2048,2.0,128,112.0,1750
Radeon RX 460 MSI OC 4GB,ATI,0,GDDR5,2016-08-08,2016,8,14,4096,4.0,128,112.0,1750
Radeon RX 460 MSI OC 2GB,ATI,0,GDDR5,2016-08-08,2016,8,14,2048,2.0,128,112.0,1750
Radeon RX 460 Sapphire Nitro 4G D5,ATI,0,GDDR5,2016-07-28,2016,7,14,4096,4.0,128,112.0,1750
Radeon RX 460 Gigabyte WindForce 2GB,ATI,0,GDDR5,2016-08-08,2016,8,14,2048,2.0,128,112.0,1750
Radeon RX 460 HIS iCooler OC 2GB,ATI,0,GDDR5,2016-08-08,2016,8,14,2048,2.0,128,112.0,1750
Radeon RX 460 Gigabyte Windforce 2X OC 4GB,ATI,0,,2016-08-08,2016,8,14,4096,4.0,128,,1750
Radeon RX 460 Dataland X-Serial 4GB,ATI,0,GDDR5,2016-07-28,2016,7,14,2048,2.0,32,112.0,1750
Radeon RX 460 PowerColor Red Dragon 2GB,ATI,0,GDDR5,2016-08-08,2016,8,14,2048,2.0,128,112.0,1750
Radeon RX 460 HIS iCooler OC 4GB,ATI,0,GDDR5,2016-08-08,2016,8,14,4096,4.0,128,112.0,1750
Radeon RX 460 Asus ROG Strix Gaming OC 4GB,ATI,0,GDDR5,2016-08-08,2016,8,14,4096,4.0,128,112.0,1750
Radeon RX 460 Asus ROG Strix Gaming 4GB,ATI,0,GDDR5,2016-08-08,2016,8,14,4096,4.0,128,112.0,1750
Radeon RX 460 ASUS DUAL OC 2GB,ATI,0,GDDR5,2016-08-08,2016,8,14,2048,2.0,128,112.0,1750
Radeon RX 460 PowerColor Red Dragon 4GB,ATI,0,GDDR5,2016-08-08,2016,8,14,4096,4.0,128,112.0,1750
Radeon RX 460 ASUS DUAL 2GB,ATI,0,GDDR5,2016-08-08,2016,8,14,2048,2.0,128,112.0,1750
Radeon R7 240 PowerColor OC 2GB Edition,AMD,0,DDR3,2013-10-08,2013,10,28,2048,2.0,128,28.8,900
Radeon RX 460 2GB,ATI,0,,2016-08-08,2016,8,14,,,,,1750
Radeon R7 240 MSI OC 2GB Edition,AMD,0,DDR3,2013-10-16,2013,10,28,2048,2.0,128,28.8,900
Radeon RX 460 4GB,ATI,0,,2016-08-08,2016,8,14,,,,,1750
Radeon R7 240 Asus Low Profile 2GB Edition,AMD,0,DDR3,2013-10-08,2013,10,28,2048,2.0,128,28.8,900
Radeon R7 240 2GB,AMD,0,DDR3,2013-10-08,2013,10,28,2048,2.0,128,28.8,900
Radeon R7 240 Gigabyte OC 2GB Edition,AMD,0,DDR3,2013-10-09,2013,10,28,2048,2.0,128,28.8,900
Radeon R7 240 MSI Low Profile 4GB Edition,AMD,0,DDR3,2013-10-16,2013,10,28,4096,4.0,128,28.8,900
Radeon R7 240 Asus Low Profile OC 4GB Edition,AMD,0,DDR3,2013-10-08,2013,10,28,4096,4.0,128,28.8,900
Radeon R7 240 Asus 1GB Edition,AMD,0,DDR3,2013-10-08,2013,10,28,1024,1.0,128,25.6,800
Radeon R7 240 MSI Low Profile 2GB Edition,AMD,0,DDR3,2013-10-16,2013,10,28,2048,2.0,128,28.8,900
Radeon R5 235,AMD,0,DDR3,2013-12-21,2013,12,40,1024,1.0,64,14.4,900
Radeon R5 235X,AMD,0,DDR3,2013-12-21,2013,12,40,1024,1.0,64,14.4,900
Radeon R5 230 Sapphire Flex 1GB Edition,AMD,0,DDR3,2014-04-03,2014,4,40,1024,1.0,64,12.8,800
Radeon R5 230 Sapphire 2GB Edition,AMD,0,DDR3,2014-04-03,2014,4,40,2048,2.0,64,10.7,667
Radeon R5 230 Sapphire 1GB Edition,AMD,0,DDR3,2014-04-03,2014,4,40,1024,1.0,64,10.7,667
Radeon R5 230 MSI 2GB Edition,AMD,0,DDR3,2014-04-03,2014,4,40,2048,2.0,64,8.0,500
Radeon R5 230 MSI 1GB Edition,AMD,0,DDR3,2014-04-03,2014,4,40,1024,1.0,64,8.0,500
Radeon R5 230 HIS Silence 2GB Edition,AMD,0,DDR3,2014-04-03,2014,4,40,2048,2.0,64,8.0,500
Radeon R5 230 PowerColor 1GB Edition,AMD,0,DDR3,2014-04-03,2014,4,40,1024,1.0,64,10.7,667
Radeon R5 230 Asus Silent 2GB Edition,AMD,0,DDR3,2014-04-03,2014,4,40,2048,2.0,64,9.6,600
Radeon R5 230,AMD,0,DDR3,2014-04-03,2014,4,40,1024,1.0,64,8.5,533
Radeon R5 230 Gigabyte 1GB Edition,AMD,0,DDR3,2014-04-03,2014,4,40,1024,1.0,64,8.5,533
Radeon Pro Duo 32GB,ATI,0,GDDR5,2017-04-25,2017,4,28,32000,31.25,256,512.0,2000
Radeon X850 XT,AMD,0,GDDR3,2004-12-01,2004,12,,256,0.25,256,69.1,1080
Radeon R5 230 Asus Silent 1GB Edition,AMD,0,DDR3,2014-04-03,2014,4,40,1024,1.0,64,9.6,600
Radeon X850 Series,AMD,0,GDDR3,2004-12-01,2004,12,,256,0.25,256,69.1,1080
Radeon X800 XT,AMD,0,GDDR3,2004-12-01,2004,12,,256,0.25,256,64.0,1000
Radeon R5 240 v1,AMD,0,GDDR3,2013-04-21,2013,4,28,1024,1.0,64,16.0,1000
Radeon R5 220,AMD,0,DDR3,2013-12-21,2013,12,40,1024,1.0,64,8.5,533
Radeon X800 XT Platinum,AMD,0,GDDR3,2004-01-02,2004,1,,256,0.25,256,71.7,1120
Radeon X800 GTO,AMD,0,GDDR3,2005-11-15,2005,11,,256,0.25,256,62.7,980
Radeon X800 SE,AMD,0,GDDR3,2004-10-16,2004,10,,256,0.25,256,51.2,800
Radeon X800 XL,AMD,0,GDDR3,2004-12-01,2004,12,,256,0.25,512,125.4,980
Radeon X600 Series,AMD,0,DDR,2004-06-21,2004,6,,128,0.125,128,9.6,600
Radeon X300 Series,AMD,0,DDR,2004-06-01,2004,6,,128,0.125,128,6.4,400
Radeon X800 Pro,AMD,0,GDDR3,2004-05-05,2004,5,,256,0.25,256,57.6,900
Radeon X550 Series,AMD,0,DDR,2005-06-21,2005,6,,256,0.25,128,8.0,500
Radeon X800 GT,AMD,0,GDDR3,2005-09-01,2005,9,,256,0.25,256,62.7,980
Radeon RX Vega 64 Air 8GB,AMD,0,HBM-2,2017-07-30,2017,7,14,8192,8.0,512,256.0,500
Radeon RX 460 HIS Slim-iCooler OC 4GB,ATI,0,,2016-11-29,2016,11,14,4096,4.0,,,1750
Radeon X700 Series,AMD,0,DDR,2004-01-02,2004,1,,128,0.125,128,11.2,700
Radeon RX 580 XFX GTS XXX 8GB,AMD,0,GDDR5,2017-04-18,2017,4,14,8192,8.0,128,256.0,2000
Rage 128 Ultra 16MB,AMD,0,DDR,1998-08-01,1998,8,,16,0.015625,64,1.0,130
Radeon RX 580 XFX GTS Black 8GB,AMD,0,GDDR5,2017-04-18,2017,4,14,8192,8.0,128,256.0,2000
Radeon RX 580 XFX GTS XXX 4GB,AMD,0,GDDR5,2017-04-18,2017,4,14,4096,4.0,128,224.0,1750
Rage 128 Pro,AMD,0,DDR,1999-08-01,1999,8,,32,0.03125,128,2.3,143
Radeon RX 580 XFX GTS Black Core 8GB,AMD,0,GDDR5,2017-04-18,2017,4,14,8192,8.0,128,256.0,2000
Radeon RX 580 XFX GTR Black 8GB,AMD,0,GDDR5,2017-04-18,2017,4,14,8192,8.0,128,256.0,2000
Radeon RX 580 XFX GTR XXX 8GB,AMD,0,GDDR5,2017-04-18,2017,4,14,8192,8.0,128,256.0,2000
Radeon RX 580 Sapphire Pulse 8GB,AMD,0,GDDR5,2017-04-18,2017,4,14,8192,8.0,128,256.0,2000
Radeon RX 580 VisionTek OC 8GB,AMD,0,GDDR5,2017-04-18,2017,4,14,8192,8.0,128,256.0,2000
Radeon RX 580 Sapphire Pulse 4GB,AMD,0,GDDR5,2017-04-18,2017,4,14,8192,8.0,128,224.0,1750
Radeon RX 580 XFX GTR-S Black 8GB,AMD,0,GDDR5,2017-04-18,2017,4,14,8192,8.0,128,256.0,2000
Radeon RX 580 Sapphire Nitro+ 4GB,AMD,0,GDDR5,2017-04-18,2017,4,14,8192,8.0,128,224.0,1750
Radeon RX 580 Sapphire Nitro+ Limited 8GB,AMD,0,GDDR5,2017-04-18,2017,4,14,8192,8.0,128,256.0,2000
Radeon RX 580 PowerColor Red Dragon 4GB,AMD,0,GDDR5,2017-04-18,2017,4,14,4096,4.0,128,224.0,1750
Radeon RX 580 PowerColor Red Dragon 8GB,AMD,0,GDDR5,2017-04-18,2017,4,14,8192,8.0,128,256.0,2000
Radeon RX 580 PowerColor Red Devil Golden Sample 8GB,AMD,0,GDDR5,2017-04-18,2017,4,14,8192,8.0,128,256.0,2000
Radeon RX 580 MSI Gaming X+ 8GB,AMD,0,GDDR5,2017-04-18,2017,4,14,8192,8.0,128,256.0,2000
Radeon RX 580 Sapphire Nitro+ 8GB,AMD,0,GDDR5,2017-04-18,2017,4,14,8192,8.0,128,256.0,2000
Radeon RX 580 MSI Gaming X 4GB,AMD,0,GDDR5,2017-04-18,2017,4,14,4096,4.0,128,224.0,1750
Radeon RX 580 MSI Gaming X 8GB,AMD,0,GDDR5,2017-04-18,2017,4,14,8192,8.0,128,256.0,2000
Radeon RX 580 PowerColor Red Devil 8GB,AMD,0,GDDR5,2017-04-18,2017,4,14,8192,8.0,128,256.0,2000
Radeon RX 580 MSI Armor OC 4GB,AMD,0,GDDR5,2017-04-18,2017,4,14,4096,4.0,128,224.0,1750
Radeon RX 580 MSI Armor OC 8GB,AMD,0,GDDR5,2017-04-18,2017,4,14,8192,8.0,128,256.0,2000
Radeon RX 580 MSI Armor 4GB,AMD,0,GDDR5,2017-04-18,2017,4,14,4096,4.0,128,224.0,1750
Radeon RX 580 HIS IceQ X2 Roaring Turbo 8GB,AMD,0,GDDR5,2017-04-18,2017,4,14,8192,8.0,128,256.0,2000
Radeon RX 580 MSI Armor 8GB,AMD,0,GDDR5,2017-04-18,2017,4,14,8192,8.0,128,256.0,2000
Radeon RX 580 Gigabyte Gaming 8GB,AMD,0,GDDR5,2017-04-18,2017,4,14,8192,8.0,128,256.0,2000
Radeon RX 580 HIS IceQ X2 Turbo 8GB,AMD,0,GDDR5,2017-04-18,2017,4,14,8192,8.0,128,256.0,2000
Radeon RX 580 HIS IceQ X2 OC 4GB,AMD,0,GDDR5,2017-04-18,2017,4,14,4096,4.0,128,224.0,1750
Radeon RX 580 Gigabyte Gaming 4GB,AMD,0,GDDR5,2017-04-18,2017,4,14,4096,4.0,128,224.0,1750
Radeon RX 580 Gigabyte Aorus XTR 8GB,AMD,0,GDDR5,2017-04-18,2017,4,14,8192,8.0,128,256.0,2000
Radeon RX 580 HIS IceQ X2 OC 8GB,AMD,0,GDDR5,2017-04-18,2017,4,14,8192,8.0,128,256.0,2000
Radeon RX 580 Gigabyte Aorus 4GB,AMD,0,GDDR5,2017-04-18,2017,4,14,4096,4.0,128,224.0,1750
Radeon RX 580 Asus ROG Strix Gaming OC 8GB,AMD,0,GDDR5,2017-04-18,2017,4,14,8192,8.0,128,256.0,2000
Radeon RX 580 Asus Dual 8GB,AMD,0,GDDR5,2017-04-18,2017,4,14,8192,8.0,128,256.0,2000
Radeon RX 580 Asus ROG Strix Gaming 8GB,AMD,0,GDDR5,2017-04-18,2017,4,14,8192,8.0,128,256.0,2000
Radeon RX 580 Gigabyte Aorus 8GB,AMD,0,GDDR5,2017-04-18,2017,4,14,8192,8.0,128,256.0,2000
Radeon RX 580 Asus ROG Strix TOP 8GB,AMD,0,GDDR5,2017-04-18,2017,4,14,8192,8.0,128,256.0,2000
Radeon RX 580 4GB,AMD,0,GDDR5,2017-04-18,2017,4,14,4096,4.0,128,224.0,1750
Radeon RX 570 Sapphire Nitro+ 8GB,AMD,0,GDDR5,2017-04-18,2017,4,14,8192,8.0,128,224.0,1750
Radeon RX 570 Sapphire Nitro+ 4GB,AMD,0,GDDR5,2017-04-18,2017,4,14,4096,4.0,128,224.0,1750
Radeon RX 570 Sapphire Pulse 4GB,AMD,0,GDDR5,2017-04-18,2017,4,14,4096,4.0,128,224.0,1750
Radeon RX 580 8GB,AMD,0,GDDR5,2017-04-18,2017,4,14,8192,8.0,128,256.0,2000
Radeon RX 570 MSI Gaming X 4GB,AMD,0,GDDR5,2017-04-18,2017,4,14,4096,4.0,128,224.0,1750
Radeon RX 570 MSI Gaming X 8GB,AMD,0,GDDR5,2017-04-18,2017,4,14,8192,8.0,128,224.0,1750
Radeon RX 570 PowerColor Red Dragon 4GB,AMD,0,GDDR5,2017-04-18,2017,4,14,4096,4.0,128,224.0,1750
Radeon RX 570 PowerColor Red Devil 4GB,AMD,0,GDDR5,2017-04-18,2017,4,14,4096,4.0,128,224.0,1750
Radeon RX 570 Sapphire Pulse ITX 4GB,AMD,0,GDDR5,2017-04-18,2017,4,14,4096,4.0,128,224.0,1750
Radeon RX 570 MSI Gaming 4GB,AMD,0,GDDR5,2017-04-18,2017,4,14,4096,4.0,128,224.0,1750
Radeon RX 570 MSI Gaming 8GB,AMD,0,GDDR5,2017-04-18,2017,4,14,8192,8.0,128,224.0,1750
Radeon RX 570 MSI Armor OC 8GB,AMD,0,GDDR5,2017-04-18,2017,4,14,8192,8.0,128,224.0,1750
Radeon RX 570 MSI Armor OC 4GB,AMD,0,GDDR5,2017-04-18,2017,4,14,4096,4.0,128,224.0,1750
Radeon RX 570 MSI Armor 8GB,AMD,0,GDDR5,2017-04-18,2017,4,14,8192,8.0,128,224.0,1750
Radeon RX 570 HIS IceQ X2 OC 4GB,AMD,0,GDDR5,2017-04-18,2017,4,14,4096,4.0,128,224.0,1750
Radeon RX 570 Dataland X-Serial 4GB,AMD,0,GDDR5,2017-04-18,2017,4,14,4096,4.0,128,224.0,1750
Radeon RX 570 Gigabyte Aorus 4GB,AMD,0,GDDR5,2017-04-18,2017,4,14,4096,4.0,128,224.0,1750
Radeon RX 570 MSI Armor 4GB,AMD,0,GDDR5,2017-04-18,2017,4,14,4096,4.0,128,224.0,1750
Radeon RX 570 Gigabyte Gaming 4GB,AMD,0,GDDR5,2017-04-18,2017,4,14,4096,4.0,128,224.0,1750
Radeon RX 570 Asus ROG Strix Gaming OC 4GB,AMD,0,GDDR5,2017-04-18,2017,4,14,4096,4.0,128,224.0,1750
Radeon RX 570 Asus ROG Strix Gaming 4GB,AMD,0,GDDR5,2017-04-18,2017,4,14,4096,4.0,128,224.0,1750
Radeon RX 570 Asus Expedition OC 4GB,AMD,0,GDDR5,2017-04-18,2017,4,14,4096,4.0,128,224.0,1750
Radeon RX 570 8GB,AMD,0,GDDR5,2017-04-18,2017,4,14,8192,8.0,128,224.0,1750
Radeon RX 570 4GB,AMD,0,GDDR5,2017-04-18,2017,4,14,4096,4.0,128,224.0,1750
Radeon RX 570 Asus Expedition 4GB,AMD,0,GDDR5,2017-04-18,2017,4,14,4096,4.0,128,224.0,1750
Radeon RX 560 Yeston Gaea 4GB,AMD,0,GDDR5,2017-04-18,2017,4,14,4096,4.0,128,112.0,1750
Radeon RX 560 XFX Single Fan OC 4GB,AMD,0,GDDR5,2017-04-18,2017,4,14,4096,4.0,128,112.0,1750
Radeon RX 560D 2GB,AMD,0,,2017-07-05,2017,7,14,2048,2.0,,,1750
Radeon RX 560 XFX Double Dissipation OC 2GB,AMD,0,GDDR5,2017-04-18,2017,4,14,2048,2.0,128,112.0,1750
Radeon RX 560 XFX Single Fan OC 2GB,AMD,0,GDDR5,2017-04-18,2017,4,14,2048,2.0,128,112.0,1750
Radeon RX 560 XFX Double Dissipation OC 4GB,AMD,0,GDDR5,2017-04-18,2017,4,14,4096,4.0,128,112.0,1750
Radeon RX 560 VisionTek Overclocked 2GB,AMD,0,GDDR5,2017-04-18,2017,4,14,2048,2.0,128,112.0,1750
Radeon RX 560 Sapphire Pulse OC 2GB,AMD,0,GDDR5,2017-04-18,2017,4,14,2048,2.0,128,112.0,1750
Radeon RX 560 XFX Slim Single Slot 2GB,AMD,0,GDDR5,2017-04-18,2017,4,14,2048,2.0,128,112.0,1750
Radeon RX 560 Sapphire Pulse OC 4GB,AMD,0,GDDR5,2017-04-18,2017,4,14,4096,4.0,128,112.0,1750
Radeon RX 560 Sapphire Pulse 4GB,AMD,0,GDDR5,2017-04-18,2017,4,14,4096,4.0,128,112.0,1750
Radeon RX 560 PowerColor Red Dragon OC 4GB,AMD,0,GDDR5,2017-04-18,2017,4,14,4096,4.0,128,112.0,1750
Radeon RX 560 PowerColor Red Dragon OC 2GB,AMD,0,GDDR5,2017-04-18,2017,4,14,2048,2.0,128,112.0,1750
Radeon RX 560 Sapphire Pulse Mining 4GB,AMD,0,GDDR5,2017-04-18,2017,4,14,4096,4.0,128,112.0,1750
Radeon RX 560 Kuroutoshikou 4GB,AMD,0,GDDR5,2017-04-18,2017,4,14,4096,4.0,128,112.0,1750
Radeon RX 560 PowerColor Red Dragon OC V3 2GB,AMD,0,GDDR5,2017-04-18,2017,4,14,2048,2.0,128,112.0,1750
Radeon RX 560 HIS iCooler OC 2GB,AMD,0,GDDR5,2017-04-18,2017,4,14,2048,2.0,128,112.0,1750
Radeon RX 560 HIS Green iCooler OC 2GB,AMD,0,GDDR5,2017-04-18,2017,4,14,2048,2.0,128,112.0,1750
Radeon RX 560 PowerColor Red Dragon V3 4GB,AMD,0,GDDR5,2017-04-18,2017,4,14,4096,4.0,128,112.0,1750
Radeon RX 560 HIS Green iCooler OC 4GB,AMD,0,GDDR5,2017-04-18,2017,4,14,4096,4.0,128,112.0,1750
Radeon RX 560 MSI Aero ITX OC 2GB,AMD,0,GDDR5,2017-04-18,2017,4,14,2048,2.0,128,112.0,1750
Radeon RX 560 Dataland X-Serial War 4GB,AMD,0,GDDR5,2017-04-18,2017,4,14,4096,4.0,128,112.0,1750
Radeon RX 560 Gigabyte Gaming OC 4GB,AMD,0,GDDR5,2017-04-18,2017,4,14,4096,4.0,128,112.0,1750
Radeon RX 560 MSI Aero ITX OC 4GB,AMD,0,GDDR5,2017-04-18,2017,4,14,4096,4.0,128,112.0,1750
Radeon RX 560 Gigabyte Gaming OC 2GB,AMD,0,GDDR5,2017-04-18,2017,4,14,2048,2.0,128,112.0,1750
Radeon RX 560 Dataland X-Serial God of War 4GB,AMD,0,GDDR5,2017-04-18,2017,4,14,4096,4.0,128,112.0,1750
Radeon RX 560 Asus ROG Strix Gaming 4GB,AMD,0,GDDR5,2017-04-18,2017,4,14,4096,4.0,128,112.0,1750
Radeon RX 560 Dataland X-Serial War 2GB,AMD,0,GDDR5,2017-04-18,2017,4,14,2048,2.0,128,112.0,1750
Radeon RX 560 Asus ROG Strix Gaming OC 4GB,AMD,0,GDDR5,2017-04-18,2017,4,14,4096,4.0,128,112.0,1750
Radeon RX 560 Dataland X-Serial God of War 2GB,AMD,0,GDDR5,2017-04-18,2017,4,14,2048,2.0,128,112.0,1750
Radeon RX 560 Asus Dual Fan OC 4GB,AMD,0,GDDR5,2017-04-18,2017,4,14,4096,4.0,128,112.0,1750
Radeon RX 560 Asus Dual Fan 4GB,AMD,0,GDDR5,2017-04-18,2017,4,14,4096,4.0,128,112.0,1750
Radeon RX 560 4GB,AMD,0,GDDR5,2017-04-18,2017,4,14,4096,4.0,128,112.0,1750
Radeon RX 560 2GB,AMD,0,GDDR5,2017-04-18,2017,4,14,2048,2.0,128,112.0,1750
Radeon RX 560 Asus Dual Fan OC 2GB,AMD,0,GDDR5,2017-04-18,2017,4,14,2048,2.0,128,112.0,1750
Radeon RX 560 Asus Dual Fan 2GB,AMD,0,GDDR5,2017-04-18,2017,4,14,2048,2.0,128,112.0,1750
Radeon RX 550 4GB [not released],AMD,0,,2017-04-18,2017,4,14,4096,4.0,,,1750
Radeon RX 550 2GB [not released],AMD,0,,2017-04-18,2017,4,14,2048,2.0,,,1750
Radeon Xpress 1150,AMD,0,DDR,2006-06-01,2006,6,110,,,64,3.2,400
Radeon X1950 Pro,AMD,0,GDDR3,2006-10-01,2006,10,,512,0.5,256,44.2,690
Radeon X1950 XTX,AMD,0,GDDR4,2006-10-07,2006,10,,512,0.5,256,64.0,1000
Radeon X1950 XT,AMD,0,GDDR3,2006-10-17,2006,10,,512,0.5,256,57.6,900
Radeon Xpress 1100 128mb,AMD,0,DDR2,2006-05-01,2006,5,,128,0.125,128,,
Radeon X1900 XTX,AMD,0,GDDR3,2006-01-01,2006,1,,512,0.5,256,49.6,775
Radeon X1950 GT,AMD,0,GDDR3,2007-01-29,2007,1,,256,0.25,256,38.4,600
Radeon X1950 Series,AMD,0,GDDR3,2006-01-02,2006,1,,256,0.25,256,64.0,1000
Radeon X1900 XT,AMD,0,GDDR3,2006-01-01,2006,1,,256,0.25,256,46.4,725
Radeon X1900 Series,AMD,0,GDDR3,2006-01-02,2006,1,,256,0.25,256,64.0,1000
Radeon X1900 GT Rev. 2,AMD,0,GDDR3,2006-10-01,2006,10,,256,0.25,256,42.2,660
Radeon X1800 XL,AMD,0,GDDR5,2005-10-01,2005,10,,256,0.25,256,64.0,500
Radeon X1650 SE,AMD,0,GDDR3,2007-01-02,2007,1,,512,0.5,128,25.6,800
Radeon X1800 Series 256MB,AMD,0,GDDR3,2005-01-02,2005,1,,256,0.25,256,44.8,700
Radeon X1800 XT,AMD,0,GDDR3,2005-10-01,2005,10,,512,0.5,256,44.8,700
Radeon X1800 GTO,AMD,0,GDDR3,2006-03-01,2006,3,,256,0.25,256,31.7,495
Radeon X1900 GT,AMD,0,GDDR3,2006-05-01,2006,5,,256,0.25,256,38.4,600
Radeon X1650 PRO,AMD,0,GDDR3,2006-08-23,2006,8,,256,0.25,128,22.4,700
Radeon X1800 GTO²,AMD,0,GDDR3,2006-03-01,2006,3,,512,0.5,256,31.7,495
Radeon X1650 XT,AMD,0,GDDR3,2010-10-30,2010,10,,256,0.25,128,22.4,700
Radeon X1650 GT,AMD,0,GDDR3,2007-05-01,2007,5,,128,0.125,128,12.8,400
Radeon X1600,AMD,0,DDR2,2007-01-01,2007,1,,512,0.5,128,12.8,400
Radeon X1600 XT,AMD,0,GDDR3,2005-10-01,2005,10,,256,0.25,128,22.1,690
Radeon X1650 PowerColor 256MB Edition,AMD,0,DDR2,2007-02-01,2007,2,,256,0.25,64,6.4,400
Radeon X1600 Pro 512MB,AMD,0,GDDR3,2005-10-01,2005,10,,512,0.5,128,12.5,390
Radeon X1300 XT,AMD,0,DDR2,2006-08-12,2006,8,,256,0.25,128,12.8,400
Radeon X1300 PRO,AMD,0,DDR,2006-11-01,2006,11,,256,0.25,128,6.4,400
Radeon X1050 256MB,AMD,0,DDR2,2006-12-01,2006,12,110,256,0.25,128,10.7,333
Radeon X1200 128mb,AMD,0,DDR2,2007-02-28,2007,2,,,,64,,
Radeon X1270,AMD,0,DDR2,2007-02-01,2007,2,,,,64,,
Radeon X1050 XT,AMD,0,DDR,2006-12-07,2006,12,,128,0.125,64,1.6,200
Radeon X1300 LE,AMD,0,DDR,2005-10-05,2005,10,,64,0.0625,64,2.0,250
Intel Q43 Express Chipset,Intel,0,DDR3,2008-08-01,2008,8,,,,,,
Radeon X1300 256MB,AMD,0,DDR,2005-12-01,2005,12,,256,0.25,128,4.0,250
Radeon X1050,AMD,0,DDR2,2006-12-07,2006,12,110,128,0.125,64,5.3,333
Intel G45 Express Chipset,Intel,0,,2008-06-01,2008,6,,,,,,
Intel G41 Express Chipset,Intel,0,DDR3,2008-09-01,2008,9,,,,,,
Intel G33 Express Chipset,Intel,0,DDR3,2007-06-01,2007,6,,,,,,
Intel G43 Express Chipset,Intel,0,DDR3,2008-08-01,2008,8,,,,,,
Intel 865G,Intel,0,DDR,2003-05-01,2003,5,,,,64,,
Intel G31 Express Chipset,Intel,0,DDR3,2007-08-01,2007,8,,,,,,
Intel B43 Express Chipset,Intel,0,DDR3,2008-12-01,2008,12,,,,,,
Intel G35 Express Chipset,Intel,0,DDR3,2007-08-01,2007,8,,,,,,
Intel 82915G,Intel,0,,2004-06-01,2004,6,,,,,,
Intel 82845G,Intel,0,DDR,2002-05-01,2002,5,,,,64,1.1,133
Intel 82945G,Intel,0,,2005-05-01,2005,5,,,,,,
Intel 845GV,Intel,0,,2002-10-01,2002,10,,,,,,167
Radeon X1550,AMD,0,DDR2,2007-01-08,2007,1,,256,0.25,128,12.8,400
Intel GMA HD,Intel,0,,2010-01-25,2010,1,,,,,,
Intel GMA X3100,Intel,0,,2007-05-09,2007,5,,,,,,
Intel HD Graphics P4600,Intel,0,DDR3,2013-06-01,2013,6,22,,,128,25.6,800
Intel GMA 3100,Intel,0,,2007-06-30,2007,6,,,,,,
Intel HD Graphics P4700,Intel,0,DDR3,2013-06-01,2013,6,22,,,128,25.6,800
Intel HD Graphics P4000,Intel,0,DDR3,2012-03-01,2012,3,22,,,128,25.6,800
Intel HD Graphics Desktop (Ivy Bridge),Intel,0,DDR3,2012-10-01,2012,10,22,,,128,25.6,800
Intel HD Graphics P3000,Intel,0,DDR3,2011-04-01,2011,4,32,,,128,21.3,667
Intel HD Graphics 510 Desktop,Intel,0,DDR4,2015-09-01,2015,9,14,,,128,34.1,1067
Intel HD Graphics Desktop (Sandy Bridge),Intel,0,DDR3,2011-05-01,2011,5,22,,,128,25.6,800
Intel HD Graphics 610,Intel,0,DDR4,2017-01-01,2017,1,14,,,128,34.1,1066
Intel HD Graphics Desktop (Bay Trail),Intel,0,DDR3,2013-09-11,2013,9,22,,,128,21.3,667
Intel HD Graphics 530 Desktop,Intel,0,DDR4,2015-08-05,2015,8,14,,,128,34.1,1067
Intel HD Graphics 4600 Desktop,Intel,0,DDR3,2013-06-03,2013,6,22,,,128,25.6,800
Intel HD Graphics 4400 Desktop,Intel,0,DDR3,2013-06-05,2013,6,22,,,128,25.6,800
Intel HD Graphics 4200 Desktop,Intel,0,DDR3,2013-07-01,2013,7,22,,,128,25.6,800
Intel HD Graphics Desktop (Haswell),Intel,0,DDR3,2013-06-01,2013,6,22,,,128,25.6,800
Intel HD Graphics 4000 Desktop,Intel,0,DDR3,2012-03-23,2012,3,22,,,128,25.6,800
Intel HD Graphics 2500 Desktop,Intel,0,DDR3,2012-04-01,2012,4,22,,,64,12.8,800
Intel HD Graphics 3000 Desktop,Intel,0,DDR3,2011-02-01,2011,2,32,,,128,21.3,667
Intel 915GM/GMS,Intel,0,,2003-03-01,2003,3,,,,,,
Intel 945GM Express Family,Intel,0,,2005-03-01,2005,3,,,,,,
Intel 945 Express Family,Intel,0,,2005-03-01,2005,3,,,,,,
HD i3 6100,Intel,0,DDR4,2015-09-01,2015,9,14,,,128,34.1,1067
Intel HD Graphics 2000 Desktop,Intel,0,DDR3,2011-02-01,2011,2,32,,,128,21.3,667
HD i3 6300,Intel,0,DDR4,2015-09-01,2015,9,14,,,128,34.1,1067
Intel GMA 3000,Intel,0,DDR2,2006-07-01,2006,7,,,,64,6.4,400
HD i3 560,Intel,0,DDR3,2010-05-30,2010,5,,,,64,10.7,667
HD i3 540,Intel,0,DDR3,2010-03-30,2010,3,,,,64,10.7,667
HD i3 6320,Intel,0,DDR4,2015-09-01,2015,9,14,,,128,34.1,1067
HD i3 2130,Intel,0,DDR3,2011-09-04,2011,9,,,,128,21.3,667
HD i3 550,Intel,0,DDR3,2010-05-30,2010,5,,,,64,10.7,667
HD i3 2125,Intel,0,DDR3,2011-09-04,2011,9,,,,64,10.7,667
HD i3 530,Intel,0,DDR3,2010-03-30,2010,3,,,,64,10.7,667
HD i3 2100T,Intel,0,DDR3,2011-03-30,2011,3,,,,64,10.7,667
Intel HD Pentium G630T,Intel,0,DDR3,2011-09-01,2011,9,,,,128,17.1,533
HD i3 2120,Intel,0,DDR3,2011-02-20,2011,2,,,,64,10.7,667
Intel HD Pentium G840,Intel,0,DDR3,2011-05-22,2011,5,,,,64,10.7,667
HD i3 2100,Intel,0,DDR3,2011-03-30,2011,3,,,,128,21.3,667
HD i3 2105,Intel,0,DDR3,2011-03-30,2011,3,,,,64,10.7,667
Intel HD Pentium G620T,Intel,0,DDR3,2011-05-01,2011,5,,,,128,17.1,533
HD i3 6300T,Intel,0,DDR4,2015-09-01,2015,9,14,,,128,34.1,1067
Intel HD Pentium G630,Intel,0,DDR3,2011-09-01,2011,9,,,,128,17.1,533
HD i7 6700,Intel,0,DDR4,2015-09-01,2015,9,14,,,128,34.1,1067
HD i7 6700K,Intel,0,DDR4,2015-08-05,2015,8,14,,,128,34.1,1067
HD i7 6700T,Intel,0,DDR4,2015-09-01,2015,9,14,,,128,34.1,1067
HD i7 3770T,Intel,0,DDR3,2012-04-29,2012,4,22,,,128,25.6,800
HD i7 4790K,Intel,0,DDR3,2014-06-22,2014,6,22,,,128,25.6,800
HD i7 3770K,Intel,0,DDR3,2012-04-29,2012,4,22,,,128,25.6,800
HD i7 3770S,Intel,0,DDR3,2012-04-29,2012,4,22,,,128,25.6,800
HD i7 2600,Intel,0,DDR3,2011-01-09,2011,1,32,,,128,21.3,667
HD i7 3770,Intel,0,DDR3,2012-04-29,2012,4,22,,,128,25.6,800
HD i7 2600K,Intel,0,DDR3,2011-01-09,2011,1,32,,,128,21.3,667
HD i7 2700K,Intel,0,DDR3,2011-10-23,2011,10,32,,,128,21.3,667
HD i3 3220,Intel,0,DDR3,2012-09-01,2012,9,,,,128,25.6,800
Intel HD Pentium G4400T,Intel,0,DDR4,2015-09-01,2015,9,14,,,128,34.1,1067
HD i7 2600S,Intel,0,DDR3,2011-01-09,2011,1,32,,,128,21.3,667
Intel HD Pentium G4400,Intel,0,DDR4,2015-09-01,2015,9,14,,,128,34.1,1067
Intel HD Pentium G4500,Intel,0,DDR4,2015-09-01,2015,9,14,,,128,34.1,1067
Intel HD Pentium G1620,Intel,0,DDR3,2013-01-22,2013,1,22,,,128,21.3,667
HD i5 6402P,Intel,0,DDR4,2015-12-27,2015,12,14,,,128,34.1,1067
HD i5 670,Intel,0,DDR3,2010-03-30,2010,3,,,,64,10.7,667
HD i5 680,Intel,0,DDR3,2010-05-30,2010,5,,,,64,10.7,667
HD i5 6600T,Intel,0,DDR4,2015-09-01,2015,9,14,,,128,34.1,1067
HD i5 6600,Intel,0,DDR4,2015-09-01,2015,9,14,,,128,34.1,1067
HD i5 6600K,Intel,0,DDR4,2015-08-05,2015,8,14,,,128,34.1,1067
HD i5 661,Intel,0,DDR3,2010-03-30,2010,3,,,,64,10.7,667
HD i5 6500T,Intel,0,DDR4,2015-09-01,2015,9,14,,,128,34.1,1067
HD i5 655K,Intel,0,DDR3,2010-03-30,2010,3,,,,64,10.7,667
HD i5 660,Intel,0,DDR3,2010-03-30,2010,3,,,,64,10.7,667
HD i5 6400T,Intel,0,DDR4,2015-09-01,2015,9,14,,,128,34.1,1067
HD i5 6400,Intel,0,DDR4,2015-09-01,2015,9,14,,,128,34.1,1067
HD i5 6500,Intel,0,DDR4,2015-09-01,2015,9,14,,,128,34.1,1067
HD i5 2500,Intel,0,DDR3,2011-03-30,2011,3,,,,64,10.7,667
HD i5 3550,Intel,0,DDR3,2012-04-01,2012,4,,,,64,12.8,800
HD i5 2400,Intel,0,DDR3,2011-03-30,2011,3,,,,64,10.7,667
HD i5 2310,Intel,0,DDR3,2011-05-30,2011,5,,,,64,10.7,667
HD i5 2320,Intel,0,DDR3,2011-09-04,2011,9,,,,64,10.7,667
HD i5 3570k,Intel,0,DDR3,2012-04-29,2012,4,,,,64,12.8,800
Iris Pro Graphics 6200 Desktop,Intel,0,eDRAM,2015-06-02,2015,6,14,128,0.125,128,14.9,933
HD i5 2300,Intel,0,DDR3,2011-03-30,2011,3,,,,64,10.7,667
Iris Pro Graphics 5200 Desktop,Intel,0,DDR3,2013-06-03,2013,6,22,,,128,25.6,800
HD i5 2405S,Intel,0,DDR3,2011-05-30,2011,5,,,,64,10.7,667
HD i3 6308P,Intel,0,DDR4,2015-12-27,2015,12,14,,,128,34.1,1067
HD i5 2400S,Intel,0,DDR3,2011-03-30,2011,3,,,,64,10.7,667
HD i5 650,Intel,0,DDR3,2010-03-30,2010,3,,,,64,10.7,667
HD i5 2500K,Intel,0,DDR3,2011-03-30,2011,3,,,,64,10.7,667
Iris Graphics 5100 Desktop,Intel,0,DDR3,2013-04-29,2013,4,22,,,128,25.6,800
Radeon HD 7990,AMD,0,GDDR5,2013-04-23,2013,4,28,6144,6.0,384,576.0,1500
Radeon HD 7970 X2 Devil 13,AMD,0,GDDR5,2012-07-30,2012,7,28,6144,6.0,192,264.0,1375
Radeon HD 8990 (OEM),AMD,0,GDDR5,2013-04-24,2013,4,28,6144,6.0,384,576.0,1500
Quadro NVS 420,NVIDIA,0,GDDR3,2009-01-20,2009,1,,512,0.5,64,11.2,700
Radeon HD 6990 Gigabyte 4GB Edition,AMD,0,GDDR5,2011-03-01,2011,3,40,4096,4.0,512,320.0,1250
Radeon HD 5450 1024MB,AMD,0,DDR3,2010-02-04,2010,2,40,1024,1.0,64,6.4,400
Radeon HD 7970 XFX Black Edition,AMD,0,GDDR5,2012-01-30,2012,1,28,3072,3.0,384,273.6,1425
Quadro NVS 310 PNY Low Profile Edition,NVIDIA,0,DDR3,2012-06-01,2012,6,40,512,0.5,64,14.0,875
Quadro FX 5800,NVIDIA,0,GDDR3,2008-11-11,2008,11,65,4096,4.0,512,102.4,800
Quadro NVS 450,NVIDIA,0,GDDR3,2011-04-01,2011,4,,512,0.5,64,11.2,700
Quadro Plex 7000,NVIDIA,0,GDDR5,2011-07-25,2011,7,40,12288,12.0,384,288.0,750
GeForce 7025 nForce 630a,NVIDIA,0,DDR2,2007-09-01,2007,9,,,,128,,
GeForce 9800 GX2 SLI,NVIDIA,0,GDDR3,2008-03-01,2008,3,65,2048,2.0,256,256.0,1000
Quadro K6000,NVIDIA,0,GDDR5,2013-07-23,2013,7,28,12288,12.0,384,288.4,1502
Quadro M4000,NVIDIA,0,GDDR5,2015-06-29,2015,6,28,8192,8.0,256,192.3,1502
Vanta LT,NVIDIA,0,DDR,2000-03-01,2000,3,,16,0.015625,64,0.8,100
Quadro K5200,NVIDIA,0,GDDR5,2014-07-22,2014,7,28,8192,8.0,384,192.0,1000
Quadro K5000,NVIDIA,0,GDDR5,2012-08-01,2012,8,28,4096,4.0,256,172.8,1350
Quadro K620,NVIDIA,0,DDR3,2014-07-22,2014,7,28,1024,1.0,128,28.8,900
Quadro K4200,NVIDIA,0,GDDR5,2014-07-22,2014,7,28,4096,4.0,256,172.8,1350
Quadro K2200,NVIDIA,0,GDDR5,2014-07-22,2014,7,28,4096,4.0,128,80.0,1250
Quadro K600 PNY 1GB Edition,NVIDIA,0,DDR3,2013-03-01,2013,3,28,1024,1.0,128,29.0,905
Quadro K600,NVIDIA,0,DDR3,2013-03-01,2013,3,28,1024,1.0,128,29.0,905
Quadro K420,NVIDIA,0,DDR3,2014-07-22,2014,7,28,1024,1.0,128,28.8,900
Quadro CX,NVIDIA,0,GDDR3,2008-10-30,2008,10,,1536,1.5,384,76.8,800
Quadro 6000,NVIDIA,0,GDDR5,2010-12-10,2010,12,40,6144,6.0,384,143.4,747
Quadro 4000,NVIDIA,0,GDDR5,2010-11-02,2010,11,40,2048,2.0,256,89.9,702
Quadro 600,NVIDIA,0,DDR3,2010-10-01,2010,10,40,1024,1.0,128,25.6,800
Quadro 2000D,NVIDIA,0,GDDR5,2011-10-05,2011,10,40,1024,1.0,128,41.6,650
Quadro 410,NVIDIA,0,DDR3,2012-08-07,2012,8,28,512,0.5,64,14.3,891
Quadro 400,NVIDIA,0,DDR3,2011-07-01,2011,7,40,512,0.5,64,12.8,800
ION LE,NVIDIA,0,DDR,2008-06-03,2008,6,65,,,64,8.5,1066
GeForce 9800 GTX+,NVIDIA,0,GDDR3,2009-01-16,2009,1,55,512,0.5,256,70.4,1100
GeForce 9800 GX2,NVIDIA,0,GDDR3,2008-03-01,2008,3,65,1024,1.0,256,128.0,1000
Quadro 2000,NVIDIA,0,GDDR5,2010-12-24,2010,12,40,1024,1.0,128,41.6,650
Quadro 5000,NVIDIA,0,GDDR5,2011-02-23,2011,2,40,2560,2.5,320,120.0,750
GeForce 8800 Ultra,NVIDIA,0,GDDR3,2007-05-01,2007,5,90,768,0.75,384,103.7,1080
GeForce 9800 GT 1GB SLI,NVIDIA,0,GDDR3,2008-07-21,2008,7,65,2048,2.0,512,115.2,900
GeForce 9800 GT Green Edition,NVIDIA,0,GDDR3,2009-03-15,2009,3,65,512,0.5,256,57.6,900
GeForce 9800 GTX SLI,NVIDIA,0,DDR3,2008-04-01,2008,4,65,1024,1.0,256,140.8,1100
GeForce 9800 GTX,NVIDIA,0,GDDR3,2008-03-28,2008,3,65,512,0.5,256,70.4,1100
GeForce 9800 GT,NVIDIA,0,GDDR3,2008-07-21,2008,7,65,512,0.5,256,57.6,900
GeForce 9600 GT Asus Magic HDMI 512MB Edition,NVIDIA,0,GDDR3,2008-02-01,2008,2,65,512,0.5,256,25.6,400
GeForce 9800 GT 1GB,NVIDIA,0,GDDR3,2008-07-21,2008,7,65,1024,1.0,256,57.6,900
GeForce 9600 GSO EVGA Dual-Slot 768MB Edition,NVIDIA,0,GDDR3,2008-05-01,2008,5,65,768,0.75,192,38.4,800
GeForce 9600 GT 512MB,NVIDIA,0,GDDR3,2008-02-01,2008,2,65,512,0.5,256,57.6,900
GeForce 9600 GSO 512MB,NVIDIA,0,GDDR3,2008-10-01,2008,10,65,512,0.5,192,43.2,900
GeForce 9500 GT,NVIDIA,0,GDDR3,2008-07-29,2008,7,55,512,0.5,128,25.6,800
GeForce 9600 GSO,NVIDIA,0,GDDR3,2008-05-01,2008,5,65,384,0.375,192,38.4,800
GeForce 9600 GS,NVIDIA,0,DDR2,2008-05-01,2008,5,65,768,0.75,192,24.0,500
GeForce 9500 GS,NVIDIA,0,DDR2,2008-07-01,2008,7,,512,0.5,128,16.0,500
GeForce 9480,NVIDIA,0,,2008-08-01,2008,8,,,,,,
GeForce 9600 GT 1GB,NVIDIA,0,GDDR3,2008-02-21,2008,2,65,1024,1.0,256,57.6,900
GeForce 9400 GT 1GB,NVIDIA,0,DDR2,2008-08-26,2008,8,65,1024,1.0,128,12.8,400
GeForce 9300 GS,NVIDIA,0,DDR2,2008-06-01,2008,6,65,512,0.5,64,8.0,500
GeForce 9400,NVIDIA,0,,2008-10-01,2008,10,65,,,,,
GeForce 9300,NVIDIA,0,,2008-10-01,2008,10,90,,,,,
GeForce 9200,NVIDIA,0,,2008-01-02,2008,1,80,,,,,
GeForce 7950 GX2,NVIDIA,0,GDDR3,2006-06-01,2006,6,90,1024,1.0,256,76.8,600
GeForce 9300 GE,NVIDIA,0,DDR2,2008-06-01,2008,6,65,512,0.5,64,8.0,500
GeForce 9400 GT,NVIDIA,0,DDR2,2008-08-27,2008,8,65,512,0.5,128,12.8,400
GeForce 7950 GT,NVIDIA,0,GDDR3,2006-08-06,2006,8,90,512,0.5,256,44.8,700
GeForce 7900 GTX,NVIDIA,0,GDDR3,2006-03-01,2006,3,,512,0.5,256,51.2,800
GeForce 7900 GS,NVIDIA,0,GDDR3,2006-09-01,2006,9,,256,0.25,256,42.2,660
GeForce 7900 GT,NVIDIA,0,GDDR3,2006-03-01,2006,3,90,256,0.25,256,42.2,660
GeForce 7800 GTX,NVIDIA,0,GDDR3,2005-06-01,2005,6,,512,0.5,256,54.4,850
GeForce 9100,NVIDIA,0,,2007-04-02,2007,4,80,,,,,
GeForce 7900 GTO,NVIDIA,0,GDDR3,2006-09-01,2006,9,,512,0.5,256,42.2,660
GeForce 7600 GT 256MB,NVIDIA,0,GDDR3,2006-03-01,2006,3,,256,0.25,128,22.4,700
GeForce 7800 GT,NVIDIA,0,GDDR3,2005-08-01,2005,8,,256,0.25,256,32.0,500
GeForce 7650 GS,NVIDIA,0,DDR2,2006-03-22,2006,3,,128,0.125,128,12.8,400
GeForce 7800 GS,NVIDIA,0,GDDR3,2006-02-01,2006,2,,256,0.25,256,38.4,600
GeForce 7600 GS,NVIDIA,0,DDR2,2006-03-01,2006,3,,256,0.25,128,12.8,400
GeForce 7600 GS Asus Silent Edition,NVIDIA,0,DDR2,2006-07-01,2006,7,,256,0.25,128,25.6,800
GeForce 7300 SE/7200 GS,NVIDIA,0,DDR2,2006-01-22,2006,1,90,,,64,6.4,400
GeForce 7300 GS 256MB,NVIDIA,0,DDR2,2006-01-01,2006,1,,256,0.25,64,6.4,400
GeForce 7500 LE,NVIDIA,0,DDR2,2006-03-22,2006,3,90,256,0.25,64,5.2,324
GeForce 7300 LE,NVIDIA,0,DDR2,2006-03-01,2006,3,,256,0.25,64,5.3,333
GeForce 7300 GT,NVIDIA,0,DDR2,2006-05-01,2006,5,,256,0.25,128,10.4,325
GeForce 7100,NVIDIA,0,DDR2,2007-09-01,2007,9,,256,0.25,64,4.8,300
GeForce 7050,NVIDIA,0,DDR2,2007-09-01,2007,9,,,,64,5.3,334
GeForce 7050 PV nForce 630a,NVIDIA,0,DDR2,2007-09-30,2007,9,,,,128,,
GeForce 8800 GTS 640MB,NVIDIA,0,GDDR3,2006-11-01,2006,11,90,640,0.625,320,63.4,792
GeForce 7100 GS Inno3D 128MB Edition,NVIDIA,0,GDDR2,2005-01-01,2005,1,,128,0.125,64,2.8,350
GeForce 8800 GTX 768MB,NVIDIA,0,GDDR3,2006-11-01,2006,11,90,768,0.75,384,86.4,900
GeForce 7100 GS Inno3D 256MB Edition,NVIDIA,0,GDDR2,2005-01-01,2005,1,,256,0.25,64,4.3,533
ION,NVIDIA,0,,2010-01-10,2010,1,40,,,,,
GeForce 8800 GTS 512MB,NVIDIA,0,GDDR3,2007-12-01,2007,12,65,512,0.5,256,51.2,800
GeForce 8800 GTS,NVIDIA,0,GDDR3,2007-02-01,2007,2,90,320,0.3125,320,63.4,792
GeForce 8800 GTS 512MB SLI,NVIDIA,0,GDDR3,2007-12-01,2007,12,65,1024,1.0,256,102.4,800
GeForce 8800 GTS EVGA SSC 640MB Edition,NVIDIA,0,GDDR3,2006-11-01,2006,11,90,640,0.625,320,72.0,900
GeForce 8800 GT,NVIDIA,0,GDDR3,2007-10-29,2007,10,65,512,0.5,256,57.6,900
GeForce 8600 GT Inno3D 512MB GDDR2,NVIDIA,0,GDDR3,2007-06-01,2007,6,80,512,0.5,128,12.8,400
GeForce 8600 GTS 512MB,NVIDIA,0,GDDR3,2007-04-01,2007,4,80,512,0.5,128,32.0,1000
GeForce 8600 GTS 256MB,NVIDIA,0,GDDR3,2007-04-01,2007,4,80,256,0.25,128,32.0,1000
GeForce 8800 GS,NVIDIA,0,GDDR3,2008-01-01,2008,1,65,384,0.375,192,38.4,800
GeForce 8600 GT Asus Magic 512MB DDR2,NVIDIA,0,GDDR3,2007-04-01,2007,4,80,512,0.5,128,12.8,400
GeForce 8600 GT,NVIDIA,0,GDDR3,2007-04-01,2007,4,80,256,0.25,128,22.4,700
GeForce 8600 GT Inno3D 1GB GDDR2,NVIDIA,0,GDDR3,2007-06-01,2007,6,80,1024,1.0,128,12.8,400
GeForce 8600 GT Inno3D 256MB GDDR2,NVIDIA,0,GDDR3,2007-06-01,2007,6,80,256,0.25,128,12.8,400
GeForce 8600 GT 256MB DDR3 Fatal1ty Edition,NVIDIA,0,GDDR3,2007-06-01,2007,6,80,256,0.25,128,27.2,850
GeForce 8600 GT 512MB GDDR3,NVIDIA,0,GDDR3,2007-04-01,2007,4,80,512,0.5,128,22.4,700
GeForce 8500 GT Inno3D 1GB Edition,NVIDIA,0,DDR2,2007-05-01,2007,5,80,1024,1.0,128,12.8,400
GeForce 8500 GT,NVIDIA,0,DDR2,2007-04-01,2007,4,80,256,0.25,128,12.8,400
GeForce 8600 GS,NVIDIA,0,DDR2,2007-04-01,2007,4,80,256,0.25,128,12.8,400
GeForce 8400 GS Rev. 4 EVGA 1GB Edition,NVIDIA,0,DDR3,2007-04-17,2007,4,40,1024,1.0,64,9.6,600
GeForce 8400 GS Rev. 4,NVIDIA,0,DDR3,2007-04-17,2007,4,40,512,0.5,64,8.0,500
GeForce 8300,NVIDIA,0,DDR2,2008-01-02,2008,1,80,,,64,,
GeForce 8400 GS Rev. 3,NVIDIA,0,DDR2,2010-07-12,2010,7,40,512,0.5,64,6.4,400
GeForce 8200,NVIDIA,0,DDR2,2008-01-02,2008,1,80,,,,,800
GeForce 8400 GS,NVIDIA,0,DDR2,2007-04-17,2007,4,80,256,0.25,64,6.4,400
GeForce 8300 GS,NVIDIA,0,DDR2,2007-07-01,2007,7,80,512,0.5,64,12.8,800
Riva TNT2 Ultra,NVIDIA,0,DDR,1999-03-15,1999,3,,32,0.03125,128,2.9,183
GeForce 8100 nForce 720a,NVIDIA,0,DDR2,2007-04-17,2007,4,80,,,,,800
GeForce 8400 GS Rev. 2,NVIDIA,0,DDR2,2007-12-01,2007,12,65,512,0.5,64,6.4,400
Riva TNT2 M64,NVIDIA,0,DDR,1999-10-01,1999,10,,32,0.03125,64,1.2,150
Riva TNT2,NVIDIA,0,DDR,1999-03-15,1999,3,,32,0.03125,128,2.4,150
Riva TNT2 Pro,NVIDIA,0,DDR,1999-10-12,1999,10,,32,0.03125,128,2.7,166
Quadro NVS 300,NVIDIA,0,DDR3,2010-12-01,2010,12,40,512,0.5,64,12.6,790
Quadro NVS 310,NVIDIA,0,DDR3,2012-06-01,2012,6,40,512,0.5,64,14.0,875
Riva TNT,NVIDIA,0,DDR,1998-03-23,1998,3,,16,0.015625,128,1.8,110
Quadro NVS 295,NVIDIA,0,GDDR3,2009-05-07,2009,5,,256,0.25,64,11.2,700
Quadro NVS 290,NVIDIA,0,DDR2,2007-10-04,2007,10,80,256,0.25,64,6.4,400
Radeon HD 6990 Crossfire,AMD,0,GDDR5,2011-03-01,2011,3,40,8192,8.0,512,640.0,1250
Quadro NVS 285,NVIDIA,0,DDR,2006-06-06,2006,6,110,128,0.125,128,4.4,275
Quadro NVS 280,NVIDIA,0,DDR,2004-04-01,2004,4,,64,0.0625,128,,
Radeon HD 6990,AMD,0,GDDR5,2011-03-08,2011,3,40,4096,4.0,256,320.0,1250
Radeon HD 6990 Asus Edition,AMD,0,GDDR5,2011-03-01,2011,3,40,4096,4.0,512,320.0,1250
Vanta 16MB,NVIDIA,0,,1999-03-22,1999,3,,,,64,,125
Radeon HD 6970 XXX Edition,AMD,0,GDDR5,2010-12-01,2010,12,40,2048,2.0,256,179.2,1400
Radeon HD 6970 Sapphire Edition,AMD,0,GDDR5,2011-12-01,2011,12,40,2048,2.0,256,176.0,1375
Radeon HD 6970 MSI Edition,AMD,0,GDDR5,2010-12-01,2010,12,40,2048,2.0,256,176.0,1375
Radeon HD 6970 Sapphire Dual Fan 2GB Edition,AMD,0,GDDR5,2011-09-26,2011,9,40,2048,2.0,256,176.0,1375
Radeon HD 6970 Lightning Edition,AMD,0,GDDR5,2010-12-01,2010,12,40,2048,2.0,256,176.0,1375
Radeon HD 6970 PowerColor 2GB Edition,AMD,0,GDDR5,2010-12-14,2010,12,40,2048,2.0,256,176.0,1375
Radeon HD 6970 HIS IceQ 2GB Edition,AMD,0,GDDR5,2010-12-14,2010,12,40,2048,2.0,256,176.0,1375
Radeon HD 6970 CrossFire,AMD,0,GDDR5,2010-12-15,2010,12,40,2048,2.0,256,352.0,1375
Radeon HD 6970,AMD,0,GDDR5,2010-12-14,2010,12,40,2048,2.0,256,176.0,1375
Radeon HD 6970 Asus Edition,AMD,0,GDDR5,2010-12-01,2010,12,40,2048,2.0,256,176.0,1375
Radeon HD 6950 XFX 2GB Edition,AMD,0,GDDR5,2010-12-14,2010,12,40,2048,2.0,256,160.0,1250
Radeon HD 6950 Sapphire 2GB Edition,AMD,0,GDDR5,2010-12-01,2010,12,40,2048,2.0,256,160.0,1250
Radeon HD 6950 Twin Frozr III Power Edition,AMD,0,GDDR5,2010-10-01,2010,10,40,2048,2.0,256,160.0,1250
Radeon HD 6950 Sapphire 1GB Edition,AMD,0,GDDR5,2011-10-01,2011,10,40,1024,1.0,256,160.0,1250
Radeon HD 6950 PowerColor 2GB Edition,AMD,0,GDDR5,2010-12-01,2010,12,40,2048,2.0,256,160.0,1250
Radeon HD 6950 XFX Dual-Fan 2GB Edition,AMD,0,GDDR5,2010-10-01,2010,10,40,2048,2.0,256,160.0,1250
Radeon HD 6950 PowerColor 1GB Edition,AMD,0,GDDR5,2010-12-01,2010,12,40,1024,1.0,256,160.0,1250
Radeon HD 6950 Crossfire,AMD,0,GDDR5,2010-10-01,2010,10,40,4096,4.0,256,320.0,1250
Radeon HD 6950 IceQ X Turbo 2GB Edition,AMD,0,GDDR5,2011-06-01,2011,6,40,2048,2.0,256,163.8,1280
Radeon HD 6950 Gigabyte WindForce 3X OC 1GB Edition,AMD,0,GDDR5,2010-12-20,2010,12,40,1024,1.0,256,160.0,1250
Radeon HD 6870 XFX DD XXX Edition,AMD,0,GDDR5,2011-11-01,2011,11,40,1024,1.0,256,134.4,1050
Radeon HD 6870 PowerColor X2 Edition,AMD,0,GDDR5,2011-07-01,2011,7,40,2048,2.0,256,268.8,1050
Radeon HD 6870 XFX 2GB Edition,AMD,0,GDDR5,2010-10-01,2010,10,40,2048,2.0,256,134.4,1050
Radeon HD 6870 XFX 1GB Core Edition,AMD,0,GDDR5,2010-10-01,2010,10,40,1024,1.0,256,134.4,1050
Radeon HD 6870 MSI Hawk 1GB Edition,AMD,0,GDDR5,2011-02-01,2011,2,40,1024,1.0,256,134.4,1050
Radeon HD 6870 Sapphire Dirt3 Edition,AMD,0,GDDR5,2010-10-01,2010,10,40,1024,1.0,256,134.4,1050
Radeon HD 6950,AMD,0,GDDR5,2010-12-15,2010,12,40,2048,2.0,256,160.0,1250
Radeon HD 6870 IceQ X Edition,AMD,0,GDDR5,2011-03-01,2011,3,40,1024,1.0,256,134.4,1050
Radeon HD 6870 PowerColor 1GB Edition,AMD,0,GDDR5,2011-11-01,2011,11,40,1024,1.0,256,134.4,1050
Radeon HD 6870 XFX Black Edition,AMD,0,GDDR5,2010-10-01,2010,10,40,1024,1.0,256,147.2,1150
Radeon HD 6870 DirectCU 1GB Edition,AMD,0,GDDR5,2011-01-01,2011,1,40,1024,1.0,256,134.4,1050
Radeon HD 6870 Crossfire,AMD,0,GDDR5,2010-10-01,2010,10,40,2048,2.0,256,268.8,1050
Radeon HD 6870 Gigabyte OC Edition,AMD,0,GDDR5,2010-10-01,2010,10,40,1024,1.0,256,134.4,1050
Radeon HD 6850 XFX,AMD,0,GDDR5,2010-10-01,2010,10,40,1024,1.0,256,128.0,1000
Radeon HD 6850 XFX Black Edition,AMD,0,GDDR5,2010-10-01,2010,10,40,1024,1.0,256,134.4,1050
Radeon HD 6850 VTX3D 1GB X-Edition,AMD,0,GDDR5,2011-09-01,2011,9,40,1024,1.0,256,134.4,1050
Radeon HD 6850 Sapphire 1GB Edition,AMD,0,GDDR5,2010-10-01,2010,10,40,1024,1.0,256,128.0,1000
Radeon HD 6870,AMD,0,GDDR5,2010-10-22,2010,10,40,1024,1.0,256,134.4,1050
Radeon HD 6850 Toxic 1GB Edition,AMD,0,GDDR5,2011-12-01,2011,12,40,1024,1.0,256,140.8,1100
Radeon HD 6850 PowerColor Edition,AMD,0,GDDR5,2010-11-01,2010,11,40,1024,1.0,256,128.0,1000
Radeon HD 6850 MSI OC Power Edition,AMD,0,GDDR5,2010-10-01,2010,10,40,1024,1.0,256,140.8,1100
Radeon HD 6850 MSI OC 8cm PWM Fan Edition,AMD,0,GDDR5,2010-10-01,2010,10,40,1024,1.0,256,128.0,1000
Radeon HD 6850 IceQ X Turbo Edition,AMD,0,GDDR5,2011-03-07,2011,3,40,1024,1.0,256,140.8,1100
Radeon HD 6850 MSI OC 9cm PWM Fan Edition,AMD,0,GDDR5,2010-10-01,2010,10,40,1024,1.0,256,134.4,1050
Radeon HD 6850 IceQ X Edition,AMD,0,GDDR5,2011-03-01,2011,3,40,1024,1.0,256,128.0,1000
Radeon HD 6850 GigaByte Edition,AMD,0,GDDR5,2010-10-22,2010,10,40,1024,1.0,256,134.4,1050
Radeon HD 6850 DirectCU Edition,AMD,0,GDDR5,2010-10-01,2010,10,40,1024,1.0,256,128.0,1000
Radeon HD 6850 Crossfire,AMD,0,GDDR5,2010-10-01,2010,10,40,2048,2.0,256,256.0,1000
Radeon HD 6850 Club-3D OC Edition,AMD,0,GDDR5,2010-11-19,2010,11,40,1024,1.0,256,140.8,1100
Radeon HD 6850,AMD,0,GDDR5,2010-10-22,2010,10,40,1024,1.0,256,128.0,1000
Radeon HD 6790 XFX 1GB Edition,AMD,0,GDDR5,2011-04-01,2011,4,40,1024,1.0,256,134.4,1050
Radeon HD 6790 PowerColor 1GB Edition,AMD,0,GDDR5,2011-04-01,2011,4,40,1024,1.0,256,134.4,1050
Radeon HD 6790 IceQ X Turbo 1GB Edition,AMD,0,GDDR5,2011-04-01,2011,4,40,1024,1.0,256,140.8,1100
Radeon HD 6770 XFX 1GB GDDR5 Core Edition,AMD,0,GDDR5,2011-01-01,2011,1,40,1024,1.0,128,76.8,1200
Radeon HD 6790,AMD,0,GDDR5,2011-04-04,2011,4,40,1024,1.0,256,134.4,1050
Radeon HD 6770 PowerColor 1GB Edition,AMD,0,GDDR5,2011-01-21,2011,1,40,1024,1.0,128,76.8,1200
Radeon HD 6770 Sapphire 1GB Edition,AMD,0,GDDR5,2011-04-18,2011,4,40,1024,1.0,128,76.8,1200
Radeon HD 6770 MSI MD 1GB,AMD,0,GDDR5,2010-10-01,2010,10,40,1024,1.0,128,70.4,1100
Radeon HD 6770 Asus DirectCU 1GB Edition,AMD,0,GDDR5,2011-01-21,2011,1,40,1024,1.0,128,76.8,1200
Radeon HD 6770 Crossfire,AMD,0,GDDR5,2011-01-01,2011,1,28,2048,2.0,128,153.6,1200
Radeon HD 6770 Asus 1GB Edition,AMD,0,GDDR5,2011-01-21,2011,1,40,1024,1.0,128,76.8,1200
Radeon HD 6770,AMD,0,GDDR5,2011-01-21,2011,1,40,1024,1.0,128,76.8,1200
Radeon HD 6750 v2,AMD,0,DDR3,2011-01-21,2011,1,40,2048,2.0,128,25.6,800
Radeon HD 6750 PowerColor SCS3 Dirt3 1GB Edition,AMD,0,GDDR5,2011-04-01,2011,4,40,1024,1.0,128,73.6,1150
Radeon HD 6750 v2 PowerColor 1GB Edition,AMD,0,DDR3,2011-12-01,2011,12,40,1024,1.0,128,25.6,800
Radeon HD 6750 PowerColor 1GB Edition,AMD,0,GDDR5,2011-04-01,2011,4,40,1024,1.0,128,64.0,1000
Radeon HD 6750 v2 PowerColor 2GB Edition,AMD,0,DDR3,2011-12-01,2011,12,40,2048,2.0,128,21.3,667
Radeon HD 6750,AMD,0,GDDR5,2011-01-21,2011,1,40,1024,1.0,128,73.6,1150
Radeon HD 6750 PowerColor Low Profile Dirt3 1GB Edition,AMD,0,GDDR5,2011-04-01,2011,4,40,1024,1.0,128,73.6,1150
Radeon HD 6670 XFX Core 1GB Edition,AMD,0,GDDR5,2011-04-19,2011,4,40,1024,1.0,128,64.0,1000
Radeon HD 6670 v2 Gigabyte OC 1GB Edition,AMD,0,DDR3,2011-04-19,2011,4,40,1024,1.0,128,28.8,900
Radeon HD 6750 Gigabyte OC 1GB Edition,AMD,0,GDDR5,2011-03-01,2011,3,40,1024,1.0,128,76.8,1200
Radeon HD 6670 v2 MSI 2GB Edition,AMD,0,DDR3,2011-04-19,2011,4,40,2048,2.0,128,21.3,667
Radeon HD 6670 v2 HIS Fan 1GB Edition,AMD,0,DDR3,2011-04-19,2011,4,40,1024,1.0,128,25.6,800
Radeon HD 6670 v2 Diamond 2GB Edition,AMD,0,DDR3,2011-04-19,2011,4,40,2048,2.0,128,19.2,600
Radeon HD 6670 v2 Gigabyte 2GB Edition,AMD,0,DDR3,2011-04-19,2011,4,40,2048,2.0,128,25.6,800
Radeon HD 6670 v2 Sapphire 1GB Edition,AMD,0,DDR3,2011-04-19,2011,4,40,1024,1.0,128,25.6,800
Radeon HD 6670 Sapphire Ultimate 1GB Edition,AMD,0,GDDR5,2011-04-19,2011,4,40,1024,1.0,128,64.0,1000
Radeon HD 6670 v2 Gigabyte 1GB Edition,AMD,0,DDR3,2011-04-19,2011,4,40,1024,1.0,128,25.6,800
Radeon HD 6670 Sapphire 1GB Edition,AMD,0,GDDR5,2011-04-19,2011,4,40,1024,1.0,128,64.0,1000
Radeon HD 6670 v2,AMD,0,DDR3,2011-04-19,2011,4,40,2048,2.0,128,25.6,800
Radeon HD 6670 HIS Fan 1GB Edition,AMD,0,GDDR5,2011-04-19,2011,4,40,1024,1.0,128,64.0,1000
Radeon HD 6670 MSI Dual Fan 1GB Edition,AMD,0,GDDR5,2011-04-19,2011,4,40,1024,1.0,128,64.0,1000
Radeon HD 6670 MSI Single Fan 1GB Edition,AMD,0,GDDR5,2011-04-19,2011,4,40,1024,1.0,128,64.0,1000
Radeon HD 6570 v2 XFX Silent 1GB Edition,AMD,0,DDR3,2011-11-15,2011,11,40,1024,1.0,128,20.8,650
Radeon HD 6570 v2 Sapphire Hyper Memory 1GB Edition,AMD,0,DDR3,2011-04-19,2011,4,40,1024,1.0,128,21.3,667
Radeon HD 6570 v2 PowerColor 2GB Edition,AMD,0,DDR3,2011-04-19,2011,4,40,2048,2.0,128,16.0,500
Radeon HD 6670,AMD,0,GDDR5,2011-04-19,2011,4,40,1024,1.0,128,64.0,1000
Radeon HD 6570 v2 MSI Single Fan 1GB Edition,AMD,0,DDR3,2011-09-19,2011,9,40,1024,1.0,128,28.8,900
Radeon HD 6670 Asus 1GB Edition,AMD,0,GDDR5,2011-04-19,2011,4,40,1024,1.0,128,64.0,1000
Radeon HD 6570 v2 PowerColor 1GB Edition,AMD,0,DDR3,2011-04-19,2011,4,40,1024,1.0,128,16.0,500
Radeon HD 6570 v2 Sapphire 1GB Edition,AMD,0,DDR3,2011-04-19,2011,4,40,1024,1.0,128,25.6,800
Radeon HD 6570 v2 MSI Dual Fan 1GB Edition,AMD,0,DDR3,2011-09-19,2011,9,40,1024,1.0,128,21.3,667
Radeon HD 6570 v2,AMD,0,DDR3,2011-02-07,2011,2,40,1024,1.0,128,28.8,900
Radeon HD 6570 v2 Sapphire 4GB Edition,AMD,0,DDR3,2011-04-19,2011,4,40,4096,4.0,128,25.6,800
Radeon HD 6450 v4,AMD,0,GDDR3,2012-04-05,2012,4,40,2048,2.0,64,9.3,580
Radeon HD 6450A,AMD,0,DDR3,2011-04-07,2011,4,40,1024,1.0,64,8.5,533
Radeon HD 6450 v3 Sapphire FleX 1GB Edition,AMD,0,GDDR3,2011-04-19,2011,4,40,1024,1.0,64,12.8,800
Radeon HD 6450 v3 MSI Low Profile 2GB Edition,AMD,0,GDDR3,2011-04-19,2011,4,40,2048,2.0,64,10.7,667
Radeon HD 6450 v3 Gigabyte OC 1GB Edition,AMD,0,GDDR3,2011-04-17,2011,4,40,1024,1.0,64,12.8,800
Radeon HD 6450 v3 Sapphire 2GB Edition,AMD,0,GDDR3,2011-04-19,2011,4,40,2048,2.0,64,10.7,667
Radeon HD 6450 v3,AMD,0,GDDR3,2011-02-07,2011,2,40,512,0.5,64,8.5,533
Radeon HD 6450 Sapphire OC 512MB Edition,AMD,0,GDDR5,2011-04-07,2011,4,40,512,0.5,64,25.6,800
Radeon HD 6450 v2,AMD,0,GDDR5,2011-04-07,2011,4,40,512,0.5,64,28.8,900
Radeon HD 6450,AMD,0,GDDR5,2011-04-07,2011,4,40,512,0.5,64,25.6,800
Radeon HD 6450 v3 Asus Low Profile Silent 2GB Edition,AMD,0,GDDR3,2011-08-25,2011,8,40,1024,1.0,64,9.6,600
Radeon HD 6350,AMD,0,GDDR3,2011-02-07,2011,2,40,512,0.5,64,12.8,800
Quadro FX 580,NVIDIA,0,GDDR3,2009-04-09,2009,4,,512,0.5,128,25.6,800
Radeon HD 6570,AMD,0,GDDR5,2011-04-19,2011,4,40,1024,1.0,128,64.0,1000
Quadro FX 5600,NVIDIA,0,GDDR3,2007-05-03,2007,5,90,1536,1.5,384,76.8,800
Radeon HD 6450 v3 MSI Low Profile 1GB Edition,AMD,0,GDDR3,2011-04-19,2011,4,40,1024,1.0,64,10.7,667
Radeon HD 6290,AMD,0,GDDR3,2011-12-04,2011,12,40,1024,1.0,64,12.8,800
Quadro FX 5500,NVIDIA,0,GDDR3,2006-04-20,2006,4,,1024,1.0,256,36.8,575
Quadro FX 4500,NVIDIA,0,GDDR3,2005-07-28,2005,7,,512,0.5,256,36.8,575
Quadro FX 380 LP,NVIDIA,0,DDR3,2009-12-30,2009,12,40,512,0.5,64,12.8,800
Quadro FX 3800,NVIDIA,0,GDDR3,2009-03-30,2009,3,,1024,1.0,256,51.2,800
Quadro FX 380,NVIDIA,0,GDDR3,2009-03-31,2009,3,,256,0.25,128,22.4,700
Quadro FX 3700,NVIDIA,0,GDDR3,2008-01-08,2008,1,65,512,0.5,256,51.2,800
Quadro FX 560,NVIDIA,0,GDDR3,2006-04-20,2006,4,,128,0.125,128,19.2,600
Quadro FX 3500,NVIDIA,0,GDDR3,2006-04-20,2006,4,,256,0.25,256,42.2,660
Quadro FX 4600,NVIDIA,0,GDDR3,2007-03-05,2007,3,90,768,0.75,384,67.2,700
Quadro FX 3400,NVIDIA,0,GDDR3,2004-06-28,2004,6,,256,0.25,256,28.8,450
Quadro FX 3450,NVIDIA,0,GDDR3,2005-07-01,2005,7,,256,0.25,256,64.0,1000
Quadro FX 1700,NVIDIA,0,DDR2,2007-09-12,2007,9,80,512,0.5,128,12.8,400
Quadro FX 570,NVIDIA,0,DDR2,2007-01-12,2007,1,80,256,0.25,128,12.8,400
Quadro FX 1400,NVIDIA,0,DDR,2004-08-09,2004,8,,128,0.125,256,9.6,300
Quadro FX 1800,NVIDIA,0,GDDR3,2011-11-19,2011,11,,768,0.75,192,38.4,800
Radeon HD 6450 v3 Sapphire 1GB Edition,AMD,0,GDDR3,2011-04-19,2011,4,40,1024,1.0,64,10.7,667
Quadro FX 3000,NVIDIA,0,DDR,2003-07-22,2003,7,,256,0.25,256,13.6,425
Quadro FX 1300,NVIDIA,0,DDR,2004-06-28,2004,6,,128,0.125,256,8.8,275
Quadro FX 1000,NVIDIA,0,DDR2,2003-01-21,2003,1,,128,0.125,128,9.6,300
Quadro FX 1100,NVIDIA,0,DDR,2003-12-03,2003,12,,128,0.125,128,5.2,325
Radeon HD 5970 Eyefinity,AMD,0,GDDR5,2009-11-18,2009,11,40,4096,4.0,256,256.0,1000
Radeon HD 5870 MSI Lightning Edition,AMD,0,GDDR5,2010-02-23,2010,2,40,1024,1.0,256,153.6,1200
Radeon HD 5970,AMD,0,GDDR5,2009-11-18,2009,11,40,,,512,256.0,1000
Quadro FX 2000,NVIDIA,0,DDR2,2003-01-01,2003,1,,128,0.125,128,12.8,400
Radeon HD 5970 Crossfire,AMD,0,GDDR5,2009-11-01,2009,11,40,4096,4.0,512,512.0,1000
Radeon HD 5870 Crossfire,AMD,0,GDDR5,2009-09-18,2009,9,40,2048,2.0,256,307.2,1200
Quadro FX 1500,NVIDIA,0,GDDR3,2006-04-20,2006,4,,256,0.25,256,40.0,625
Radeon HD 5870 Asus v2 1GB Edition,AMD,0,GDDR5,2010-05-12,2010,5,40,1024,1.0,256,153.6,1200
Radeon HD 5870 2048MB,AMD,0,GDDR5,2009-09-01,2009,9,40,2048,2.0,256,153.6,1200
Radeon HD 5850 XFX Black 1GB Edition,AMD,0,GDDR5,2010-04-13,2010,4,40,1024,1.0,256,144.0,1125
Radeon HD 5850 PowerColor PCS+ 1GB Edition,AMD,0,GDDR5,2010-01-01,2010,1,40,1024,1.0,256,134.4,1050
Radeon HD 5850 Sapphire Vapor-X 1GB Edition,AMD,0,GDDR5,2009-09-30,2009,9,40,1024,1.0,256,134.4,1050
Quadro FX 4800,NVIDIA,0,GDDR3,2011-11-08,2011,11,65,1536,1.5,384,76.8,800
Radeon HD 5850 MSI Twin Frozr II 1GB Edition,AMD,0,GDDR5,2009-09-30,2009,9,40,1024,1.0,256,128.0,1000
Radeon HD 5870 1024MB,AMD,0,GDDR5,2009-09-23,2009,9,40,1024,1.0,256,153.6,1200
Radeon HD 5830,AMD,0,GDDR5,2010-02-01,2010,2,40,1024,1.0,256,128.0,1000
Radeon HD 5770 Sapphire Vapor-X Edition,AMD,0,GDDR5,2009-10-13,2009,10,40,1024,1.0,128,76.8,1200
Radeon HD 5850 Crossfire,AMD,0,GDDR5,2009-09-18,2009,9,40,2048,2.0,256,256.0,1000
Radeon HD 5850 Gigabyte OC 1GB Edition,AMD,0,GDDR5,2010-04-01,2010,4,40,1024,1.0,256,128.0,1000
Radeon HD 5770 Crossfire,AMD,0,GDDR5,2009-10-01,2009,10,28,2048,2.0,128,153.6,1200
Radeon HD 5850 2048MB,AMD,0,GDDR5,2009-09-30,2009,9,40,2048,2.0,256,128.0,1000
Radeon HD 5770 Sapphire 1GB Edition,AMD,0,GDDR5,2009-10-13,2009,10,40,1024,1.0,128,76.8,1200
Radeon HD 5850 HIS iCooler V Turbo 1GB Edition,AMD,0,GDDR5,2009-09-30,2009,9,40,1024,1.0,256,144.0,1125
Radeon HD 5850 1024MB,AMD,0,GDDR5,2009-09-30,2009,9,40,1024,1.0,256,128.0,1000
Radeon HD 5770 Club 3D Edition,AMD,0,GDDR5,2009-11-01,2009,11,40,1024,1.0,128,76.8,1200
Radeon HD 5770 Asus v2 Edition,AMD,0,GDDR5,2009-11-01,2009,11,40,1024,1.0,128,76.8,1200
Radeon HD 5770 MSI Hawk Edition,AMD,0,GDDR5,2009-12-16,2009,12,40,1024,1.0,128,76.8,1200
Radeon HD 5770 512MB,AMD,0,GDDR5,2009-10-01,2009,10,40,512,0.5,128,76.8,1200
Radeon HD 5850 PowerColor 1GB Edition,AMD,0,GDDR5,2010-09-01,2010,9,40,1024,1.0,256,128.0,1000
Radeon HD 5770 Club 3D Edition CrossFire,AMD,0,GDDR5,2009-11-01,2009,11,40,1024,1.0,128,153.6,1200
Radeon HD 5670 Sapphire 1GB GDDR5,AMD,0,GDDR5,2009-12-01,2009,12,40,1024,1.0,128,64.0,1000
Radeon HD 5750 512MB,AMD,0,GDDR5,2009-10-01,2009,10,40,512,0.5,128,73.6,1150
Radeon HD 5670 MSI 1GB OC Edition,AMD,0,GDDR5,2010-01-01,2010,1,40,1024,1.0,128,60.8,950
Radeon HD 5750 1024MB,AMD,0,GDDR5,2009-10-01,2009,10,40,1024,1.0,128,73.6,1150
Radeon HD 5770 1024MB,AMD,0,GDDR5,2009-10-01,2009,10,40,1024,1.0,128,76.8,1200
Radeon HD 5670 Gigabyte 1GB OC Edition,AMD,0,GDDR5,2010-01-01,2010,1,40,1024,1.0,128,64.0,1000
Radeon HD 5670 1GB DDR3,AMD,0,DDR3,2010-01-01,2010,1,40,1024,1.0,128,25.6,800
Radeon HD 5570 XFX 1GB Edition,AMD,0,DDR3,2010-02-01,2010,2,40,1024,1.0,128,25.6,800
Radeon HD 5670 1024MB,AMD,0,GDDR5,2010-01-14,2010,1,40,1024,1.0,128,64.0,1000
Radeon HD 5670 Asus 1GB Edition,AMD,0,GDDR5,2010-01-14,2010,1,40,1024,1.0,128,64.0,1000
Radeon HD 5670 1GB DDR3 Sapphire Edition,AMD,0,DDR3,2010-01-14,2010,1,40,1024,1.0,128,25.6,800
Radeon HD 5570 512MB,AMD,0,DDR3,2010-02-09,2010,2,40,512,0.5,128,28.8,900
Radeon HD 5570 XFX Eyefinity X 2GB Edition,AMD,0,DDR3,2010-07-01,2010,7,40,2048,2.0,128,25.6,800
Radeon HD 5670 512MB,AMD,0,GDDR5,2010-01-14,2010,1,40,512,0.5,128,64.0,1000
Radeon HD 5670 Diamond 1GB GDDR5,AMD,0,GDDR5,2010-02-01,2010,2,40,1024,1.0,128,64.0,1000
Radeon HD 5570 1024MB,AMD,0,DDR3,2010-02-09,2010,2,40,1024,1.0,128,28.8,900
Radeon HD 5450 Sapphire 1GB DDR3 Edition,AMD,0,DDR3,2012-08-01,2012,8,40,1024,1.0,64,10.7,667
Radeon HD 5450 Asus Silent 1GB Edition,AMD,0,DDR3,2010-03-01,2010,3,40,1024,1.0,64,7.2,450
Radeon HD 5450 256MB,AMD,0,DDR3,2010-02-04,2010,2,40,256,0.25,64,6.4,400
Radeon HD 5550 1024MB,AMD,0,GDDR5,2010-02-09,2010,2,40,1024,1.0,128,64.0,1000
Radeon HD 5550 512MB,AMD,0,GDDR5,2010-02-09,2010,2,40,512,0.5,128,64.0,1000
Radeon HD 7970 VTX3D 3GB Edition,AMD,0,GDDR5,2012-02-01,2012,2,28,3072,3.0,384,264.0,1375
Radeon HD 5450 Gigabyte OC 512MB Edition,AMD,0,DDR3,2012-08-01,2012,8,40,512,0.5,64,12.8,800
Radeon HD 7970 PowerColor OC Edition,AMD,0,GDDR5,2012-02-01,2012,2,28,3072,3.0,384,264.0,1375
Radeon HD 5450 2GB,AMD,0,DDR3,2010-02-04,2010,2,40,2048,2.0,64,6.4,400
Radeon HD 7970 VTX3D X 3GB Edition,AMD,0,GDDR5,2012-01-09,2012,1,28,3072,3.0,384,273.6,1425
Radeon HD 5450 512MB,AMD,0,DDR3,2010-02-04,2010,2,40,512,0.5,64,6.4,400
Radeon HD 7970 OC Sapphire Edition,AMD,0,GDDR5,2012-03-01,2012,3,28,3072,3.0,384,273.6,1425
Radeon HD 7970 PCS+ VORTEXII Edition,AMD,0,GDDR5,2012-04-01,2012,4,28,3072,3.0,384,273.6,1425
Radeon HD 7970 PowerColor LCS 3GB Edition,AMD,0,GDDR5,2012-01-01,2012,1,28,3072,3.0,384,273.6,1425
Radeon HD 7970 GigaByte SOC Edition,AMD,0,GDDR5,2012-06-01,2012,6,28,3072,3.0,384,264.0,1375
Radeon HD 7970 MSI OC Edition,AMD,0,GDDR5,2012-02-01,2012,2,28,3072,3.0,384,264.0,1375
Radeon HD 7970 GHz Toxic 6GB Edition,AMD,0,GDDR5,2012-08-01,2012,8,28,6144,6.0,384,288.0,1500
Radeon HD 7970 HIS IceQ X² Edition,AMD,0,GDDR5,2012-05-01,2012,5,28,3072,3.0,384,264.0,1375
Radeon HD 7970 GHz Vapor-X 3GB,AMD,0,GDDR5,2012-08-01,2012,8,28,3072,3.0,384,288.0,1500
Radeon HD 7970 GHz XFX Double D Edition,AMD,0,GDDR5,2012-09-01,2012,9,28,3072,3.0,384,288.0,1500
Radeon HD 7970 GHz Vapor-X 6GB Edition,AMD,0,GDDR5,2012-08-01,2012,8,28,6144,6.0,384,288.0,1500
Radeon HD 7970 OC GigaByte Edition,AMD,0,GDDR5,2012-01-12,2012,1,28,3072,3.0,384,264.0,1375
Radeon HD 7970 GHz WindForce 3X OC Edition,AMD,0,GDDR5,2012-10-01,2012,10,28,3072,3.0,384,288.0,1500
Radeon HD 7970 GHz HIS IceQ 3GB Edition,AMD,0,GDDR5,2012-08-01,2012,8,28,3072,3.0,384,288.0,1500
Radeon HD 7970 GHz MSI Lightning BE 3GB Edition,AMD,0,GDDR5,2013-03-05,2013,3,28,3072,3.0,384,288.0,1500
Radeon HD 7970 GHz Edition,AMD,0,GDDR5,2012-06-22,2012,6,28,3072,3.0,384,288.0,1500
Radeon HD 7970 Lightning Edition,AMD,0,GDDR5,2012-02-01,2012,2,28,3072,3.0,384,268.8,1400
Radeon HD 7970 DirectCU II TOP Edition,AMD,0,GDDR5,2012-02-01,2012,2,28,3072,3.0,384,268.8,1400
Radeon HD 7970 DirectCU II Edition,AMD,0,GDDR5,2012-02-01,2012,2,28,3072,3.0,384,264.0,1375
Radeon HD 7970 Club3D royalAce Edition,AMD,0,GDDR5,2012-09-01,2012,9,28,3072,3.0,384,288.0,1500
Radeon HD 7970 Asus Edition,AMD,0,GDDR5,2012-02-01,2012,2,28,3072,3.0,384,264.0,1375
Radeon HD 7970,AMD,0,GDDR5,2011-12-29,2011,12,28,3072,3.0,384,264.0,1375
Radeon HD 7970 Asus ARES II Edition,AMD,0,GDDR5,2013-01-01,2013,1,28,6144,6.0,384,633.6,1650
Radeon HD 7970 GHz Matrix Platinum Edition,AMD,0,GDDR5,2012-10-01,2012,10,28,3072,3.0,384,316.8,1650
Radeon HD 7970 Crossfire,AMD,0,GDDR5,2012-01-01,2012,1,28,6144,6.0,384,528.0,1375
Radeon HD 7950 Sapphire OC 3GB Edition,AMD,0,GDDR5,2012-01-03,2012,1,28,3072,3.0,384,240.0,1250
Radeon HD 7950 Vapor-X OC Edition,AMD,0,GDDR5,2012-08-01,2012,8,28,3072,3.0,384,240.0,1250
Radeon HD 7950 WindForce Boost Edition,AMD,0,GDDR5,2012-10-01,2012,10,28,3072,3.0,384,240.0,1250
Radeon HD 7950 Sapphire OC 3GB 950MHz Edition,AMD,0,GDDR5,2012-05-03,2012,5,28,3072,3.0,384,240.0,1250
Radeon HD 7950 VTX3D 3GB Boost X-Edition,AMD,0,GDDR5,2012-08-01,2012,8,28,3072,3.0,384,240.0,1250
Radeon HD 7950 PowerColor PCS+ Edition,AMD,0,GDDR5,2012-01-01,2012,1,28,3072,3.0,384,240.0,1250
Radeon HD 7950 Sapphire FleX 3GB Edition,AMD,0,GDDR5,2012-02-15,2012,2,28,3072,3.0,384,240.0,1250
Radeon HD 7950 Sapphire 3GB Boost Edition,AMD,0,GDDR5,2012-08-01,2012,8,28,3072,3.0,384,240.0,1250
Radeon HD 7950 MSI TwinFrozr Edition,AMD,0,GDDR5,2012-02-01,2012,2,28,3072,3.0,384,240.0,1250
Radeon HD 7950 MSI TwinFrozr Boost Edition Crossfire,AMD,0,GDDR5,2012-10-10,2012,10,28,6144,6.0,384,480.0,1250
Radeon HD 7950 MSI OC Black Edition,AMD,0,GDDR5,2012-10-10,2012,10,28,3072,3.0,384,240.0,1250
Radeon HD 7950 MSI TwinFrozr Boost Edition,AMD,0,GDDR5,2012-10-10,2012,10,28,3072,3.0,384,240.0,1250
Radeon HD 7950 XFX Double D 3GB Edition,AMD,0,GDDR5,2012-04-05,2012,4,28,3072,3.0,384,264.0,1375
Radeon HD 7950 IceQ 3GB Edition,AMD,0,GDDR5,2012-08-01,2012,8,28,3072,3.0,384,240.0,1250
Radeon HD 7950 IceQ Turbo 3GB Edition,AMD,0,GDDR5,2012-08-01,2012,8,28,3072,3.0,384,240.0,1250
Radeon HD 7950 Double D Edition,AMD,0,GDDR5,2012-01-01,2012,1,28,3072,3.0,384,240.0,1250
Radeon HD 7950 Gigabyte WindForce Edition Crossfire,AMD,0,GDDR5,2012-06-01,2012,6,28,6144,6.0,384,480.0,1250
Radeon HD 7950 Gigabyte WindForce Edition,AMD,0,GDDR5,2012-06-01,2012,6,28,3072,3.0,384,240.0,1250
Radeon HD 7950 Double D Black Edition,AMD,0,GDDR5,2012-01-01,2012,1,28,3072,3.0,384,264.0,1375
Radeon HD 7950 DirectCU II TOP Edition,AMD,0,GDDR5,2012-02-02,2012,2,28,3072,3.0,384,240.0,1250
Radeon HD 7950 Crossfire,AMD,0,GDDR5,2012-01-01,2012,1,28,6144,6.0,384,480.0,1250
Radeon HD 7950 Club3D royalKing Edition,AMD,0,GDDR5,2012-11-01,2012,11,28,3072,3.0,384,240.0,1250
Radeon HD 7950 Boost Edition Crossfire,AMD,0,GDDR5,2012-08-01,2012,8,28,6144,6.0,384,480.0,1250
Radeon HD 7950 3-way Crossfire,AMD,0,GDDR5,2012-01-01,2012,1,28,9216,9.0,384,720.0,1250
Radeon HD 7950 Boost Edition,AMD,0,GDDR5,2012-07-22,2012,7,28,3072,3.0,384,240.0,1250
Radeon HD 7950 Asus DirectCU II TOP 3GB Edition,AMD,0,GDDR5,2012-01-31,2012,1,28,3072,3.0,384,240.0,1250
Radeon HD 7870 XT Sapphire Edition,AMD,0,GDDR5,2012-10-01,2012,10,28,2048,2.0,256,192.0,1500
Radeon HD 7870 XT PowerColor Myst. Edition,AMD,0,GDDR5,2012-11-22,2012,11,28,2048,2.0,256,192.0,1500
Radeon HD 7950,AMD,0,GDDR5,2012-01-31,2012,1,28,3072,3.0,384,240.0,1250
Radeon HD 7870 XT Crossfire,AMD,0,GDDR5,2012-11-01,2012,11,28,4096,4.0,256,384.0,1500
Radeon HD 7870 XT,AMD,0,GDDR5,2012-11-01,2012,11,28,2048,2.0,256,192.0,1500
Radeon HD 7870 XFX Core Edition,AMD,0,GDDR5,2012-03-01,2012,3,28,2048,2.0,256,153.6,1200
Radeon HD 7870 Sapphire GHz OC Edition CrossFire,AMD,0,GDDR5,2012-06-25,2012,6,28,4096,4.0,256,320.0,1250
Radeon HD 7870 Twin Frozr III OC 2GB Edition,AMD,0,GDDR5,2012-02-01,2012,2,28,2048,2.0,256,153.6,1200
Radeon HD 7870 PowerColor PCS+ 2GB Edition,AMD,0,GDDR5,2012-03-05,2012,3,28,2048,2.0,256,156.8,1225
Radeon HD 7870 Sapphire GHz 2GB Edition,AMD,0,GDDR5,2012-03-05,2012,3,28,2048,2.0,256,153.6,1200
Radeon HD 7870 Sapphire GHz OC Edition,AMD,0,GDDR5,2012-06-25,2012,6,28,2048,2.0,256,160.0,1250
Radeon HD 7870 PCS+ Vortex II Edition,AMD,0,GDDR5,2012-09-01,2012,9,28,2048,2.0,256,160.0,1250
Radeon HD 7870 PowerColor Devil Edition,AMD,0,GDDR5,2012-05-01,2012,5,28,2048,2.0,256,160.0,1250
Radeon HD 7870 MSI OC Edition,AMD,0,GDDR5,2012-02-01,2012,2,28,2048,2.0,256,153.6,1200
Radeon HD 7870 HIS IceQ X Turbo Edition,AMD,0,GDDR5,2012-04-01,2012,4,28,2048,2.0,256,160.0,1250
Radeon HD 7870 PowerColor OC Edition,AMD,0,GDDR5,2012-06-01,2012,6,28,2048,2.0,256,153.6,1200
Radeon HD 7870 MSI Hawk Edition,AMD,0,GDDR5,2012-02-01,2012,2,28,2048,2.0,256,153.6,1200
Radeon HD 7870 HIS IceQ Turbo Edition,AMD,0,GDDR5,2012-04-01,2012,4,28,2048,2.0,256,153.6,1200
Radeon HD 7870 Gigabyte OC Edition,AMD,0,GDDR5,2012-05-01,2012,5,28,2048,2.0,256,153.6,1200
Radeon HD 7870 HIS IceQ Edition,AMD,0,GDDR5,2012-04-01,2012,4,28,2048,2.0,256,153.6,1200
Radeon HD 7870 DirectCU II 2GB Edition,AMD,0,GDDR5,2012-06-01,2012,6,28,2048,2.0,256,154.9,1210
Radeon HD 7870 Double D Edition,AMD,0,GDDR5,2012-08-01,2012,8,28,2048,2.0,256,153.6,1200
Radeon HD 7870 DirectCU II TOP v2 Edition,AMD,0,GDDR5,2012-05-01,2012,5,28,2048,2.0,256,153.6,1200
Radeon HD 7870 Crossfire,AMD,0,GDDR5,2012-03-01,2012,3,28,4096,4.0,256,307.2,1200
Radeon HD 7870 Double D Black Edition,AMD,0,GDDR5,2012-08-01,2012,8,28,2048,2.0,256,160.0,1250
Radeon HD 7870,AMD,0,GDDR5,2012-03-05,2012,3,28,2048,2.0,256,153.6,1200
Radeon HD 7870 Club3D royalQueen 2GB Edition,AMD,0,GDDR5,2012-03-05,2012,3,28,2048,2.0,256,153.6,1200
Radeon HD 7870 Club3D jokerCard 2GB Edition,AMD,0,GDDR5,2012-03-05,2012,3,28,2048,2.0,256,153.6,1200
Radeon HD 7850 XFX Core Edition,AMD,0,GDDR5,2012-03-01,2012,3,28,1024,1.0,256,160.0,1250
Radeon HD 7850 XFX DD Black Edition,AMD,0,GDDR5,2012-06-01,2012,6,28,2048,2.0,256,160.0,1250
Radeon HD 7850 XFX Ultra OC Edition,AMD,0,GDDR5,2012-06-01,2012,6,28,1024,1.0,256,153.6,1200
Radeon HD 7850 XFX Core 2GB Edition,AMD,0,GDDR5,2012-03-01,2012,3,28,2048,2.0,256,160.0,1250
Radeon HD 7870 Club3D GHz Edition,AMD,0,GDDR5,2012-03-01,2012,3,28,2048,2.0,256,153.6,1200
Radeon HD 7850 VTX3D X-Edition,AMD,0,GDDR5,2012-06-01,2012,6,28,1024,1.0,256,156.8,1225
Radeon HD 7850 Twin Frozr III OC,AMD,0,GDDR5,2012-02-01,2012,2,28,2048,2.0,256,153.6,1200
Radeon HD 7850 VisionTek 2GB Edition,AMD,0,GDDR5,2012-05-12,2012,5,28,2048,2.0,256,153.6,1200
Radeon HD 7850 Sapphire OC Edition,AMD,0,GDDR5,2012-03-14,2012,3,28,2048,2.0,256,160.0,1250
Radeon HD 7850 HIS IceQ 2GB Turbo Edition,AMD,0,GDDR5,2012-12-01,2012,12,28,2048,2.0,256,153.6,1200
Radeon HD 7850 MSI Power Edition 2GB OC,AMD,0,GDDR5,2012-05-01,2012,5,28,2048,2.0,256,153.6,1200
Radeon HD 7850 MSI OC 1GB Edition,AMD,0,GDDR5,2012-02-01,2012,2,28,1024,1.0,256,153.6,1200
Radeon HD 7850 PowerColor PCS+ 2GB Edition,AMD,0,GDDR5,2012-05-01,2012,5,28,2048,2.0,256,156.8,1225
Radeon HD 7850 HIS IceQ X Turbo X Edition,AMD,0,GDDR5,2012-03-01,2012,3,28,2048,2.0,256,160.0,1250
Radeon HD 7850 Gigabyte OC Edition,AMD,0,GDDR5,2012-02-01,2012,2,28,2048,2.0,256,153.6,1200
Radeon HD 7850 MSI OC 2GB Edition,AMD,0,GDDR5,2012-02-01,2012,2,28,2048,2.0,256,153.6,1200
Radeon HD 7850 Gigabyte OC 1GB Edition,AMD,0,GDDR5,2012-02-01,2012,2,28,1024,1.0,256,153.6,1200
Radeon HD 7850 HIS Fan 2GB Edition,AMD,0,GDDR5,2012-03-06,2012,3,28,2048,2.0,256,153.6,1200
Radeon HD 7850 Club3D royalQueen Edition,AMD,0,GDDR5,2012-02-01,2012,2,28,2048,2.0,256,153.6,1200
Radeon HD 7850 Direct CU II TOP,AMD,0,GDDR5,2012-06-01,2012,6,28,2048,2.0,256,160.0,1250
Radeon HD 7850 Club3D royalAce Edition,AMD,0,GDDR5,2012-09-01,2012,9,28,2048,2.0,256,153.6,1200
Radeon HD 7850 Crossfire,AMD,0,GDDR5,2012-03-01,2012,3,28,4096,4.0,256,307.2,1200
Radeon HD 7850 Direct CU II,AMD,0,GDDR5,2012-06-01,2012,6,28,2048,2.0,256,154.9,1210
Radeon HD 7850 Club3D royalQueen 1GB Edition,AMD,0,GDDR5,2012-02-01,2012,2,28,1024,1.0,256,153.6,1200
Radeon HD 7850 Club3D royalKing Edition,AMD,0,GDDR5,2012-02-01,2012,2,28,2048,2.0,256,153.6,1200
Radeon HD 7850 2GB PowerColor v2 Edition,AMD,0,GDDR5,2012-05-01,2012,5,28,2048,2.0,256,153.6,1200
Radeon HD 7850 2GB Sapphire Edition,AMD,0,GDDR5,2012-08-01,2012,8,28,2048,2.0,256,153.6,1200
Radeon HD 7850 1GB Sapphire Edition,AMD,0,GDDR5,2012-08-01,2012,8,28,1024,1.0,256,160.0,1250
Radeon HD 7850,AMD,0,GDDR5,2012-03-19,2012,3,28,2048,2.0,256,153.6,1200
Radeon HD 7790 VTX3D X-Edition,AMD,0,GDDR5,2013-03-01,2013,3,28,1024,1.0,128,102.4,1600
Radeon HD 7790 VTX3D X-Edition v2,AMD,0,GDDR5,2013-03-01,2013,3,28,2048,2.0,128,102.4,1600
Radeon HD 7790 MSI 1GB OC Edition,AMD,0,GDDR5,2013-03-22,2013,3,28,1024,1.0,128,96.0,1500
Radeon HD 7790 VTX3D VChamp Edition,AMD,0,GDDR5,2013-03-01,2013,3,28,2048,2.0,128,102.4,1600
Radeon HD 7790 Gigabyte 2GB OC Edition,AMD,0,GDDR5,2013-03-22,2013,3,28,2048,2.0,128,96.0,1500
Radeon HD 7790 Sapphire OC Edition,AMD,0,GDDR5,2013-03-01,2013,3,28,2048,2.0,128,102.4,1600
Radeon HD 7790 PowerColor TurboDuo Edition,AMD,0,GDDR5,2013-03-01,2013,3,28,1024,1.0,128,96.0,1500
Radeon HD 7790 Sapphire Dual-X OC Edition,AMD,0,GDDR5,2013-03-01,2013,3,28,1024,1.0,128,102.4,1600
Radeon HD 7790 DirectCU II OC 2GB Edition,AMD,0,GDDR5,2013-03-22,2013,3,28,2048,2.0,128,102.4,1600
Radeon HD 7790 Gigabyte 1GB OC Edition,AMD,0,GDDR5,2013-03-22,2013,3,28,1024,1.0,128,96.0,1500
Radeon HD 7790 DirectCU II OC Edition,AMD,0,GDDR5,2013-03-22,2013,3,28,1024,1.0,128,102.4,1600
Radeon HD 7770 XFX Double Dissipation 1GB Edition,AMD,0,GDDR5,2012-03-31,2012,3,28,1024,1.0,128,72.0,1125
Radeon HD 7770 XFX Ultra OC Edition,AMD,0,GDDR5,2012-05-01,2012,5,28,1024,1.0,128,79.7,1245
Radeon HD 7790,AMD,0,GDDR5,2013-03-22,2013,3,28,1024,1.0,128,96.0,1500
Radeon HD 7770 XFX Core 1GB Edition,AMD,0,GDDR5,2012-02-01,2012,2,28,1024,1.0,128,72.0,1125
Radeon HD 7790 Crossfire,AMD,0,GDDR5,2013-03-22,2013,3,28,2048,2.0,128,192.0,1500
Radeon HD 7770 Sapphire GHz OC Edition,AMD,0,GDDR5,2012-02-16,2012,2,28,1024,1.0,128,80.0,1250
Radeon HD 7790 Club3D 13 Series Edition,AMD,0,GDDR5,2013-03-01,2013,3,28,2048,2.0,128,102.4,1600
Radeon HD 7770 VTX3D X-Edition,AMD,0,GDDR5,2012-06-01,2012,6,28,1024,1.0,128,80.0,1250
Radeon HD 7770 Vapor-X GHz OC Edition,AMD,0,GDDR5,2012-08-01,2012,8,28,1024,1.0,128,83.2,1300
Radeon HD 7770 Sapphire Edition,AMD,0,GDDR5,2012-02-01,2012,2,28,1024,1.0,128,72.0,1125
Radeon HD 7770 MSI Power Edition,AMD,0,GDDR5,2012-02-01,2012,2,28,1024,1.0,128,72.0,1125
Radeon HD 7770 Sapphire Flex GHz Edition,AMD,0,GDDR5,2012-08-01,2012,8,28,1024,1.0,128,72.0,1125
Radeon HD 7770 PowerColor GHz Edition,AMD,0,GDDR5,2012-02-01,2012,2,28,1024,1.0,128,72.0,1125
Radeon HD 7770 MSI PMD1 Edition,AMD,0,GDDR5,2012-02-01,2012,2,28,1024,1.0,128,72.0,1125
Radeon HD 7770 PowerColor PCS+ Edition,AMD,0,GDDR5,2012-03-01,2012,3,28,1024,1.0,128,72.0,1125
Radeon HD 7770 iCooler 1GB Edition,AMD,0,GDDR5,2012-04-01,2012,4,28,1024,1.0,128,72.0,1125
Radeon HD 7770 MSI 2PM OC Edition,AMD,0,GDDR5,2012-01-02,2012,1,28,1024,1.0,128,73.6,1150
Radeon HD 7770 Gigabyte OC rev. 2.0 Edition,AMD,0,GDDR5,2012-12-01,2012,12,28,1024,1.0,128,72.0,1125
Radeon HD 7770 Gigabyte OC Edition,AMD,0,GDDR5,2012-06-01,2012,6,28,1024,1.0,128,80.0,1250
Radeon HD 7770 Direct CU II TOP Edition,AMD,0,GDDR5,2012-06-01,2012,6,28,1024,1.0,128,73.6,1150
Radeon HD 7770 DirectCU II V2 Edition,AMD,0,GDDR5,2012-06-01,2012,6,28,1024,1.0,128,73.6,1150
Radeon HD 7770 Ghost Thermal Edition,AMD,0,GDDR5,2012-02-01,2012,2,28,1024,1.0,128,72.0,1125
Radeon HD 7770 BE Super Overclock Edition,AMD,0,GDDR5,2012-02-01,2012,2,28,1024,1.0,128,83.2,1300
Radeon HD 7770 Asus GHz Edition,AMD,0,GDDR5,2012-06-01,2012,6,28,2048,2.0,128,73.6,1150
Radeon HD 7770 2GB GHz Edition,AMD,0,GDDR5,2012-02-15,2012,2,28,2048,2.0,128,72.0,1125
Radeon HD 7750 XFX Core Edition,AMD,0,GDDR5,2012-02-01,2012,2,28,1024,1.0,128,72.0,1125
Radeon HD 7770 Crossfire,AMD,0,GDDR5,2012-02-01,2012,2,28,2048,2.0,128,144.0,1125
Radeon HD 7750 VTX3D 1GB GDDR5 Edition,AMD,0,GDDR5,2012-02-01,2012,2,28,1024,1.0,128,72.0,1125
Radeon HD 7750 Sapphire 2GB DDR3 Edition,AMD,0,DDR3,2012-08-01,2012,8,28,2048,2.0,128,25.6,800
Radeon HD 7750 Sapphire Low Profile,AMD,0,GDDR5,2012-08-01,2012,8,28,1024,1.0,128,72.0,1125
Radeon HD 7750 Sapphire Ultimate,AMD,0,GDDR5,2012-02-01,2012,2,28,1024,1.0,128,72.0,1125
Radeon HD 7770 1GB GDDR5,AMD,0,GDDR5,2012-02-15,2012,2,28,1024,1.0,128,72.0,1125
Radeon HD 7750 Sapphire 1GB GDDR5 Edition,AMD,0,GDDR5,2012-08-01,2012,8,28,1024,1.0,128,72.0,1125
Radeon HD 7750 VTX3D 1GB DDR3 Edition,AMD,0,DDR3,2012-10-01,2012,10,28,1024,1.0,128,25.6,800
Radeon HD 7750 PowerColor 1GB Edition,AMD,0,GDDR5,2012-05-01,2012,5,28,1024,1.0,128,72.0,1125
Radeon HD 7750 PowerColor 4GB DDR3 Edition,AMD,0,DDR3,2012-12-12,2012,12,28,4096,4.0,128,25.6,800
Radeon HD 7750 MSI PMD1 OC Edition,AMD,0,GDDR5,2012-02-01,2012,2,28,1024,1.0,128,72.0,1125
Radeon HD 7750 MSI PMD 2GB DDR3 Edition,AMD,0,DDR3,2012-08-01,2012,8,28,2048,2.0,128,25.6,800
Radeon HD 7750 MSI OC Power Edition,AMD,0,GDDR5,2012-05-01,2012,5,28,1024,1.0,128,72.0,1125
Radeon HD 7750 HIS iCooler Dual Fan 1GB Edition,AMD,0,GDDR5,2012-02-15,2012,2,28,1024,1.0,128,72.0,1125
Radeon HD 7750 MSI OC Edition,AMD,0,GDDR5,2012-08-01,2012,8,28,1024,1.0,128,72.0,1125
Radeon HD 7750 Gigabyte 1GB OC Edition,AMD,0,GDDR5,2012-02-01,2012,2,28,1024,1.0,128,72.0,1125
Radeon HD 7750 Gigabyte OC 2GB DDR3 Edition,AMD,0,DDR3,2012-10-01,2012,10,28,2048,2.0,128,25.6,800
Radeon HD 7750 Club3D Low Profile Edition,AMD,0,GDDR5,2012-08-01,2012,8,28,1024,1.0,128,72.0,1125
Radeon HD 7750 Crossfire,AMD,0,GDDR5,2012-02-01,2012,2,28,2048,2.0,128,144.0,1125
Radeon HD 7750 1GB GDDR5,AMD,0,GDDR5,2012-02-15,2012,2,28,1024,1.0,128,72.0,1125
Radeon HD 7750 Double D Black Edition,AMD,0,GDDR5,2012-06-01,2012,6,28,1024,1.0,128,72.0,1125
Radeon HD 7730 v2 Sapphire 1GB Edition,AMD,0,DDR3,2013-05-10,2013,5,28,1024,1.0,128,28.8,900
Radeon HD 7750 Asus 1GB Edition,AMD,0,GDDR5,2012-02-01,2012,2,28,1024,1.0,128,73.6,1150
Radeon HD 7730 v2 XFX Core 4GB Edition,AMD,0,DDR3,2013-07-11,2013,7,28,4096,4.0,128,20.8,650
Radeon HD 7730 v2 Sapphire 2GB Edition,AMD,0,DDR3,2013-05-10,2013,5,28,2048,2.0,128,28.8,900
Radeon HD 7730 v2 PowerColor 2GB Edition,AMD,0,DDR3,2013-07-24,2013,7,28,2048,2.0,128,25.6,800
Radeon HD 7720,AMD,0,GDDR5,2013-03-31,2013,3,40,1024,1.0,256,134.4,1050
Radeon HD 7730 v2,AMD,0,DDR3,2013-05-01,2013,5,28,2048,2.0,128,28.8,900
Radeon HD 7650A,AMD,0,DDR3,2012-01-01,2012,1,40,1024,1.0,128,28.8,900
Radeon HD 7670A,AMD,0,GDDR5,2012-01-01,2012,1,40,1024,1.0,128,64.0,1000
Radeon HD 7750 Asus TOP 1GB Edition,AMD,0,GDDR5,2012-02-01,2012,2,28,1024,1.0,128,73.6,1150
Radeon HD 7730,AMD,0,GDDR5,2013-05-01,2013,5,28,1024,1.0,128,72.0,1125
Radeon HD 7670 v2,AMD,0,DDR3,2012-01-05,2012,1,40,2048,2.0,128,25.6,800
Radeon HD 7570,AMD,0,GDDR5,2012-01-05,2012,1,40,1024,1.0,128,51.2,800
Radeon HD 7670,AMD,0,GDDR5,2012-01-05,2012,1,40,1024,1.0,128,64.0,1000
Radeon HD 7570 v2 Pegatron 1GB Edition,AMD,0,DDR3,2012-01-05,2012,1,40,1024,1.0,128,25.6,800
Radeon HD 7570 v2,AMD,0,DDR3,2012-01-05,2012,1,40,1024,1.0,128,28.8,900
Radeon HD 7470,AMD,0,GDDR5,2012-01-05,2012,1,40,512,0.5,64,28.8,900
Radeon HD 7470A,AMD,0,DDR3,2012-01-01,2012,1,40,1024,1.0,64,12.8,800
Radeon HD 7350,AMD,0,GDDR3,2012-01-05,2012,1,40,512,0.5,64,12.8,800
Radeon HD 7450A,AMD,0,DDR3,2012-01-01,2012,1,40,,,64,12.8,800
Radeon HD 7450,AMD,0,GDDR3,2012-01-05,2012,1,40,512,0.5,64,8.5,533
Radeon HD 8860 (OEM),AMD,0,GDDR5,2013-01-08,2013,1,28,2048,2.0,256,179.2,1400
Radeon HD 8870 (OEM),AMD,0,GDDR5,2013-01-08,2013,1,28,2048,2.0,256,153.6,1200
Radeon HD 8770 (OEM),AMD,0,GDDR5,2013-09-02,2013,9,28,1024,1.0,128,96.0,1500
Radeon HD 8970 (OEM),AMD,0,GDDR5,2013-01-08,2013,1,28,3072,3.0,384,264.0,1375
Radeon HD 8950 (OEM),AMD,0,GDDR5,2013-01-08,2013,1,28,3072,3.0,384,240.0,1250
Radeon HD 8740 (OEM),AMD,0,GDDR5,2013-09-05,2013,9,28,2048,2.0,128,72.0,1125
Radeon HD 8760 (OEM),AMD,0,GDDR5,2013-01-08,2013,1,28,2048,2.0,128,72.0,1125
Radeon HD 8670 (OEM),AMD,0,GDDR5,2013-01-08,2013,1,28,2048,2.0,128,73.6,1150
Radeon HD 8450 (OEM),AMD,0,DDR3,2013-01-08,2013,1,40,512,0.5,64,8.5,533
Radeon HD 8470 (OEM),AMD,0,GDDR5,2013-01-08,2013,1,40,512,0.5,64,28.8,900
Radeon HD 8350 (OEM),AMD,0,DDR3,2013-01-08,2013,1,40,512,0.5,64,12.8,800
Radeon HD 8570 (OEM),AMD,0,DDR3,2013-01-08,2013,1,28,2048,2.0,128,28.8,900
GeForce 6800 XT,NVIDIA,0,DDR,2005-01-02,2005,1,,256,0.25,256,11.2,350
GeForce 6800 Ultra,NVIDIA,0,GDDR3,2005-03-01,2005,3,,256,0.25,256,35.2,550
GeForce FX 5950 Ultra,NVIDIA,0,DDR,2003-10-23,2003,10,130,256,0.25,256,15.2,475
GeForce4 Ti 4800,NVIDIA,0,DDR,2003-01-20,2003,1,,128,0.125,128,5.1,320
GeForce 256,NVIDIA,0,DDR,1999-08-31,1999,8,,32,0.03125,128,2.7,166
GeForce FX 5900XT,NVIDIA,0,DDR,2003-12-01,2003,12,130,128,0.125,256,11.2,350
GeForce 6800 Series 128MB,NVIDIA,0,DDR,2004-04-01,2004,4,,128,0.125,256,11.2,350
GeForce GT 705,NVIDIA,0,DDR3,2014-03-27,2014,3,40,1024,1.0,64,13.2,825
GeForce4 Ti 4800 SE,NVIDIA,0,DDR,2003-01-20,2003,1,150,128,0.125,128,4.4,275
GeForce GTX 590 Zotac Edition,NVIDIA,0,GDDR5,2011-03-01,2011,3,40,3072,3.0,384,327.9,854
GeForce GTX 295 EVGA CO-OP 1792MB Edition,NVIDIA,0,GDDR3,2009-06-15,2009,6,55,1792,1.75,448,225.8,1008
GeForce GTX 480 SLI,NVIDIA,0,GDDR5,2010-03-01,2010,3,40,3072,3.0,384,354.8,924
GeForce 3 Ti 500,NVIDIA,0,DDR,2001-10-01,2001,10,,128,0.125,128,4.0,250
GeForce GT 330,NVIDIA,0,DDR2,2010-02-01,2010,2,55,256,0.25,128,16.3,510
GeForce GTX 295 EVGA CO-OP Hydro Copper 1792MB Edition,NVIDIA,0,GDDR3,2009-06-15,2009,6,55,1792,1.75,448,235.9,1053
GeForce GT 340,NVIDIA,0,GDDR5,2010-02-01,2010,2,40,1024,1.0,128,54.4,850
GeForce GTX 690 SLI,NVIDIA,0,GDDR5,2012-05-03,2012,5,28,8192,8.0,512,769.0,1502
GeForce 310 512MB,NVIDIA,0,DDR2,2009-11-01,2009,11,40,512,0.5,64,6.4,400
GeForce 315 512MB,NVIDIA,0,DDR3,2010-02-01,2010,2,40,512,0.5,64,12.6,790
GeForce GT 320,NVIDIA,0,GDDR3,2010-02-01,2010,2,40,1024,1.0,128,25.3,790
GeForce GTX 680 Zotac 4GB Edition,NVIDIA,0,GDDR5,2012-05-01,2012,5,28,4096,4.0,256,192.3,1502
GeForce GTX 690,NVIDIA,0,GDDR5,2012-05-03,2012,5,28,4096,4.0,256,384.0,1500
GeForce GTX 690 Asus 4GB Edition,NVIDIA,0,GDDR5,2012-05-01,2012,5,28,4096,4.0,512,384.5,1502
GeForce GTX 980 Zotac AMP! Omega Core 4GB Edition,NVIDIA,0,GDDR5,2015-07-01,2015,7,28,4096,4.0,256,225.5,1762
GeForce GTX 680 Zotac AMP Edition,NVIDIA,0,GDDR5,2012-04-01,2012,4,28,2048,2.0,256,211.5,1652
GeForce GTX 680 WinFast 4GB Edition,NVIDIA,0,GDDR5,2012-03-01,2012,3,28,4096,4.0,256,192.3,1502
GeForce GTX 680 Quad SLI,NVIDIA,0,GDDR5,2012-03-01,2012,3,28,8192,8.0,256,769.0,1502
GeForce GTX 690 Hydro Copper Signature Edition,NVIDIA,0,GDDR5,2012-09-01,2012,9,28,4096,4.0,512,384.5,1502
GeForce GTX 680 Phantom 2GB Edition,NVIDIA,0,GDDR5,2012-04-01,2012,4,28,2048,2.0,256,201.6,1575
GeForce GTX 680 Twin Frozr OC Edition,NVIDIA,0,GDDR5,2012-04-13,2012,4,28,2048,2.0,256,192.3,1502
GeForce GTX 680 PNY XLR8 Enthusiast 4GB Edition,NVIDIA,0,GDDR5,2012-04-23,2012,4,28,4096,4.0,256,192.3,1502
GeForce GTX 680 Phantom 4GB Edition,NVIDIA,0,GDDR5,2012-06-01,2012,6,28,4096,4.0,256,192.3,1502
GeForce GTX 680 Palit Jetstream 2GB Edition,NVIDIA,0,GDDR5,2012-04-01,2012,4,28,2048,2.0,256,201.6,1575
GeForce GTX 680 Palit Jetstream 4GB Edition,NVIDIA,0,GDDR5,2012-04-01,2012,4,28,4096,4.0,256,192.3,1502
GeForce GTX 1080 Ti Zotac Founders Edition 11GB,NVIDIA,0,GDDR5X,2017-03-05,2017,3,16,11264,11.0,88,484.4,1376
GeForce GTX 680 SLI,NVIDIA,0,GDDR5,2012-03-01,2012,3,28,4096,4.0,256,384.5,1502
GeForce GTX 1080 Zotac AMP 8GB Edition,NVIDIA,0,GDDR5X,2016-06-27,2016,6,16,8192,8.0,256,320.3,1251
GeForce GTX 1080 Ti Zotac AMP! Extreme,NVIDIA,0,GDDR5X,2017-03-10,2017,3,16,11264,11.0,176,493.5,1402
GeForce GTX 1080 Zotac Founders 8GB Edition,NVIDIA,0,GDDR5X,2016-05-27,2016,5,16,8192,8.0,256,320.3,1251
GeForce GTX 1080 Zotac AMP Extreme 8GB Edition,NVIDIA,0,GDDR5X,2016-06-27,2016,6,16,8192,8.0,256,345.6,1350
GeForce GTX 1080 Ti Zotac PGF Extreme OC,NVIDIA,0,GDDR5X,2017-03-10,2017,3,16,11264,11.0,88,484.4,1376
GeForce GTX 295 EVGA Red 1792MB Edition,NVIDIA,0,GDDR3,2009-01-08,2009,1,55,1792,1.75,448,223.8,999
GeForce GTX 1080 Ti SLI,NVIDIA,0,GDDR5X,2017-03-05,2017,3,16,11264,11.0,176,484.4,1376
GeForce GTX 1080 Ti Zotac AMP!,NVIDIA,0,GDDR5X,2017-03-10,2017,3,16,11264,11.0,88,484.4,1376
GeForce GTX 1080 Ti PNY Founders Edition 11GB,NVIDIA,0,GDDR5X,2017-03-05,2017,3,16,11264,11.0,88,484.4,1376
GeForce GTX 1080 Ti MSI Lightning X 11GB,NVIDIA,0,GDDR5X,2017-03-05,2017,3,16,11264,11.0,88,484.4,1376
GeForce GTX 1080 Ti MSI Gaming 11GB,NVIDIA,0,GDDR5X,2017-03-05,2017,3,16,11264,11.0,88,484.4,1376
GeForce GTX 1080 Ti MSI Sea Hawk X 11GB,NVIDIA,0,GDDR5X,2017-03-05,2017,3,16,11264,11.0,88,489.3,1390
GeForce GTX 1080 Ti Palit Founders Edition 11GB,NVIDIA,0,GDDR5X,2017-03-05,2017,3,16,11264,11.0,88,484.4,1376
GeForce GTX 1080 Ti MSI Gaming X 11GB,NVIDIA,0,GDDR5X,2017-03-05,2017,3,16,11264,11.0,88,484.4,1376
GeForce GTX 1080 Ti MSI Founders Edition 11GB,NVIDIA,0,GDDR5X,2017-03-05,2017,3,16,11264,11.0,88,484.4,1376
GeForce GTX 1080 Ti MSI Sea Hawk 11GB,NVIDIA,0,GDDR5X,2017-03-05,2017,3,16,11264,11.0,88,484.4,1376
GeForce GTX 1080 Ti MSI Armor 11GB Edition,NVIDIA,0,GDDR5X,2017-03-05,2017,3,16,11264,11.0,88,484.4,1376
GeForce GTX 1080 Ti MSI Armor OC 11GB,NVIDIA,0,GDDR5X,2017-03-05,2017,3,16,11264,11.0,88,484.4,1376
GeForce GTX 1080 Ti Kuroutoshikou Founders Edition 11GB,NVIDIA,0,GDDR5X,2017-03-05,2017,3,16,11264,11.0,88,484.4,1376
GeForce GTX 1080 Ti Inno3D iChiLL X3 Ultra 11GB,NVIDIA,0,GDDR5X,2017-03-05,2017,3,16,11264,11.0,352,502.0,1426
GeForce GTX 1080 Ti Manli F369G 11GB,NVIDIA,0,GDDR5X,2017-03-22,2017,3,16,11264,11.0,88,484.4,1376
GeForce GTX 1080 Ti Inno3D iChiLL X4 11GB,NVIDIA,0,GDDR5X,2017-03-05,2017,3,16,11264,11.0,88,502.0,1426
GeForce GTX 1080 Ti Inno3D iChiLL X3 11GB,NVIDIA,0,GDDR5X,2017-03-05,2017,3,16,11264,11.0,352,502.0,1426
GeForce GTX 1080 Ti KFA Founders Edition 11GB,NVIDIA,0,GDDR5X,2017-03-05,2017,3,16,11264,11.0,88,484.4,1376
GeForce GTX 1080 Ti Inno3D Founders Edition 11GB,NVIDIA,0,GDDR5X,2017-03-05,2017,3,16,11264,11.0,88,484.4,1376
GeForce GTX 1080 Ti Inno3D Gaming OC 11GB,NVIDIA,0,GDDR5X,2017-03-05,2017,3,16,11264,11.0,352,484.4,1376
GeForce GTX 1080 Ti Inno3D iChiLL Black 11GB,NVIDIA,0,GDDR5X,2017-03-05,2017,3,16,11264,11.0,88,484.4,1376
GeForce GTX 1080 Ti Gigabyte Founders Edition 11GB,NVIDIA,0,GDDR5X,2017-03-05,2017,3,16,11264,11.0,88,484.4,1376
GeForce GTX 1080 Ti Inno3D iChiLL X4 Ultra 11GB,NVIDIA,0,GDDR5X,2017-03-10,2017,3,16,11264,11.0,88,502.0,1426
GeForce GTX 1080 Ti MSI Aero 11GB,NVIDIA,0,GDDR5X,2017-03-05,2017,3,16,11264,11.0,176,484.4,1376
GeForce GTX 1080 Ti MSI Aero OC 11GB,NVIDIA,0,GDDR5X,2017-03-05,2017,3,16,11264,11.0,176,484.4,1376
GeForce GTX 1080 Ti Gigabyte AORUS Xtreme Edition 11GB,NVIDIA,0,GDDR5X,2017-03-05,2017,3,16,11264,11.0,88,494.2,1404
GeForce GTX 1080 Ti Galax Hall of Fame Edition 11GB,NVIDIA,0,GDDR5X,2017-03-05,2017,3,16,11264,11.0,352,484.4,1376
GeForce GTX 1080 Ti Gigabyte G1 Gaming 11GB,NVIDIA,0,GDDR5X,2017-03-05,2017,3,16,11264,11.0,88,484.4,1376
GeForce GTX 1080 Ti Galax Founders Edition 11GB,NVIDIA,0,GDDR5X,2017-03-05,2017,3,16,11264,11.0,352,484.4,1376
GeForce GTX 1080 Ti EVGA SC2 Gaming 11GB,NVIDIA,0,GDDR5X,2017-03-05,2017,3,16,11264,11.0,88,484.4,1376
GeForce GTX 1080 Ti EVGA SC Black Edition Gaming 11GB,NVIDIA,0,GDDR5X,2017-03-05,2017,3,16,11264,11.0,88,484.4,1376
GeForce GTX 1080 Ti Gainward Founders Edition 11GB,NVIDIA,0,GDDR5X,2017-03-05,2017,3,16,11264,11.0,352,484.4,1376
GeForce GTX 1080 Ti Colorful Founders Edition 11GB,NVIDIA,0,GDDR5X,2017-03-05,2017,3,16,11264,11.0,88,484.4,1376
GeForce GTX 1080 Ti EVGA Founders Edition 11GB,NVIDIA,0,GDDR5X,2017-03-05,2017,3,16,11264,11.0,352,484.4,1376
GeForce GTX 1080 Ti ELSA Founders Edition 11GB,NVIDIA,0,GDDR5X,2017-03-05,2017,3,16,11264,11.0,88,484.4,1376
GeForce GTX 1080 Ti EVGA FTW3 Gaming 11GB,NVIDIA,0,GDDR5X,2017-03-05,2017,3,16,11264,11.0,88,484.4,1376
GeForce GTX 1080 Ti ASUS Turbo 11GB,NVIDIA,0,GDDR5X,2017-03-10,2017,3,16,11264,11.0,352,484.4,1376
GeForce GTX 1080 Ti ASUS ROG STRIX OC 11GB,NVIDIA,0,GDDR5X,2017-03-05,2017,3,16,11264,11.0,352,488.6,1388
GeForce GTX 1080 Ti ASUS ROG STRIX 11GB,NVIDIA,0,GDDR5X,2017-03-05,2017,3,16,11264,11.0,352,488.6,1388
GeForce GTX 1080 Ti,NVIDIA,0,GDDR5X,2017-03-05,2017,3,16,11264,11.0,352,484.4,1376
GeForce GTX 1080 Ti ASUS Founders Edition 11GB,NVIDIA,0,GDDR5X,2017-03-05,2017,3,16,11264,11.0,352,484.4,1376
GeForce GTX 1080 Palit Super JetStream 8GB Edition,NVIDIA,0,GDDR5X,2016-05-27,2016,5,16,8192,8.0,256,320.3,1251
GeForce GTX 1080 PNY Founders 8GB Edition,NVIDIA,0,GDDR5X,2016-05-27,2016,5,16,8192,8.0,256,320.3,1251
GeForce GTX 1080 Palit Founders 8GB Edition,NVIDIA,0,GDDR5X,2016-05-27,2016,5,16,8192,8.0,256,320.3,1251
GeForce GTX 1080 SLI,NVIDIA,0,GDDR5X,2016-05-27,2016,5,16,16384,16.0,256,640.5,1251
GeForce GTX 1080 MSI Armor 8GB Edition,NVIDIA,0,GDDR5X,2016-05-27,2016,5,16,8192,8.0,256,320.3,1251
GeForce GTX 1080 MSI Founders 8GB Edition,NVIDIA,0,GDDR5X,2016-05-27,2016,5,16,8192,8.0,256,320.0,1250
GeForce GTX 1080 MSI Gaming X 8GB Edition,NVIDIA,0,GDDR5X,2016-05-27,2016,5,16,8192,8.0,256,323.3,1263
GeForce GTX 1080 Palit JetStream 8GB Edition,NVIDIA,0,GDDR5X,2016-05-27,2016,5,16,8192,8.0,256,320.3,1251
GeForce GTX 1080 Palit GameRock 8GB Edition,NVIDIA,0,GDDR5X,2016-05-27,2016,5,16,8192,8.0,256,320.3,1251
GeForce GTX 1080 MSI Armor OC 8GB Edition,NVIDIA,0,GDDR5X,2016-05-27,2016,5,16,8192,8.0,256,320.3,1251
GeForce GTX 1080 Ti Inno3D Twin X2 11GB,NVIDIA,0,GDDR5X,2017-03-05,2017,3,16,11264,11.0,88,484.4,1376
GeForce GTX 1080 MSI Sea Hawk 8GB Edition,NVIDIA,0,GDDR5X,2016-05-27,2016,5,16,8192,8.0,256,323.3,1263
GeForce GTX 1080 MSI Aero OC 8GB Edition,NVIDIA,0,GDDR5X,2016-05-27,2016,5,16,8192,8.0,256,320.3,1251
GeForce GTX 1080 MSI Aero 8GB Edition,NVIDIA,0,GDDR5X,2016-05-27,2016,5,16,8192,8.0,256,320.3,1251
GeForce GTX 1080 Gigabyte Founders 8GB Edition,NVIDIA,0,GDDR5X,2016-05-27,2016,5,16,8192,8.0,256,320.0,1250
GeForce GTX 1080 Gigabyte G1 Gaming 8GB Edition,NVIDIA,0,GDDR5X,2016-06-27,2016,6,16,8192,8.0,256,320.3,1251
GeForce GTX 1080 EVGA FTW ACX 3.0 8GB Edition,NVIDIA,0,GDDR5X,2016-06-27,2016,6,16,8192,8.0,256,320.3,1251
GeForce GTX 1080 EVGA ACX 3.0 8GB Edition,NVIDIA,0,GDDR5X,2016-05-27,2016,5,16,8192,8.0,256,320.3,1251
GeForce GTX 1080 Colorful iGame X-TOP 8GB,NVIDIA,0,GDDR5X,2016-05-27,2016,5,16,8192,8.0,256,320.3,1251
GeForce GTX 1080 Inno3D Founders 8GB Edition,NVIDIA,0,GDDR5X,2016-05-27,2016,5,16,8192,8.0,256,320.3,1251
GeForce GTX 1080 Ti Gainward Founders Edition 11GB (China),NVIDIA,0,GDDR5X,2017-03-05,2017,3,16,11264,11.0,352,484.4,1376
GeForce GTX 1080 EVGA 8GB Edition,NVIDIA,0,GDDR5X,2016-05-27,2016,5,16,8192,8.0,256,320.3,1251
GeForce GTX 1080 Asus ROG Strix Gaming 8GB,NVIDIA,0,GDDR5X,2016-07-27,2016,7,16,8192,8.0,256,320.3,1251
GeForce GTX 1080 Asus ROG Strix Gaming OC 8GB Edition,NVIDIA,0,GDDR5X,2016-05-27,2016,5,16,8192,8.0,256,320.3,1251
GeForce GTX 1080 EVGA SuperClocked ACX 3.0 8GB Edition,NVIDIA,0,GDDR5X,2016-05-27,2016,5,16,8192,8.0,256,320.3,1251
GeForce GTX 1080 EVGA Founders 8GB Edition,NVIDIA,0,GDDR5X,2016-05-27,2016,5,16,8192,8.0,256,320.3,1251
GeForce GTX 1080 Asus Founders 8GB Edition,NVIDIA,0,GDDR5X,2016-05-27,2016,5,16,8192,8.0,256,320.3,1251
GeForce GTX 1070 Palit JetStream,NVIDIA,0,GDDR5,2016-06-10,2016,6,16,8192,8.0,256,272.0,2125
GeForce GTX 1070 Zotac AMP!,NVIDIA,0,GDDR5,2016-06-10,2016,6,16,8192,8.0,256,256.3,2002
GeForce GTX 1070 SLI,NVIDIA,0,GDDR5,2016-06-10,2016,6,16,8192,8.0,128,256.3,2002
GeForce GTX 1070 MSI Sea Hawk X 8GB Edition,NVIDIA,0,GDDR5,2016-06-10,2016,6,16,8192,8.0,256,259.5,2027
GeForce GTX 1070 Palit GameRock Premium,NVIDIA,0,GDDR5,2016-06-10,2016,6,16,8192,8.0,256,272.0,2125
GeForce GTX 1070 MSI Quick Silver OC 8GB,NVIDIA,0,GDDR5,2016-06-10,2016,6,16,8192,8.0,256,256.3,2002
GeForce GTX 1070 Zotac AMP! Xtreme,NVIDIA,0,GDDR5,2016-06-10,2016,6,16,8192,8.0,256,262.7,2052
GeForce GTX 1080,NVIDIA,0,GDDR5X,2016-05-27,2016,5,16,8192,8.0,256,320.3,1251
GeForce GTX 1070 MSI Gaming Z 8GB,NVIDIA,0,GDDR5,2016-06-10,2016,6,16,8192,8.0,256,256.3,2002
GeForce GTX 1070 MSI Gaming X 8GB Edition,NVIDIA,0,GDDR5,2016-06-10,2016,6,16,8192,8.0,256,259.5,2027
GeForce GTX 1070 Palit Super JetStream,NVIDIA,0,GDDR5,2016-06-10,2016,6,16,8192,8.0,256,272.3,2127
GeForce GTX 1070 MSI Armor OC 8GB Edition,NVIDIA,0,GDDR5,2016-06-10,2016,6,16,8192,8.0,256,256.3,2002
GeForce GTX 1070 MSI Armor 8GB Edition,NVIDIA,0,GDDR5,2016-06-10,2016,6,16,8192,8.0,256,256.3,2002
GeForce GTX 1070 Leadtek WinFast HURRICANE,NVIDIA,0,GDDR5,2016-06-10,2016,6,16,8192,8.0,256,256.3,2002
GeForce GTX 1070 Gigabyte Xtreme Gaming,NVIDIA,0,GDDR5,2016-06-10,2016,6,16,8192,8.0,256,256.3,2002
GeForce GTX 1070 Gigabyte Mini ITX OC 8GB,NVIDIA,0,GDDR5,2016-07-01,2016,7,16,8192,8.0,256,256.3,2002
GeForce GTX 1070 Gigabyte Windforce OC,NVIDIA,0,GDDR5,2016-06-10,2016,6,16,8192,8.0,256,256.3,2002
GeForce GTX 1070 MSI Aero OC 8GB Edition,NVIDIA,0,GDDR5,2016-06-10,2016,6,16,8192,8.0,256,256.3,2002
GeForce GTX 1070 MSI Aero 8GB Edition,NVIDIA,0,GDDR5,2016-06-10,2016,6,16,8192,8.0,256,256.3,2002
GeForce GTX 1070 Gigabyte Founders 8GB Edition,NVIDIA,0,GDDR5,2016-06-10,2016,6,16,8192,8.0,256,256.3,2002
GeForce GTX 1070 Galax HOF Limited Edition 8GB,NVIDIA,0,GDDR5,2016-06-10,2016,6,16,8192,8.0,256,256.3,2002
GeForce GTX 1070 Galax EXOC 8GB,NVIDIA,0,GDDR5,2016-06-10,2016,6,16,8192,8.0,256,256.3,2002
GeForce GTX 1070 Galax Founders 8GB,NVIDIA,0,GDDR5,2016-06-10,2016,6,16,8192,8.0,256,256.3,2002
GeForce GTX 1070 Galax EX 8GB,NVIDIA,0,GDDR5,2016-06-10,2016,6,16,8192,8.0,256,256.3,2002
GeForce GTX 1070 Gainward Phoenix GLH,NVIDIA,0,GDDR5,2016-06-10,2016,6,16,8192,8.0,256,272.3,2127
GeForce GTX 1070 EVGA SC GAMING ACX 3.0 8GB Edition,NVIDIA,0,GDDR5,2016-06-10,2016,6,16,8192,8.0,256,256.3,2002
GeForce GTX 1070 EVGA Founders 8GB Edition,NVIDIA,0,GDDR5,2016-06-10,2016,6,16,8192,8.0,256,256.3,2002
GeForce GTX 1070 EVGA ACX 3.0 8GB Edition,NVIDIA,0,GDDR5,2016-06-10,2016,6,16,8192,8.0,256,256.3,2002
GeForce GTX 1070 Gainward,NVIDIA,0,GDDR5,2016-06-10,2016,6,16,8192,8.0,256,256.3,2002
GeForce GTX 1070 Colorful iGame X-TOP 8GB,NVIDIA,0,GDDR5,2016-06-10,2016,6,16,8192,8.0,256,256.3,2002
GeForce GTX 1070 Asus ROG Strix Gaming OC 8GB Edition,NVIDIA,0,GDDR5,2016-06-10,2016,6,16,8192,8.0,256,256.3,2002
GeForce GTX 1070 MSI Founders 8GB Edition,NVIDIA,0,GDDR5,2016-06-10,2016,6,16,8192,8.0,256,256.3,2002
GeForce GTX 1070 Gigabyte G1 Gaming 8GB Edition,NVIDIA,0,GDDR5,2016-06-10,2016,6,16,8192,8.0,256,256.3,2002
GeForce GTX 1070 Asus Turbo,NVIDIA,0,GDDR5,2016-06-10,2016,6,16,8192,8.0,256,256.3,2002
GeForce GTX 1070 Asus ROG Strix Gaming 8GB,NVIDIA,0,GDDR5,2016-06-10,2016,6,16,8192,8.0,256,256.3,2002
GeForce GTX 1070 Asus Founders SLI,NVIDIA,0,GDDR5,2016-06-10,2016,6,16,8192,8.0,128,256.3,2002
GeForce GTX 1070 Asus Founders,NVIDIA,0,GDDR5,2016-06-10,2016,6,16,8192,8.0,256,256.3,2002
GeForce GTX 1070 Asus Dual,NVIDIA,0,GDDR5,2016-07-13,2016,7,16,8192,8.0,256,256.3,2002
GeForce GTX 1060 Palit Super Jetstream 6GB,NVIDIA,0,GDDR5,2016-07-19,2016,7,16,6144,6.0,192,192.2,2002
GeForce GTX 1060 Zotac Mini 6GB,NVIDIA,0,GDDR5,2016-07-19,2016,7,16,6144,6.0,192,192.2,2002
GeForce GTX 1060 Palit Jetstream 6GB,NVIDIA,0,GDDR5,2016-07-19,2016,7,16,6144,6.0,192,192.2,2002
GeForce GTX 1060 MSI OC 3GB,NVIDIA,0,GDDR5,2016-08-18,2016,8,16,3072,3.0,192,192.2,2002
GeForce GTX 1060 Zotac AMP 6GB Edition,NVIDIA,0,GDDR5,2016-07-19,2016,7,16,6144,6.0,192,192.2,2002
GeForce GTX 1060 MSI OCV1 3G,NVIDIA,0,GDDR5,2016-08-29,2016,8,16,3072,3.0,192,192.2,2002
GeForce GTX 1070,NVIDIA,0,GDDR5,2016-06-10,2016,6,16,8192,8.0,256,256.3,2002
GeForce GTX 1060 MSI Gaming X 3GB,NVIDIA,0,GDDR5,2016-08-18,2016,8,16,3072,3.0,192,192.2,2002
GeForce GTX 1060 MSI Gaming X 6G Edition,NVIDIA,0,GDDR5,2016-07-19,2016,7,16,6144,6.0,192,192.2,2002
GeForce GTX 1060 MSI Gaming 6GB,NVIDIA,0,GDDR5,2016-07-19,2016,7,16,6144,6.0,192,192.2,2002
GeForce GTX 1060 MSI Armor V1 3G,NVIDIA,0,GDDR5,2016-08-18,2016,8,16,3072,3.0,192,192.2,2002
GeForce GTX 1060 MSI Gaming 3GB,NVIDIA,0,GDDR5,2016-08-18,2016,8,16,3072,3.0,192,192.2,2002
GeForce GTX 1060 Zotac Mini 3GB,NVIDIA,0,GDDR5,2016-08-18,2016,8,16,3072,3.0,192,192.2,2002
GeForce GTX 1060 MSI Armor 6G OC,NVIDIA,0,GDDR5,2016-07-19,2016,7,16,6144,6.0,192,194.6,2027
GeForce GTX 1060 KFA2 OC 6GB,NVIDIA,0,GDDR5,2016-07-19,2016,7,16,,,192,192.2,2002
GeForce GTX 1060 MSI 6GT OC,NVIDIA,0,GDDR5,2016-07-19,2016,7,16,6144,6.0,192,194.6,2027
GeForce GTX 1060 MSI Armor OCV1 3G,NVIDIA,0,GDDR5,2016-08-18,2016,8,16,3072,3.0,192,192.2,2002
GeForce GTX 1060 Inno3D iChill X3 3GB,NVIDIA,0,GDDR5,2016-08-18,2016,8,16,3072,3.0,192,197.0,2052
GeForce GTX 1060 KFA2 EX OC White 6GB,NVIDIA,0,GDDR5,2016-07-19,2016,7,16,6144,6.0,192,192.2,2002
GeForce GTX 1070 Gainward Phoenix GS,NVIDIA,0,GDDR5,2016-06-10,2016,6,16,8192,8.0,256,272.3,2127
GeForce GTX 1060 Inno3D iChill X3,NVIDIA,0,GDDR5,2016-07-19,2016,7,16,6144,6.0,192,197.0,2052
GeForce GTX 1060 Inno3D Gaming OC 6GB,NVIDIA,0,GDDR5,2016-07-19,2016,7,16,6144,6.0,192,192.2,2002
GeForce GTX 1060 Gigabyte Xtreme Gaming 6GB,NVIDIA,0,GDDR5,2016-07-19,2016,7,16,6144,6.0,192,192.2,2002
GeForce GTX 1060 KFA2 EX OC Black 6GB,NVIDIA,0,GDDR5,2016-07-19,2016,7,16,6144,6.0,192,192.2,2002
GeForce GTX 1060 Inno3D Compact 6GB,NVIDIA,0,GDDR5,2016-07-19,2016,7,16,6144,6.0,192,192.2,2002
GeForce GTX 1060 Gigabyte Mini ITX OC 3GB,NVIDIA,0,GDDR5,2016-08-18,2016,8,16,3072,3.0,192,192.2,2002
GeForce GTX 1060 Gigabyte Mini ITX OC 6GB,NVIDIA,0,GDDR5,2016-07-19,2016,7,16,6144,6.0,192,192.2,2002
GeForce GTX 1060 Inno3D Compact 3GB,NVIDIA,0,GDDR5,2016-08-18,2016,8,16,3072,3.0,192,192.2,2002
GeForce GTX 1060 Gigabyte Windforce 2X OC 6GB,NVIDIA,0,GDDR5,2016-07-19,2016,7,16,6144,6.0,192,192.2,2002
GeForce GTX 1060 Gigabyte GTX G1 Gaming 6GB,NVIDIA,0,GDDR5,2016-07-19,2016,7,16,6144,6.0,192,192.2,2002
GeForce GTX 1060 Gigabyte Windforce 2X OC 3GB,NVIDIA,0,GDDR5,2016-08-18,2016,8,16,3072,3.0,192,192.2,2002
GeForce GTX 1060 Galax EX OC White 3GB,NVIDIA,0,GDDR5,2016-08-18,2016,8,16,3072,3.0,192,192.2,2002
GeForce GTX 1060 Gigabyte G1 Gaming 3GB,NVIDIA,0,GDDR5,2016-08-18,2016,8,16,3072,3.0,192,192.2,2002
GeForce GTX 1060 Galax OC 3GB,NVIDIA,0,GDDR5,2016-08-18,2016,8,16,3072,3.0,192,192.2,2002
GeForce GTX 1060 Galax Gamer OC 3GB,NVIDIA,0,GDDR5,2016-08-18,2016,8,16,3072,3.0,192,192.2,2002
GeForce GTX 1060 Gainward Phoenix GS 6GB,NVIDIA,0,GDDR5,2016-07-19,2016,7,16,6144,6.0,192,192.2,2002
GeForce GTX 1060 Galax EX OC Black 3GB,NVIDIA,0,GDDR5,2016-08-18,2016,8,16,3072,3.0,192,192.2,2002
GeForce GTX 1060 EVGA SC ACX 2.0 3GB,NVIDIA,0,GDDR5,2016-08-18,2016,8,16,3072,3.0,192,192.2,2002
GeForce GTX 1060 EVGA SSC GAMING ACX 3.0 6GB,NVIDIA,0,GDDR5,2016-08-30,2016,8,16,6144,6.0,192,192.2,2002
GeForce GTX 1060 EVGA SC GAMING 6GB,NVIDIA,0,GDDR5,2016-07-19,2016,7,16,6144,6.0,192,192.2,2002
GeForce GTX 1060 EVGA FTW+ ACX 3.0 3GB,NVIDIA,0,GDDR5,2016-08-18,2016,8,16,3072,3.0,192,192.2,2002
GeForce GTX 1060 EVGA ACX 2.0 6GB,NVIDIA,0,GDDR5,2016-07-19,2016,7,16,6144,6.0,192,192.2,2002
GeForce GTX 1060 EVGA GAMING,NVIDIA,0,GDDR5,2016-07-19,2016,7,16,6144,6.0,192,192.2,2002
GeForce GTX 1060 Asus ROG Strix Gaming OC 6GB Edition,NVIDIA,0,GDDR5,2016-07-19,2016,7,16,6144,6.0,192,194.6,2027
GeForce GTX 1060 EVGA FTW GAMING ACX 3.0,NVIDIA,0,GDDR5,2016-08-30,2016,8,16,6144,6.0,192,192.2,2002
GeForce GTX 1060 Asus Dual OC 6GB,NVIDIA,0,GDDR5,2016-07-19,2016,7,16,6144,6.0,192,192.2,2002
GeForce GTX 1060 EVGA ACX 2.0 3GB,NVIDIA,0,GDDR5,2016-08-18,2016,8,16,3072,3.0,192,192.2,2002
GeForce GTX 1060 Asus Turbo 6GB,NVIDIA,0,GDDR5,2016-07-19,2016,7,16,6144,6.0,192,192.2,2002
GeForce GTX 1060,NVIDIA,0,GDDR5,2016-07-19,2016,7,16,6144,6.0,192,192.2,2002
GeForce GTX 1060 Asus Dual 3GB,NVIDIA,0,GDDR5,2016-08-18,2016,8,16,3072,3.0,192,192.2,2002
GeForce GTX 1060 Asus Dual 6GB,NVIDIA,0,GDDR5,2016-07-19,2016,7,16,6144,6.0,192,192.2,2002
GeForce GTX 1060 Asus Dual OC 3GB,NVIDIA,0,GDDR5,2016-08-18,2016,8,16,3072,3.0,192,192.2,2002
GeForce GTX 1060 3GB,NVIDIA,0,GDDR5,2016-08-18,2016,8,16,3072,3.0,192,192.2,2002
GeForce GTX 1050 Zotac Mini 2GB,NVIDIA,0,GDDR5,2016-11-01,2016,11,14,2048,2.0,128,112.1,1752
GeForce GTX 1050 Ti Zotac OC Edition 4GB,NVIDIA,0,GDDR5,2016-10-18,2016,10,16,4096,4.0,128,112.1,1752
GeForce GTX 1050 Ti Zotac Mini 4GB,NVIDIA,0,GDDR5,2016-10-18,2016,10,16,4096,4.0,128,112.1,1752
GeForce GTX 1050 Ti PNY XLR8 Gaming Overclocked Edition 4GB,NVIDIA,0,GDDR5,2016-10-20,2016,10,16,4096,4.0,128,112.1,1752
GeForce GTX 1050 Ti MSI OC T 4GB,NVIDIA,0,GDDR5,2016-10-18,2016,10,16,4096,4.0,128,112.1,1752
GeForce GTX 1050 Ti Palit StormX 4GB,NVIDIA,0,GDDR5,2016-10-18,2016,10,16,4096,4.0,128,112.1,1752
GeForce GTX 1050 Ti MSI Gaming 4GB,NVIDIA,0,GDDR5,2016-10-18,2016,10,16,4096,4.0,128,112.1,1752
GeForce GTX 1050 Ti KFA2 OC 4GB,NVIDIA,0,GDDR5,,,,16,4096,4.0,128,112.1,1752
GeForce GTX 1050 Ti PNY 4GB,NVIDIA,0,GDDR5,2016-10-20,2016,10,16,4096,4.0,128,112.1,1752
GeForce GTX 1050 Ti MSI 4GB,NVIDIA,0,GDDR5,2016-10-18,2016,10,16,4096,4.0,128,112.1,1752
GeForce GTX 1050 Ti Inno3D Twin X2 4GB,NVIDIA,0,GDDR5,,,,16,4096,4.0,128,112.1,1752
GeForce GTX 1050 Ti MSI Gaming X 4GB,NVIDIA,0,GDDR5,2016-10-18,2016,10,16,4096,4.0,128,112.1,1752
GeForce GTX 1050 Ti Gigabyte Windforce OC 4GB,NVIDIA,0,GDDR5,,,,14,4096,4.0,128,112.1,1752
GeForce GTX 1050 Ti Inno3D 4GB,NVIDIA,0,GDDR5,2016-10-18,2016,10,16,4096,4.0,128,112.1,1752
GeForce GTX 1050 Ti Galax EXOC 4GB,NVIDIA,0,GDDR5,2016-10-18,2016,10,16,4096,4.0,128,112.1,1752
GeForce GTX 1050 Ti Gigabyte OC 4GB,NVIDIA,0,GDDR5,,,,16,4096,4.0,128,112.1,1752
GeForce GTX 1050 Ti Gigabyte D5 4GB,NVIDIA,0,GDDR5,2016-10-18,2016,10,16,4096,4.0,128,112.1,1752
GeForce GTX 1050 Ti Gigabyte G1 Gaming 4GB,NVIDIA,0,GDDR5,2016-10-18,2016,10,16,4096,4.0,128,112.1,1752
GeForce GTX 1050 Ti Gainward 4GB,NVIDIA,0,GDDR5,,,,16,4096,4.0,128,112.1,1752
GeForce GTX 1050 Ti Colorful iGame U-4G 4GB,NVIDIA,0,GDDR5,2016-10-25,2016,10,16,4096,4.0,128,112.1,1752
GeForce GTX 1050 Ti EVGA Gaming 4GB,NVIDIA,0,GDDR5,,,,16,4096,4.0,128,112.1,1752
GeForce GTX 1050 Ti MSI OC 4GB,NVIDIA,0,GDDR5,2016-10-18,2016,10,16,4096,4.0,128,112.1,1752
GeForce GTX 1050 Ti Galax OC 4GB,NVIDIA,0,GDDR5,,,,16,4096,4.0,128,112.1,1752
GeForce GTX 1050 Ti EVGA SSC Gaming ACX 3.0 4GB,NVIDIA,0,GDDR5,,,,16,4096,4.0,128,112.1,1752
GeForce GTX 1050 Ti EVGA FTW DT GAMING ACX 3.0 4GB,NVIDIA,0,GDDR5,2016-10-18,2016,10,16,4096,4.0,128,112.1,1752
GeForce GTX 1050 Ti EVGA FTW Gaming ACX 3.0 4GB,NVIDIA,0,GDDR5,,,,16,4096,4.0,128,112.1,1752
GeForce GTX 1050 Ti Asus ROG Strix Gaming OC 4GB,NVIDIA,0,GDDR5,2016-10-25,2016,10,16,4096,4.0,128,112.1,1752
GeForce GTX 1050 Ti Colorful iGame S-4G 4GB,NVIDIA,0,GDDR5,2016-10-25,2016,10,16,4096,4.0,128,112.1,1752
GeForce GTX 1050 Ti EVGA SC Gaming 4GB,NVIDIA,0,GDDR5,,,,16,4096,4.0,128,112.1,1752
GeForce GTX 1050 Ti Asus Expedition 4GB,NVIDIA,0,GDDR5,,,,16,4096,4.0,128,112.1,1752
GeForce GTX 1050 Palit StormX 2GB,NVIDIA,0,GDDR5,,,,14,2048,2.0,128,112.1,1752
GeForce GTX 1050 Ti Asus Dual 4GB,NVIDIA,0,GDDR5,,,,16,4096,4.0,128,112.1,1752
GeForce GTX 1050 Ti 4GB,NVIDIA,0,GDDR5,2016-10-18,2016,10,16,4096,4.0,128,112.1,1752
GeForce GTX 1050 Ti Asus Pheonix 4GB,NVIDIA,0,GDDR5,2016-10-25,2016,10,16,4096,4.0,128,112.1,1752
GeForce GTX 1050 PNY 2GB,NVIDIA,0,GDDR5,2016-10-20,2016,10,14,2048,2.0,128,112.1,1752
GeForce GTX 1050 MSI OC T 2GB,NVIDIA,0,GDDR5,2016-11-01,2016,11,14,2048,2.0,128,112.1,1752
GeForce GTX 1050 MSI Gaming 2GB,NVIDIA,0,GDDR5,2016-11-01,2016,11,14,2048,2.0,128,112.1,1752
GeForce GTX 1050 MSI OC 2GB,NVIDIA,0,GDDR5,2016-11-01,2016,11,14,2048,2.0,128,112.1,1752
GeForce GTX 1050 MSI Gaming X 2GB,NVIDIA,0,GDDR5,2016-11-01,2016,11,14,2048,2.0,128,112.1,1752
GeForce GTX 1050 KFA2 OC 2GB,NVIDIA,0,GDDR5,,,,14,2048,2.0,128,112.1,1752
GeForce GTX 1050 MSI 2GB,NVIDIA,0,GDDR5,2016-11-01,2016,11,14,2048,2.0,128,112.1,1752
GeForce GTX 1050 Inno3D Twin X2 2GB,NVIDIA,0,GDDR5,,,,14,2048,2.0,128,112.1,1752
GeForce GTX 1050 Gigabyte OC 2GB,NVIDIA,0,GDDR5,2016-11-01,2016,11,14,2048,2.0,128,112.1,1752
GeForce GTX 1050 Gigabyte D5 2GB,NVIDIA,0,GDDR5,2016-11-01,2016,11,14,2048,2.0,128,112.1,1752
GeForce GTX 1050 Galax OC 2GB,NVIDIA,0,GDDR5,2016-11-01,2016,11,14,2048,2.0,128,112.1,1752
GeForce GTX 1050 Inno3D 2GB,NVIDIA,0,GDDR5,,,,14,2048,2.0,128,112.1,1752
GeForce GTX 1050 Gigabyte Windforce OC 2GB,NVIDIA,0,GDDR5,,,,14,2048,2.0,128,112.1,1752
GeForce GTX 1050 Gigabyte G1 Gaming 2GB,NVIDIA,0,GDDR5,,,,14,2048,2.0,128,112.1,1752
GeForce GTX 1050 Galax EXOC 2GB,NVIDIA,0,GDDR5,2016-11-01,2016,11,14,2048,2.0,128,112.1,1752
GeForce GTX 1050 FTW DT Gaming ACX 3.0 2GB,NVIDIA,0,GDDR5,,,,14,2048,2.0,128,112.1,1752
GeForce GTX 1050 Gainward 2GB,NVIDIA,0,GDDR5,,,,14,2048,2.0,128,112.1,1752
GeForce GTX 1050 EVGA SSC Gaming ACX 3.0 2GB,NVIDIA,0,GDDR5,,,,14,2048,2.0,128,112.1,1752
GeForce GTX 1050 EVGA Gaming 2GB,NVIDIA,0,GDDR5,,,,14,2048,2.0,128,112.1,1752
GeForce GTX 1050 Colorful iGame U-2G 2GB,NVIDIA,0,GDDR5,2016-10-25,2016,10,14,2048,2.0,128,112.1,1752
GeForce GTX 1050 EVGA SC Gaming 2GB,NVIDIA,0,GDDR5,,,,14,2048,2.0,128,112.1,1752
GeForce GTX 680 KFA2 LTD OC 2GB Edition,NVIDIA,0,GDDR5,2012-08-01,2012,8,28,2048,2.0,256,192.3,1502
GeForce GTX 1050,NVIDIA,0,GDDR5,2016-11-01,2016,11,14,2048,2.0,128,112.1,1752
GeForce GT 1030,NVIDIA,0,GDDR5,2017-05-17,2017,5,16,2048,2.0,64,32.0,1000
GeForce GTX 1050 EVGA FTW Gaming ACX 3.0 2GB,NVIDIA,0,GDDR5,,,,14,2048,2.0,128,112.1,1752
GeForce GTX 680 Lightning Edition,NVIDIA,0,GDDR5,2012-06-01,2012,6,28,2048,2.0,256,192.3,1502
GeForce GTX 680 Gigabyte OC Edition,NVIDIA,0,GDDR5,2012-04-01,2012,4,28,2048,2.0,256,192.3,1502
GeForce GTX 680 KFA2 2GB Edition,NVIDIA,0,GDDR5,2012-03-01,2012,3,28,2048,2.0,256,192.3,1502
GeForce GTX 680 Inno3D HerculeZ 2000 4GB Edition,NVIDIA,0,GDDR5,2012-11-07,2012,11,28,4096,4.0,256,192.3,1502
GeForce GTX 680 Gigabyte SO 2GB Edition,NVIDIA,0,GDDR5,2012-08-01,2012,8,28,2048,2.0,256,198.4,1550
GeForce GTX 680 Hydro Copper Edition,NVIDIA,0,GDDR5,2012-03-01,2012,3,28,2048,2.0,256,201.6,1575
GeForce GTX 680 Galaxy Edition,NVIDIA,0,GDDR5,2012-05-01,2012,5,28,4096,4.0,256,192.3,1502
GeForce GTX 680 Galaxy 2GB SOC Edition,NVIDIA,0,GDDR5,2012-10-01,2012,10,28,2048,2.0,256,192.3,1502
GeForce GTX 680 Galaxy 2GB OC Edition,NVIDIA,0,GDDR5,2012-02-01,2012,2,28,2048,2.0,256,192.3,1502
GeForce GTX 680 FTW 4GB Edition,NVIDIA,0,GDDR5,2012-05-01,2012,5,28,4096,4.0,256,192.3,1502
GeForce GTX 680 Gainward 2GB Edition,NVIDIA,0,GDDR5,2012-05-22,2012,5,28,4096,4.0,256,192.3,1502
GeForce GTX 680 Gigabyte OC 4GB Edition,NVIDIA,0,GDDR5,2012-04-01,2012,4,28,4096,4.0,256,192.3,1502
GeForce GTX 680 EVGA SC Signature 2 Edition,NVIDIA,0,GDDR5,2012-12-01,2012,12,28,2048,2.0,256,198.7,1552
GeForce GTX 680 EXO 2GB Edition,NVIDIA,0,GDDR5,2012-09-01,2012,9,28,2048,2.0,256,192.3,1502
GeForce GTX 680 EVGA SC Edition,NVIDIA,0,GDDR5,2012-03-22,2012,3,28,2048,2.0,256,198.7,1552
GeForce GTX 680 EVGA SC Signature+ Edition,NVIDIA,0,GDDR5,2012-05-01,2012,5,28,2048,2.0,256,192.3,1502
GeForce GTX 680 EVGA SC Signature Edition,NVIDIA,0,GDDR5,2012-05-01,2012,5,28,2048,2.0,256,198.7,1552
GeForce GTX 680 EVGA Classified Edition,NVIDIA,0,GDDR5,2012-02-01,2012,2,28,4096,4.0,256,192.3,1502
GeForce GTX 680 EX OC 4GB Edition,NVIDIA,0,GDDR5,2012-08-01,2012,8,28,4096,4.0,256,192.3,1502
GeForce GTX 680 Asus DirectCU II 4GB Edition,NVIDIA,0,GDDR5,2012-11-07,2012,11,28,4096,4.0,256,192.3,1502
GeForce GTX 680,NVIDIA,0,GDDR5,2012-03-22,2012,3,28,2048,2.0,256,192.3,1502
GeForce GTX 670 Zotac 4GB OC Edition,NVIDIA,0,GDDR5,2012-02-01,2012,2,28,4096,4.0,256,192.3,1502
GeForce GTX 680 Direct CU II TOP,NVIDIA,0,GDDR5,2012-05-01,2012,5,28,2048,2.0,256,192.3,1502
GeForce GTX 670 Zotac AMP Edition,NVIDIA,0,GDDR5,2012-05-01,2012,5,28,2048,2.0,256,211.5,1652
GeForce GTX 680 Asus OC 2GB Edition,NVIDIA,0,GDDR5,2012-05-01,2012,5,28,2048,2.0,256,192.3,1502
GeForce GTX 670 SLI,NVIDIA,0,GDDR5,2012-05-01,2012,5,28,4096,4.0,256,384.5,1502
GeForce GTX 670 Palit 2GB Edition,NVIDIA,0,GDDR5,2012-05-10,2012,5,28,2048,2.0,256,192.3,1502
GeForce GTX 670 SC 2GB Edition,NVIDIA,0,GDDR5,2012-05-01,2012,5,28,2048,2.0,256,192.3,1502
GeForce GTX 670 PNY 2GB Edition,NVIDIA,0,GDDR5,2012-05-01,2012,5,28,2048,2.0,256,192.3,1502
GeForce GTX 670 Jetstream 2GB Edition,NVIDIA,0,GDDR5,2012-05-01,2012,5,28,2048,2.0,256,195.5,1527
GeForce GTX 670 Gigabyte 3xWindForce 4GB Edition,NVIDIA,0,GDDR5,2012-05-01,2012,5,28,4096,4.0,256,192.3,1502
GeForce GTX 670 MSI OC Edition,NVIDIA,0,GDDR5,2012-05-01,2012,5,28,2048,2.0,256,192.3,1502
GeForce GTX 670 Gigabyte 3xWindForce Edition,NVIDIA,0,GDDR5,2012-05-01,2012,5,28,2048,2.0,256,192.3,1502
GeForce GTX 670 Gainward Phantom Edition,NVIDIA,0,GDDR5,2012-05-01,2012,5,28,2048,2.0,256,195.5,1527
GeForce GTX 670 Gigabyte 2xWindForce Edition,NVIDIA,0,GDDR5,2012-05-01,2012,5,28,2048,2.0,256,192.3,1502
GeForce GTX 670 Galaxy GC 2GB Edition,NVIDIA,0,GDDR5,2012-05-01,2012,5,28,2048,2.0,256,192.3,1502
GeForce GTX 670 SC+ 4GB Edition,NVIDIA,0,GDDR5,2012-05-01,2012,5,28,4096,4.0,256,192.3,1502
GeForce GTX 670 Galaxy GC 4GB Edition,NVIDIA,0,GDDR5,2012-05-01,2012,5,28,4096,4.0,256,192.3,1502
GeForce GTX 670 FTW 2GB,NVIDIA,0,GDDR5,2012-05-01,2012,5,28,2048,2.0,256,198.7,1552
GeForce GTX 670 FTW SIG2 2GB Edition,NVIDIA,0,GDDR5,2012-12-01,2012,12,28,2048,2.0,256,198.7,1552
GeForce GTX 670 EVGA FTW+ 4GB Edition,NVIDIA,0,GDDR5,2012-05-01,2012,5,28,4096,4.0,256,192.3,1502
GeForce GTX 670 Gainward 2GB Edition,NVIDIA,0,GDDR5,2012-05-01,2012,5,28,2048,2.0,256,192.3,1502
GeForce GTX 670 MSI Power Edition,NVIDIA,0,GDDR5,2012-06-01,2012,6,28,2048,2.0,256,192.3,1502
GeForce GTX 670 FTW 2GB LE Edition,NVIDIA,0,GDDR5,2012-05-01,2012,5,28,2048,2.0,256,192.3,1502
GeForce GTX 670 FTW 2GB Edition SLI,NVIDIA,0,GDDR5,2012-05-01,2012,5,28,4096,4.0,256,397.3,1552
GeForce GTX 670 DirectCU II Top Edition,NVIDIA,0,GDDR5,2012-05-01,2012,5,28,2048,2.0,256,192.3,1502
GeForce GTX 670 EVGA 2GB Edition,NVIDIA,0,GDDR5,2012-05-01,2012,5,28,2048,2.0,256,192.3,1502
GeForce GTX 670 DirectCU II OC Edition,NVIDIA,0,GDDR5,2012-05-01,2012,5,28,2048,2.0,256,192.3,1502
GeForce GTX 670 DirectCU II Mini Edition,NVIDIA,0,GDDR5,2013-04-01,2013,4,28,2048,2.0,256,192.3,1502
GeForce GTX 670 EVGA FTW+ 4GB Edition SLI,NVIDIA,0,GDDR5,2012-05-01,2012,5,28,4096,4.0,512,384.5,1502
GeForce GTX 670 Asus DirectCU II 4GB Edition,NVIDIA,0,GDDR5,2012-08-21,2012,8,28,4096,4.0,256,192.3,1502
GeForce GTX 670,NVIDIA,0,GDDR5,2012-05-10,2012,5,28,2048,2.0,256,192.3,1502
GeForce GTX 660 Zotac Synergy Edition,NVIDIA,0,GDDR5,2012-09-01,2012,9,28,2048,2.0,192,144.2,1502
GeForce GTX 660 Zotac Edition,NVIDIA,0,GDDR5,2012-09-01,2012,9,28,2048,2.0,192,144.2,1502
GeForce GTX 660 Zotac AMP Edition,NVIDIA,0,GDDR5,2012-09-01,2012,9,28,2048,2.0,192,158.6,1652
GeForce GTX 660 v2,NVIDIA,0,GDDR5,2014-09-13,2014,9,28,2048,2.0,192,144.2,1502
GeForce GTX 660 Twin Frozr OC Edition SLI,NVIDIA,0,GDDR5,2012-09-01,2012,9,28,4096,4.0,192,288.4,1502
GeForce GTX 670 DirectCU II Edition,NVIDIA,0,GDDR5,2012-05-01,2012,5,28,2048,2.0,256,192.3,1502
GeForce GTX 660 WindForce 2X OC Edition,NVIDIA,0,GDDR5,2012-09-01,2012,9,28,2048,2.0,192,144.2,1502
GeForce GTX 660 Twin Frozr Edition,NVIDIA,0,GDDR5,2012-09-01,2012,9,28,2048,2.0,192,144.2,1502
GeForce GTX 660 Twin Frozr OC Edition,NVIDIA,0,GDDR5,2012-09-01,2012,9,28,2048,2.0,192,144.2,1502
GeForce GTX 660 Ti Zotac Edition,NVIDIA,0,GDDR5,2012-08-01,2012,8,28,2048,2.0,192,144.2,1502
GeForce GTX 660 Ti Zotac AMP Extreme Edition,NVIDIA,0,GDDR5,2012-09-01,2012,9,28,2048,2.0,192,158.6,1652
GeForce GTX 660 Ti Zotac AMP Edition,NVIDIA,0,GDDR5,2012-08-01,2012,8,28,2048,2.0,192,158.6,1652
GeForce GTX 660 Ti WindForce 2X OC Edition,NVIDIA,0,GDDR5,2012-08-16,2012,8,28,2048,2.0,192,144.2,1502
GeForce GTX 660 Ti Twin Frozr 3GB Edition,NVIDIA,0,GDDR5,2012-08-01,2012,8,28,3072,3.0,192,144.2,1502
GeForce GTX 660 Ti SC+ 3GB w/Backplate,NVIDIA,0,GDDR5,2012-09-01,2012,9,28,3072,3.0,192,144.2,1502
GeForce GTX 660 Ti SLI,NVIDIA,0,GDDR5,2012-08-01,2012,8,28,4096,4.0,192,288.4,1502
GeForce GTX 660 Ti Power OC Edition,NVIDIA,0,GDDR5,2012-08-01,2012,8,28,2048,2.0,192,144.2,1502
GeForce GTX 660 Ti Power Edition,NVIDIA,0,GDDR5,2012-08-01,2012,8,28,2048,2.0,192,144.2,1502
GeForce GTX 660 Ti PNY Edition,NVIDIA,0,GDDR5,2012-08-01,2012,8,28,2048,2.0,192,144.2,1502
GeForce GTX 660 Ti Power OC Edition SLI,NVIDIA,0,GDDR5,2012-08-01,2012,8,28,4096,4.0,192,288.4,1502
GeForce GTX 660 Ti MSI Gaming OC Edition,NVIDIA,0,GDDR5,2012-08-01,2012,8,28,2048,2.0,192,144.2,1502
GeForce GTX 660 Ti KFA² EX OC 3GB Edition,NVIDIA,0,GDDR5,2012-08-16,2012,8,28,3072,3.0,192,144.2,1502
GeForce GTX 660 Ti MSI OC v1 Edition,NVIDIA,0,GDDR5,2012-10-01,2012,10,28,2048,2.0,192,144.2,1502
GeForce GTX 660 Ti KFA² EX OC 2GB Edition,NVIDIA,0,GDDR5,2012-08-16,2012,8,28,2048,2.0,192,144.2,1502
GeForce GTX 660 Ti Inno3D Edition,NVIDIA,0,GDDR5,2012-08-01,2012,8,28,2048,2.0,192,144.2,1502
GeForce GTX 660 Ti JetStream Edition,NVIDIA,0,GDDR5,2012-08-01,2012,8,28,2048,2.0,192,146.6,1527
GeForce GTX 660 Ti Gigabyte WindForce 2X OC 2GB Edition SLI,NVIDIA,0,GDDR5,2012-08-16,2012,8,28,4096,4.0,192,288.4,1502
GeForce GTX 660 Ti GC 3GB Edition,NVIDIA,0,GDDR5,2012-08-01,2012,8,28,3072,3.0,192,144.2,1502
GeForce GTX 660 Ti Gigabyte OC 3GB Edition,NVIDIA,0,GDDR5,2012-08-01,2012,8,28,3072,3.0,192,144.2,1502
GeForce GTX 660 Ti Gainward Edition,NVIDIA,0,GDDR5,2012-08-01,2012,8,28,2048,2.0,192,144.2,1502
GeForce GTX 660 Ti Gainward Phantom Edition,NVIDIA,0,GDDR5,2012-08-01,2012,8,28,2048,2.0,192,146.6,1527
GeForce GTX 660 Ti FTW Signature 2 Edition,NVIDIA,0,GDDR5,2012-09-01,2012,9,28,2048,2.0,192,144.2,1502
GeForce GTX 660 Ti GC 2GB Edition,NVIDIA,0,GDDR5,2012-08-01,2012,8,28,2048,2.0,192,144.2,1502
GeForce GTX 660 Ti Direct CU II Top Edition,NVIDIA,0,GDDR5,2012-08-01,2012,8,28,2048,2.0,192,144.2,1502
GeForce GTX 660 Ti Asus Dragon DirectCU II TOP 2GB Edition,NVIDIA,0,GDDR5,2013-06-01,2013,6,28,2048,2.0,192,146.4,1525
GeForce GTX 660 Ti EVGA SC Edition,NVIDIA,0,GDDR5,2012-08-01,2012,8,28,2048,2.0,192,144.2,1502
GeForce GTX 660 Ti Direct CU II Edition,NVIDIA,0,GDDR5,2012-08-01,2012,8,28,2048,2.0,192,144.2,1502
GeForce GTX 660 Ti EVGA FTW Edition,NVIDIA,0,GDDR5,2012-10-01,2012,10,28,2048,2.0,192,144.2,1502
GeForce GTX 660 Ti 3-way SLI,NVIDIA,0,GDDR5,2012-08-01,2012,8,28,6144,6.0,192,432.6,1502
GeForce GTX 660 Palit OC 2GB Edition,NVIDIA,0,GDDR5,2012-09-01,2012,9,28,2048,2.0,192,146.6,1527
GeForce GTX 660 Ti,NVIDIA,0,GDDR5,2012-08-16,2012,8,28,2048,2.0,192,144.2,1502
GeForce GTX 660 Ti Direct CU II OC Edition,NVIDIA,0,GDDR5,2012-09-01,2012,9,28,2048,2.0,192,144.2,1502
GeForce GTX 660 Ti Colorful iGame ARES X 2GB Edition,NVIDIA,0,GDDR5,2012-08-16,2012,8,28,2048,2.0,192,163.4,1702
GeForce GTX 660 Palit 2GB Edition,NVIDIA,0,GDDR5,2012-09-06,2012,9,28,2048,2.0,192,144.2,1502
GeForce GTX 660 MSI Gaming 2GB Edition,NVIDIA,0,GDDR5,2013-09-01,2013,9,28,2048,2.0,192,144.2,1502
GeForce GTX 660 MSI OC 2GB Edition,NVIDIA,0,GDDR5,2012-10-01,2012,10,28,2048,2.0,192,144.2,1502
GeForce GTX 660 SLI,NVIDIA,0,GDDR5,2012-09-01,2012,9,28,4096,4.0,192,288.4,1502
GeForce GTX 660 Golden Sample Edition,NVIDIA,0,GDDR5,2012-10-01,2012,10,28,2048,2.0,192,146.6,1527
GeForce GTX 660 MSI Hawk 2GB Edition,NVIDIA,0,GDDR5,2012-10-01,2012,10,28,2048,2.0,192,144.2,1502
GeForce GTX 660 Inno3D Edition,NVIDIA,0,GDDR5,2012-09-01,2012,9,28,2048,2.0,192,144.2,1502
GeForce GTX 660 Gigabyte OC 3GB Edition,NVIDIA,0,GDDR5,2012-09-01,2012,9,28,3072,3.0,192,144.2,1502
GeForce GTX 660 Gigabyte OC Edition,NVIDIA,0,GDDR5,2012-09-01,2012,9,28,2048,2.0,192,144.2,1502
GeForce GTX 660 Gigabyte OC 2GB Edition SLI,NVIDIA,0,GDDR5,2012-09-01,2012,9,28,4096,4.0,192,288.4,1502
GeForce GTX 660 EVGA Superclocked Edition,NVIDIA,0,GDDR5,2012-09-01,2012,9,28,2048,2.0,192,144.2,1502
GeForce GTX 660 EVGA SC Signature 2 Edition SLI,NVIDIA,0,GDDR5,2012-09-01,2012,9,28,6144,6.0,192,288.4,1502
GeForce GTX 660 Galaxy GC Edition,NVIDIA,0,GDDR5,2012-09-01,2012,9,28,2048,2.0,192,144.2,1502
GeForce GTX 660 Gainward 2GB Edition,NVIDIA,0,GDDR5,2012-09-06,2012,9,28,2048,2.0,192,144.2,1502
GeForce GTX 660 EVGA SC Signature 2 Edition,NVIDIA,0,GDDR5,2012-09-01,2012,9,28,3072,3.0,192,144.2,1502
GeForce GTX 660 EVGA OC 2GB Edition,NVIDIA,0,GDDR5,2012-09-01,2012,9,28,2048,2.0,192,144.2,1502
GeForce GTX 660 EVGA FTW Signature 2 3GB Edition,NVIDIA,0,GDDR5,2012-10-01,2012,10,28,3072,3.0,192,144.2,1502
GeForce GTX 660 EVGA FTW Signature 2 Edition,NVIDIA,0,GDDR5,2012-10-01,2012,10,28,2048,2.0,192,144.2,1502
GeForce GTX 660 Direct CU II Top Edition,NVIDIA,0,GDDR5,2012-09-01,2012,9,28,2048,2.0,192,146.6,1527
GeForce GTX 660 Direct CU II OC Edition,NVIDIA,0,GDDR5,2012-09-01,2012,9,28,2048,2.0,192,144.2,1502
GeForce GTX 660 Direct CU II Edition,NVIDIA,0,GDDR5,2012-09-01,2012,9,28,2048,2.0,192,144.2,1502
GeForce GTX 650 Zotac Synergy 2GB Edition,NVIDIA,0,GDDR5,2012-09-06,2012,9,28,1024,1.0,128,80.0,1250
GeForce GTX 660 3GB (OEM),NVIDIA,0,GDDR5,2012-08-22,2012,8,28,3072,3.0,192,134.4,1400
GeForce GTX 660 1.5GB (OEM),NVIDIA,0,GDDR5,2012-08-22,2012,8,28,1536,1.5,192,134.4,1400
GeForce GTX 650 Ti Zotac Boost Edition,NVIDIA,0,GDDR5,2013-03-26,2013,3,28,2048,2.0,192,144.2,1502
GeForce GTX 650 Ti Zotac Synergy 2GB Edition,NVIDIA,0,GDDR5,2012-01-10,2012,1,28,2048,2.0,128,86.4,1350
GeForce GTX 660,NVIDIA,0,GDDR5,2012-09-13,2012,9,28,2048,2.0,192,144.2,1502
GeForce GTX 650 Zotac AMP! Edition,NVIDIA,0,GDDR5,2012-09-01,2012,9,28,2048,2.0,128,89.6,1400
GeForce GTX 650 Ti Zotac AMP! 2GB,NVIDIA,0,GDDR5,2012-10-01,2012,10,28,2048,2.0,128,99.2,1550
GeForce GTX 650 Zotac OC 1GB Edition,NVIDIA,0,GDDR5,2012-09-01,2012,9,28,1024,1.0,128,80.0,1250
GeForce GTX 660 DA OC 2GB Edition,NVIDIA,0,GDDR5,2012-09-01,2012,9,28,2048,2.0,192,144.2,1502
GeForce GTX 650 Ti Zotac 1GB Edition,NVIDIA,0,GDDR5,2012-10-01,2012,10,28,1024,1.0,128,86.4,1350
GeForce GTX 650 Ti Zotac 2GB Edition,NVIDIA,0,GDDR5,2012-10-01,2012,10,28,2048,2.0,128,86.4,1350
GeForce GTX 650 Ti Power Edition OC 1GB,NVIDIA,0,GDDR5,2012-10-01,2012,10,28,1024,1.0,128,86.4,1350
GeForce GTX 650 Ti MSI TF OC Boost Edition,NVIDIA,0,GDDR5,2013-03-26,2013,3,28,2048,2.0,192,144.2,1502
GeForce GTX 650 Ti WindForce 2X 1GB Edition,NVIDIA,0,GDDR5,2012-10-01,2012,10,28,1024,1.0,128,86.4,1350
GeForce GTX 650 Ti MSI 1GB Edition,NVIDIA,0,GDDR5,2012-10-01,2012,10,28,1024,1.0,128,86.4,1350
GeForce GTX 650 Ti MSI OC 1GB Edition,NVIDIA,0,GDDR5,2012-10-01,2012,10,28,1024,1.0,128,86.4,1350
GeForce GTX 650 Ti WindForce 2X 2GB Edition,NVIDIA,0,GDDR5,2012-10-01,2012,10,28,2048,2.0,128,86.4,1350
GeForce GTX 650 Ti Golden Sample Edition,NVIDIA,0,GDDR5,2012-10-01,2012,10,28,1024,1.0,128,88.0,1375
GeForce GTX 650 Ti EVGA SSC 2GB Edition,NVIDIA,0,GDDR5,2012-10-01,2012,10,28,2048,2.0,128,86.4,1350
GeForce GTX 650 Ti Gainward 2GB Edition,NVIDIA,0,GDDR5,2012-01-10,2012,1,28,2048,2.0,128,86.4,1350
GeForce GTX 650 Ti Palit 1GB OC Edition,NVIDIA,0,GDDR5,2012-10-01,2012,10,28,1024,1.0,128,88.0,1375
GeForce GTX 650 Ti Galaxy GC Edition,NVIDIA,0,GDDR5,2012-10-01,2012,10,28,1024,1.0,128,86.4,1350
GeForce GTX 650 Ti Gainward 1GB Edition,NVIDIA,0,GDDR5,2012-01-10,2012,1,28,1024,1.0,128,86.4,1350
GeForce GTX 650 Ti EVGA SSC 1GB Edition,NVIDIA,0,GDDR5,2012-10-01,2012,10,28,1024,1.0,128,86.4,1350
GeForce GTX 650 Ti EVGA Boost SC Edition,NVIDIA,0,GDDR5,2013-03-26,2013,3,28,2048,2.0,192,144.2,1502
GeForce GTX 650 Ti DirectCU II OC 2GB,NVIDIA,0,GDDR5,2012-10-01,2012,10,28,2048,2.0,128,86.4,1350
GeForce GTX 650 Ti EVGA Boost Superclocked 1GB Edition,NVIDIA,0,GDDR5,2013-03-26,2013,3,28,1024,1.0,192,120.3,1253
GeForce GTX 650 Ti DirectCU II 1GB Edition,NVIDIA,0,GDDR5,2012-10-01,2012,10,28,1024,1.0,128,86.4,1350
GeForce GTX 650 Ti Boost Palit OC 2GB Edition,NVIDIA,0,GDDR5,2013-03-26,2013,3,28,2048,2.0,192,146.6,1527
GeForce GTX 650 Ti DirectCU II OC 1GB,NVIDIA,0,GDDR5,2012-10-01,2012,10,28,1024,1.0,128,86.4,1350
GeForce GTX 650 Ti DirectCU II TOP 1GB,NVIDIA,0,GDDR5,2012-10-01,2012,10,28,1024,1.0,128,86.4,1350
GeForce GTX 650 Ti Boost Palit 1GB Edition,NVIDIA,0,GDDR5,2013-03-26,2013,3,28,1024,1.0,192,120.3,1253
GeForce GTX 650 Ti Boost Golden Sample Edition,NVIDIA,0,GDDR5,2013-03-26,2013,3,28,1024,1.0,192,122.5,1276
GeForce GTX 650 Ti Boost MSI OC 2GB Edition,NVIDIA,0,GDDR5,2013-03-26,2013,3,28,2048,2.0,192,144.2,1502
GeForce GTX 650 Ti Boost WindForce 2X OC Edition,NVIDIA,0,GDDR5,2013-03-26,2013,3,28,1024,1.0,192,144.2,1502
GeForce GTX 650 Ti Boost MSI Twin Frozr OC 2GB Edition,NVIDIA,0,GDDR5,2013-03-26,2013,3,28,2048,2.0,192,144.2,1502
GeForce GTX 650 Ti Asus PH 1GB Edition,NVIDIA,0,GDDR5,2013-10-31,2013,10,28,1024,1.0,128,86.4,1350
GeForce GTX 650 Ti Boost Edition,NVIDIA,0,GDDR5,2013-03-26,2013,3,28,2048,2.0,192,144.2,1502
GeForce GTX 650 Ti Boost Edition SLI,NVIDIA,0,GDDR5,2013-03-26,2013,3,28,4096,4.0,192,288.4,1502
GeForce GTX 650 Ti,NVIDIA,0,GDDR5,2012-10-09,2012,10,28,1024,1.0,128,86.4,1350
GeForce GTX 650 Ti Boost DirectCU II OC Edition,NVIDIA,0,GDDR5,2013-03-26,2013,3,28,2048,2.0,192,144.2,1502
GeForce GTX 650 PNY XLR8 Performance 1GB Edition,NVIDIA,0,GDDR5,2012-09-06,2012,9,28,1024,1.0,128,80.0,1250
GeForce GTX 650 Power Edition OC 1GB,NVIDIA,0,GDDR5,2012-09-01,2012,9,28,1024,1.0,128,80.0,1250
GeForce GTX 650 PNY XLR8 Performance 2GB Edition,NVIDIA,0,GDDR5,2012-09-06,2012,9,28,2048,2.0,128,80.0,1250
GeForce GTX 650 Palit 1GB Edition,NVIDIA,0,GDDR5,2012-09-01,2012,9,28,1024,1.0,128,80.0,1250
GeForce GTX 650 MSI OC v1 1GB Edition,NVIDIA,0,GDDR5,2012-09-01,2012,9,28,1024,1.0,128,80.0,1250
GeForce GTX 650 MSI OC 2GB Edition,NVIDIA,0,GDDR5,2012-09-01,2012,9,28,2048,2.0,128,80.0,1250
GeForce GTX 650 Palit 2GB Edition,NVIDIA,0,GDDR5,2012-10-01,2012,10,28,2048,2.0,128,80.0,1250
GeForce GTX 650 MSI OC 1GB,NVIDIA,0,GDDR5,2012-09-01,2012,9,28,1024,1.0,128,80.0,1250
GeForce GTX 650 Power Edition 1GB,NVIDIA,0,GDDR5,2012-09-01,2012,9,28,1024,1.0,128,80.0,1250
GeForce GTX 650 Gigabyte OC 4GB Edition,NVIDIA,0,GDDR5,2012-09-01,2012,9,28,4096,4.0,128,80.0,1250
GeForce GTX 650 MSI 1GB,NVIDIA,0,GDDR5,2012-09-01,2012,9,28,1024,1.0,128,80.0,1250
GeForce GTX 650 Inno3D 1GB Edition,NVIDIA,0,GDDR5,2012-09-01,2012,9,28,1024,1.0,128,80.0,1250
GeForce GTX 650 Galaxy Green Edition,NVIDIA,0,GDDR5,2012-09-01,2012,9,28,1024,1.0,128,80.0,1250
GeForce GTX 650 EX OC 1GB,NVIDIA,0,GDDR5,2012-09-01,2012,9,28,1024,1.0,128,80.0,1250
GeForce GTX 650 Gigabyte OC 2GB Edition,NVIDIA,0,GDDR5,2012-09-01,2012,9,28,2048,2.0,128,80.0,1250
GeForce GTX 650 EVGA 1GB Edition,NVIDIA,0,GDDR5,2012-09-01,2012,9,28,1024,1.0,128,80.0,1250
GeForce GTX 650 Leadtek 1GB OC Edition,NVIDIA,0,GDDR5,2012-09-01,2012,9,28,1024,1.0,128,80.0,1250
GeForce GTX 650 Gigabyte OC 1GB Edition,NVIDIA,0,GDDR5,2012-09-01,2012,9,28,1024,1.0,128,80.0,1250
GeForce GTX 650 EVGA SC 2GB Edition,NVIDIA,0,GDDR5,2012-09-01,2012,9,28,2048,2.0,128,80.0,1250
GeForce GTX 650 Galaxy GC Edition,NVIDIA,0,GDDR5,2012-09-01,2012,9,28,1024,1.0,128,80.0,1250
GeForce GTX 650 EVGA SC 1GB Edition,NVIDIA,0,GDDR5,2012-09-01,2012,9,28,1024,1.0,128,80.0,1250
GeForce GTX 650 Asus-E 2GB Edition,NVIDIA,0,GDDR5,2012-10-01,2012,10,28,2048,2.0,128,80.0,1250
GeForce GTX 650 DirectCU TOP 1GB Edition,NVIDIA,0,GDDR5,2012-09-01,2012,9,28,1024,1.0,128,81.6,1275
GeForce GTX 650 2GB,NVIDIA,0,GDDR5,2012-09-01,2012,9,28,2048,2.0,128,80.0,1250
GeForce GTX 650 Asus-E 1GB Edition,NVIDIA,0,GDDR5,2012-10-01,2012,10,28,2048,2.0,128,80.0,1250
GeForce GTX 650 1GB,NVIDIA,0,GDDR5,2012-09-01,2012,9,28,1024,1.0,128,80.0,1250
GeForce GT 640 Zotac Zone 2GB Edition,NVIDIA,0,DDR3,2012-06-08,2012,6,28,2048,2.0,128,28.5,891
GeForce GT 640 v3 Zotac 1GB Edition,NVIDIA,0,GDDR5,2013-05-29,2013,5,28,1024,1.0,64,40.1,1252
GeForce GT 640 v3 Zotac 2GB Edition,NVIDIA,0,GDDR5,2013-05-29,2013,5,28,2048,2.0,64,40.1,1252
GeForce GT 640 v3 Asus Low Profile 1GB Edition,NVIDIA,0,GDDR5,2013-05-29,2013,5,28,1024,1.0,64,40.1,1252
GeForce GT 640 v2,NVIDIA,0,GDDR5,2012-06-05,2012,6,28,1024,1.0,64,40.0,1250
GeForce GT 640 MSI V1 2GB Edition,NVIDIA,0,DDR3,2012-06-05,2012,6,28,2048,2.0,128,25.9,810
GeForce GT 640 v3,NVIDIA,0,GDDR5,2013-05-29,2013,5,28,2048,2.0,64,40.1,1252
GeForce GT 640 Zotac Synergy 2GB Edition,NVIDIA,0,DDR3,2012-06-05,2012,6,28,2048,2.0,128,25.6,800
GeForce GTX 645 (OEM),NVIDIA,0,GDDR5,2013-04-22,2013,4,28,1024,1.0,128,64.0,1000
GeForce GT 640 Gigabyte OC 2GB Edition,NVIDIA,0,DDR3,2012-06-05,2012,6,28,2048,2.0,128,28.8,900
GeForce GT 640 Galaxy GC 1GB Edition,NVIDIA,0,DDR3,2012-06-05,2012,6,28,1024,1.0,128,28.5,891
GeForce GT 640 EVGA 4GB Edition,NVIDIA,0,DDR3,2012-06-08,2012,6,28,4096,4.0,128,21.3,667
GeForce GT 640,NVIDIA,0,DDR3,2012-06-05,2012,6,28,2048,2.0,128,28.5,891
GeForce GT 640 Asus 2GB Edition,NVIDIA,0,DDR3,2012-06-08,2012,6,28,2048,2.0,128,28.5,891
GeForce GT 630 Zotac Synergy 1GB Edition,NVIDIA,0,DDR3,2012-05-15,2012,5,40,1024,1.0,128,21.3,667
GeForce GT 630 v3 Zotac Zone 4GB Edition,NVIDIA,0,DDR3,2013-05-29,2013,5,28,4096,4.0,64,12.8,800
GeForce GT 635 (OEM),NVIDIA,0,DDR3,2013-10-01,2013,10,28,2048,2.0,64,16.0,1001
GeForce GT 630 v4,NVIDIA,0,DDR3,2012-04-24,2012,4,28,2048,2.0,128,29.0,905
GeForce GT 630 v2,NVIDIA,0,GDDR5,2012-05-15,2012,5,40,1024,1.0,128,51.2,800
GeForce GT 630 v3 Asus Silent 2GB Edition,NVIDIA,0,DDR3,2013-05-29,2013,5,28,2048,2.0,64,14.4,900
GeForce GT 630 Zotac Synergy 2GB Edition,NVIDIA,0,DDR3,2012-05-15,2012,5,40,2048,2.0,128,21.3,667
GeForce GT 630 Palit 1GB Edition,NVIDIA,0,DDR3,2012-05-15,2012,5,40,1024,1.0,128,22.4,700
GeForce GT 630 MSI 4GB Edition,NVIDIA,0,DDR3,2012-05-15,2012,5,40,4096,4.0,128,32.0,1000
GeForce GT 630 Gigabyte 2GB Edition,NVIDIA,0,DDR3,2012-05-18,2012,5,40,2048,2.0,128,25.6,800
GeForce GT 630 v3,NVIDIA,0,DDR3,2013-05-29,2013,5,28,2048,2.0,64,14.4,900
GeForce GT 630 Zotac Synergy 4GB Edition,NVIDIA,0,DDR3,2012-05-15,2012,5,40,4096,4.0,128,17.1,533
GeForce GT 630 EVGA 1GB Edition,NVIDIA,0,DDR3,2012-05-15,2012,5,40,1024,1.0,128,25.6,800
GeForce GT 630 Palit 2GB Edition,NVIDIA,0,DDR3,2012-05-15,2012,5,40,2048,2.0,128,17.1,535
GeForce GT 620 Zotac Synergy 2GB Edition,NVIDIA,0,DDR3,2012-05-15,2012,5,40,2048,2.0,64,8.5,533
GeForce GT 620 Galaxy 2GB Edition,NVIDIA,0,DDR3,2012-05-15,2012,5,40,2048,2.0,64,8.0,500
GeForce GT 620 v2,NVIDIA,0,DDR3,2012-04-02,2012,4,40,1024,1.0,64,14.4,898
GeForce GT 620 PNY PCIe 1GB Edition,NVIDIA,0,DDR3,2012-05-01,2012,5,40,1024,1.0,64,8.6,535
GeForce GT 630,NVIDIA,0,DDR3,2012-05-15,2012,5,40,1024,1.0,128,28.8,900
GeForce GT 610 MSI Low Profile 2GB Edition,NVIDIA,0,DDR3,2012-05-14,2012,5,40,2048,2.0,64,8.0,500
GeForce GT 610 Zotac 2GB Synergy Edition,NVIDIA,0,DDR3,2012-04-02,2012,4,40,2048,2.0,64,8.5,533
GeForce GT 610 Palit 2GB Edition,NVIDIA,0,DDR3,2012-04-02,2012,4,40,2048,2.0,64,8.6,535
GeForce GT 620,NVIDIA,0,DDR3,2012-05-15,2012,5,40,1024,1.0,64,14.4,900
GeForce GT 610 Gigabyte 2GB Edition,NVIDIA,0,DDR3,2012-05-18,2012,5,40,2048,2.0,64,10.7,667
GeForce GT 610 Asus Silent 2GB Edition,NVIDIA,0,DDR3,2012-05-28,2012,5,40,2048,2.0,64,9.6,600
GeForce GT 610 v2,NVIDIA,0,DDR3,2012-09-09,2012,9,28,1024,1.0,64,8.0,500
GeForce 605 512MB,NVIDIA,0,DDR3,2012-04-01,2012,4,28,512,0.5,64,14.4,898
GeForce GT 610,NVIDIA,0,DDR3,2012-04-02,2012,4,40,1024,1.0,64,14.4,900
GeForce 605 1GB,NVIDIA,0,DDR3,2012-04-02,2012,4,28,1024,1.0,64,14.4,898
GeForce 3 Ti 200,NVIDIA,0,DDR,2001-10-01,2001,10,,64,0.0625,128,3.2,200
GeForce GTX 285 SLI,NVIDIA,0,GDDR3,2008-12-01,2008,12,55,2048,2.0,512,318.0,1242
GeForce GTX 295,NVIDIA,0,GDDR3,2009-01-08,2009,1,55,1792,1.75,448,223.8,999
GeForce GTX 285,NVIDIA,0,GDDR3,2008-12-23,2008,12,55,1024,1.0,512,159.0,1242
GeForce GTX 275,NVIDIA,0,GDDR3,2009-01-15,2009,1,55,896,0.875,448,127.0,1134
GeForce GTX 295 Asus Mars ROG 4GB Edition,NVIDIA,0,GDDR3,2009-06-17,2009,6,55,4096,4.0,512,281.6,1100
GeForce GTX 280,NVIDIA,0,GDDR3,2009-06-16,2009,6,65,1024,1.0,512,141.7,1107
GeForce GTX 275 SLI,NVIDIA,0,GDDR3,2009-01-15,2009,1,55,1792,1.75,448,254.0,1134
GeForce 3,NVIDIA,0,DDR,2001-02-27,2001,2,,64,0.0625,128,3.7,230
GeForce GTX 260 v3 Zotac AMP²! 896MB Edition,NVIDIA,0,GDDR3,2008-09-16,2008,9,55,896,0.875,448,117.6,1050
GeForce GTX 260 v3 Palit Sonic Platinum 896MB Edition,NVIDIA,0,GDDR3,2008-11-27,2008,11,55,896,0.875,448,123.2,1100
GeForce GTX 260 v4,NVIDIA,0,GDDR3,2009-12-08,2009,12,55,1792,1.75,448,112.9,1008
GeForce GTX 260 v3 Gainward GS 896MB Edition,NVIDIA,0,GDDR3,2008-11-27,2008,11,55,896,0.875,448,123.2,1100
GeForce GTX 260 v3 MSI OC v4 896MB Edition,NVIDIA,0,GDDR3,2008-11-27,2008,11,55,896,0.875,448,117.6,1050
GeForce GTX 260 v3,NVIDIA,0,GDDR3,2008-11-27,2008,11,55,896,0.875,448,111.9,999
GeForce GTS 250 Zotac ECO 1GB Edition,NVIDIA,0,GDDR3,2009-09-01,2009,9,55,1024,1.0,256,64.0,1000
GeForce GTX 260,NVIDIA,0,GDDR3,2008-06-16,2008,6,65,896,0.875,448,111.9,999
GeForce GTX 260 v2,NVIDIA,0,GDDR3,2008-09-16,2008,9,65,896,0.875,448,111.9,999
GeForce GTS 250 XFX Core 1GB Edition,NVIDIA,0,GDDR3,2009-03-04,2009,3,55,1024,1.0,256,64.0,1000
GeForce GTS 250 v2,NVIDIA,0,GDDR3,2008-07-29,2008,7,65,512,0.5,256,70.4,1100
GeForce GTS 250 v2 Gainward Deep Green 512MB Edition,NVIDIA,0,GDDR3,2008-07-29,2008,7,65,512,0.5,256,57.6,900
GeForce GTX 285 3-Way SLI,NVIDIA,0,GDDR3,2008-12-01,2008,12,55,3072,3.0,512,476.9,1242
GeForce GTS 250,NVIDIA,0,GDDR3,2009-03-04,2009,3,55,1024,1.0,256,70.4,1100
GeForce GTS 240,NVIDIA,0,GDDR3,2009-07-01,2009,7,55,1024,1.0,256,70.4,1100
GeForce GT 220,NVIDIA,0,GDDR3,2010-01-26,2010,1,65,1024,1.0,256,44.8,700
GeForce GT 230 v2,NVIDIA,0,DDR2,2009-10-01,2009,10,55,1536,1.5,192,24.0,500
GeForce GT 220 v3,NVIDIA,0,DDR2,2009-10-12,2009,10,40,512,0.5,128,32.0,1000
GeForce GT 220 v2 Galaxy 1GB Edition,NVIDIA,0,GDDR2,2009-10-12,2009,10,40,1024,1.0,128,6.4,400
GeForce GT 230,NVIDIA,0,GDDR3,2009-10-12,2009,10,55,512,0.5,256,57.6,900
GeForce GT 220 v2 MSI 1GB Edition,NVIDIA,0,GDDR2,2009-10-12,2009,10,40,1024,1.0,128,6.4,400
GeForce GT 220 v2,NVIDIA,0,GDDR3,2009-10-12,2009,10,40,1024,1.0,128,25.3,790
GeForce 205,NVIDIA,0,DDR2,2009-11-26,2009,11,40,512,0.5,64,6.4,400
GeForce 210 1GB,NVIDIA,0,DDR2,2009-10-12,2009,10,40,1024,1.0,64,8.0,500
GeForce GTX 480 Point of View Edition,NVIDIA,0,GDDR5,2010-04-01,2010,4,40,1536,1.5,384,177.4,924
GeForce 210,NVIDIA,0,GDDR2,2009-10-01,2009,10,40,512,0.5,64,4.0,500
GeForce GTX 480 3-way SLI,NVIDIA,0,GDDR5,2010-03-01,2010,3,40,3072,3.0,256,354.8,924
GeForce GT 240,NVIDIA,0,GDDR5,2009-11-01,2009,11,40,1024,1.0,128,54.4,850
GeForce GTX 470 SLI,NVIDIA,0,GDDR5,2010-03-01,2010,3,40,2560,2.5,320,267.8,837
GeForce GTX 470 Gigabyte SOC 1.2GB Edition,NVIDIA,0,GDDR5,2010-07-09,2010,7,40,1280,1.25,320,133.9,837
GeForce GTX 480 MSI Lightning Edition,NVIDIA,0,GDDR5,2010-09-20,2010,9,40,1536,1.5,384,192.0,1000
GeForce GTX 480,NVIDIA,0,GDDR5,2010-03-01,2010,3,40,1536,1.5,384,177.4,924
GeForce GTX 470,NVIDIA,0,GDDR5,2010-03-01,2010,3,40,1280,1.25,320,133.9,837
GeForce GTX 465 MSI M2 Edition,NVIDIA,0,GDDR5,2010-08-01,2010,8,40,1024,1.0,256,102.7,802
GeForce GTX 470 Golden Sample Edition,NVIDIA,0,GDDR5,2010-06-01,2010,6,40,1280,1.25,320,136.0,850
GeForce GTX 460 v2,NVIDIA,0,GDDR5,2011-09-24,2011,9,40,1024,1.0,256,128.3,1002
GeForce GTX 465,NVIDIA,0,GDDR5,2010-05-01,2010,5,40,1024,1.0,256,102.7,802
GeForce GTX 460 SLI,NVIDIA,0,GDDR5,2010-07-01,2010,7,40,2048,2.0,256,230.4,900
GeForce GTX 460 Point of View TGT Beast 1GB Edition,NVIDIA,0,GDDR5,2010-09-10,2010,9,40,1024,1.0,256,128.6,1005
GeForce GTX 460 SE,NVIDIA,0,GDDR5,2010-11-01,2010,11,40,1024,1.0,256,108.8,850
GeForce GTX 460 MSI OC v1 1GB Edition,NVIDIA,0,GDDR5,2010-09-21,2010,9,40,1024,1.0,256,115.2,900
GeForce GTX 460 Palit Sonic 1GB Edition,NVIDIA,0,GDDR5,2010-07-12,2010,7,40,1024,1.0,256,115.2,900
GeForce GTX 460 MSI Hawk v2 1GB Edition,NVIDIA,0,GDDR5,2010-09-21,2010,9,40,1024,1.0,256,124.8,975
GeForce GTX 460 PNY 1GB OC Edition,NVIDIA,0,GDDR5,2010-08-01,2010,8,40,1024,1.0,256,118.4,925
GeForce GTX 460 MSI OC v2 1GB Edition,NVIDIA,0,GDDR5,2010-09-21,2010,9,40,1024,1.0,256,115.2,900
GeForce GTX 460 MSI Hawk v1 1GB Edition,NVIDIA,0,GDDR5,2010-09-21,2010,9,40,1024,1.0,256,115.2,900
GeForce GTX 460 Gainward Golden Sample 2GB Edition,NVIDIA,0,GDDR5,2010-07-01,2010,7,40,2048,2.0,256,115.2,900
GeForce GTX 460 Gigabyte OC 1GB Edition,NVIDIA,0,GDDR5,2010-07-12,2010,7,40,1024,1.0,256,115.2,900
GeForce GTX 460 Gainward GS 1GB Edition,NVIDIA,0,GDDR5,2010-07-12,2010,7,40,1024,1.0,256,115.2,900
GeForce GTX 460 Asus DirectCU TOP 1GB Edition,NVIDIA,0,GDDR5,2010-08-12,2010,8,40,1024,1.0,256,128.0,1000
GeForce GTX 460 EVGA Superclocked 1GB Edition,NVIDIA,0,GDDR5,2010-07-12,2010,7,40,1024,1.0,256,115.2,900
GeForce GTX 460 Asus DirectCU II 1GB Edition,NVIDIA,0,GDDR5,2010-07-01,2010,7,40,1024,1.0,256,115.2,900
GeForce GTS 450 v4 Point of View 1GB Edition,NVIDIA,0,DDR3,2012-07-11,2012,7,40,1024,1.0,128,17.1,533
GeForce GTX 460 768MB,NVIDIA,0,GDDR5,2010-07-12,2010,7,40,768,0.75,192,86.4,900
GeForce GTS 450 v4 Gainward 1GB Edition,NVIDIA,0,DDR3,2012-07-11,2012,7,40,1024,1.0,128,22.4,700
GeForce GTS 450 v4 Asus DirectCU Silent 1GB Edition,NVIDIA,0,DDR3,2012-07-11,2012,7,40,1024,1.0,128,25.6,800
GeForce GTS 450 v4 Palit 1GB Edition,NVIDIA,0,DDR3,2012-07-11,2012,7,40,1024,1.0,128,22.4,700
GeForce GTS 450 v4,NVIDIA,0,DDR3,2012-07-11,2012,7,40,1024,1.0,128,22.4,700
GeForce GTS 450 v4 Asus 1GB Edition,NVIDIA,0,DDR3,2012-07-11,2012,7,40,1024,1.0,128,25.6,800
GeForce GTS 450 v2,NVIDIA,0,GDDR5,2010-10-11,2010,10,40,1536,1.5,192,86.6,902
GeForce GTS 450 v3,NVIDIA,0,GDDR5,2011-03-15,2011,3,40,2048,2.0,128,57.7,902
GeForce GTS 450 Palit Sonic Platinum 1GB Edition,NVIDIA,0,GDDR5,2010-09-13,2010,9,40,1024,1.0,128,64.0,1000
GeForce GTS 450 Point of View 1GB Edition,NVIDIA,0,GDDR5,2010-09-13,2010,9,40,1024,1.0,128,57.7,902
GeForce GTS 450 PNY XLR8 Performance 1GB Edition,NVIDIA,0,GDDR5,2010-10-15,2010,10,40,1024,1.0,128,57.7,902
GeForce GTS 450 MSI Cyclone 1GB Edition,NVIDIA,0,GDDR5,2010-09-13,2010,9,40,1024,1.0,128,62.7,980
GeForce GTS 450 Gigabyte OC 1GB Edition,NVIDIA,0,GDDR5,2010-09-13,2010,9,40,1024,1.0,128,57.7,902
GeForce GTS 450 Galaxy GC 1GB Edition,NVIDIA,0,GDDR5,2010-09-13,2010,9,40,1024,1.0,128,59.1,924
GeForce GTS 450 Gainward 1GB Edition,NVIDIA,0,GDDR5,2010-09-13,2010,9,40,1024,1.0,128,57.7,902
GeForce GTS 450 EVGA FTW 1GB Edition,NVIDIA,0,GDDR5,2010-09-13,2010,9,40,1024,1.0,128,65.7,1026
GeForce GTS 450 EVGA SuperClocked 1GB Edition,NVIDIA,0,GDDR5,2010-09-13,2010,9,40,1024,1.0,128,60.8,950
GeForce GTS 450 EVGA 1GB Edition,NVIDIA,0,GDDR5,2010-09-13,2010,9,40,1024,1.0,128,57.7,902
GeForce GTS 450 Asus DirectCU 1GB Edition,NVIDIA,0,GDDR5,2010-09-13,2010,9,40,1024,1.0,128,57.7,902
GeForce GTS 450 Asus DirectCU OC 1GB Edition,NVIDIA,0,GDDR5,2010-09-13,2010,9,40,1024,1.0,128,60.8,950
GeForce GT 440 Zotac 1GB Edition,NVIDIA,0,GDDR5,2011-02-01,2011,2,40,1024,1.0,128,51.2,800
GeForce GTS 450,NVIDIA,0,GDDR5,2010-09-03,2010,9,40,1024,1.0,128,57.7,902
GeForce GTS 450 Asus DirectCU TOP 1GB Edition,NVIDIA,0,GDDR5,2010-09-13,2010,9,40,1024,1.0,128,64.0,1000
GeForce GT 440 v2 Inno3D 2GB Edition,NVIDIA,0,DDR3,2011-03-01,2011,3,40,1024,1.0,128,21.3,667
GeForce GT 440 v3,NVIDIA,0,DDR3,2010-10-01,2010,10,40,1536,1.5,192,43.2,900
GeForce GT 440 v2 Gigabyte OC 1GB Edition,NVIDIA,0,DDR3,2011-03-01,2011,3,40,1024,1.0,128,28.8,900
GeForce GT 440 v2 Zotac Synergy 2GB Edition,NVIDIA,0,DDR3,2011-03-01,2011,3,40,1024,1.0,128,21.3,667
GeForce GT 440 Palit 1GB Edition,NVIDIA,0,GDDR5,2011-02-01,2011,2,40,1024,1.0,128,51.2,800
GeForce GT 440 Gigabyte Turbo Cache 1GB Edition,NVIDIA,0,GDDR5,2011-02-01,2011,2,40,1024,1.0,128,51.2,800
GeForce GTX 460,NVIDIA,0,GDDR5,2010-07-12,2010,7,40,1024,1.0,256,115.2,900
GeForce GT 440 Gainward 1GB Edition,NVIDIA,0,GDDR5,2011-02-01,2011,2,40,1024,1.0,128,51.2,800
GeForce GT 440 Asus 1GB Edition,NVIDIA,0,GDDR5,2011-02-01,2011,2,40,1024,1.0,128,51.2,800
GeForce GT 440 v2,NVIDIA,0,DDR3,2011-02-01,2011,2,40,1024,1.0,128,28.8,900
GeForce GT 440,NVIDIA,0,GDDR5,2011-02-01,2011,2,40,512,0.5,128,51.2,800
GeForce GT 430 Zotac Synergy 2GB Edition,NVIDIA,0,DDR3,2010-10-01,2010,10,40,2048,2.0,128,21.3,667
GeForce GT 430 Zotac Synergy 4GB Edition,NVIDIA,0,DDR3,2010-10-01,2010,10,40,4096,4.0,128,17.1,533
GeForce GT 430 v2,NVIDIA,0,DDR3,2010-10-11,2010,10,40,2048,2.0,128,28.8,900
GeForce GT 430 MSI OC 2GB Edition,NVIDIA,0,DDR3,2010-12-01,2010,12,40,1024,1.0,128,21.3,667
GeForce GT 430 MSI Low Profile Single Fan OC 1GB Edition,NVIDIA,0,DDR3,2010-12-01,2010,12,40,1024,1.0,128,29.6,925
GeForce GT 430 MSI Low Profile Dual Fan OC 1GB Edition,NVIDIA,0,DDR3,2010-12-01,2010,12,40,1024,1.0,128,32.0,1000
GeForce GT 430 Gainward 1GB Edition,NVIDIA,0,DDR3,2010-10-01,2010,10,40,1024,1.0,128,25.6,800
GeForce GT 430 Inno3D 4GB Edition,NVIDIA,0,DDR3,2010-12-01,2010,12,40,4096,4.0,128,21.3,667
GeForce GT 430 Gigabyte OC 1GB Edition,NVIDIA,0,DDR3,2010-11-01,2010,11,40,1024,1.0,128,28.8,900
GeForce GT 430 EVGA 1GB Edition,NVIDIA,0,DDR3,2010-10-01,2010,10,40,1024,1.0,128,25.6,800
GeForce GT 430 AXLE 2GB Edition,NVIDIA,0,DDR3,2011-01-01,2011,1,40,2048,2.0,128,16.0,500
GeForce 405,NVIDIA,0,DDR3,2011-09-16,2011,9,40,1024,1.0,64,12.6,790
GeForce GT 420,NVIDIA,0,DDR3,2010-09-03,2010,9,40,2048,2.0,128,28.8,900
GeForce GT 420 Gigabyte Rev. 3.0 2GB Edition,NVIDIA,0,DDR3,2010-09-03,2010,9,40,2048,2.0,128,25.6,800
GeForce GT 430,NVIDIA,0,DDR3,2010-10-11,2010,10,40,1024,1.0,128,28.8,900
GeForce GTX 590 EVGA Classified Hydro Copper Edition,NVIDIA,0,GDDR5,2011-03-24,2011,3,40,3072,3.0,384,331.8,864
GeForce GTX 590 Mars II Asus Edition,NVIDIA,0,GDDR5,2011-04-01,2011,4,40,3072,3.0,384,384.8,1002
GeForce GTX 590 SLI,NVIDIA,0,GDDR5,2011-03-24,2011,3,40,6144,6.0,384,655.9,854
GeForce GTX 590,NVIDIA,0,GDDR5,2011-03-24,2011,3,40,3072,3.0,384,327.9,854
GeForce GTX 590 EVGA Classified Edition,NVIDIA,0,GDDR5,2011-03-24,2011,3,40,3072,3.0,384,331.8,864
GeForce GTX 580 Zotac AMP! Edition,NVIDIA,0,GDDR5,2011-01-01,2011,1,40,1536,1.5,384,196.8,1025
GeForce GTX 580 Twin Frozr II OC Edition,NVIDIA,0,GDDR5,2011-03-01,2011,3,40,1536,1.5,384,196.6,1024
GeForce GTX 580 SLI,NVIDIA,0,GDDR5,2010-11-01,2010,11,40,3072,3.0,384,384.8,1002
GeForce GTX 580 Palit Dual Fan 3GB Edition,NVIDIA,0,GDDR5,2011-01-12,2011,1,40,3072,3.0,384,193.0,1005
GeForce GTX 580 Lightning Xtreme Edition,NVIDIA,0,GDDR5,2011-05-01,2011,5,40,3072,3.0,384,201.6,1050
GeForce GTX 580 Gigabyte UD rev 1.0 Edition,NVIDIA,0,GDDR5,2011-02-01,2011,2,40,1536,1.5,384,192.4,1002
GeForce GTX 580 Galaxy Edition,NVIDIA,0,GDDR5,2010-11-01,2010,11,40,1536,1.5,384,192.4,1002
GeForce GTX 580 Gainward Phantom 3GB,NVIDIA,0,GDDR5,2010-11-09,2010,11,40,3072,3.0,384,193.0,1005
GeForce GTX 580 Gainward GOOD Edition,NVIDIA,0,GDDR5,2011-05-01,2011,5,40,1536,1.5,384,193.0,1005
GeForce GTX 580 EVGA Superclocked Edition,NVIDIA,0,GDDR5,2011-01-01,2011,1,40,1536,1.5,384,194.5,1013
GeForce GTX 580 EVGA FTW Hydro Copper 2 1.5GB Edition,NVIDIA,0,GDDR5,2011-01-17,2011,1,40,1536,1.5,384,201.4,1049
GeForce GTX 580 EVGA CoD Black Ops 1.5GB Edition,NVIDIA,0,GDDR5,2010-11-09,2010,11,40,1536,1.5,384,194.5,1013
GeForce GTX 580 Asus DirectCU II Edition,NVIDIA,0,GDDR5,2011-01-01,2011,1,40,1536,1.5,384,192.4,1002
GeForce GTX 580 CUHC 3GB,NVIDIA,0,GDDR5,2010-11-01,2010,11,40,3072,3.0,384,202.2,1053
GeForce GTX 580 EVGA DS Superclocked 1.5GB Edition,NVIDIA,0,GDDR5,2011-04-22,2011,4,40,1536,1.5,384,194.5,1013
GeForce GTX 580 Asus Matrix Edition,NVIDIA,0,GDDR5,2011-05-01,2011,5,40,1536,1.5,384,192.4,1002
GeForce GTX 580 EVGA Classified Ultra 3GB Edition,NVIDIA,0,GDDR5,2011-11-25,2011,11,40,3072,3.0,384,202.2,1053
GeForce GTX 580,NVIDIA,0,GDDR5,2010-11-09,2010,11,40,1536,1.5,384,192.4,1002
GeForce GTX 570 Sonic Edition,NVIDIA,0,GDDR5,2011-06-01,2011,6,40,1280,1.25,320,156.0,975
GeForce GTX 580 EVGA 3GB Edition,NVIDIA,0,GDDR5,2011-06-27,2011,6,40,3072,3.0,384,192.4,1002
GeForce GTX 570 SP Edition,NVIDIA,0,GDDR5,2010-12-01,2010,12,40,1280,1.25,320,160.0,1000
GeForce GTX 570 SLI,NVIDIA,0,GDDR5,2010-12-01,2010,12,40,2560,2.5,320,304.0,950
GeForce GTX 570 MSI Power Edition,NVIDIA,0,GDDR5,2011-04-01,2011,4,40,1280,1.25,320,152.0,950
GeForce GTX 570 MSI OC Power Edition,NVIDIA,0,GDDR5,2011-04-01,2011,4,40,1280,1.25,320,160.0,1000
GeForce GTX 570 GS-GLH Edition,NVIDIA,0,GDDR5,2010-12-07,2010,12,40,1280,1.25,320,160.0,1000
GeForce GTX 570 Gigabyte SO Edition,NVIDIA,0,GDDR5,2011-05-01,2011,5,40,1280,1.25,320,152.0,950
GeForce GTX 570 Gigabyte Edition,NVIDIA,0,GDDR5,2011-04-01,2011,4,40,1280,1.25,320,152.0,950
GeForce GTX 570 EVGA SC Edition,NVIDIA,0,GDDR5,2010-12-01,2010,12,40,1280,1.25,320,156.0,975
GeForce GTX 570 Gainward Phantom Edition,NVIDIA,0,GDDR5,2011-01-01,2011,1,40,1280,1.25,320,156.0,975
GeForce GTX 570 Direct CU II Edition,NVIDIA,0,GDDR5,2011-07-01,2011,7,40,1280,1.25,320,152.0,950
GeForce GTX 570 Gainward Golden Sample 1.2GB Edition,NVIDIA,0,GDDR5,2010-12-07,2010,12,40,1280,1.25,320,156.0,975
GeForce GTX 570,NVIDIA,0,GDDR5,2010-12-07,2010,12,40,1280,1.25,320,152.0,950
GeForce GTX 560 Zotac AMP! 1GB Edition,NVIDIA,0,GDDR5,2011-07-25,2011,7,40,1024,1.0,256,140.8,1100
GeForce GTX 560 Zotac 1GB Edition,NVIDIA,0,GDDR5,2011-05-17,2011,5,40,1024,1.0,256,128.3,1002
GeForce GTX 570 EVGA HD 2.5GB Edition,NVIDIA,0,GDDR5,2011-09-01,2011,9,40,2560,2.5,320,152.0,950
GeForce GTX 560 Ti Zotac OC Edition,NVIDIA,0,GDDR5,2011-02-01,2011,2,40,1024,1.0,256,128.3,1002
GeForce GTX 560 Ti Zotac AMP! 1GB Edition,NVIDIA,0,GDDR5,2011-01-25,2011,1,40,1024,1.0,256,140.8,1100
GeForce GTX 560 Ti Twin Frozr II/OC 2GB,NVIDIA,0,GDDR5,2011-05-01,2011,5,40,2048,2.0,256,192.3,1502
GeForce GTX 560 Ti Twin Frozr II 2GB,NVIDIA,0,GDDR5,2011-05-01,2011,5,40,2048,2.0,256,128.3,1002
GeForce GTX 560 Ti Superclocked Edition,NVIDIA,0,GDDR5,2011-03-01,2011,3,40,1024,1.0,256,134.8,1053
GeForce GTX 560 Ti Sonic 1GB Edition,NVIDIA,0,GDDR5,2012-05-01,2012,5,40,1024,1.0,256,134.4,1050
GeForce GTX 560 Ti SLI,NVIDIA,0,GDDR5,2011-01-01,2011,1,40,2048,2.0,256,256.5,1002
GeForce GTX 560 Ti Inno3D OC Edition,NVIDIA,0,GDDR5,2011-01-01,2011,1,40,1024,1.0,256,131.2,1025
GeForce GTX 560 Ti Twin Frozr II OC Edition,NVIDIA,0,GDDR5,2011-02-01,2011,2,40,1024,1.0,256,134.4,1050
GeForce GTX 560 Ti Phantom 1GB Edition,NVIDIA,0,GDDR5,2011-01-01,2011,1,40,1024,1.0,256,131.2,1025
GeForce GTX 560 Ti PNY OC2 1GB,NVIDIA,0,GDDR5,2011-03-01,2011,3,40,1024,1.0,256,134.8,1053
GeForce GTX 560 Ti Hawk Edition,NVIDIA,0,GDDR5,2011-02-09,2011,2,40,1024,1.0,256,134.4,1050
GeForce GTX 560 Ti Gigabyte OC 1GB Edition,NVIDIA,0,GDDR5,2011-01-01,2011,1,40,1024,1.0,256,128.0,1000
GeForce GTX 560 Ti Golden Sample Edition,NVIDIA,0,GDDR5,2011-02-01,2011,2,40,1024,1.0,256,134.4,1050
GeForce GTX 560 Ti EVGA 2GB Edition,NVIDIA,0,GDDR5,2011-11-10,2011,11,40,2048,2.0,256,128.3,1002
GeForce GTX 560 Ti Superclocked DS Edition,NVIDIA,0,GDDR5,2011-11-05,2011,11,40,1024,1.0,256,134.8,1053
GeForce GTX 560 Ti DirectCUII TOP 2GB,NVIDIA,0,GDDR5,2011-02-25,2011,2,40,2048,2.0,256,128.3,1002
GeForce GTX 560 Ti SOC Edition,NVIDIA,0,GDDR5,2011-01-01,2011,1,40,1024,1.0,256,146.6,1145
GeForce GTX 560 Ti DirectCUII TOP 1GB,NVIDIA,0,GDDR5,2011-02-25,2011,2,40,1024,1.0,256,134.4,1050
GeForce GTX 560 Ti Gainward Phantom 2GB Edition,NVIDIA,0,GDDR5,2011-01-25,2011,1,40,2048,2.0,256,128.3,1002
GeForce GTX 560 Ti DirectCUII 1GB,NVIDIA,0,GDDR5,2011-02-01,2011,2,40,1024,1.0,256,128.0,1000
GeForce GTX 560 Ti DirectCUII 2GB,NVIDIA,0,GDDR5,2011-02-01,2011,2,40,2048,2.0,256,128.3,1002
GeForce GTX 560 Ti Crysis 2 Maximum Edition,NVIDIA,0,GDDR5,2011-03-23,2011,3,40,1024,1.0,256,134.8,1053
GeForce GTX 560 Ti AMP,NVIDIA,0,GDDR5,2011-02-08,2011,2,40,1024,1.0,256,140.8,1100
GeForce GTX 560 Sparkle Calibe DF 1GB Edition,NVIDIA,0,GDDR5,2011-05-19,2011,5,40,1024,1.0,256,143.6,1122
GeForce GTX 560 Ti,NVIDIA,0,GDDR5,2011-01-25,2011,1,40,1024,1.0,256,128.3,1002
GeForce GTX 560 Ti 448 Edition,NVIDIA,0,GDDR5,2011-11-29,2011,11,40,1280,1.25,256,121.6,950
GeForce GTX 560 SE (OEM),NVIDIA,0,GDDR5,2012-03-30,2012,3,40,1024,1.0,192,91.9,957
GeForce GTX 560 Ti 448 MSI Twin Frozr III Power OC 1.2GB Edition,NVIDIA,0,GDDR5,2011-11-29,2011,11,40,1280,1.25,256,124.8,975
GeForce GTX 560 Gigabyte WindForce 2X Rev 3.0 1GB Edition,NVIDIA,0,GDDR5,2011-05-17,2011,5,40,1024,1.0,256,128.3,1002
GeForce GTX 560 Palit 2GB Edition,NVIDIA,0,GDDR5,2011-05-01,2011,5,40,2048,2.0,256,128.3,1002
GeForce GTX 560 MSI TwinFrozr II OC 1GB Edition,NVIDIA,0,GDDR5,2011-05-17,2011,5,40,1024,1.0,256,130.6,1020
GeForce GTX 560 Gigabyte WindForce 2X Rev 2.0 1GB Edition,NVIDIA,0,GDDR5,2011-05-17,2011,5,40,1024,1.0,256,128.3,1002
GeForce GTX 560 Gigabyte WindForce 2X Rev 1.0 1GB Edition,NVIDIA,0,GDDR5,2011-05-17,2011,5,40,1024,1.0,256,128.3,1002
GeForce GTX 560 Galaxy GC 2GB Edition,NVIDIA,0,GDDR5,2011-12-01,2011,12,40,2048,2.0,256,128.3,1002
GeForce GTX 560 SLI,NVIDIA,0,GDDR5,2011-05-17,2011,5,40,2048,2.0,256,256.3,1001
GeForce GTX 560 EVGA Superclocked 2GB Edition,NVIDIA,0,GDDR5,2011-06-01,2011,6,40,2048,2.0,256,131.3,1026
GeForce GTX 560 Gainward Phantom 1GB Edition,NVIDIA,0,GDDR5,2011-11-28,2011,11,40,1024,1.0,256,129.3,1010
GeForce GTX 560 EVGA FTW+ 1GB Edition,NVIDIA,0,GDDR5,2011-08-15,2011,8,40,1024,1.0,256,137.9,1077
GeForce GTX 560 EVGA Superclocked 1GB Edition,NVIDIA,0,GDDR5,2011-05-17,2011,5,40,1024,1.0,256,131.3,1026
GeForce GTX 560 EVGA DS SSC 1GB Edition,NVIDIA,0,GDDR5,2011-12-02,2011,12,40,1024,1.0,256,133.1,1040
GeForce GTX 560 Club3D CoolStream Super OC 1GB Edition,NVIDIA,0,GDDR5,2011-05-17,2011,5,40,1024,1.0,256,131.3,1026
GeForce GTX 560 Asus DirectCU II TOP 1GB Edition,NVIDIA,0,GDDR5,2011-05-19,2011,5,40,1024,1.0,256,134.4,1050
GeForce GTX 560 EVGA 1GB Edition,NVIDIA,0,GDDR5,2011-05-17,2011,5,40,1024,1.0,256,128.3,1002
GeForce GTX 560 Asus DirectCU II OC 1GB Edition,NVIDIA,0,GDDR5,2011-05-17,2011,5,40,1024,1.0,256,134.4,1050
GeForce GTX 560 (OEM),NVIDIA,0,GDDR5,2011-11-29,2011,11,40,1280,1.25,320,128.3,802
GeForce GTX 560 ECS Black 1GB Edition,NVIDIA,0,GDDR5,2011-05-17,2011,5,40,1024,1.0,256,128.3,1002
GeForce GTX 560 Asus DirectCU 1GB Edition,NVIDIA,0,GDDR5,2011-05-17,2011,5,40,1024,1.0,256,128.3,1002
GeForce GTX 560 Gainward Golden Sample 1GB Edition,NVIDIA,0,GDDR5,2011-09-08,2011,9,40,1024,1.0,256,129.3,1010
GeForce GTX 555 (OEM),NVIDIA,0,GDDR5,2012-05-01,2012,5,40,1024,1.0,192,91.9,957
GeForce GTX 560,NVIDIA,0,GDDR5,2011-05-17,2011,5,40,1024,1.0,256,128.1,1001
GeForce GTX 550 Ti Zotac AMP! Edition,NVIDIA,0,GDDR5,2011-03-01,2011,3,40,1024,1.0,192,105.6,1100
GeForce GTX 550 Ti WindForce Edition,NVIDIA,0,GDDR5,2011-09-01,2011,9,40,1024,1.0,192,98.4,1025
GeForce GTX 550 Ti SLI,NVIDIA,0,GDDR5,2011-03-15,2011,3,40,2048,2.0,192,196.8,1025
GeForce GTX 550 Ti Zotac Edition,NVIDIA,0,GDDR5,2011-03-01,2011,3,40,1024,1.0,192,98.4,1025
GeForce GTX 550 Ti Palit Edition,NVIDIA,0,GDDR5,2011-03-01,2011,3,40,1024,1.0,192,98.4,1025
GeForce GTX 550 Ti M2D1 OC Edition,NVIDIA,0,GDDR5,2011-05-01,2011,5,40,1024,1.0,192,103.2,1075
GeForce GTX 550 Ti DirectCU TOP Edition,NVIDIA,0,GDDR5,2011-03-01,2011,3,40,1024,1.0,192,98.5,1026
GeForce GTX 550 Ti Sonic Edition,NVIDIA,0,GDDR5,2011-03-01,2011,3,40,1024,1.0,192,105.6,1100
GeForce GTX 550 Ti Gigabyte OC Edition,NVIDIA,0,GDDR5,2011-07-01,2011,7,40,1024,1.0,192,100.8,1050
GeForce GTX 550 Ti FPB,NVIDIA,0,GDDR5,2011-03-01,2011,3,40,1024,1.0,192,104.5,1089
GeForce GTX 550 Ti Gainward Edition,NVIDIA,0,GDDR5,2011-03-01,2011,3,40,1024,1.0,192,98.4,1025
GeForce GTX 550 Ti EVGA SC Edition,NVIDIA,0,GDDR5,2011-03-01,2011,3,40,1024,1.0,192,108.3,1128
GeForce GTX 550 Ti DirectCU Edition,NVIDIA,0,GDDR5,2011-03-01,2011,3,40,1024,1.0,192,98.5,1026
GeForce GTX 550 Ti Golden Sample Edition,NVIDIA,0,GDDR5,2011-03-01,2011,3,40,1024,1.0,192,105.6,1100
GeForce GTX 550 Ti EVGA 2GB Edition,NVIDIA,0,GDDR5,2011-03-01,2011,3,40,2048,2.0,192,96.2,1002
GeForce GTX 550 Ti Cyclone II OC Edition,NVIDIA,0,GDDR5,2011-03-15,2011,3,40,1024,1.0,192,103.2,1075
GeForce GTX 550 Ti Asus M2D1 Edition,NVIDIA,0,GDDR5,2011-05-01,2011,5,40,1024,1.0,192,98.4,1025
GeForce GTX 550 Ti Asus Edition SLI,NVIDIA,0,GDDR5,2011-03-15,2011,3,40,2048,2.0,192,196.8,1025
GeForce GTX 550 Ti Asus Edition,NVIDIA,0,GDDR5,2011-03-01,2011,3,40,1024,1.0,192,98.5,1026
GeForce GTX 550 Ti,NVIDIA,0,GDDR5,2011-03-15,2011,3,40,1024,1.0,192,98.4,1025
GeForce GT 545 3GB,NVIDIA,0,DDR3,2011-05-14,2011,5,40,3072,3.0,192,38.4,800
GeForce GT 545 1.5GB,NVIDIA,0,DDR3,2011-05-14,2011,5,40,1536,1.5,192,38.4,800
GeForce GT 520 Zotac Synergy 1GB Edition,NVIDIA,0,DDR3,2011-05-01,2011,5,40,1024,1.0,64,8.5,533
GeForce GT 545 (OEM),NVIDIA,0,GDDR5,2011-05-14,2011,5,40,1024,1.0,128,63.9,999
GeForce GT 520 v4,NVIDIA,0,DDR3,2012-08-20,2012,8,40,1024,1.0,64,8.0,500
GeForce GT 520 v3,NVIDIA,0,DDR3,2012-02-01,2012,2,40,2048,2.0,64,14.4,898
GeForce GT 520 Gigabyte 1GB Edition,NVIDIA,0,DDR3,2011-04-13,2011,4,40,1024,1.0,64,10.7,667
GeForce GT 530,NVIDIA,0,DDR3,2011-05-14,2011,5,40,1024,1.0,128,28.8,900
GeForce GT 520 v2,NVIDIA,0,DDR3,2012-02-01,2012,2,40,1024,1.0,64,10.7,667
GeForce GT 520,NVIDIA,0,DDR3,2011-04-13,2011,4,40,1024,1.0,64,14.4,900
GeForce GT 520 Asus Silent Low Profile 2GB Edition,NVIDIA,0,DDR3,2013-06-13,2013,6,40,2048,2.0,64,9.6,600
GeForce GTX 980 Zotac AMP! Omega 4GB Edition,NVIDIA,0,GDDR5,2014-09-19,2014,9,28,4096,4.0,256,230.4,1800
GeForce GT 520 Asus Silent Low Profile 1GB Edition,NVIDIA,0,DDR3,2013-06-13,2013,6,40,1024,1.0,64,9.6,600
GeForce GTX 980 Zotac AMP! Extreme 4GB Edition SLI,NVIDIA,0,GDDR5,2014-09-19,2014,9,28,8192,8.0,256,460.8,1800
GeForce GT 520 Gainward SilentFX 1GB Edition,NVIDIA,0,DDR3,2013-06-13,2013,6,40,1024,1.0,64,8.6,535
GeForce GTX 980 Zotac AMP! Extreme 4GB Edition,NVIDIA,0,GDDR5,2014-09-19,2014,9,28,4096,4.0,256,230.4,1800
GeForce GTX 980 Zotac 4GB Edition,NVIDIA,0,GDDR5,2014-09-19,2014,9,28,4096,4.0,256,224.4,1753
GeForce GTX 980 Zotac AMP! 4GB Edition,NVIDIA,0,GDDR5,2014-09-19,2014,9,28,4096,4.0,256,224.4,1753
GeForce 510,NVIDIA,0,DDR3,2011-09-29,2011,9,40,1024,1.0,64,14.4,898
GeForce GTX 980 Ti Zotac ArcticStorm 6GB Edition,NVIDIA,0,GDDR5,2015-06-02,2015,6,28,6144,6.0,384,336.6,1753
GeForce GTX 980 Ti Zotac AMP! 6GB Edition,NVIDIA,0,GDDR5,2015-06-02,2015,6,28,6144,6.0,384,336.6,1753
GeForce GTX 980 Ti Zotac AMP! Extreme 6GB Edition SLI,NVIDIA,0,GDDR5,2015-06-02,2015,6,28,12288,12.0,384,692.4,1803
GeForce GTX 980 Ti Zotac AMP! Extreme 6GB Edition,NVIDIA,0,GDDR5,2015-06-02,2015,6,28,6144,6.0,384,346.2,1803
GeForce GTX 980 Ti Zotac 6GB Edition,NVIDIA,0,GDDR5,2015-06-02,2015,6,28,6144,6.0,384,336.6,1753
GeForce GTX 980 Ti PNY XLR8 OC 6GB Edition,NVIDIA,0,GDDR5,2015-07-07,2015,7,28,6144,6.0,384,336.6,1753
GeForce GTX 980 Ti Palit Super JetStream 6GB Edition,NVIDIA,0,GDDR5,2015-06-15,2015,6,28,6144,6.0,384,336.6,1753
GeForce GTX 980 Ti Palit JetStream 6GB Edition,NVIDIA,0,GDDR5,2015-06-02,2015,6,28,6144,6.0,384,336.6,1753
GeForce GTX 980 Ti Palit 6GB Edition,NVIDIA,0,GDDR5,2015-06-02,2015,6,28,6144,6.0,384,336.6,1753
GeForce GTX 980 Ti MSI Gaming Golden 6GB Edition,NVIDIA,0,GDDR5,2015-10-01,2015,10,28,6144,6.0,384,340.6,1774
GeForce GTX 980 Ti MSI Sea Hawk 6GB Edition,NVIDIA,0,GDDR5,2015-08-26,2015,8,28,6144,6.0,384,340.6,1774
GeForce GTX 980 Ti MSI 6GB Edition,NVIDIA,0,GDDR5,2015-06-02,2015,6,28,6144,6.0,384,336.6,1753
GeForce GTX 980 Ti MSI Gaming 6GB Edition SLI,NVIDIA,0,GDDR5,2015-06-02,2015,6,28,12288,12.0,384,681.6,1775
GeForce GTX 980 Ti MSI Lightning 6GB Edition,NVIDIA,0,GDDR5,2015-08-26,2015,8,28,6144,6.0,384,340.6,1774
GeForce GTX 980 Ti MSI Armor 2X OC 6GB Edition,NVIDIA,0,GDDR5,2015-06-02,2015,6,28,6144,6.0,384,336.6,1753
GeForce GTX 980 Ti Inno3D iChill X4 Ultra 6GB Edition,NVIDIA,0,GDDR5,2015-06-02,2015,6,28,6144,6.0,384,345.6,1800
GeForce GTX 980 Ti Inno3D iChill X3 Ultra 6GB Edition,NVIDIA,0,GDDR5,2015-06-02,2015,6,28,6144,6.0,384,345.6,1800
GeForce GTX 980 Ti Gigabyte XTREME Water 6GB Edition,NVIDIA,0,GDDR5,2015-11-11,2015,11,28,6144,6.0,384,345.6,1800
GeForce GTX 980 Ti MSI Gaming 6GB Edition,NVIDIA,0,GDDR5,2015-06-02,2015,6,28,6144,6.0,384,340.8,1775
GeForce GTX 980 Ti Inno3D iChill Black 6GB Edition,NVIDIA,0,GDDR5,2015-06-02,2015,6,28,6144,6.0,384,349.4,1820
GeForce GTX 980 Ti Gigabyte XTREME 6GB Edition,NVIDIA,0,GDDR5,2015-11-11,2015,11,28,6144,6.0,384,345.6,1800
GeForce GTX 980 Ti Gigabyte G1 Gaming 6GB Edition,NVIDIA,0,GDDR5,2015-06-02,2015,6,28,6144,6.0,384,336.6,1753
GeForce GTX 980 Ti Gigabyte 6GB Edition,NVIDIA,0,GDDR5,2015-06-02,2015,6,28,6144,6.0,384,336.6,1753
GeForce GTX 980 Ti Gigabyte WindForce 3X OC 6GB Edition,NVIDIA,0,GDDR5,2015-09-01,2015,9,28,6144,6.0,384,336.6,1753
GeForce GTX 980 Ti Gigabyte G1 Gaming 6GB Edition SLI,NVIDIA,0,GDDR5,2015-06-02,2015,6,28,12288,12.0,384,673.2,1753
GeForce GTX 980 Ti Galax HOF WaterCooled 6GB Edition,NVIDIA,0,GDDR5,2015-06-09,2015,6,28,6144,6.0,384,336.6,1753
GeForce GTX 980 Ti Gigabyte 6GB Edition SLI,NVIDIA,0,GDDR5,2015-06-02,2015,6,28,12288,12.0,384,673.2,1753
GeForce GTX 980 Ti EVGA Superclocked+ ACX 2.0+ 6GB Edition,NVIDIA,0,GDDR5,2015-06-02,2015,6,28,6144,6.0,384,336.6,1753
GeForce GTX 980 Ti Galax HOF 6GB Edition,NVIDIA,0,GDDR5,2015-06-02,2015,6,28,6144,6.0,384,336.6,1753
GeForce GTX 980 Ti EVGA Superclocked ACX 2.0+ 6GB Edition SLI,NVIDIA,0,GDDR5,2015-06-02,2015,6,28,12288,12.0,384,673.2,1753
GeForce GTX 980 Ti EVGA Superclocked ACX 2.0+ 6GB Edition,NVIDIA,0,GDDR5,2015-06-02,2015,6,28,6144,6.0,384,336.6,1753
GeForce GTX 980 Ti EVGA Superclocked 6GB Edition,NVIDIA,0,GDDR5,2015-06-02,2015,6,28,6144,6.0,384,336.6,1753
GeForce GTX 980 Ti EVGA Hydro Copper 6GB Edition,NVIDIA,0,GDDR5,2015-06-02,2015,6,28,6144,6.0,384,336.6,1753
GeForce GTX 980 Ti EVGA Classified ACX 2.0+ 6GB Edition SLI,NVIDIA,0,GDDR5,2015-06-02,2015,6,28,12288,12.0,384,673.2,1753
GeForce GTX 980 Ti Galax HOF LN2 6GB Edition,NVIDIA,0,GDDR5,2015-06-02,2015,6,28,6144,6.0,384,336.6,1753
GeForce GTX 980 Ti EVGA Kingpin 6GB Edition,NVIDIA,0,GDDR5,2015-07-21,2015,7,28,6144,6.0,384,340.6,1774
GeForce GTX 980 Ti EVGA Hybrid 6GB Edition,NVIDIA,0,GDDR5,2015-06-02,2015,6,28,6144,6.0,384,336.6,1753
GeForce GTX 980 Ti EVGA FTW ACX 2.0+ 6GB Edition,NVIDIA,0,GDDR5,2015-09-11,2015,9,28,6144,6.0,384,336.6,1753
GeForce GTX 980 Ti EVGA ACX 2.0+ 6GB Edition,NVIDIA,0,GDDR5,2015-06-02,2015,6,28,6144,6.0,384,336.6,1753
GeForce GTX 980 Ti Asus DirectCU III OC Strix Gaming 6GB Edition,NVIDIA,0,GDDR5,2015-06-02,2015,6,28,6144,6.0,384,345.6,1800
GeForce GTX 980 Ti EVGA Classified ACX 2.0+ 6GB Edition,NVIDIA,0,GDDR5,2015-06-02,2015,6,28,6144,6.0,384,336.6,1753
GeForce GTX 980 Ti EVGA 6GB Edition,NVIDIA,0,GDDR5,2015-06-02,2015,6,28,6144,6.0,384,336.6,1753
GeForce GTX 980 Ti Asus 6GB Edition,NVIDIA,0,GDDR5,2015-06-02,2015,6,28,6144,6.0,384,336.6,1753
GeForce GTX 980 Point of View 4GB Edition,NVIDIA,0,GDDR5,2014-09-19,2014,9,28,4096,4.0,256,224.4,1753
GeForce GTX 980 Ti Asus DirectCU III OC Strix Gaming 6GB SLI,NVIDIA,0,GDDR5,2015-06-02,2015,6,28,12288,12.0,384,691.2,1800
GeForce GTX 980 Ti 6GB SLI,NVIDIA,0,GDDR5,2015-06-02,2015,6,28,12288,12.0,384,673.2,1753
GeForce GTX 980 PNY XLR8 Pro OC 4GB Edition,NVIDIA,0,GDDR5,2015-01-01,2015,1,28,4096,4.0,256,224.4,1753
GeForce GTX 980 Palit Trio 4GB Edition,NVIDIA,0,GDDR5,2015-06-01,2015,6,28,4096,4.0,256,224.4,1753
GeForce GTX 980 Ti 6GB,NVIDIA,0,GDDR5,2015-06-01,2015,6,28,6144,6.0,384,336.6,1753
GeForce GTX 980 Palit Super JetStream 4GB Edition,NVIDIA,0,GDDR5,2014-09-19,2014,9,28,4096,4.0,256,230.4,1800
GeForce GTX 980 PNY 4GB Edition,NVIDIA,0,GDDR5,2014-09-19,2014,9,28,4096,4.0,256,224.4,1753
GeForce GTX 980 Palit JetStream 4GB Edition,NVIDIA,0,GDDR5,2014-09-19,2014,9,28,4096,4.0,256,224.4,1753
GeForce GTX 980 Palit 4GB Edition,NVIDIA,0,GDDR5,2014-09-19,2014,9,28,4096,4.0,256,224.4,1753
GeForce GTX 980 MSI OC v1 4GB Edition,NVIDIA,0,GDDR5,2014-09-19,2014,9,28,4096,4.0,256,224.4,1753
GeForce GTX 980 MSI Gaming 4GB Edition SLI,NVIDIA,0,GDDR5,2014-09-19,2014,9,28,8192,8.0,256,448.8,1753
GeForce GTX 980 MSI Gaming 4GB Edition 3-Way SLI,NVIDIA,0,GDDR5,2014-09-19,2014,9,28,12288,12.0,256,673.2,1753
GeForce GTX 980 MSI Armor 2X OC 4GB Edition,NVIDIA,0,GDDR5,2014-09-19,2014,9,28,4096,4.0,256,224.4,1753
GeForce GTX 980 MSI Gaming 4GB Edition,NVIDIA,0,GDDR5,2014-09-19,2014,9,28,4096,4.0,256,224.4,1753
GeForce GTX 980 Leadtek Winfast Hurricane 4GB Edition,NVIDIA,0,GDDR5,2014-10-20,2014,10,28,4096,4.0,256,224.4,1753
GeForce GTX 980 Leadtek WinFast 4GB Edition,NVIDIA,0,GDDR5,2014-11-04,2014,11,28,4096,4.0,256,224.4,1753
GeForce GTX 980 Inno3D iChill HerculeZ X4 ABU 4GB Edition,NVIDIA,0,GDDR5,2014-09-19,2014,9,28,4096,4.0,256,230.4,1800
GeForce GTX 980 MSI 4GB Edition,NVIDIA,0,GDDR5,2014-09-19,2014,9,28,4096,4.0,256,224.4,1753
GeForce GTX 980 Gigabyte XTREME 4GB Edition,NVIDIA,0,GDDR5,2015-11-11,2015,11,28,4096,4.0,256,227.2,1775
GeForce GTX 980 Inno3D 4GB Edition,NVIDIA,0,GDDR5,2014-09-19,2014,9,28,4096,4.0,256,224.4,1753
GeForce GTX 980 Inno3D iChill HerculeZ X4 Air 4GB Edition,NVIDIA,0,GDDR5,2014-09-19,2014,9,28,4096,4.0,256,224.4,1753
GeForce GTX 980 Gigabyte G1 Gaming 4GB Edition SLI,NVIDIA,0,GDDR5,2014-09-19,2014,9,28,8192,8.0,256,448.8,1753
GeForce GTX 980 Gigabyte WindForce 3X 4GB Edition,NVIDIA,0,GDDR5,2014-09-19,2014,9,28,4096,4.0,256,224.4,1753
GeForce GTX 980 Gigabyte G1 Gaming 4GB Edition,NVIDIA,0,GDDR5,2014-09-19,2014,9,28,4096,4.0,256,224.4,1753
GeForce GTX 980 Galax 4GB Edition,NVIDIA,0,GDDR5,2014-09-19,2014,9,28,4096,4.0,256,224.4,1753
GeForce GTX 980 EVGA Superclocked 4GB Edition SLI,NVIDIA,0,GDDR5,2014-09-19,2014,9,28,8192,8.0,256,448.8,1753
GeForce GTX 980 EVGA Superclocked ACX 2.0 4GB Edition SLI,NVIDIA,0,GDDR5,2014-09-19,2014,9,28,8192,8.0,256,448.8,1753
GeForce GTX 980 Galax SOC 4GB Edition,NVIDIA,0,GDDR5,2014-09-30,2014,9,28,4096,4.0,256,224.4,1753
GeForce GTX 980 Gainward 4GB Edition,NVIDIA,0,GDDR5,2014-09-19,2014,9,28,4096,4.0,256,224.4,1753
GeForce GTX 980 Galax HOF 4GB Edition,NVIDIA,0,GDDR5,2014-11-10,2014,11,28,4096,4.0,256,224.4,1753
GeForce GTX 980 EVGA Superclocked ACX 2.0 4GB Edition,NVIDIA,0,GDDR5,2014-09-19,2014,9,28,4096,4.0,256,224.4,1753
GeForce GTX 980 EVGA Hydro Copper 4GB Edition,NVIDIA,0,GDDR5,2014-09-19,2014,9,28,4096,4.0,256,224.4,1753
GeForce GTX 980 EVGA Superclocked 4GB Edition,NVIDIA,0,GDDR5,2014-09-19,2014,9,28,4096,4.0,256,224.4,1753
GeForce GTX 980 EVGA FTW ACX 2.0 4GB Edition,NVIDIA,0,GDDR5,2014-09-19,2014,9,28,4096,4.0,256,224.4,1753
GeForce GTX 980 EVGA Hybrid 4GB Edition,NVIDIA,0,GDDR5,2015-03-26,2015,3,28,4096,4.0,256,224.4,1753
GeForce GTX 980 EVGA 4GB Edition,NVIDIA,0,GDDR5,2014-09-19,2014,9,28,4096,4.0,256,224.4,1753
GeForce GTX 980 Asus Strix OC 4GB Edition SLI,NVIDIA,0,GDDR5,2014-09-19,2014,9,28,8192,8.0,256,448.8,1753
GeForce GTX 980 EVGA ACX 2.0 4GB Edition,NVIDIA,0,GDDR5,2014-09-19,2014,9,28,4096,4.0,256,224.4,1753
GeForce GTX 980 EVGA Classified ACX 2.0 4GB Edition,NVIDIA,0,GDDR5,2014-10-01,2014,10,28,4096,4.0,256,224.4,1753
GeForce GTX 980 EVGA Classified Kingpin ACX 2.0+ 4GB Edition,NVIDIA,0,GDDR5,2015-02-06,2015,2,28,4096,4.0,256,224.4,1753
GeForce GTX 980 Asus Strix OC 4GB Edition,NVIDIA,0,GDDR5,2014-09-19,2014,9,28,4096,4.0,256,224.4,1753
GeForce GTX 980 Asus ROG Matrix Platinum 4GB Edition SLI,NVIDIA,0,GDDR5,2014-12-03,2014,12,28,8192,8.0,256,448.8,1753
GeForce GTX 980 EVGA Classified ACX 2.0 4GB Edition SLI,NVIDIA,0,GDDR5,2014-10-01,2014,10,28,8192,8.0,256,448.8,1753
GeForce GTX 980 Asus 4GB Edition,NVIDIA,0,GDDR5,2014-09-19,2014,9,28,4096,4.0,256,224.4,1753
GeForce GTX 980 4GB SLI,NVIDIA,0,GDDR5,2014-09-19,2014,9,28,8192,8.0,256,448.8,1753
GeForce GTX 980 4GB 3-Way SLI,NVIDIA,0,GDDR5,2014-09-19,2014,9,28,12288,12.0,256,673.2,1753
GeForce GTX 980 4GB,NVIDIA,0,GDDR5,2014-09-19,2014,9,28,4096,4.0,256,224.4,1753
GeForce GTX 970 Zotac AMP! Extreme Core 4GB Edition SLI,NVIDIA,0,GDDR5,2014-09-19,2014,9,28,8192,8.0,256,460.8,1800
GeForce GTX 970 Zotac AMP! Omega 4GB Edition,NVIDIA,0,GDDR5,2014-09-19,2014,9,28,4096,4.0,256,225.4,1761
GeForce GTX 970 Zotac AMP! Omega Core 4GB Edition,NVIDIA,0,GDDR5,2014-09-19,2014,9,28,4096,4.0,256,224.4,1753
GeForce GTX 970 Zotac AMP! Extreme Core 4GB Edition,NVIDIA,0,GDDR5,2014-09-19,2014,9,28,4096,4.0,256,230.4,1800
GeForce GTX 970 Zotac AMP! Extreme 4GB Edition,NVIDIA,0,GDDR5,2014-09-19,2014,9,28,4096,4.0,256,230.4,1800
GeForce GTX 980 Asus ROG Poseidon 4GB Edition,NVIDIA,0,GDDR5,2014-11-10,2014,11,28,4096,4.0,256,224.4,1753
GeForce GTX 980 Asus ROG Matrix Gold 4GB Edition,NVIDIA,0,GDDR5,2015-03-31,2015,3,28,4096,4.0,256,224.4,1753
GeForce GTX 970 Zotac 4GB Edition SLI,NVIDIA,0,GDDR5,2014-09-19,2014,9,28,8192,8.0,256,448.8,1753
GeForce GTX 970 PNY 4GB Edition,NVIDIA,0,GDDR5,2014-09-19,2014,9,28,4096,4.0,256,224.4,1753
GeForce GTX 970 Zotac AMP! Extreme 4GB Edition SLI,NVIDIA,0,GDDR5,2014-09-19,2014,9,28,8192,8.0,256,460.8,1800
GeForce GTX 970 Point of View 4GB Edition,NVIDIA,0,GDDR5,2014-09-19,2014,9,28,4096,4.0,256,224.4,1753
GeForce GTX 970 Palit 4GB Edition,NVIDIA,0,GDDR5,2014-09-19,2014,9,28,4096,4.0,256,224.4,1753
GeForce GTX 970 Palit JetStream 4GB Edition,NVIDIA,0,GDDR5,2014-09-19,2014,9,28,4096,4.0,256,224.4,1753
GeForce GTX 970 MSI Gaming 100 ME 4GB Edition SLI,NVIDIA,0,GDDR5,2015-01-28,2015,1,28,8192,8.0,256,448.8,1753
GeForce GTX 970 MSI Gaming 4GB Edition,NVIDIA,0,GDDR5,2014-09-19,2014,9,28,4096,4.0,256,224.4,1753
GeForce GTX 970 MSI Gaming 4GB Edition SLI,NVIDIA,0,GDDR5,2014-09-19,2014,9,28,8192,8.0,256,224.4,1753
GeForce GTX 970 Zotac 4GB Edition,NVIDIA,0,GDDR5,2014-09-19,2014,9,28,4096,4.0,256,224.4,1753
GeForce GTX 970 MSI Gaming 100 ME 4GB Edition,NVIDIA,0,GDDR5,2015-01-28,2015,1,28,4096,4.0,256,224.4,1753
GeForce GTX 970 MSI Armor 2X OC 4GB Edition,NVIDIA,0,GDDR5,2014-09-19,2014,9,28,4096,4.0,256,224.4,1753
GeForce GTX 980 Asus ROG Matrix Platinum 4GB Edition,NVIDIA,0,GDDR5,2014-12-03,2014,12,28,4096,4.0,256,224.4,1753
GeForce GTX 970 MSI OC 4GB Edition,NVIDIA,0,GDDR5,2014-09-19,2014,9,28,4096,4.0,256,224.4,1753
GeForce GTX 970 Leadtek WinFast Hurricane 4GB Edition,NVIDIA,0,GDDR5,2014-10-20,2014,10,28,4096,4.0,256,224.4,1753
GeForce GTX 970 MSI Gaming Golden 4GB Edition,NVIDIA,0,GDDR5,2014-11-14,2014,11,28,4096,4.0,256,224.4,1753
GeForce GTX 970 Leadtek WinFast 4GB Edition,NVIDIA,0,GDDR5,2014-11-04,2014,11,28,4096,4.0,256,224.4,1753
GeForce GTX 970 Inno3D iChill HerculeZ X4 ABU 4GB Edition,NVIDIA,0,GDDR5,2014-09-19,2014,9,28,4096,4.0,256,230.4,1800
GeForce GTX 970 Inno3D HerculeZ X2 OC 4GB Edition,NVIDIA,0,GDDR5,2014-09-29,2014,9,28,4096,4.0,256,224.4,1753
GeForce GTX 970 KFA2 EXOC Sniper 4GB Edition,NVIDIA,0,GDDR5,2016-01-18,2016,1,28,4096,4.0,256,224.4,1753
GeForce GTX 970 Gigabyte WindForce 3X OC 4GB Edition,NVIDIA,0,GDDR5,2014-09-29,2014,9,28,4096,4.0,256,224.4,1753
GeForce GTX 970 Galax OC 4GB Edition,NVIDIA,0,GDDR5,2014-09-19,2014,9,28,4096,4.0,256,224.4,1753
GeForce GTX 970 Gigabyte Twin Turbo OC 4GB Edition,NVIDIA,0,GDDR5,2015-07-28,2015,7,28,4096,4.0,256,224.4,1753
GeForce GTX 970 Gigabyte G1 Gaming 4GB Edition SLI,NVIDIA,0,GDDR5,2014-09-19,2014,9,28,8192,8.0,256,448.8,1753
GeForce GTX 970 Gigabyte Mini-ITX OC 4GB Edition,NVIDIA,0,GDDR5,2014-10-21,2014,10,28,4096,4.0,256,224.4,1753
GeForce GTX 970 Gigabyte G1 Gaming 4GB Edition,NVIDIA,0,GDDR5,2014-09-19,2014,9,28,4096,4.0,256,224.4,1753
GeForce GTX 970 Galax EXOC 4GB Black Edition,NVIDIA,0,GDDR5,2014-10-31,2014,10,28,4096,4.0,256,224.4,1753
GeForce GTX 970 Galax HOF 4GB Edition,NVIDIA,0,GDDR5,2014-10-10,2014,10,28,4096,4.0,256,224.4,1753
GeForce GTX 970 Gigabyte XTREME 4GB Edition,NVIDIA,0,GDDR5,2015-11-11,2015,11,28,4096,4.0,256,227.2,1775
GeForce GTX 970 Galax EXOC 4GB Black Edition SLI,NVIDIA,0,GDDR5,2014-10-31,2014,10,28,8192,8.0,256,448.8,1753
GeForce GTX 970 Gainward Phantom Phoenix 4GB Edition,NVIDIA,0,GDDR5,2015-08-21,2015,8,28,4096,4.0,256,224.4,1753
GeForce GTX 970 Gainward Phantom 4GB Edition,NVIDIA,0,GDDR5,2014-09-19,2014,9,28,4096,4.0,256,224.4,1753
GeForce GTX 970 EVGA Superclocked ACX 2.0 4GB Edition SLI,NVIDIA,0,GDDR5,2014-09-19,2014,9,28,8192,8.0,256,448.8,1753
GeForce GTX 970 EVGA Superclocked ACX 2.0 4GB Edition,NVIDIA,0,GDDR5,2014-09-19,2014,9,28,4096,4.0,256,224.4,1753
GeForce GTX 970 EVGA SSC ACX+ 2.0 4GB Edition SLI,NVIDIA,0,GDDR5,2015-01-08,2015,1,28,8192,8.0,256,448.8,1753
GeForce GTX 970 EVGA SSC ACX 2.0 4GB Edition SLI,NVIDIA,0,GDDR5,2014-09-19,2014,9,28,8192,8.0,256,448.8,1753
GeForce GTX 970 EVGA Superclocked 4GB Edition,NVIDIA,0,GDDR5,2014-09-19,2014,9,28,4096,4.0,256,224.4,1753
GeForce GTX 970 EVGA SSC ACX+ 2.0 4GB Edition,NVIDIA,0,GDDR5,2015-01-08,2015,1,28,4096,4.0,256,224.4,1753
GeForce GTX 970 EVGA FTW+ ACX 2.0+ 4GB Edition,NVIDIA,0,GDDR5,2014-09-19,2014,9,28,4096,4.0,256,224.4,1753
GeForce GTX 970 EVGA FTW+ ACX 2.0+ 4GB Edition SLI,NVIDIA,0,GDDR5,2014-09-19,2014,9,28,8192,8.0,256,448.8,1753
GeForce GTX 970 EVGA SSC ACX 2.0 4GB Edition,NVIDIA,0,GDDR5,2014-09-19,2014,9,28,4096,4.0,256,224.4,1753
GeForce GTX 970 EVGA Superclocked ACX 4GB Edition,NVIDIA,0,GDDR5,2014-09-19,2014,9,28,4096,4.0,256,224.4,1753
GeForce GTX 970 Asus Turbo OC 4GB Edition,NVIDIA,0,GDDR5,2015-05-05,2015,5,28,4096,4.0,256,224.4,1753
GeForce GTX 970 EVGA ACX 4GB Edition,NVIDIA,0,GDDR5,2014-09-19,2014,9,28,4096,4.0,256,224.4,1753
GeForce GTX 970 Asus Strix OC 4GB Edition SLI,NVIDIA,0,GDDR5,2014-09-19,2014,9,28,8192,8.0,256,448.8,1753
GeForce GTX 970 EVGA ACX 2.0 4GB Edition,NVIDIA,0,GDDR5,2014-09-19,2014,9,28,4096,4.0,256,224.4,1753
GeForce GTX 970 Asus Strix OC 4GB Edition,NVIDIA,0,GDDR5,2014-09-19,2014,9,28,4096,4.0,256,224.4,1753
GeForce GTX 970 EVGA FTW ACX 2.0 4GB Edition SLI,NVIDIA,0,GDDR5,2014-09-19,2014,9,28,4096,4.0,256,448.8,1753
GeForce GTX 970 EVGA FTW ACX 2.0 4GB Edition,NVIDIA,0,GDDR5,2014-09-19,2014,9,28,4096,4.0,256,224.4,1753
GeForce GTX 970 EVGA 4GB Edition,NVIDIA,0,GDDR5,2014-09-19,2014,9,28,4096,4.0,256,224.4,1753
GeForce GTX 970 4GB SLI,NVIDIA,0,GDDR5,2014-09-19,2014,9,28,8192,8.0,256,448.8,1753
GeForce GTX 970 Asus DirectCU Mini OC 4GB Edition,NVIDIA,0,GDDR5,2014-12-01,2014,12,28,4096,4.0,256,224.4,1753
GeForce GTX 960 Zotac v2 2GB Edition,NVIDIA,0,GDDR5,2015-01-22,2015,1,28,2048,2.0,128,112.2,1753
GeForce GTX 960 Zotac AMP! v2 2GB Edition,NVIDIA,0,GDDR5,2015-01-22,2015,1,28,2048,2.0,128,112.2,1753
GeForce GTX 970 4GB,NVIDIA,0,GDDR5,2014-09-19,2014,9,28,4096,4.0,256,224.4,1753
GeForce GTX 960 Zotac 2GB Edition,NVIDIA,0,GDDR5,2015-01-22,2015,1,28,2048,2.0,128,112.2,1753
GeForce GTX 960 Zotac AMP! 2GB Edition,NVIDIA,0,GDDR5,2015-01-22,2015,1,28,2048,2.0,128,112.2,1753
GeForce GTX 960 Zotac 4GB Edition,NVIDIA,0,GDDR5,2015-03-11,2015,3,28,4096,4.0,128,112.2,1753
GeForce GTX 960 Ti 2GB [not released],NVIDIA,0,GDDR5,2015-10-31,2015,10,28,2048,2.0,256,224.4,1753
GeForce GTX 960 Point of View AMMO OC 2GB Edition,NVIDIA,0,GDDR5,2015-01-22,2015,1,28,2048,2.0,128,112.2,1753
GeForce GTX 960 Zotac AMP! 4GB Edition,NVIDIA,0,GDDR5,2015-03-11,2015,3,28,4096,4.0,128,112.2,1753
GeForce GTX 960 Ti 4GB [not released],NVIDIA,0,GDDR5,2015-10-31,2015,10,28,4096,4.0,256,224.4,1753
GeForce GTX 960 PNY 2GB Edition,NVIDIA,0,GDDR5,2015-01-22,2015,1,28,2048,2.0,128,112.2,1753
GeForce GTX 960 Palit Super JetStream 2GB Edition,NVIDIA,0,GDDR5,2015-01-22,2015,1,28,2048,2.0,128,115.2,1800
GeForce GTX 960 Palit JetStream 4GB Edition,NVIDIA,0,GDDR5,2015-03-20,2015,3,28,4096,4.0,128,112.2,1753
GeForce GTX 960 PNY XLR8 4GB Edition,NVIDIA,0,GDDR5,2015-03-10,2015,3,28,4096,4.0,128,112.2,1753
GeForce GTX 960 Palit JetStream 2GB Edition,NVIDIA,0,GDDR5,2015-01-22,2015,1,28,2048,2.0,128,115.2,1800
GeForce GTX 960 Palit 2GB Edition,NVIDIA,0,GDDR5,2015-01-22,2015,1,28,2048,2.0,128,112.2,1753
GeForce GTX 960 MSI OC 2GB Edition,NVIDIA,0,GDDR5,2015-01-22,2015,1,28,2048,2.0,128,112.2,1753
GeForce GTX 960 MSI Gaming 4GB Edition SLI,NVIDIA,0,GDDR5,2015-03-10,2015,3,28,8192,8.0,128,224.4,1753
GeForce GTX 960 MSI Gaming 2GB Edition,NVIDIA,0,GDDR5,2015-01-22,2015,1,28,2048,2.0,128,112.2,1753
GeForce GTX 960 MSI Gaming 4GB Edition,NVIDIA,0,GDDR5,2015-03-10,2015,3,28,4096,4.0,128,112.2,1753
GeForce GTX 960 MSI Tiger OC 4GB Edition,NVIDIA,0,GDDR5,2015-03-10,2015,3,28,4096,4.0,128,112.2,1753
GeForce GTX 960 MSI 2GB Edition,NVIDIA,0,GDDR5,2015-01-22,2015,1,28,2048,2.0,128,112.2,1753
GeForce GTX 780 Zotac OC Edition,NVIDIA,0,GDDR5,2013-05-23,2013,5,28,3072,3.0,384,288.4,1502
GeForce GTX 780 Zotac OC Edition SLI,NVIDIA,0,GDDR5,2013-05-23,2013,5,28,6144,6.0,384,576.8,1502
GeForce GTX 960 Inno3D HerculeZ X3 Air Boss Ultra 2GB Edition,NVIDIA,0,GDDR5,2015-01-22,2015,1,28,2048,2.0,128,115.2,1800
GeForce GTX 960 Inno3D HerculeZ 2X OC 4GB Edition,NVIDIA,0,GDDR5,2015-03-03,2015,3,28,4096,4.0,128,112.2,1753
GeForce GTX 960 MSI Gaming 100ME 2GB Edition,NVIDIA,0,GDDR5,2015-01-22,2015,1,28,2048,2.0,128,112.2,1753
GeForce GTX 780 Zotac AMP! Edition,NVIDIA,0,GDDR5,2013-08-23,2013,8,28,3072,3.0,384,298.0,1552
GeForce GTX 780 WindForce 3X OC Edition,NVIDIA,0,GDDR5,2013-05-23,2013,5,28,3072,3.0,384,288.4,1502
GeForce GTX 780 Ti WindForce 3X OC Edition,NVIDIA,0,GDDR5,2013-11-21,2013,11,28,3072,3.0,384,336.0,1750
GeForce GTX 780 Ti Zotac AMP! Edition,NVIDIA,0,GDDR5,2013-11-27,2013,11,28,3072,3.0,384,345.6,1800
GeForce GTX 780 Ti Palit JetStream Edition,NVIDIA,0,GDDR5,2013-11-21,2013,11,28,3072,3.0,384,336.0,1750
GeForce GTX 780 Ti SLI,NVIDIA,0,GDDR5,2013-11-07,2013,11,28,6144,6.0,384,672.0,1750
GeForce GTX 780 Ti MSI Gaming 3GB Edition,NVIDIA,0,GDDR5,2013-12-12,2013,12,28,3072,3.0,384,336.0,1750
GeForce GTX 780 Ti Gigabyte GHz Edition,NVIDIA,0,GDDR5,2013-12-01,2013,12,28,3072,3.0,384,336.0,1750
GeForce GTX 780 Ti PNY XLR8 Enthusiast OC Edition,NVIDIA,0,GDDR5,2013-11-07,2013,11,28,3072,3.0,384,336.0,1750
GeForce GTX 780 Ti Galaxy HOF+ Edition,NVIDIA,0,GDDR5,2013-11-07,2013,11,28,3072,3.0,384,336.0,1750
GeForce GTX 780 Ti Gainward Phantom Edition,NVIDIA,0,GDDR5,2013-11-26,2013,11,28,3072,3.0,384,336.0,1750
GeForce GTX 780 Ti HerculeZ X3 Ultra Edition,NVIDIA,0,GDDR5,2013-11-07,2013,11,28,3072,3.0,384,345.6,1800
GeForce GTX 780 Ti EVGA SuperClocked w/ ACX Edition,NVIDIA,0,GDDR5,2013-11-07,2013,11,28,3072,3.0,384,336.0,1750
GeForce GTX 780 Ti EVGA Classified Kingpin Edition,NVIDIA,0,GDDR5,2013-12-12,2013,12,28,3072,3.0,384,336.0,1750
GeForce GTX 780 Ti EVGA DC w/ ACX Edition,NVIDIA,0,GDDR5,2013-12-01,2013,12,28,3072,3.0,384,336.0,1750
GeForce GTX 780 Ti EVGA SuperClocked Edition,NVIDIA,0,GDDR5,2013-11-07,2013,11,28,3072,3.0,384,336.0,1750
GeForce GTX 780 Ti DirectCU II OC Edition,NVIDIA,0,GDDR5,2013-11-21,2013,11,28,3072,3.0,384,336.0,1750
GeForce GTX 780 Ti,NVIDIA,0,GDDR5,2013-11-07,2013,11,28,3072,3.0,384,336.0,1750
GeForce GTX 780 Palit Super JetStream Edition,NVIDIA,0,GDDR5,2013-09-01,2013,9,28,3072,3.0,384,297.6,1550
GeForce GTX 780 Ti Asus ROG Matrix Platinum Edition,NVIDIA,0,GDDR5,2014-03-19,2014,3,28,3072,3.0,384,336.0,1750
GeForce GTX 960 Inno3D HerculeZ 1X 4GB Edition,NVIDIA,0,GDDR5,2015-03-03,2015,3,28,4096,4.0,128,112.2,1753
GeForce GTX 960 Gigabyte WindForce 2X OC 4GB Edition,NVIDIA,0,GDDR5,2015-03-05,2015,3,28,4096,4.0,128,112.2,1753
GeForce GTX 960 Inno3D HerculeZ 2X OC 2GB Edition,NVIDIA,0,GDDR5,2015-01-22,2015,1,28,2048,2.0,128,112.2,1753
GeForce GTX 960 Inno3D HerculeZ 1X 2GB Edition,NVIDIA,0,GDDR5,2015-01-22,2015,1,28,2048,2.0,128,112.2,1753
GeForce GTX 780 SLI,NVIDIA,0,GDDR5,2013-05-23,2013,5,28,6144,6.0,384,576.8,1502
GeForce GTX 960 Gigabyte OC 2GB Edition,NVIDIA,0,GDDR5,2015-06-29,2015,6,28,2048,2.0,128,112.2,1753
GeForce GTX 960 Gigabyte IX OC 2GB Edition,NVIDIA,0,GDDR5,2015-01-22,2015,1,28,2048,2.0,128,112.2,1753
GeForce GTX 960 Gigabyte G1 Gaming 2GB Edition,NVIDIA,0,GDDR5,2015-01-22,2015,1,28,2048,2.0,128,112.2,1753
GeForce GTX 960 Gigabyte WindForce 2X OC 2GB Edition,NVIDIA,0,GDDR5,2015-01-22,2015,1,28,2048,2.0,128,112.2,1753
GeForce GTX 960 Galax OC 2GB Edition,NVIDIA,0,GDDR5,2015-01-22,2015,1,28,2048,2.0,128,112.2,1753
GeForce GTX 960 Galax KFA2 EXOC 4GB Edition,NVIDIA,0,GDDR5,2015-01-22,2015,1,28,4096,4.0,128,112.2,1753
GeForce GTX 960 Galax KFA2 EXOC 2GB Edition,NVIDIA,0,GDDR5,2015-01-22,2015,1,28,2048,2.0,128,112.2,1753
GeForce GTX 960 Gigabyte G1 Gaming 4GB Edition,NVIDIA,0,GDDR5,2015-03-05,2015,3,28,4096,4.0,128,112.2,1753
GeForce GTX 960 Galax EXOC White 2GB Edition,NVIDIA,0,GDDR5,2015-05-05,2015,5,28,2048,2.0,128,112.2,1753
GeForce GTX 960 Gigabyte OC 4GB Edition,NVIDIA,0,GDDR5,2015-06-29,2015,6,28,4096,4.0,128,112.2,1753
GeForce GTX 960 Galax 2GB Edition,NVIDIA,0,GDDR5,2015-01-22,2015,1,28,2048,2.0,128,112.2,1753
GeForce GTX 960 Gainward Phantom GLH 2GB Edition,NVIDIA,0,GDDR5,2015-01-22,2015,1,28,2048,2.0,128,115.2,1800
GeForce GTX 960 Gainward Phantom 2GB Edition,NVIDIA,0,GDDR5,2015-01-22,2015,1,28,2048,2.0,128,115.2,1800
GeForce GTX 960 Galax EXOC 2GB Edition,NVIDIA,0,GDDR5,2015-01-22,2015,1,28,2048,2.0,128,112.2,1753
GeForce GTX 960 Gainward OC 2GB Edition,NVIDIA,0,GDDR5,2015-01-22,2015,1,28,2048,2.0,128,112.2,1753
GeForce GTX 960 Galax Gamer OC Mini Black 4GB Edition,NVIDIA,0,GDDR5,2015-01-22,2015,1,28,4096,4.0,128,112.2,1753
GeForce GTX 960 EVGA SuperSC ACX 2.0+ 4GB Edition,NVIDIA,0,GDDR5,2015-01-22,2015,1,28,4096,4.0,128,112.2,1753
GeForce GTX 960 EVGA Superclocked 2GB Edition,NVIDIA,0,GDDR5,2015-01-22,2015,1,28,2048,2.0,128,112.2,1753
GeForce GTX 780 MSI TwinFrozr Gaming OC Edition,NVIDIA,0,GDDR5,2013-08-30,2013,8,28,3072,3.0,384,288.4,1502
GeForce GTX 780 Palit JetStream Edition,NVIDIA,0,GDDR5,2013-05-23,2013,5,28,3072,3.0,384,288.4,1502
GeForce GTX 960 EVGA SuperSC ACX 2.0+ 2GB Edition,NVIDIA,0,GDDR5,2015-01-22,2015,1,28,2048,2.0,128,112.2,1753
GeForce GTX 780 MSI Lightning Edition,NVIDIA,0,GDDR5,2013-08-30,2013,8,28,3072,3.0,384,288.4,1502
GeForce GTX 780 Inno3D iChill HerculeZ X3 Ultra DHS Edition,NVIDIA,0,GDDR5,2013-01-01,2013,1,28,3072,3.0,384,297.6,1550
GeForce GTX 780 Inno3D HerculeZ 2000 Edition,NVIDIA,0,GDDR5,2013-05-23,2013,5,28,3072,3.0,384,288.4,1502
GeForce GTX 780 MSI Gaming 6GB Edition,NVIDIA,0,GDDR5,2013-09-10,2013,9,28,6144,6.0,384,288.4,1502
GeForce GTX 780 Inno3D Ice Dragon Edition,NVIDIA,0,GDDR5,2013-06-01,2013,6,28,3072,3.0,384,298.2,1553
GeForce GTX 780 Gigabyte GHz Edition,NVIDIA,0,GDDR5,2013-07-01,2013,7,28,3072,3.0,384,288.4,1502
GeForce GTX 780 Gainward Phantom GLH Edition,NVIDIA,0,GDDR5,2013-06-30,2013,6,28,3072,3.0,384,288.4,1502
GeForce GTX 780 EVGA SC w/ ACX Edition SLI,NVIDIA,0,GDDR5,2013-05-23,2013,5,28,6144,6.0,384,576.8,1502
GeForce GTX 780 EVGA Dual FTW w/ ACX Edition,NVIDIA,0,GDDR5,2013-05-23,2013,5,28,3072,3.0,384,288.4,1502
GeForce GTX 780 Gainward Phantom Edition,NVIDIA,0,GDDR5,2013-08-30,2013,8,28,3072,3.0,384,288.4,1502
GeForce GTX 780 EVGA SC w/ ACX 6GB Edition,NVIDIA,0,GDDR5,2013-09-10,2013,9,28,6144,6.0,384,288.4,1502
GeForce GTX 780 EVGA Dual Classified w/ ACX Edition,NVIDIA,0,GDDR5,2013-05-23,2013,5,28,3072,3.0,384,288.4,1502
GeForce GTX 780 Asus Strix OC 6GB Edition,NVIDIA,0,GDDR5,2014-05-22,2014,5,28,6144,6.0,384,288.4,1502
GeForce GTX 780 EVGA SC w/ ACX Edition,NVIDIA,0,GDDR5,2013-05-23,2013,5,28,3072,3.0,384,288.4,1502
GeForce GTX 780 EVGA SC Edition,NVIDIA,0,GDDR5,2013-05-23,2013,5,28,3072,3.0,384,288.4,1502
GeForce GTX 780 DirectCU II Edition,NVIDIA,0,GDDR5,2013-07-01,2013,7,28,3072,3.0,384,288.4,1502
GeForce GTX 780 DirectCU II OC Edition,NVIDIA,0,GDDR5,2013-07-01,2013,7,28,3072,3.0,384,288.4,1502
GeForce GTX 960 EVGA FTW ACX 2.0+ 4GB Edition,NVIDIA,0,GDDR5,2015-01-22,2015,1,28,4096,4.0,128,112.2,1753
GeForce GTX 780 Galaxy HOF 3GB Edition,NVIDIA,0,GDDR5,2013-09-01,2013,9,28,3072,3.0,384,288.4,1502
GeForce GTX 960 EVGA ACX 2.0+ 4GB Edition,NVIDIA,0,GDDR5,2015-01-22,2015,1,28,4096,4.0,128,112.2,1753
GeForce GTX 960 EVGA FTW ACX 2.0+ 2GB Edition,NVIDIA,0,GDDR5,2015-01-22,2015,1,28,2048,2.0,128,112.2,1753
GeForce GTX 960 Asus Turbo OC 4GB Edition SLI,NVIDIA,0,GDDR5,2015-05-05,2015,5,28,8192,8.0,128,224.4,1753
GeForce GTX 960 Asus Turbo OC 2GB Edition,NVIDIA,0,GDDR5,2015-05-05,2015,5,28,2048,2.0,128,112.2,1753
GeForce GTX 960 Asus Turbo OC 4GB Edition,NVIDIA,0,GDDR5,2015-05-05,2015,5,28,4096,4.0,128,112.2,1753
GeForce GTX 960 Asus Strix DirectCU II OC 4GB Edition,NVIDIA,0,GDDR5,2015-01-22,2015,1,28,4096,4.0,128,112.2,1753
GeForce GTX 960 EVGA ACX 2.0+ 2GB Edition,NVIDIA,0,GDDR5,2015-01-22,2015,1,28,2048,2.0,128,112.2,1753
GeForce GTX 960 2GB,NVIDIA,0,GDDR5,2015-01-22,2015,1,28,2048,2.0,128,112.2,1753
GeForce GTX 780 Asus ROG POSEIDON Edition SLI,NVIDIA,0,GDDR5,2013-12-18,2013,12,28,6144,6.0,384,576.8,1502
GeForce GTX 960 2GB SLI,NVIDIA,0,GDDR5,2015-01-22,2015,1,28,4096,4.0,128,224.4,1753
GeForce GTX 960 Asus Strix DirectCU II OC 2GB Edition,NVIDIA,0,GDDR5,2015-01-22,2015,1,28,2048,2.0,128,115.2,1800
GeForce GTX 950 Zotac AMP! 2GB Edition,NVIDIA,0,GDDR5,2015-08-20,2015,8,28,2048,2.0,128,112.3,1755
GeForce GTX 950 Zotac 2GB Edition,NVIDIA,0,GDDR5,2015-08-20,2015,8,28,2048,2.0,128,105.7,1652
GeForce GTX 950 Zotac OC 2GB Edition,NVIDIA,0,GDDR5,2015-08-20,2015,8,28,2048,2.0,128,108.9,1701
GeForce GTX 950 PNY 2GB Edition,NVIDIA,0,GDDR5,2015-08-20,2015,8,28,2048,2.0,128,105.8,1653
GeForce GTX 950 Palit StormX 2GB Edition,NVIDIA,0,GDDR5,2015-08-20,2015,8,28,2048,2.0,128,105.8,1653
GeForce GTX 950 LP MSI OC v3 2GB Edition,NVIDIA,0,GDDR5,2016-03-01,2016,3,28,2048,2.0,128,105.8,1653
GeForce GTX 950 MSI Gaming 2GB Edition,NVIDIA,0,GDDR5,2015-08-20,2015,8,28,2048,2.0,128,106.4,1663
GeForce GTX 780 Asus DirectCU II OC Edition SLI,NVIDIA,0,GDDR5,2013-07-01,2013,7,28,6144,6.0,768,576.8,1502
GeForce GTX 780 6GB,NVIDIA,0,GDDR5,2013-09-10,2013,9,28,6144,6.0,384,288.4,1502
GeForce GTX 770 Zotac AMP! Edition,NVIDIA,0,GDDR5,2013-06-30,2013,6,28,2048,2.0,256,230.4,1800
GeForce GTX 780,NVIDIA,0,GDDR5,2013-05-23,2013,5,28,3072,3.0,384,288.4,1502
GeForce GTX 950 MSI Armor 2X OC 2GB Edition,NVIDIA,0,GDDR5,2015-08-20,2015,8,28,2048,2.0,128,105.8,1653
GeForce GTX 770 Zotac 2GB OC Edition,NVIDIA,0,GDDR5,2013-06-30,2013,6,28,2048,2.0,256,224.4,1753
GeForce GTX 770 Zotac 4GB Edition,NVIDIA,0,GDDR5,2013-05-30,2013,5,28,4096,4.0,256,224.3,1752
GeForce GTX 770 WindForce 3X OC Edition,NVIDIA,0,GDDR5,2013-05-30,2013,5,28,2048,2.0,256,224.3,1752
GeForce GTX 950 Palit StormX Dual OC 2GB Edition,NVIDIA,0,GDDR5,2015-08-20,2015,8,28,2048,2.0,128,105.8,1653
GeForce GTX 770 WindForce 3X OC 4GB Edition,NVIDIA,0,GDDR5,2013-05-30,2013,5,28,4096,4.0,256,224.3,1752
GeForce GTX 770 WindForce 3X OC 4GB Edition SLI,NVIDIA,0,GDDR5,2013-05-30,2013,5,28,8192,8.0,256,448.5,1752
GeForce GTX 770 PNY XLR8 Enthusiast Edition,NVIDIA,0,GDDR5,2013-05-01,2013,5,28,2048,2.0,256,218.0,1703
GeForce GTX 770 PNY Enthusiast 4GB OC Edition,NVIDIA,0,GDDR5,2013-08-30,2013,8,28,4096,4.0,256,224.4,1753
GeForce GTX 770 SLI,NVIDIA,0,GDDR5,2013-05-30,2013,5,28,4096,4.0,256,448.5,1752
GeForce GTX 960 Asus Mini OC 2GB Edition,NVIDIA,0,GDDR5,2015-01-22,2015,1,28,2048,2.0,128,112.2,1753
GeForce GTX 950 MSI OC 2GB Edition,NVIDIA,0,GDDR5,2015-08-20,2015,8,28,2048,2.0,128,105.8,1653
GeForce GTX 770 MSI TwinFrozr Edition,NVIDIA,0,GDDR5,2013-06-18,2013,6,28,2048,2.0,256,224.4,1753
GeForce GTX 770 Palit JetStream 2GB Edition SLI,NVIDIA,0,GDDR5,2013-05-30,2013,5,28,4096,4.0,256,448.5,1752
GeForce GTX 770 Palit JetStream 2GB Edition,NVIDIA,0,GDDR5,2013-05-30,2013,5,28,2048,2.0,256,224.3,1752
GeForce GTX 770 Palit JetStream 4GB Edition,NVIDIA,0,GDDR5,2013-05-30,2013,5,28,4096,4.0,256,224.3,1752
GeForce GTX 770 MSI TwinFrozr 4GB Edition,NVIDIA,0,GDDR5,2013-06-18,2013,6,28,4096,4.0,256,224.4,1753
GeForce GTX 770 MSI Lightning Edition,NVIDIA,0,GDDR5,2013-06-18,2013,6,28,2048,2.0,256,224.4,1753
GeForce GTX 770 Inno3D iChill HerculeZ X3 Ultra 4GB Edition,NVIDIA,0,GDDR5,2013-06-22,2013,6,28,4096,4.0,256,230.4,1800
GeForce GTX 770 Leadtek Hurricane III Edition,NVIDIA,0,GDDR5,2013-05-30,2013,5,28,4096,4.0,256,224.3,1752
GeForce GTX 770 Inno3D iChill HerculeZ X3 Ultra 2GB Edition,NVIDIA,0,GDDR5,2013-06-22,2013,6,28,2048,2.0,256,230.4,1800
GeForce GTX 770 Inno3D HerculeZ 2000 2GB Edition,NVIDIA,0,GDDR5,2013-05-01,2013,5,28,2048,2.0,256,224.4,1753
GeForce GTX 770 Galaxy HOF 2GB Edition,NVIDIA,0,GDDR5,2013-06-01,2013,6,28,2048,2.0,256,224.4,1753
GeForce GTX 770 Gainward Phantom Edition,NVIDIA,0,GDDR5,2013-06-01,2013,6,28,2048,2.0,256,224.3,1752
GeForce GTX 770 Gainward 2GB Edition,NVIDIA,0,GDDR5,2013-05-30,2013,5,28,2048,2.0,256,224.3,1752
GeForce GTX 770 EVGA W/ ACX Edition,NVIDIA,0,GDDR5,2013-06-01,2013,6,28,2048,2.0,256,218.0,1703
GeForce GTX 770 EVGA SC W/ ACX Edition SLI,NVIDIA,0,GDDR5,2013-06-01,2013,6,28,4096,4.0,256,436.0,1703
GeForce GTX 770 EVGA SC W/ ACX Edition,NVIDIA,0,GDDR5,2013-06-01,2013,6,28,2048,2.0,256,218.0,1703
GeForce GTX 770 Galaxy GC 2GB Edition,NVIDIA,0,GDDR5,2013-05-30,2013,5,28,2048,2.0,256,218.0,1703
GeForce GTX 770 EVGA Superclocked Edition,NVIDIA,0,GDDR5,2013-06-01,2013,6,28,2048,2.0,256,224.4,1753
GeForce GTX 770 EVGA Dual SC W/ ACX 4GB Edition,NVIDIA,0,GDDR5,2013-06-01,2013,6,28,4096,4.0,256,217.9,1702
GeForce GTX 770 EVGA SC Edition,NVIDIA,0,GDDR5,2013-06-01,2013,6,28,2048,2.0,256,218.0,1703
GeForce GTX 770 EVGA 4GB Classified Edition SLI,NVIDIA,0,GDDR5,2013-06-30,2013,6,28,6144,6.0,256,448.8,1753
GeForce GTX 950 LP 2GB,NVIDIA,0,GDDR5,2016-03-01,2016,3,28,2048,2.0,128,105.8,1653
GeForce GTX 770 EVGA 4GB Classified Edition,NVIDIA,0,GDDR5,2013-06-01,2013,6,28,4096,4.0,256,224.4,1753
GeForce GTX 780 Asus ROG POSEIDON Edition,NVIDIA,0,GDDR5,2013-12-18,2013,12,28,3072,3.0,384,288.4,1502
GeForce GTX 770 Gainward Phantom 4GB Edition,NVIDIA,0,GDDR5,2013-06-01,2013,6,28,4096,4.0,256,224.3,1752
GeForce GTX 950 LP Asus 2GB Edition,NVIDIA,0,GDDR5,2016-03-06,2016,3,28,2048,2.0,128,105.8,1653
GeForce GTX 950 Inno3D iChill 2GB Edition,NVIDIA,0,GDDR5,2015-08-20,2015,8,28,2048,2.0,128,108.8,1700
GeForce GTX 950 LP MSI OC v2 2GB Edition,NVIDIA,0,GDDR5,2016-03-01,2016,3,28,2048,2.0,128,105.8,1653
GeForce GTX 950 Inno3D OC 2GB Edition,NVIDIA,0,GDDR5,2015-08-20,2015,8,28,2048,2.0,128,105.8,1653
GeForce GTX 950 Galax KFA2 OC 2GB Edition,NVIDIA,0,GDDR5,2015-08-20,2015,8,28,2048,2.0,128,105.8,1653
GeForce GTX 950 Inno3D iChill Ultra 2GB Edition,NVIDIA,0,GDDR5,2015-08-20,2015,8,28,2048,2.0,128,108.8,1700
GeForce GTX 950 Gigabyte WindForce 2X OC 2GB Edition,NVIDIA,0,GDDR5,2015-08-20,2015,8,28,2048,2.0,128,105.8,1653
GeForce GTX 950 Gigabyte OC 2GB Edition,NVIDIA,0,GDDR5,2015-08-20,2015,8,28,2048,2.0,128,105.8,1653
GeForce GTX 950 Gigabyte XTREME Gaming 2GB Edition,NVIDIA,0,GDDR5,2015-09-09,2015,9,28,2048,2.0,128,112.0,1750
GeForce GTX 950 EVGA Superclocked+ ACX 2.0 2GB Edition,NVIDIA,0,GDDR5,2015-08-20,2015,8,28,2048,2.0,128,105.8,1653
GeForce GTX 950 Galax KFA2 EX OC White 2GB Edition,NVIDIA,0,GDDR5,2015-08-20,2015,8,28,2048,2.0,128,107.7,1683
GeForce GTX 950 EVGA SSC ACX 2.0 2GB Edition,NVIDIA,0,GDDR5,2015-08-20,2015,8,28,2048,2.0,128,105.8,1653
GeForce GTX 950 Asus OC 2GB Edition,NVIDIA,0,GDDR5,2015-08-20,2015,8,28,2048,2.0,128,105.8,1653
GeForce GTX 950 EVGA Superclocked 2.0 2GB Edition,NVIDIA,0,GDDR5,2015-08-20,2015,8,28,2048,2.0,128,105.8,1653
GeForce GTX 950 Asus DirectCU II OC Strix Gaming 2GB Edition,NVIDIA,0,GDDR5,2015-08-20,2015,8,28,2048,2.0,128,105.8,1653
GeForce GTX 950 Gainward 2GB Edition,NVIDIA,0,GDDR5,2015-08-20,2015,8,28,2048,2.0,128,105.8,1653
GeForce GTX 950 Asus Mini 2GB Edition,NVIDIA,0,GDDR5,2015-08-20,2015,8,28,2048,2.0,128,105.8,1653
GeForce GTX 950 2GB SLI,NVIDIA,0,GDDR5,2015-08-20,2015,8,28,4096,4.0,128,211.6,1653
GeForce GTX 950 2GB,NVIDIA,0,GDDR5,2015-08-20,2015,8,28,2048,2.0,128,105.8,1653
GeForce GTX 770 DirectCU II 2GB OC Edition SLI,NVIDIA,0,GDDR5,2013-05-30,2013,5,28,4096,4.0,256,448.8,1753
GeForce GT 940 2GB [not released],NVIDIA,0,GDDR5,2016-10-31,2016,10,28,2048,2.0,128,80.0,1250
GeForce GTX 760 Zotac OC Edition,NVIDIA,0,GDDR5,2013-06-25,2013,6,28,2048,2.0,256,192.3,1502
GeForce GTX 770,NVIDIA,0,GDDR5,2013-05-30,2013,5,28,2048,2.0,256,224.3,1752
GeForce GTX 950 EVGA FTW ACX 2.0 2GB Edition,NVIDIA,0,GDDR5,2015-08-20,2015,8,28,2048,2.0,128,105.8,1653
GeForce GTX 760 Zotac AMP! Edition,NVIDIA,0,GDDR5,2013-06-25,2013,6,28,2048,2.0,256,192.3,1502
GeForce GTX 770 DirectCU II 4GB OC Edition,NVIDIA,0,GDDR5,2013-05-30,2013,5,28,4096,4.0,256,224.4,1753
GeForce GTX 760 Zotac 2GB Edition,NVIDIA,0,GDDR5,2013-06-25,2013,6,28,2048,2.0,256,192.3,1502
GeForce GTX 760 Zotac 4GB Edition,NVIDIA,0,GDDR5,2013-06-25,2013,6,28,4096,4.0,256,192.3,1502
GeForce GTX 760 WindForce 3X OC Edition,NVIDIA,0,GDDR5,2013-06-25,2013,6,28,2048,2.0,256,192.3,1502
GeForce GTX 760 WindForce 3X OC 4GB Edition,NVIDIA,0,GDDR5,2013-06-25,2013,6,28,4096,4.0,256,192.3,1502
GeForce GTX 760 WinFast Dual Fan OC 2GB Edition,NVIDIA,0,GDDR5,2013-07-25,2013,7,28,2048,2.0,256,198.7,1552
GeForce GTX 760 WindForce 2X OC 2GB Edition,NVIDIA,0,GDDR5,2014-04-21,2014,4,28,2048,2.0,256,192.3,1502
GeForce GTX 770 MSI 2GB OC Edition,NVIDIA,0,GDDR5,2013-07-18,2013,7,28,2048,2.0,256,224.4,1753
GeForce GTX 760 Ti (OEM),NVIDIA,0,GDDR5,2013-10-17,2013,10,28,2048,2.0,256,192.3,1502
GeForce GTX 760 WinFast Dual Fan OC 4GB Edition,NVIDIA,0,GDDR5,2013-07-25,2013,7,28,4096,4.0,256,198.7,1552
GeForce GTX 760 Palit JetStream 4GB Edition,NVIDIA,0,GDDR5,2013-06-25,2013,6,28,4096,4.0,256,198.4,1550
GeForce GTX 760 MSI TwinFrozr OC 2GB Edition,NVIDIA,0,GDDR5,2013-06-25,2013,6,28,2048,2.0,256,192.3,1502
GeForce GTX 760 MSI TwinFrozr Gaming Edition,NVIDIA,0,GDDR5,2013-06-25,2013,6,28,2048,2.0,256,192.3,1502
GeForce GTX 760 MSI TwinFrozr Gaming OC Edition,NVIDIA,0,GDDR5,2013-06-25,2013,6,28,2048,2.0,256,192.3,1502
GeForce GTX 770 Asus ROG Poseidon 2GB Edition,NVIDIA,0,GDDR5,2013-05-30,2013,5,28,4096,4.0,256,224.4,1753
GeForce GTX 760 MSI OC 2GB Edition,NVIDIA,0,GDDR5,2013-07-01,2013,7,28,2048,2.0,256,192.3,1502
GeForce GTX 760 MSI TwinFrozr Gaming OC 4GB Edition,NVIDIA,0,GDDR5,2013-06-25,2013,6,28,4096,4.0,256,192.3,1502
GeForce GTX 770 DirectCU II 2GB OC Edition,NVIDIA,0,GDDR5,2013-05-30,2013,5,28,2048,2.0,256,224.4,1753
GeForce GTX 760 KFA2 EX OC 2GB Edition,NVIDIA,0,GDDR5,2013-06-25,2013,6,28,2048,2.0,256,192.3,1502
GeForce GTX 760 KFA2 EX OC 4GB Edition,NVIDIA,0,GDDR5,2013-06-25,2013,6,28,4096,4.0,256,192.3,1502
GeForce GTX 760 Gainward Phantom 4GB Edition,NVIDIA,0,GDDR5,2013-10-19,2013,10,28,4096,4.0,256,192.3,1502
GeForce GTX 760 Galaxy GC 2GB Edition,NVIDIA,0,GDDR5,2013-06-23,2013,6,28,2048,2.0,256,192.3,1502
GeForce GTX 760 EVGA W/ ACX 2GB Edition,NVIDIA,0,GDDR5,2013-06-25,2013,6,28,2048,2.0,256,192.3,1502
GeForce GTX 760 MSI Gaming ITX 2GB Edition,NVIDIA,0,GDDR5,2013-11-20,2013,11,28,2048,2.0,256,192.3,1502
GeForce GTX 760 Gainward Phantom 2GB Edition,NVIDIA,0,GDDR5,2013-06-25,2013,6,28,2048,2.0,256,198.4,1550
GeForce GTX 760 Gainward 2GB Edition,NVIDIA,0,GDDR5,2013-06-25,2013,6,28,2048,2.0,256,192.3,1502
GeForce GTX 760 Inno3D OC 2GB Edition,NVIDIA,0,GDDR5,2013-06-25,2013,6,28,2048,2.0,256,192.3,1502
GeForce GTX 760 EVGA SC W/ ACX 2GB Edition,NVIDIA,0,GDDR5,2013-06-25,2013,6,28,2048,2.0,256,192.3,1502
GeForce GTX 760 EVGA SC 2GB Edition,NVIDIA,0,GDDR5,2013-06-25,2013,6,28,2048,2.0,256,192.3,1502
GeForce GTX 760 EVGA SC W/ ACX 4GB Edition,NVIDIA,0,GDDR5,2013-06-25,2013,6,28,4096,4.0,256,192.3,1502
GeForce GTX 760 MSI Hawk Edition,NVIDIA,0,GDDR5,2013-06-25,2013,6,28,2048,2.0,256,192.3,1502
GeForce GTX 760 EVGA 4GB Edition,NVIDIA,0,GDDR5,2013-06-25,2013,6,28,4096,4.0,256,192.3,1502
GeForce GTX 760 PNY Enthusiast OC Edition,NVIDIA,0,GDDR5,2013-09-14,2013,9,28,2048,2.0,256,198.7,1552
GeForce GT 930 2GB [not released],NVIDIA,0,DDR3,2016-10-31,2016,10,28,2048,2.0,64,16.0,1000
GeForce GTX 760 Asus DirectCU II OC Edition,NVIDIA,0,GDDR5,2013-06-25,2013,6,28,2048,2.0,256,192.3,1502
GeForce GTX 760 EVGA Dual 4GB FTW w/ ACX Edition,NVIDIA,0,GDDR5,2013-06-25,2013,6,28,4096,4.0,256,192.3,1502
GeForce GTX 760 Asus DC Mini Edition,NVIDIA,0,GDDR5,2013-09-25,2013,9,28,2048,2.0,256,192.3,1502
GeForce GTX 760 Asus DirectCU II TOP SSU Edition,NVIDIA,0,GDDR5,2013-06-25,2013,6,28,2048,2.0,256,192.3,1502
GeForce GTX 760 Asus ROG MARS Edition,NVIDIA,0,GDDR5,2013-11-19,2013,11,28,4096,4.0,256,384.5,1502
GeForce GTX 760 3GB (OEM),NVIDIA,0,GDDR5,2013-07-27,2013,7,28,3072,3.0,192,134.4,1400
GeForce GTX 760 Asus ROG Striker Platinum Edition,NVIDIA,0,GDDR5,2014-04-19,2014,4,28,4096,4.0,256,192.3,1502
GeForce GTX 760 1.5GB (OEM),NVIDIA,0,GDDR5,2013-06-27,2013,6,28,1536,1.5,192,134.4,1400
GeForce GTX 750 Zotac 1GB Edition,NVIDIA,0,GDDR5,2014-02-18,2014,2,28,1024,1.0,128,80.0,1250
GeForce GTX 750 Zotac 2GB Edition,NVIDIA,0,GDDR5,2014-02-18,2014,2,28,2048,2.0,128,80.0,1250
GeForce GTX 750 Ti Zotac 1GB Edition,NVIDIA,0,GDDR5,2014-02-18,2014,2,28,1024,1.0,128,86.4,1350
GeForce GTX 750 Ti Zotac Thunderbolt 2GB Edition,NVIDIA,0,GDDR5,2014-02-18,2014,2,28,2048,2.0,128,96.1,1502
GeForce GTX 760,NVIDIA,0,GDDR5,2013-06-25,2013,6,28,2048,2.0,256,192.3,1502
GeForce GTX 750 Zotac Thunderbolt 1GB Edition,NVIDIA,0,GDDR5,2014-02-18,2014,2,28,1024,1.0,128,86.4,1350
GeForce GTX 750 Ti PNY Performance OC 2GB Edition,NVIDIA,0,GDDR5,2014-02-18,2014,2,28,2048,2.0,128,96.1,1502
GeForce GTX 750 Ti Zotac 2GB Edition,NVIDIA,0,GDDR5,2014-02-18,2014,2,28,2048,2.0,128,86.4,1350
GeForce GTX 750 Ti Zotac OC 2GB Edition,NVIDIA,0,GDDR5,2014-02-18,2014,2,28,2048,2.0,128,86.4,1350
GeForce GTX 750 Ti Palit StormX OC 2GB Edition,NVIDIA,0,GDDR5,2014-02-18,2014,2,28,2048,2.0,128,88.0,1375
GeForce GTX 750 Ti Palit StormX Dual 2GB Edition,NVIDIA,0,GDDR5,2014-02-18,2014,2,28,2048,2.0,128,96.1,1502
GeForce GTX 750 Ti MSI OC 2GB Edition,NVIDIA,0,GDDR5,2014-02-18,2014,2,28,2048,2.0,128,86.4,1350
GeForce GTX 750 Ti MSI OC v1 2GB Edition,NVIDIA,0,GDDR5,2014-05-01,2014,5,28,2048,2.0,128,86.4,1350
GeForce GTX 750 Ti Inno3D OC 2GB Edition,NVIDIA,0,GDDR5,2014-02-18,2014,2,28,2048,2.0,128,86.4,1350
GeForce GTX 750 Ti MSI Low Profile 2GB Edition,NVIDIA,0,GDDR5,2014-11-01,2014,11,28,2048,2.0,128,86.4,1350
GeForce GTX 750 Ti KFA2 OC 2GB Edition,NVIDIA,0,GDDR5,2014-02-18,2014,2,28,2048,2.0,128,86.4,1350
GeForce GTX 750 Ti Gigabyte WindForce 2X 2GB Black Edition,NVIDIA,0,GDDR5,2014-05-12,2014,5,28,2048,2.0,128,86.4,1350
GeForce GTX 750 Ti MSI Gaming 2GB Edition,NVIDIA,0,GDDR5,2014-02-18,2014,2,28,2048,2.0,128,86.4,1350
GeForce GTX 750 Ti Gigabyte WindForce 2X OC 4GB Edition,NVIDIA,0,GDDR5,2015-01-23,2015,1,28,4096,4.0,128,86.4,1350
GeForce GTX 750 Ti Gigabyte OC 2GB Edition,NVIDIA,0,GDDR5,2014-02-18,2014,2,28,2048,2.0,128,86.4,1350
GeForce GTX 750 Ti Gigabyte WindForce 2X OC 2GB Edition,NVIDIA,0,GDDR5,2014-02-18,2014,2,28,2048,2.0,128,86.4,1350
GeForce GTX 750 Ti Gigabyte OC 1GB Edition,NVIDIA,0,GDDR5,2014-02-18,2014,2,28,2048,2.0,128,86.4,1350
GeForce GTX 750 Ti Gigabyte Low Profile OC 2GB Edition,NVIDIA,0,GDDR5,2014-09-01,2014,9,28,2048,2.0,128,86.4,1350
GeForce GTX 750 Ti Galaxy OC 2GB Edition,NVIDIA,0,GDDR5,2014-02-18,2014,2,28,2048,2.0,128,86.4,1350
GeForce GTX 750 Ti Galaxy GC 2GB Edition,NVIDIA,0,GDDR5,2014-02-18,2014,2,28,2048,2.0,128,86.4,1350
GeForce GTX 760 SLI,NVIDIA,0,GDDR5,2013-06-25,2013,6,28,4096,4.0,256,384.5,1502
GeForce GTX 750 Ti Gainward Golden Sample 2GB Edition,NVIDIA,0,GDDR5,2014-02-18,2014,2,28,2048,2.0,128,96.1,1502
GeForce GTX 750 Ti EVGA FTW W/ ACX 2GB Edition,NVIDIA,0,GDDR5,2014-02-18,2014,2,28,2048,2.0,128,86.4,1350
GeForce GTX 750 Ti EVGA SuperClocked 2GB Edition,NVIDIA,0,GDDR5,2014-02-18,2014,2,28,2048,2.0,128,86.4,1350
GeForce GTX 750 Ti Gainward 2GB Edition,NVIDIA,0,GDDR5,2014-02-18,2014,2,28,2048,2.0,128,88.0,1375
GeForce GTX 750 Ti Asus Strix 2GB Edition,NVIDIA,0,GDDR5,2014-08-01,2014,8,28,2048,2.0,128,86.4,1350
GeForce GTX 750 Ti EVGA 2GB Edition,NVIDIA,0,GDDR5,2014-02-18,2014,2,28,2048,2.0,128,86.4,1350
GeForce GTX 750 Ti EVGA W/ ACX 2GB Edition,NVIDIA,0,GDDR5,2014-02-18,2014,2,28,2048,2.0,128,86.4,1350
GeForce GTX 750 Ti Asus 2GB Edition,NVIDIA,0,GDDR5,2014-02-18,2014,2,28,2048,2.0,128,86.4,1350
GeForce GTX 750 Ti Asus PH 2GB Edition,NVIDIA,0,GDDR5,2014-02-18,2014,2,28,2048,2.0,128,86.4,1350
GeForce GTX 750 Palit StormX OC 1GB Edition,NVIDIA,0,GDDR5,2014-02-18,2014,2,28,1024,1.0,128,81.6,1275
GeForce GTX 750 Ti,NVIDIA,0,GDDR5,2014-02-18,2014,2,28,2048,2.0,128,86.4,1350
GeForce GTX 750 Ti Asus OC 2GB Edition,NVIDIA,0,GDDR5,2014-02-18,2014,2,28,2048,2.0,128,86.4,1350
GeForce GTX 750 Sparkle 1GB Edition,NVIDIA,0,GDDR5,2014-02-18,2014,2,28,1024,1.0,128,80.2,1253
GeForce GTX 750 Ti Asus Strix OC 2GB Edition,NVIDIA,0,GDDR5,2014-08-18,2014,8,28,2048,2.0,128,86.4,1350
GeForce GTX 750 Palit KalmX 2GB Edition,NVIDIA,0,GDDR5,2014-07-15,2014,7,28,2048,2.0,128,80.0,1250
GeForce GTX 750 Palit StormX 2GB Edition,NVIDIA,0,GDDR5,2014-03-10,2014,3,28,2048,2.0,128,80.0,1250
GeForce GTX 750 MSI OC 2GB Edition,NVIDIA,0,GDDR5,2014-02-18,2014,2,28,2048,2.0,128,80.2,1253
GeForce GTX 750 Inno3D 2GB Edition,NVIDIA,0,GDDR5,2014-03-02,2014,3,28,2048,2.0,128,80.0,1250
GeForce GTX 750 MSI Gaming 2GB Edition,NVIDIA,0,GDDR5,2014-02-18,2014,2,28,2048,2.0,128,80.2,1253
GeForce GTX 750 MSI OC 1GB Edition,NVIDIA,0,GDDR5,2014-02-18,2014,2,28,1024,1.0,128,80.2,1253
GeForce GTX 750 Ti Asus Strix DirectCU II OC 4GB Edition,NVIDIA,0,GDDR5,2015-01-23,2015,1,28,4096,4.0,128,86.4,1350
GeForce GTX 760 Palit JetStream 2GB Edition,NVIDIA,0,GDDR5,2013-06-25,2013,6,28,2048,2.0,256,198.4,1550
GeForce GTX 750 Gigabyte OC 1GB Edition,NVIDIA,0,GDDR5,2014-02-18,2014,2,28,1024,1.0,128,80.2,1253
GeForce GTX 750 EVGA Superclocked 1GB Edition,NVIDIA,0,GDDR5,2014-03-02,2014,3,28,1024,1.0,128,80.2,1253
GeForce GTX 750 Galaxy Slim OC 1GB Edition,NVIDIA,0,GDDR5,2014-03-10,2014,3,28,1024,1.0,128,80.0,1250
GeForce GTX 750 MSI Gaming 1GB Edition,NVIDIA,0,GDDR5,2014-02-18,2014,2,28,1024,1.0,128,80.2,1253
GeForce GTX 750 Gigabyte OC 2GB Edition,NVIDIA,0,GDDR5,2014-02-18,2014,2,28,2048,2.0,128,80.2,1253
GeForce GTX 750 EVGA Superclocked 2GB Edition,NVIDIA,0,GDDR5,2014-03-02,2014,3,28,2048,2.0,128,80.2,1253
GeForce GTX 750 Gainward 1GB Edition,NVIDIA,0,GDDR5,2014-02-18,2014,2,28,1024,1.0,128,81.6,1275
GeForce GTX 750 Asus DirectCU Silent 2GB Edition,NVIDIA,0,GDDR5,2014-03-02,2014,3,28,2048,2.0,128,80.0,1250
GeForce GTX 750,NVIDIA,0,GDDR5,2014-02-18,2014,2,28,1024,1.0,128,80.0,1250
GeForce GTX 750 Asus 2GB OC Edition,NVIDIA,0,GDDR5,2014-02-18,2014,2,28,2048,2.0,128,80.2,1253
GeForce GTX 745 (OEM),NVIDIA,0,DDR3,2014-02-18,2014,2,28,4096,4.0,128,28.8,900
GeForce GTX 750 Asus 1GB OC Edition,NVIDIA,0,GDDR5,2014-02-18,2014,2,28,1024,1.0,128,80.2,1253
GeForce GTX 750 Gainward 2GB Edition,NVIDIA,0,GDDR5,2014-02-18,2014,2,28,2048,2.0,128,81.6,1275
GeForce GTX 750 EVGA 2GB Edition,NVIDIA,0,GDDR5,2014-03-02,2014,3,28,2048,2.0,128,80.0,1250
GeForce GT 740 v3 MSI 2GB Edition,NVIDIA,0,GDDR5,2015-04-14,2015,4,28,2048,2.0,128,80.0,1250
GeForce GT 740 v3 Asus Dust Proof Fan OC 2GB Edition,NVIDIA,0,GDDR5,2015-04-14,2015,4,28,2048,2.0,128,80.0,1250
GeForce GT 740 v2 Inno3D iChill HerculeZ 2000 1GB Edition,NVIDIA,0,GDDR5,2014-05-29,2014,5,28,2048,2.0,128,83.2,1300
GeForce GT 740 v3,NVIDIA,0,GDDR5,2015-04-14,2015,4,28,1024,1.0,128,80.0,1250
GeForce GT 740 v2 Inno3D HerculeZ OC 2GB Edition,NVIDIA,0,GDDR5,2014-05-29,2014,5,28,2048,2.0,128,80.0,1250
GeForce GT 740 v2 Gainward Golden Sample 2GB Edition,NVIDIA,0,GDDR5,2014-05-29,2014,5,28,2048,2.0,128,80.0,1250
GeForce GT 740 v2 Gainward Golden Sample 1GB Edition,NVIDIA,0,GDDR5,2014-05-29,2014,5,28,1024,1.0,128,80.0,1250
GeForce GT 740 v2 Gainward 2GB Edition,NVIDIA,0,GDDR5,2014-05-29,2014,5,28,2048,2.0,128,80.0,1250
GeForce GT 740 v2 Inno3D HerculeZ OC 1GB Edition,NVIDIA,0,GDDR5,2014-05-29,2014,5,28,1024,1.0,128,80.0,1250
GeForce GT 740 v2 Gigabyte OC 2GB Edition,NVIDIA,0,GDDR5,2014-05-29,2014,5,28,2048,2.0,128,80.0,1250
GeForce GT 740 v2 EVGA Superclocked 1GB Edition,NVIDIA,0,GDDR5,2014-05-29,2014,5,28,1024,1.0,128,80.0,1250
GeForce GT 740 v2 EVGA Superclocked 4GB Edition,NVIDIA,0,GDDR5,2014-05-29,2014,5,28,4096,4.0,128,80.0,1250
GeForce GT 740 v2 Gainward 1GB Edition,NVIDIA,0,GDDR5,2014-05-29,2014,5,28,1024,1.0,128,80.0,1250
GeForce GT 740 v2 EVGA FTW 2GB Edition,NVIDIA,0,GDDR5,2014-05-29,2014,5,28,2048,2.0,128,80.0,1250
GeForce GT 740 v2 EVGA Superclocked 2GB Edition,NVIDIA,0,GDDR5,2014-05-29,2014,5,28,2048,2.0,128,80.0,1250
GeForce GT 740 v2 Asus OC 1GB Edition,NVIDIA,0,GDDR5,2014-05-29,2014,5,28,1024,1.0,128,80.0,1250
GeForce GT 740 v2 EVGA FTW 1GB Edition,NVIDIA,0,GDDR5,2014-05-29,2014,5,28,1024,1.0,128,80.0,1250
GeForce GT 740 Gainward One-Slot Cooler 2GB Edition,NVIDIA,0,DDR3,2014-05-29,2014,5,28,2048,2.0,128,28.5,891
GeForce GT 740 Gainward One-Slot Cooler 1GB Edition,NVIDIA,0,DDR3,2014-05-29,2014,5,28,1024,1.0,128,28.5,891
GeForce GT 740 EVGA Superclocked SS 4GB Edition,NVIDIA,0,DDR3,2014-05-29,2014,5,28,4096,4.0,128,21.3,667
GeForce GT 740 EVGA Superclocked DS 4GB Edition,NVIDIA,0,DDR3,2014-05-29,2014,5,28,4096,4.0,128,28.5,891
GeForce GT 740 v2 Asus OC 2GB Edition,NVIDIA,0,GDDR5,2014-05-29,2014,5,28,2048,2.0,128,80.0,1250
GeForce GT 740 v2,NVIDIA,0,GDDR5,2014-05-29,2014,5,28,1024,1.0,128,80.0,1250
GeForce GT 740 EVGA Superclocked DS 2GB Edition,NVIDIA,0,DDR3,2014-05-29,2014,5,28,2048,2.0,128,28.5,891
GeForce GT 740 EVGA Superclocked SS 2GB Edition,NVIDIA,0,DDR3,2014-05-29,2014,5,28,2048,2.0,128,21.3,667
GeForce GT 740,NVIDIA,0,DDR3,2014-05-29,2014,5,28,2048,2.0,128,28.8,900
GeForce GT 740 Asus 2GB Edition,NVIDIA,0,DDR3,2014-05-29,2014,5,28,2048,2.0,128,28.5,891
GeForce GT 730 v3 MSI 4GB Edition,NVIDIA,0,DDR3,2014-06-18,2014,6,40,4096,4.0,128,16.0,500
GeForce GT 730 v3 Palit 2GB Edition,NVIDIA,0,DDR3,2014-06-18,2014,6,40,2048,2.0,128,28.8,900
GeForce GT 730 v3 Zotac 4GB Edition,NVIDIA,0,DDR3,2014-06-18,2014,6,40,4096,4.0,128,17.1,533
GeForce GTX 750 Gigabyte OC Low Profile 2GB Edition,NVIDIA,0,GDDR5,2014-07-22,2014,7,28,2048,2.0,128,80.2,1253
GeForce GT 730 v3 Gigabyte 2GB Edition,NVIDIA,0,DDR3,2014-06-18,2014,6,40,2048,2.0,128,28.8,900
GeForce GT 730 v3 Inno3D 2GB Edition,NVIDIA,0,DDR3,2014-06-18,2014,6,40,2048,2.0,128,21.3,667
GeForce GT 730 v3 MSI 2GB Edition,NVIDIA,0,DDR3,2014-06-18,2014,6,40,2048,2.0,128,21.3,667
GeForce GT 730 v3 Biostar OC 2GB Edition,NVIDIA,0,DDR3,2014-06-18,2014,6,40,2048,2.0,128,17.1,533
GeForce GT 730 v3 Gainward 1GB Edition,NVIDIA,0,DDR3,2014-06-18,2014,6,40,1024,1.0,128,28.8,900
GeForce GT 730 v3 Asus 2GB Edition,NVIDIA,0,DDR3,2014-06-18,2014,6,40,2048,2.0,128,28.8,900
GeForce GT 730 v3 Asus 4GB Edition,NVIDIA,0,DDR3,2014-06-18,2014,6,40,4096,4.0,128,28.8,900
GeForce GT 730 v2 MSI OC 2GB Edition,NVIDIA,0,GDDR5,2014-06-18,2014,6,28,2048,2.0,64,40.1,1253
GeForce GT 730 v2 Zotac 2GB Edition,NVIDIA,0,GDDR5,2014-06-18,2014,6,28,2048,2.0,64,40.0,1250
GeForce GT 730 v2 Inno3D Low Profile 2GB Edition,NVIDIA,0,GDDR5,2014-06-18,2014,6,28,2048,2.0,64,40.1,1253
GeForce GT 730 v2 Zotac 1GB Edition,NVIDIA,0,GDDR5,2014-06-18,2014,6,28,1024,1.0,64,40.1,1253
GeForce GT 730 v2 MSI OC 1GB Edition,NVIDIA,0,GDDR5,2014-06-18,2014,6,28,1024,1.0,64,40.1,1253
GeForce GT 730 v2 Gigabyte Rev 1.0 2GB Edition,NVIDIA,0,GDDR5,2014-06-18,2014,6,28,2048,2.0,64,40.0,1250
GeForce GT 730 v2 Gigabyte OC 1GB Edition,NVIDIA,0,GDDR5,2015-06-15,2015,6,28,1024,1.0,64,40.1,1253
GeForce GT 730 Asus Silent 2GB Edition,NVIDIA,0,DDR3,2014-06-18,2014,6,28,2048,2.0,64,14.4,900
GeForce GT 730 v2,NVIDIA,0,GDDR5,2014-06-18,2014,6,28,1024,1.0,64,40.0,1250
GeForce GT 730 Asus Silent 1GB Edition,NVIDIA,0,DDR3,2014-06-18,2014,6,28,1024,1.0,64,14.4,900
GeForce GT 730 v2 Inno3D Low Profile 1GB Edition,NVIDIA,0,GDDR5,2014-06-18,2014,6,28,1024,1.0,64,40.1,1253
GeForce GT 730 v3,NVIDIA,0,DDR3,2014-06-18,2014,6,40,1024,1.0,128,28.8,900
GeForce GT 730 v2 Gigabyte Rev 2.0 2GB Edition,NVIDIA,0,GDDR5,2014-12-09,2014,12,28,2048,2.0,64,40.0,1250
GeForce GT 730 Afox Low Profile 4GB Edition,NVIDIA,0,DDR3,2014-06-18,2014,6,28,4096,4.0,64,14.4,902
GeForce GT 730 v2 EVGA Low Profile 2GB Edition,NVIDIA,0,GDDR5,2014-06-18,2014,6,28,2048,2.0,64,40.0,1250
GeForce GT 720 v2,NVIDIA,0,GDDR5,2014-03-27,2014,3,28,1024,1.0,64,40.0,1250
GeForce GT 720 v2 MSI 2GB Edition,NVIDIA,0,GDDR5,2014-03-27,2014,3,28,2048,2.0,64,40.0,1250
GeForce GT 730,NVIDIA,0,DDR3,2014-06-18,2014,6,28,2048,2.0,64,14.4,900
GeForce2 Ultra,NVIDIA,0,DDR,2000-08-14,2000,8,,64,0.0625,128,3.7,230
GeForce GT 710 v2,NVIDIA,0,DDR3,2016-01-26,2016,1,28,2048,2.0,64,14.4,900
GeForce GT 710,NVIDIA,0,DDR3,2014-08-22,2014,8,40,1024,1.0,64,14.4,898
GeForce GT 720,NVIDIA,0,DDR3,2014-03-27,2014,3,28,1024,1.0,64,14.4,900
GeForce 2 MX 64MB,NVIDIA,0,DDR,2000-06-28,2000,6,,64,0.0625,128,2.7,166
GeForce 2 MX 400 64MB,NVIDIA,0,DDR,2001-03-03,2001,3,,64,0.0625,64,1.3,166
GeForce GT 710 v2 EVGA Low Profile 2GB Edition,NVIDIA,0,DDR3,2016-01-26,2016,1,28,2048,2.0,64,14.4,900
GeForce2 Ti,NVIDIA,0,DDR,2001-11-01,2001,11,,64,0.0625,128,3.2,200
GeForce2 GTS,NVIDIA,0,DDR,2000-04-26,2000,4,,32,0.03125,128,2.7,166
GeForce FX 5700 Ultra,NVIDIA,0,DDR2,2003-10-23,2003,10,,256,0.25,128,14.4,450
GeForce 2 MX 100/200 32MB,NVIDIA,0,DDR,2001-03-03,2001,3,,32,0.03125,64,1.3,166
GeForce FX 5900 Ultra,NVIDIA,0,DDR,2003-05-12,2003,5,130,256,0.25,256,13.6,425
GeForce FX 5700 VE,NVIDIA,0,DDR,2003-01-02,2003,1,,256,0.25,128,3.2,200
GeForce FX 5700,NVIDIA,0,DDR,2003-10-01,2003,10,,256,0.25,128,4.0,250
GeForce FX 5600 XT,NVIDIA,0,DDR,2003-03-01,2003,3,,128,0.125,128,3.2,200
GeForce FX 5500,NVIDIA,0,DDR,2004-03-01,2004,3,,256,0.25,128,3.2,200
GeForce FX 5700 LE,NVIDIA,0,DDR,2004-03-01,2004,3,,128,0.125,128,3.2,200
GeForce FX 5600 Ultra,NVIDIA,0,DDR,2003-03-06,2003,3,,128,0.125,128,5.6,350
GeForce FX 5200,NVIDIA,0,DDR,2003-03-01,2003,3,,128,0.125,128,3.2,200
GeForce4 Ti 4400,NVIDIA,0,DDR,2002-02-06,2002,2,,128,0.125,128,4.4,275
GeForce4 Ti 4600,NVIDIA,0,DDR,2002-02-06,2002,2,,128,0.125,128,5.2,325
GeForce GT 710 v2 EVGA Passive 2GB Edition,NVIDIA,0,DDR3,2016-01-26,2016,1,28,2048,2.0,64,14.4,900
GeForce4 MX 460,NVIDIA,0,DDR,2002-02-06,2002,2,,128,0.125,128,4.4,275
GeForce4 MX 420,NVIDIA,0,DDR,2002-02-06,2002,2,,64,0.0625,64,1.3,166
GeForce 4 MX 440,NVIDIA,0,DDR,2002-02-06,2002,2,,128,0.125,128,3.2,200
GeForce4 Ti 4200,NVIDIA,0,DDR,2002-04-16,2002,4,,128,0.125,64,1.8,222
GeForce 4 MX 440 AGP 8X,NVIDIA,0,DDR,2002-09-25,2002,9,,128,0.125,128,4.4,275
GeForce 6800 GS,NVIDIA,0,GDDR3,2005-12-01,2005,12,,256,0.25,256,32.0,500
GeForce 4 MX 4000,NVIDIA,0,DDR,2003-12-14,2003,12,,128,0.125,64,1.3,166
GeForce 6600 GT 256MB,NVIDIA,0,GDDR3,2004-11-01,2004,11,,256,0.25,128,16.0,500
GeForce 6800 GT Leadtek Edition,NVIDIA,0,DDR3,2004-05-01,2004,5,,256,0.25,256,32.0,500
GeForce 6600 LE,NVIDIA,0,DDR,2004-01-30,2004,1,,256,0.25,128,3.2,200
GeForce 6800 GT,NVIDIA,0,GDDR3,2004-06-08,2004,6,130,256,0.25,256,32.0,500
GeForce 6600 GT,NVIDIA,0,GDDR3,2004-11-01,2004,11,,128,0.125,128,15.2,475
GeForce 6500,NVIDIA,0,DDR,2005-01-02,2005,1,,256,0.25,128,5.3,333
GeForce 6200 LE,NVIDIA,0,DDR,2005-01-02,2005,1,,256,0.25,64,2.1,266
GeForce2 Pro,NVIDIA,0,DDR,2000-12-05,2000,12,,32,0.03125,128,3.2,200
GeForce 6600,NVIDIA,0,DDR,2004-01-02,2004,1,,256,0.25,128,4.4,275
GeForce 6200 TurboCache,NVIDIA,0,DDR,2005-01-02,2005,1,,128,0.125,64,2.8,350
GeForce 6150 SE / nForce 430 64MB DDR3,NVIDIA,0,DDR3,2010-10-01,2010,10,,,,64,8.5,533
GeForce 6150 LE,NVIDIA,0,,2004-10-11,2004,10,90,,,128,,
GeForce 6150 SE nForce 430,NVIDIA,0,DDR2,2006-06-01,2006,6,,,,128,,
GeForce 6150 SE 256MB,NVIDIA,0,DDR2,2006-06-01,2006,6,,,,128,,
GeForce 6100 nForce 405,NVIDIA,0,,2005-10-20,2005,10,,,,,,
GeForce 6100,NVIDIA,0,DDR2,2005-11-01,2005,11,,,,128,,
GeForce 6200,NVIDIA,0,DDR2,2004-01-02,2004,1,,256,0.25,128,8.8,275
