Name,Manufacturer,Max_Power,Memory,Memory_Bus,Memory_Bandwidth,Memory_Speed,Release_Date,Notebook_GPU,Memory_Type
GeForce GTS 150,Nvidia,141 Watts,1024 MB ,256 Bit ,64GB/sec,1000 MHz,"
01-Mar-2009 ",No,GDDR3
Radeon HD 2900 XT 512MB,AMD,215 Watts,512 MB ,512 Bit ,106GB/sec,828 MHz,"
14-May-2007 ",No,GDDR3
Radeon HD 2900 Pro,AMD,200 Watts,512 MB ,256 Bit ,51.2GB/sec,800 MHz,"
07-Dec-2007 ",No,GDDR3
Radeon HD 2600 XT Diamond Edition,AMD,,256 MB ,128 Bit ,36.8GB/sec,1150 MHz,"
01-Jul-2007 ",No,GDDR4
Radeon HD 2600 XT,AMD,45 Watts,256 MB ,128 Bit ,22.4GB/sec,700 MHz,"
28-Jun-2007 ",No,GDDR3
Radeon HD 2600 XT 256MB GDDR4,AMD,50 Watts,256 MB ,128 Bit ,35.2GB/sec,1100 MHz,"
26-Jun-2007 ",No,GDDR4
Radeon HD 4890 Sapphire Vapor-X OC 2GB Edition,AMD,190 Watts,2048 MB ,256 Bit ,134.4GB/sec,1050 MHz,"
13-Jul-2009 ",No,GDDR5
Radeon HD 2900 GT,AMD,150 Watts,256 MB ,256 Bit ,51.2GB/sec,800 MHz,"
06-Nov-2007 ",No,GDDR3
FirePro D300,AMD,150 Watts,2048 MB ,256 Bit ,160GB/sec,1250 MHz,"
18-Jan-2014 ",No,GDDR5
Radeon 7000 64mb,AMD,32 Watts,64 MB ,64 Bit ,2.9GB/sec,366 MHz,"
02-Jan-2001 ",No,DDR
Quadro4 980 XGL,Nvidia,,128 MB ,128 Bit ,5.2GB/sec,325 MHz,"
01-Nov-2002 ",No,DDR
Tesla M2090,Nvidia,250 Watts,6144 MB ,384 Bit ,177.6GB/sec,925 MHz,"
25-Jul-2011 ",No,GDDR5
Tesla K20,Nvidia,225 Watts,5120 MB ,320 Bit ,168GB/sec,1050 MHz,"
01-Nov-2012 ",No,GDDR5
Tesla K40c,Nvidia,245 Watts,12288 MB ,384 Bit ,288.4GB/sec,1502 MHz,"
12-Nov-2013 ",No,GDDR5
All-in-Wonder Radeon 7500,AMD,,64 MB ,128 Bit ,5.8GB/sec,360 MHz,"
22-Jan-2002 ",No,DDR
Radeon R7 250 v2 MSI OC 2GB + Radeon R7 7870K Dual,AMD,150 Watts,3072 MB ,128 Bit ,57.6GB/sec,900 MHz,"
28-May-2015 ",No,DDR3
Tesla K10,Nvidia,300 Watts,8192 MB ,512 Bit ,320GB/sec,1250 MHz,"
15-May-2012 ",No,GDDR5
Tesla K20X,Nvidia,235 Watts,6144 MB ,384 Bit ,249.6GB/sec,1300 MHz,"
12-Nov-2012 ",No,GDDR5
Iris i3 6167U,Intel,28 Watts,,128 Bit ,34.1GB/sec,1067 MHz,"
01-Sep-2015 ",Yes,DDR4
Radeon 9800 XT,AMD,60 Watts,256 MB ,256 Bit ,23.4GB/sec,730 MHz,"
01-Oct-2003 ",No,DDR
Tesla C2070,Nvidia,238 Watts,6144 MB ,384 Bit ,144GB/sec,750 MHz,"
01-Sep-2010 ",No,GDDR5
Tesla C2075,Nvidia,247 Watts,6144 MB ,384 Bit ,144GB/sec,750 MHz,"
01-Jul-2011 ",No,GDDR5
Quadro4 750 XGL,Nvidia,,128 MB ,128 Bit ,3.6GB/sec,225 MHz,"
19-Feb-2002 ",No,DDR
Quadro4 900 XGL,Nvidia,,128 MB ,128 Bit ,5.2GB/sec,325 MHz,"
01-Nov-2002 ",No,DDR
Iris i5 6360U,Intel,15 Watts,,128 Bit ,34.1GB/sec,1067 MHz,"
01-Sep-2015 ",Yes,DDR4
Quadro4 780 XGL,Nvidia,,128 MB ,128 Bit ,4.4GB/sec,275 MHz,"
01-Nov-2002 ",No,DDR
Tesla C2050,Nvidia,238 Watts,3072 MB ,384 Bit ,144GB/sec,750 MHz,"
01-May-2010 ",No,GDDR5
Iris i5 6267U,Intel,28 Watts,,128 Bit ,34.1GB/sec,1067 MHz,"
01-Sep-2015 ",Yes,DDR4
Iris i5 6260U,Intel,15 Watts,,128 Bit ,34.1GB/sec,1067 MHz,"
01-Sep-2015 ",Yes,DDR4
Iris i5 4258U,Intel,15 Watts,,128 Bit ,25.6GB/sec,800 MHz,"
02-Jun-2013 ",Yes,DDR3
Quadro4 580 XGL,Nvidia,,64 MB ,128 Bit ,3.2GB/sec,200 MHz,"
01-Nov-2002 ",No,DDR
Iris i5 5350H,Intel,47 Watts,,128 Bit ,29.9GB/sec,933 MHz,"
02-Jun-2015 ",Yes,DDR3
Quadro4 550 XGL,Nvidia,,64 MB ,128 Bit ,3.2GB/sec,200 MHz,"
19-Feb-2002 ",No,DDR
Quadro4 380 XGL,Nvidia,,128 MB ,128 Bit ,4.1GB/sec,256 MHz,"
19-Feb-2002 ",No,DDR
Quadro4 700 XGL,Nvidia,,64 MB ,128 Bit ,3.6GB/sec,225 MHz,"
19-Feb-2002 ",No,DDR
Iris i5 6287U,Intel,28 Watts,,128 Bit ,34.1GB/sec,1067 MHz,"
01-Sep-2015 ",Yes,DDR4
Iris i7 6650U,Intel,15 Watts,,128 Bit ,34.1GB/sec,1067 MHz,"
01-Sep-2015 ",Yes,DDR4
Quadro4 500 XGL,Nvidia,,128 MB ,128 Bit ,2.7GB/sec,166 MHz,"
19-Feb-2002 ",No,DDR
Iris i7 6567U,Intel,28 Watts,,128 Bit ,34.1GB/sec,1067 MHz,"
01-Sep-2015 ",Yes,DDR4
Iris i7 6560U,Intel,15 Watts,,128 Bit ,34.1GB/sec,1067 MHz,"
01-Sep-2015 ",Yes,DDR4
Iris i7 5950HQ,Intel,47 Watts,,128 Bit ,29.9GB/sec,933 MHz,"
02-Jun-2015 ",Yes,DDR3
Iris i7 5850EQ,Intel,47 Watts,,128 Bit ,25.6GB/sec,800 MHz,"
02-Jun-2015 ",Yes,DDR3
Titan X Pascal 2016,Nvidia,250 Watts,,384 Bit ,480GB/sec,1250 MHz,"
02-Aug-2016 ",No,GDDR5X
Iris i7 5850HQ,Intel,47 Watts,,128 Bit ,29.9GB/sec,933 MHz,"
02-Jun-2015 ",Yes,DDR3
Iris i7 5750HQ,Intel,47 Watts,,128 Bit ,29.9GB/sec,933 MHz,"
02-Jun-2015 ",Yes,DDR3
GeForce Titan XP,Nvidia,250 Watts,12288 MB ,96 Bit ,547.2GB/sec,1425 MHz,"
06-Apr-2017 ",No,GDDR5X
GeForce GTX Titan Zotac Edition,Nvidia,250 Watts,6144 MB ,384 Bit ,288.4GB/sec,1502 MHz,"
19-Feb-2013 ",No,GDDR5
GeForce GTX Titan Z Palit 12GB Edition,Nvidia,375 Watts,12288 MB ,384 Bit ,672GB/sec,1750 MHz,"
28-May-2014 ",No,GDDR5
GeForce GTX Titan Z EVGA Superclocked 12GB Edition,Nvidia,375 Watts,12288 MB ,384 Bit ,672GB/sec,1750 MHz,"
28-May-2014 ",No,GDDR5
GeForce GTX Titan Z,Nvidia,375 Watts,12288 MB ,384 Bit ,672GB/sec,1750 MHz,"
28-May-2014 ",No,GDDR5
GeForce GTX Titan Z EVGA Hydro Copper 12GB Edition,Nvidia,375 Watts,12288 MB ,384 Bit ,672GB/sec,1750 MHz,"
28-May-2014  ",No,GDDR5
GeForce GTX Titan X EVGA Hybrid 12GB Edition,Nvidia,250 Watts,12288 MB ,384 Bit ,336.6GB/sec,1753 MHz,"
17-Mar-2015 ",No,GDDR5
GeForce GTX Titan X EVGA Superclocked 12GB Edition SLI,Nvidia,,24576 MB ,384 Bit ,673.2GB/sec,1753 MHz,"
17-Mar-2015 ",No,GDDR5
GeForce GTX Titan Zotac AMP! Edition,Nvidia,,6144 MB ,384 Bit ,317.2GB/sec,1652 MHz,"
01-Apr-2013 ",No,GDDR5
GeForce GTX Titan X SLI,Nvidia,450 Watts,24576 MB ,384 Bit ,673.2GB/sec,1753 MHz,"
17-Mar-2015 ",No,GDDR5
GeForce GTX Titan X,Nvidia,250 Watts,12288 MB ,384 Bit ,336.6GB/sec,1753 MHz,"
17-Mar-2015 ",No,GDDR5
GeForce GTX Titan X EVGA Superclocked 12GB Edition,Nvidia,250 Watts,12288 MB ,384 Bit ,336.6GB/sec,1753 MHz,"
17-Mar-2015 ",No,GDDR5
GeForce GTX Titan WindForce 3X OC Edition,Nvidia,265 Watts,6144 MB ,384 Bit ,288.4GB/sec,1502 MHz,"
15-May-2013 ",No,GDDR5
GeForce GTX Titan SLI,Nvidia,500 Watts,12288 MB ,384 Bit ,576.8GB/sec,1502 MHz,"
19-Feb-2013 ",No,GDDR5
GeForce GTX Titan P 12GB [not released],Nvidia,300 Watts,12288 MB ,3072 Bit ,384GB/sec,500 MHz,"
17-Aug-2016 ",No,HBM-2
GeForce GTX Titan Inno3D Edition,Nvidia,250 Watts,6144 MB ,384 Bit ,288.4GB/sec,1502 MHz,"
19-Feb-2013 ",No,GDDR5
GeForce GTX Titan P 16GB [not released],Nvidia,375 Watts,16384 MB ,4096 Bit ,512GB/sec,500 MHz,"
17-Aug-2016 ",No,HBM-2
GeForce GTX Titan Gigabyte Edition,Nvidia,250 Watts,6144 MB ,384 Bit ,288.4GB/sec,1502 MHz,"
19-Feb-2013 ",No,GDDR5
GeForce GTX Titan iChill Accelero Hybrid Edition,Nvidia,265 Watts,6144 MB ,384 Bit ,288.4GB/sec,1502 MHz,"
15-Mar-2013 ",No,GDDR5
GeForce GTX Titan Asus Edition,Nvidia,250 Watts,6144 MB ,384 Bit ,288.4GB/sec,1502 MHz,"
19-Feb-2013 ",No,GDDR5
GeForce GTX Titan Black Edition,Nvidia,250 Watts,6144 MB ,384 Bit ,336GB/sec,1750 MHz,"
18-Feb-2014 ",No,GDDR5
Radeon HD 8670D + 6670 Dual,AMD,,2048 MB ,128 Bit ,28.8GB/sec,900 MHz,"
01-Mar-2013 ",No,DDR3
GeForce GTX Titan EVGA Edition,Nvidia,250 Watts,6144 MB ,384 Bit ,288.4GB/sec,1502 MHz,"
19-Feb-2013 ",No,GDDR5
GeForce GTX Titan,Nvidia,250 Watts,6144 MB ,384 Bit ,288.4GB/sec,1502 MHz,"
19-Feb-2013 ",No,GDDR5
Radeon HD 7660D + 6670 Dual,AMD,,,128 Bit ,28.8GB/sec,900 MHz,"
01-Jun-2012 ",No,DDR3
Radeon HD 7560D + 7670 Dual,AMD,,,128 Bit ,,,"
01-May-2012 ",No,DDR3
Radeon HD 7560D + 6570 Dual,AMD,,1024 MB ,128 Bit ,28.8GB/sec,900 MHz,"
01-Jul-2012 ",No,DDR3
Radeon HD 7660D + 7670 Dual,AMD,,1024 MB ,128 Bit ,28.8GB/sec,900 MHz,"
01-Jun-2012 ",No,DDR3
Radeon 8500 Series 64MB,AMD,,64 MB ,128 Bit ,8.8GB/sec,550 MHz,"
02-Jan-2001 ",No,DDR
Radeon 9800 Pro,AMD,47 Watts,128 MB ,256 Bit ,44.8GB/sec,700 MHz,"
01-Mar-2003 ",No,DDR2
Radeon 9600 PRO PC/Mac Edition,AMD,,256 MB ,128 Bit ,4.8GB/sec,300 MHz,"
01-Aug-2005 ",No,DDR
Radeon 9550,AMD,,256 MB ,128 Bit ,3.2GB/sec,200 MHz,"
02-Jan-2004 ",No,DDR
Radeon 9600 PRO,AMD,18 Watts,128 MB ,128 Bit ,4.8GB/sec,300 MHz,"
01-Oct-2003 ",No,DDR
Radeon 9500 Pro,AMD,,128 MB ,128 Bit ,4.3GB/sec,270 MHz,"
24-Oct-2002 ",No,DDR
Radeon 9500,AMD,,128 MB ,128 Bit ,4.3GB/sec,270 MHz,"
24-Oct-2002 ",No,DDR
Radeon 9600 Series,AMD,,128 MB ,128 Bit ,6.4GB/sec,400 MHz,"
02-Jan-2003 ",No,DDR
Radeon 9250,AMD,,128 MB ,128 Bit ,3.2GB/sec,200 MHz,"
02-Jan-2004 ",No,DDR
Radeon 9200 Series,AMD,,128 MB ,128 Bit ,3.2GB/sec,200 MHz,"
01-Apr-2003 ",No,DDR
Radeon 9100,AMD,28 Watts,64 MB ,128 Bit ,4GB/sec,250 MHz,"
01-Apr-2003 ",No,DDR
FireGL V7700,AMD,,512 MB ,256 Bit ,72GB/sec,1125 MHz,"
01-Jan-2008 ",No,GDDR4
FireGL V7350,AMD,,1024 MB ,256 Bit ,41.6GB/sec,650 MHz,"
20-Mar-2006 ",No,GDDR3
FireGL V7100,AMD,,256 MB ,256 Bit ,28.8GB/sec,450 MHz,"
01-Jun-2004 ",No,GDDR3
Radeon 9000 Series 64MB,AMD,,64 MB ,128 Bit ,8GB/sec,500 MHz,"
01-Aug-2002 ",No,DDR
FireGL V8600,AMD,,1024 MB ,512 Bit ,111.1GB/sec,868 MHz,"
01-Jan-2007 ",No,GDDR4
FireGL V5600,AMD,,512 MB ,128 Bit ,35.2GB/sec,1100 MHz,"
01-Jan-2007 ",No,GDDR4
FireGL V7200,AMD,450 Watts,256 MB ,256 Bit ,41.6GB/sec,650 MHz,"
24-Apr-2006 ",No,GDDR3
FireGL V7600,AMD,,512 MB ,256 Bit ,51.2GB/sec,800 MHz,"
01-Jan-2007 ",No,GDDR3
FireGL Z1,AMD,,128 MB ,256 Bit ,9.9GB/sec,310 MHz,"
21-Nov-2002 ",No,DDR
FireGL V5100,AMD,,128 MB ,256 Bit ,11.2GB/sec,350 MHz,"
01-Jan-2005 ",No,DDR
FireGL V3600,AMD,,256 MB ,128 Bit ,16GB/sec,500 MHz,"
01-Jan-2007 ",No,GDDR3
FireGL V3350,AMD,,256 MB ,64 Bit ,6.4GB/sec,400 MHz,"
01-Jan-2006 ",No,DDR2
FireGL V3300,AMD,,128 MB ,64 Bit ,6.4GB/sec,400 MHz,"
24-Apr-2006 ",No,DDR2
FireGL V3400,AMD,,128 MB ,128 Bit ,16GB/sec,500 MHz,"
14-Aug-2006 ",No,GDDR3
FirePro W9100,AMD,290 Watts,16384 MB ,512 Bit ,320GB/sec,1250 MHz,"
26-Mar-2014 ",No,GDDR5
FirePro W8000,AMD,225 Watts,4096 MB ,256 Bit ,176GB/sec,1375 MHz,"
14-Jun-2012 ",No,GDDR5
FireGL V3100,AMD,,128 MB ,128 Bit ,3.2GB/sec,200 MHz,"
01-Jun-2004 ",No,DDR
FirePro W5000,AMD,75 Watts,2048 MB ,256 Bit ,102.4GB/sec,800 MHz,"
01-Aug-2012 ",No,GDDR5
FirePro W9000,AMD,274 Watts,6144 MB ,384 Bit ,264GB/sec,1375 MHz,"
01-Aug-2012 ",No,GDDR5
FirePro V8750,AMD,154 Watts,2048 MB ,256 Bit ,115.2GB/sec,900 MHz,"
28-Jul-2009 ",No,GDDR5
FirePro W7000,AMD,150 Watts,4096 MB ,256 Bit ,153.6GB/sec,1200 MHz,"
13-Jun-2012 ",No,GDDR5
FirePro V7900,AMD,150 Watts,2048 MB ,256 Bit ,160GB/sec,1250 MHz,"
24-May-2011 ",No,GDDR5
FirePro W2100,AMD,26 Watts,2048 MB ,128 Bit ,28.8GB/sec,900 MHz,"
12-Aug-2014 ",No,DDR3
FirePro V8700,AMD,151 Watts,1024 MB ,256 Bit ,108.8GB/sec,850 MHz,"
11-Sep-2008 ",No,GDDR5
FirePro V7800,AMD,138 Watts,2048 MB ,256 Bit ,128GB/sec,1000 MHz,"
26-Apr-2010 ",No,GDDR5
FirePro V5900,AMD,75 Watts,2048 MB ,256 Bit ,128GB/sec,1000 MHz,"
24-May-2011 ",No,GDDR5
All-in-Wonder 9000 64MB,AMD,,64 MB ,128 Bit ,3.2GB/sec,200 MHz,"
01-Mar-2003 ",No,DDR
FirePro V5800,AMD,74 Watts,1024 MB ,128 Bit ,64GB/sec,1000 MHz,"
26-Apr-2010 ",No,GDDR5
FirePro V5700,AMD,56 Watts,512 MB ,128 Bit ,28.8GB/sec,900 MHz,"
08-Aug-2008 ",No,GDDR3
FirePro V3750,AMD,48 Watts,256 MB ,128 Bit ,22.4GB/sec,700 MHz,"
11-Sep-2008 ",No,GDDR3
FireGL 8800,AMD,,128 MB ,64 Bit ,2.3GB/sec,290 MHz,"
01-Jan-2001 ",No,DDR
FirePro S9150,AMD,235 Watts,16384 MB ,512 Bit ,320GB/sec,1250 MHz,"
01-Aug-2014 ",No,GDDR5
FirePro S9050,AMD,225 Watts,12288 MB ,384 Bit ,264GB/sec,1375 MHz,"
01-Aug-2014 ",No,GDDR5
FirePro V9800,AMD,250 Watts,4096 MB ,256 Bit ,147.2GB/sec,1150 MHz,"
01-Sep-2010 ",No,GDDR5
FirePro S9000,AMD,225 Watts,6144 MB ,384 Bit ,264GB/sec,1375 MHz,"
01-Aug-2012 ",No,GDDR5
FirePro S7000,AMD,150 Watts,4096 MB ,256 Bit ,153.6GB/sec,1200 MHz,"
01-Aug-2012 ",No,GDDR5
FirePro D700,AMD,274 Watts,3072 MB ,384 Bit ,264GB/sec,1375 MHz,"
18-Jan-2014 ",No,GDDR5
FirePro D500,AMD,175 Watts,3072 MB ,384 Bit ,240GB/sec,1250 MHz,"
18-Jan-2014 ",No,GDDR5
FirePro V3900,AMD,75 Watts,1024 MB ,128 Bit ,28.8GB/sec,900 MHz,"
01-Feb-2012 ",No,DDR3
Radeon R7 7860K,AMD,65 Watts,,128 Bit ,34.1GB/sec,1067 MHz,"
02-Feb-2016 ",No,DDR3
FireStream 9370,AMD,225 Watts,4096 MB ,256 Bit ,153.6GB/sec,1200 MHz,"
23-Jun-2010 ",No,GDDR5
Radeon R7 7700K,AMD,95 Watts,,128 Bit ,34.1GB/sec,1067 MHz,"
17-Feb-2014 ",No,DDR3
Radeon R7 7850K,AMD,95 Watts,,128 Bit ,34.1GB/sec,1067 MHz,"
14-Jan-2014 ",No,DDR3
Radeon R7 7870K,AMD,95 Watts,,128 Bit ,34.1GB/sec,1067 MHz,"
28-May-2015 ",No,DDR3
Radeon R7 7890K,AMD,95 Watts,,128 Bit ,34.1GB/sec,1067 MHz,"
01-Mar-2016 ",No,DDR3
FirePro S10000,AMD,375 Watts,6144 MB ,384 Bit ,240GB/sec,1250 MHz,"
01-Nov-2012 ",No,GDDR5
FireStream 9270,AMD,160 Watts,2048 MB ,256 Bit ,108.8GB/sec,850 MHz,"
13-Nov-2008 ",No,GDDR5
FireStream 9350,AMD,150 Watts,2048 MB ,256 Bit ,128GB/sec,1000 MHz,"
01-Jun-2010 ",No,GDDR5
FireStream 9170,AMD,105 Watts,2048 MB ,256 Bit ,51.2GB/sec,800 MHz,"
08-Nov-2007 ",No,GDDR3
Radeon R7 7800,AMD,65 Watts,,128 Bit ,34.1GB/sec,1067 MHz,"
30-Jun-2014 ",No,DDR3
FireStream 9250,AMD,150 Watts,1024 MB ,256 Bit ,63.6GB/sec,993 MHz,"
16-Jun-2008 ",No,GDDR3
Radeon R7 7600,AMD,65 Watts,,128 Bit ,34.1GB/sec,1067 MHz,"
30-Jun-2014 ",No,DDR3
Radeon R7 7600P,AMD,35 Watts,,128 Bit ,34.1GB/sec,1067 MHz,"
30-Jun-2014 ",No,DDR3
Radeon R7 7670K,AMD,95 Watts,,128 Bit ,34.1GB/sec,1067 MHz,"
20-Jul-2015 ",No,DDR3
Radeon R7 7650K,AMD,95 Watts,,128 Bit ,34.1GB/sec,1067 MHz,"
01-Feb-2015 ",No,DDR3
Radeon R3 5150,AMD,25 Watts,,128 Bit ,25.6GB/sec,800 MHz,"
09-Apr-2014 ",No,DDR3
Radeon HD 8670D,AMD,100 Watts,,128 Bit ,34.1GB/sec,1067 MHz,"
01-Jun-2013 ",No,DDR3
Radeon R5 7400K,AMD,65 Watts,,128 Bit ,29.9GB/sec,933 MHz,"
30-Jun-2014 ",No,DDR3
Radeon R3 5350,AMD,25 Watts,,128 Bit ,25.6GB/sec,800 MHz,"
09-Apr-2014 ",No,DDR3
Radeon HD 8650D,AMD,65 Watts,,128 Bit ,34.1GB/sec,1067 MHz,"
28-Dec-2013 ",No,DDR3
Radeon HD 8570D,AMD,65 Watts,,128 Bit ,29.9GB/sec,933 MHz,"
01-Jun-2013 ",No,DDR3
Radeon HD 8550D,AMD,65 Watts,,128 Bit ,34.1GB/sec,1067 MHz,"
18-Sep-2013 ",No,DDR3
Radeon HD 8470D,AMD,65 Watts,,128 Bit ,29.9GB/sec,933 MHz,"
01-Jun-2013 ",No,DDR3
Radeon HD 6690D2,AMD,,,,,,"
Unknown Release Date ",No,
Radeon HD 7660D,AMD,,,128 Bit ,29.9GB/sec,933 MHz,"
01-Jun-2012 ",No,DDR3
Radeon HD 7540D,AMD,65 Watts,,128 Bit ,29.9GB/sec,933 MHz,"
01-Jun-2012 ",No,DDR3
Radeon HD 7560D,AMD,,,128 Bit ,29.9GB/sec,933 MHz,"
01-Jul-2012 ",No,DDR3
Radeon HD 6610D2,AMD,,2048 MB ,,,,"
Unknown Release Date ",No,DDR3
Radeon HD 8370D,AMD,65 Watts,,128 Bit ,34.1GB/sec,1067 MHz,"
18-Sep-2013 ",No,DDR3
Radeon HD 7480D,AMD,65 Watts,,128 Bit ,25.6GB/sec,800 MHz,"
01-Jun-2012 ",No,DDR3
Radeon HD 6370D,AMD,65 Watts,,128 Bit ,,,"
30-Nov-2011 ",No,DDR3
Radeon HD 6410D,AMD,65 Watts,,128 Bit ,,,"
20-Jun-2011 ",No,DDR3
Radeon HD 2400 XT ,AMD,25 Watts,256 MB ,64 Bit ,8GB/sec,500 MHz,"
28-Jun-2007 ",No,GDDR3
Radeon HD 6550D,AMD,100 Watts,,128 Bit ,,,"
20-Jun-2011 ",No,DDR3
Radeon HD 2400 Pro PCI-E,AMD,25 Watts,256 MB ,64 Bit ,6.4GB/sec,400 MHz,"
01-Jun-2007 ",No,DDR2
Radeon HD 2600 Pro,AMD,35 Watts,256 MB ,128 Bit ,16GB/sec,500 MHz,"
28-Jun-2007 ",No,DDR2
Radeon HD 2400 Series,AMD,25 Watts,256 MB ,64 Bit ,,,"
28-Jun-2007 ",No,DDR2
Radeon HD 2400 Pro,AMD,20 Watts,256 MB ,64 Bit ,6.4GB/sec,400 MHz,"
28-Jun-2007 ",No,DDR2
Radeon HD 2400 MSI Pro 256MB GDDR2,AMD,,256 MB ,64 Bit ,6.4GB/sec,400 MHz,"
01-Jul-2007 ",No,DDR2
Radeon HD 2100,AMD,,,64 Bit ,5.3GB/sec,333 MHz,"
28-Feb-2007 ",No,DDR2
Radeon HD 4890 Sapphire Vapor-X OC 1GB Edition,AMD,190 Watts,1024 MB ,256 Bit ,134.4GB/sec,1050 MHz,"
18-May-2009 ",No,GDDR5
Radeon HD 6530D,AMD,64 Watts,,128 Bit ,29.9GB/sec,933 MHz,"
20-Jun-2011 ",No,DDR3
Radeon HD 4890 Sapphire Toxic Atomic 1GB Edition,AMD,190 Watts,1024 MB ,256 Bit ,134.4GB/sec,1050 MHz,"
19-May-2009 ",No,GDDR5
Radeon HD 2350 Pro,AMD,20 Watts,256 MB ,64 Bit ,6.4GB/sec,400 MHz,"
01-Jan-2007 ",No,DDR2
Radeon HD 4890 Sapphire OC 1GB Edition,AMD,190 Watts,1024 MB ,256 Bit ,128GB/sec,1000 MHz,"
02-Apr-2009 ",No,GDDR5
Radeon HD 4870 X2,AMD,420 Watts,2048 MB ,512 Bit ,230.4GB/sec,900 MHz,"
01-Apr-2009 ",No,GDDR5
Radeon HD 4890 Sapphire Toxic 1GB Edition,AMD,190 Watts,1024 MB ,256 Bit ,134.4GB/sec,1050 MHz,"
26-May-2009 ",No,GDDR5
Radeon HD 4870 Sapphire Vapor-X 1GB Edition,AMD,150 Watts,1024 MB ,256 Bit ,115.2GB/sec,900 MHz,"
 07-Mar-2009 ",No,GDDR5
Radeon HD 4890,AMD,190 Watts,1024 MB ,256 Bit ,124.8GB/sec,975 MHz,"
02-Apr-2009 ",No,GDDR5
Radeon HD 4870,AMD,150 Watts,512 MB ,256 Bit ,115.2GB/sec,900 MHz,"
01-Jun-2008 ",No,GDDR5
Radeon HD 4870 PowerColor PCS+ 512MB Edition,AMD,150 Watts,512 MB ,256 Bit ,121.6GB/sec,950 MHz,"
25-Jun-2008 ",No,GDDR5
Radeon HD 4850x2,AMD,250 Watts,2048 MB ,256 Bit ,63.6GB/sec,993 MHz,"
01-Apr-2009 ",No,GDDR3
Radeon HD 4850 Sapphire Vapor-X Edition,AMD,,1024 MB ,256 Bit ,64GB/sec,1000 MHz,"
01-Oct-2011 ",No,GDDR3
Radeon HD 4860,AMD,130 Watts,512 MB ,256 Bit ,96GB/sec,750 MHz,"
09-Sep-2009 ",No,GDDR5
Radeon HD 4850 Golden Sample Edition,AMD,,512 MB ,256 Bit ,70.4GB/sec,1100 MHz,"
01-Aug-2008 ",No,GDDR3
Radeon HD 4850 HIS iCooler IV 1GB Edition,AMD,110 Watts,1024 MB ,256 Bit ,63.6GB/sec,993 MHz,"
01-Jun-2008 ",No,GDDR3
Radeon HD 4850 Gigabyte 512MB Edition,AMD,110 Watts,512 MB ,256 Bit ,60.2GB/sec,940 MHz,"
01-Oct-2011 ",No,GDDR3
Radeon HD 4850 Gigabyte OC Edition,AMD,,1024 MB ,256 Bit ,63.4GB/sec,990 MHz,"
01-Jun-2009 ",No,GDDR3
Radeon HD 4850,AMD,110 Watts,512 MB ,256 Bit ,63.6GB/sec,993 MHz,"
01-Jun-2008 ",No,GDDR3
Radeon HD 4830 512MB,AMD,95 Watts,512 MB ,256 Bit ,57.6GB/sec,900 MHz,"
21-Oct-2008 ",No,GDDR3
Radeon HD 4830 HIS Fan 512MB Edition,AMD,95 Watts,512 MB ,256 Bit ,57.6GB/sec,900 MHz,"
21-Oct-2008 ",No,GDDR3
Radeon HD 4670 HIS IceQ 1GB Edition,AMD,59 Watts,1024 MB ,128 Bit ,27.9GB/sec,873 MHz,"
01-Sep-2008 ",No,GDDR3
Radeon HD 4770 512MB,AMD,80 Watts,512 MB ,128 Bit ,51.2GB/sec,800 MHz,"
28-Apr-2009 ",No,GDDR5
Radeon HD 4730 ,AMD,110 Watts,512 MB ,128 Bit ,57.6GB/sec,900 MHz,"
08-Jun-2009 ",No,GDDR5
Radeon HD 4730 PowerColor PCS Edition,AMD,,512 MB ,128 Bit ,57.6GB/sec,900 MHz,"
08-Nov-2009 ",No,GDDR5
Radeon HD 4750,AMD,75 Watts,512 MB ,128 Bit ,51.2GB/sec,800 MHz,"
09-Sep-2009 ",No,GDDR5
Radeon HD 4670 Gigabyte 1GB Edition,AMD,59 Watts,1024 MB ,128 Bit ,25.6GB/sec,800 MHz,"
01-Nov-2009 ",No,GDDR3
Radeon HD 4670 AGP,AMD,59 Watts,1024 MB ,128 Bit ,25.6GB/sec,800 MHz,"
17-Jul-2007 ",No,GDDR3
Radeon HD 4670 Asus 512MB Edition,AMD,59 Watts,512 MB ,128 Bit ,32.1GB/sec,1004 MHz,"
09-Oct-2008 ",No,GDDR3
Radeon HD 4650 v2,AMD,48 Watts,1024 MB ,128 Bit ,24GB/sec,750 MHz,"
10-Sep-2008 ",No,GDDR3
Radeon HD 4650 1GB,AMD,48 Watts,1024 MB ,128 Bit ,22.4GB/sec,700 MHz,"
10-Sep-2008 ",No,DDR2
Radeon HD 4670 1GB,AMD,59 Watts,1024 MB ,128 Bit ,25.6GB/sec,800 MHz,"
10-Sep-2008 ",No,GDDR3
Radeon HD 4350 Asus Silent 512MB Edition,AMD,20 Watts,512 MB ,64 Bit ,6.4GB/sec,400 MHz,"
30-Sep-2008 ",No,DDR2
Radeon HD 4650,AMD,48 Watts,512 MB ,128 Bit ,12.8GB/sec,400 MHz,"
01-Sep-2008 ",No,DDR2
Radeon HD 4650 Asus Low Profile Edition,AMD,48 Watts,1024 MB ,128 Bit ,12.8GB/sec,400 MHz,"
01-Sep-2008 ",No,DDR2
Radeon HD 4550,AMD,25 Watts,256 MB ,64 Bit ,12.8GB/sec,800 MHz,"
01-Sep-2008 ",No,GDDR3
Radeon HD 4350 1GB,AMD,20 Watts,1024 MB ,64 Bit ,8GB/sec,500 MHz,"
30-Sep-2008 ",No,DDR2
Radeon HD 4550 v2,AMD,25 Watts,512 MB ,64 Bit ,12.8GB/sec,800 MHz,"
30-Sep-2008 ",No,GDDR3
Radeon HD 4670 512MB,AMD,59 Watts,512 MB ,128 Bit ,25.6GB/sec,800 MHz,"
10-Sep-2008 ",No,GDDR3
Radeon HD 4350,AMD,20 Watts,512 MB ,64 Bit ,6.4GB/sec,400 MHz,"
30-Sep-2008 ",No,DDR2
Radeon HD 4250,AMD,,,32 Bit ,,,"
30-Mar-2010 ",No,DDR2
Radeon HD 4290,AMD,,,32 Bit ,,,"
01-Mar-2010 ",No,DDR2
GeForce GT 140,Nvidia,105 Watts,1024 MB ,256 Bit ,57.6GB/sec,900 MHz,"
01-Mar-2009 ",No,GDDR3
GeForce GT 130,Nvidia,75 Watts,768 MB ,192 Bit ,24GB/sec,500 MHz,"
01-Mar-2009 ",No,DDR2
GeForce GT 120,Nvidia,50 Watts,512 MB ,128 Bit ,16GB/sec,500 MHz,"
01-Mar-2009 ",No,DDR2
Radeon HD 4200,AMD,,,32 Bit ,,,"
01-Aug-2009 ",No,DDR2
Radeon HD 3870 X2,AMD,165 Watts,1024 MB ,256 Bit ,57.6GB/sec,900 MHz,"
28-Jan-2008 ",No,GDDR4
Radeon HD 3870,AMD,106 Watts,512 MB ,256 Bit ,72.1GB/sec,1126 MHz,"
19-Nov-2007 ",No,GDDR4
Radeon HD 3850 X2,AMD,140 Watts,1024 MB ,512 Bit ,106GB/sec,828 MHz,"
04-Apr-2008 ",No,GDDR3
Radeon HD 3830,AMD,75 Watts,256 MB ,128 Bit ,26.6GB/sec,830 MHz,"
01-Apr-2008 ",No,GDDR3
Radeon HD 3690,AMD,75 Watts,256 MB ,128 Bit ,26.6GB/sec,830 MHz,"
30-Jan-2008 ",No,GDDR3
Radeon HD 3800 series,AMD,,512 MB ,256 Bit ,,,"
01-Nov-2007 ",No,DDR3
GeForce G 100,Nvidia,35 Watts,512 MB ,64 Bit ,8GB/sec,500 MHz,"
01-Mar-2009 ",No,DDR2
Radeon HD 3850,AMD,75 Watts,256 MB ,256 Bit ,53.1GB/sec,830 MHz,"
19-Nov-2007 ",No,GDDR3
Radeon HD 3650,AMD,65 Watts,256 MB ,128 Bit ,25.6GB/sec,800 MHz,"
23-Jan-2008 ",No,GDDR3
Radeon HD 3600 Series,AMD,,,128 Bit ,,,"
01-Jan-2008 ",No,DDR3
Radeon HD 3470,AMD,30 Watts,256 MB ,64 Bit ,15.2GB/sec,950 MHz,"
23-Jan-2008 ",No,GDDR3
Radeon HD 3850 AGP,AMD,75 Watts,512 MB ,256 Bit ,53.1GB/sec,830 MHz,"
03-Jan-2008 ",No,GDDR3
Radeon HD 3400 Series,AMD,65 Watts,256 MB ,64 Bit ,,,"
01-Jan-2008 ",No,DDR3
Radeon HD 3850 X3,AMD,145 Watts,1536 MB ,768 Bit ,163.2GB/sec,850 MHz,"
10-Apr-2008 ",No,GDDR3
Radeon HD 3450,AMD,25 Watts,256 MB ,64 Bit ,8GB/sec,500 MHz,"
10-Dec-2007 ",No,DDR2
Radeon HD 3200 IGP,AMD,,,32 Bit ,,,"
01-Mar-2008 ",No,GDDR3
Radeon HD 3300,AMD,,,32 Bit ,,,"
06-Aug-2008 ",No,GDDR3
Radeon HD 3200,AMD,,,32 Bit ,3.2GB/sec,400 MHz,"
01-Mar-2008 ",No,DDR2
Radeon 3000,AMD,,,32 Bit ,,,"
01-Jan-2009 ",No,DDR2
Iris Pro Graphics 6200 Mobile,Intel,47 Watts,128 MB ,128 Bit ,29.9GB/sec,933 MHz,"
02-Jun-2015 ",Yes,DDR3
Iris Graphics 6100 Mobile,Intel,28 Watts,,128 Bit ,29.9GB/sec,933 MHz,"
05-Jan-2015 ",Yes,DDR3
Iris Pro Graphics 5200 Mobile,Intel,47 Watts,128 MB ,128 Bit ,12.8GB/sec,800 MHz,"
27-Jul-2013 ",Yes,eDRAM
HD Pentium 4405U,Intel,15 Watts,,128 Bit ,34.1GB/sec,1067 MHz,"
01-Sep-2015 ",Yes,DDR4
Intel GS45 Express Chipset ,Intel,12 Watts,,128 Bit ,17.1GB/sec,533 MHz,"
01-Sep-2008 ",Yes,DDR3
Iris Graphics 550 Mobile,Intel,28 Watts,,128 Bit ,34.1GB/sec,1067 MHz,"
01-Sep-2015 ",Yes,DDR4
Radeon R9 M295X 4GB,AMD,125 Watts,4096 MB ,256 Bit ,174.3GB/sec,1362 MHz,"
23-Nov-2014 ",Yes,GDDR5
Radeon R9 M395X 4GB,AMD,125 Watts,4096 MB ,256 Bit ,160GB/sec,1250 MHz,"
09-Jun-2015 ",Yes,GDDR5
Radeon R9 M390 4GB,AMD,100 Watts,4096 MB ,256 Bit ,153.6GB/sec,1200 MHz,"
09-Jun-2015 ",Yes,GDDR5
HD i7 M640,Intel,,,64 Bit ,8.5GB/sec,533 MHz,"
20-Sep-2010 ",Yes,DDR3
Radeon R9 M485X 4GB,AMD,125 Watts,4096 MB ,256 Bit ,160GB/sec,1250 MHz,"
13-May-2016 ",Yes,GDDR5
Radeon R9 M390X 4GB,AMD,100 Watts,4096 MB ,256 Bit ,160GB/sec,1250 MHz,"
09-Jun-2015 ",Yes,GDDR5
Radeon R9 M290X Crossfire,AMD,200 Watts,4096 MB ,256 Bit ,307.2GB/sec,1200 MHz,"
01-Jan-2014 ",Yes,GDDR5
HD i3 M350,Intel,35 Watts,,64 Bit ,8.5GB/sec,533 MHz,"
30-Mar-2010 ",Yes,DDR3
Radeon HD 7290,AMD,9 Watts,,64 Bit ,8.5GB/sec,533 MHz,"
05-Jun-2012 ",Yes,DDR3
Mobility Radeon HD 5870 Crossfire,AMD,100 Watts,2048 MB ,128 Bit ,128GB/sec,1000 MHz,"
07-Jan-2010 ",Yes,GDDR5
Mobility Radeon HD 565v,AMD,35 Watts,1024 MB ,128 Bit ,25.6GB/sec,800 MHz,"
05-May-2010 ",Yes,GDDR3
Mobility Radeon HD 5870,AMD,50 Watts,1024 MB ,128 Bit ,64GB/sec,1000 MHz,"
07-Jan-2010 ",Yes,GDDR5
Mobility Radeon HD 5850,AMD,39 Watts,1024 MB ,128 Bit ,64GB/sec,1000 MHz,"
07-Jan-2010 ",Yes,GDDR5
Mobility Radeon HD 5830,AMD,24 Watts,1024 MB ,128 Bit ,25.6GB/sec,800 MHz,"
07-Jan-2010 ",Yes,GDDR3
Radeon R9 M290X,AMD,100 Watts,4096 MB ,256 Bit ,153.6GB/sec,1200 MHz,"
09-Jan-2014 ",Yes,GDDR5
Mobility Radeon HD 5730,AMD,26 Watts,1024 MB ,128 Bit ,25.6GB/sec,800 MHz,"
07-Jan-2010 ",Yes,GDDR3
Mobility Radeon HD 5770,AMD,30 Watts,1024 MB ,128 Bit ,51.2GB/sec,800 MHz,"
07-Jan-2010 ",Yes,GDDR5
Mobility Radeon HD 5650,AMD,15 Watts,1024 MB ,128 Bit ,25.6GB/sec,800 MHz,"
07-Jan-2010 ",Yes,GDDR3
Mobility Radeon HD 5470,AMD,15 Watts,1024 MB ,64 Bit ,12.8GB/sec,800 MHz,"
07-Jan-2010 ",Yes,GDDR3
Mobility Radeon HD 560v,AMD,35 Watts,1024 MB ,128 Bit ,25.6GB/sec,800 MHz,"
05-May-2010 ",Yes,GDDR3
Mobility Radeon HD 550v,AMD,20 Watts,1024 MB ,128 Bit ,19.2GB/sec,600 MHz,"
05-May-2010 ",Yes,GDDR3
Mobility Radeon HD 545v,AMD,15 Watts,1024 MB ,64 Bit ,12.8GB/sec,800 MHz,"
05-May-2010 ",Yes,GDDR3
Mobility Radeon HD 5470 512MB,AMD,15 Watts,512 MB ,64 Bit ,12.8GB/sec,800 MHz,"
07-Jan-2010 ",Yes,GDDR3
Mobility Radeon HD 530v,AMD,10 Watts,1024 MB ,64 Bit ,9.6GB/sec,600 MHz,"
05-May-2010 ",Yes,GDDR3
Radeon HD 8970M Crossfire,AMD,200 Watts,4096 MB ,256 Bit ,307.2GB/sec,1200 MHz,"
01-May-2013 ",Yes,GDDR5
Mobility Radeon HD 5145,AMD,15 Watts,1024 MB ,64 Bit ,14.4GB/sec,900 MHz,"
07-Jan-2010 ",Yes,GDDR3
Mobility Radeon HD 5450,AMD,11 Watts,1024 MB ,64 Bit ,12.8GB/sec,800 MHz,"
07-Jan-2010 ",Yes,GDDR3
Radeon HD 8970M,AMD,100 Watts,2048 MB ,256 Bit ,153.6GB/sec,1200 MHz,"
14-May-2013 ",Yes,GDDR5
Mobility Radeon HD 540v,AMD,13 Watts,512 MB ,64 Bit ,12.8GB/sec,800 MHz,"
05-May-2010 ",Yes,GDDR3
Mobility Radeon HD 5165,AMD,35 Watts,1024 MB ,128 Bit ,28.8GB/sec,900 MHz,"
07-Jan-2010 ",Yes,GDDR3
Mobility Radeon HD 5430,AMD,7 Watts,1024 MB ,64 Bit ,12.8GB/sec,800 MHz,"
07-Jan-2010 ",Yes,GDDR3
Mobility Radeon HD 5750,AMD,25 Watts,1024 MB ,128 Bit ,51.2GB/sec,800 MHz,"
07-Jan-2010 ",Yes,GDDR5
Radeon HD 8870M,AMD,50 Watts,2048 MB ,128 Bit ,72GB/sec,1125 MHz,"
01-Apr-2013 ",Yes,GDDR5
Radeon HD 8850M v2,AMD,45 Watts,2048 MB ,128 Bit ,72GB/sec,1125 MHz,"
01-Apr-2013 ",Yes,GDDR5
Radeon HD 8790M,AMD,35 Watts,2048 MB ,128 Bit ,64GB/sec,1000 MHz,"
01-Apr-2013 ",Yes,GDDR5
Radeon HD 8830M,AMD,35 Watts,2048 MB ,128 Bit ,32GB/sec,1000 MHz,"
01-Apr-2013 ",Yes,DDR3
Radeon HD 8770M,AMD,20 Watts,2048 MB ,128 Bit ,72GB/sec,1125 MHz,"
01-Apr-2013 ",Yes,GDDR5
Radeon HD 8850M,AMD,45 Watts,2048 MB ,128 Bit ,32GB/sec,1000 MHz,"
01-Apr-2013 ",Yes,DDR3
Radeon HD 8750M,AMD,20 Watts,2048 MB ,128 Bit ,64GB/sec,1000 MHz,"
26-Feb-2013 ",Yes,GDDR5
Radeon HD 8690M,AMD,,1024 MB ,64 Bit ,36GB/sec,1125 MHz,"
01-Jan-2013 ",Yes,GDDR5
Radeon HD 8730M,AMD,15 Watts,1024 MB ,128 Bit ,32GB/sec,1000 MHz,"
01-Apr-2013 ",Yes,DDR3
Radeon HD 8750M v2,AMD,20 Watts,2048 MB ,128 Bit ,28.8GB/sec,900 MHz,"
26-Feb-2013 ",Yes,DDR3
Radeon HD 8670M,AMD,,1024 MB ,64 Bit ,14.4GB/sec,900 MHz,"
01-Mar-2013 ",Yes,DDR3
Radeon HD 8570M,AMD,,1024 MB ,64 Bit ,36GB/sec,1125 MHz,"
01-Jan-2013 ",Yes,GDDR5
Radeon HD 8550M,AMD,,1024 MB ,64 Bit ,14.4GB/sec,900 MHz,"
01-Jan-2013 ",Yes,DDR3
Radeon HD 8670M 2GB,AMD,,2048 MB ,64 Bit ,14.4GB/sec,900 MHz,"
01-Mar-2013 ",Yes,DDR3
Radeon HD 6970M,AMD,75 Watts,2048 MB ,256 Bit ,115.2GB/sec,900 MHz,"
04-Jan-2011 ",Yes,GDDR5
Radeon HD 8400,AMD,25 Watts,,128 Bit ,25.6GB/sec,800 MHz,"
23-May-2013 ",Yes,DDR3
Radeon HD 6950M,AMD,50 Watts,1024 MB ,256 Bit ,115.2GB/sec,900 MHz,"
04-Jan-2011 ",Yes,GDDR5
Radeon HD 6850M,AMD,50 Watts,1024 MB ,128 Bit ,25.6GB/sec,800 MHz,"
04-Jan-2011 ",Yes,DDR3
Radeon HD 6830M,AMD,39 Watts,2048 MB ,128 Bit ,25.6GB/sec,800 MHz,"
04-Jan-2011 ",Yes,DDR3
Radeon HD 6870M,AMD,50 Watts,1024 MB ,128 Bit ,64GB/sec,1000 MHz,"
04-Jan-2011 ",Yes,GDDR5
Radeon HD 6770M 2GB,AMD,35 Watts,2048 MB ,128 Bit ,51.2GB/sec,800 MHz,"
01-Jan-2011 ",Yes,GDDR5
Radeon HD 6990M,AMD,100 Watts,2048 MB ,256 Bit ,115.2GB/sec,900 MHz,"
12-Jul-2011 ",Yes,GDDR5
Radeon HD 6770M,AMD,35 Watts,1024 MB ,128 Bit ,51.2GB/sec,800 MHz,"
04-Jan-2011 ",Yes,GDDR5
Radeon HD 6750M 512MB,AMD,,512 MB ,128 Bit ,51.2GB/sec,800 MHz,"
01-Jan-2011 ",Yes,GDDR5
Radeon HD 6750M,AMD,,1024 MB ,128 Bit ,51.2GB/sec,800 MHz,"
04-Jan-2011 ",Yes,GDDR5
Radeon HD 6650M,AMD,,1024 MB ,128 Bit ,25.6GB/sec,800 MHz,"
04-Jan-2011 ",Yes,DDR3
Radeon HD 6570M,AMD,30 Watts,1024 MB ,128 Bit ,51.2GB/sec,800 MHz,"
26-Nov-2010 ",Yes,GDDR5
Radeon HD 6730M,AMD,39 Watts,1024 MB ,128 Bit ,25.6GB/sec,800 MHz,"
04-Jan-2011 ",Yes,DDR3
Radeon HD 6630M,AMD,26 Watts,1024 MB ,128 Bit ,25.6GB/sec,800 MHz,"
04-Jan-2011 ",Yes,DDR3
Radeon HD 6550M,AMD,26 Watts,1024 MB ,128 Bit ,25.6GB/sec,800 MHz,"
26-Nov-2010 ",Yes,DDR3
Radeon HD 6470M,AMD,11 Watts,1024 MB ,64 Bit ,12.8GB/sec,800 MHz,"
04-Jan-2011 ",Yes,DDR3
Radeon HD 6490M,AMD,14 Watts,512 MB ,64 Bit ,25.6GB/sec,800 MHz,"
04-Jan-2011 ",Yes,GDDR5
Radeon HD 6530M,AMD,26 Watts,1024 MB ,128 Bit ,25.6GB/sec,800 MHz,"
26-Nov-2010 ",Yes,DDR3
Radeon HD 6450M,AMD,11 Watts,1024 MB ,64 Bit ,12.8GB/sec,800 MHz,"
04-Jan-2011 ",Yes,DDR3
Radeon HD 6370M,AMD,11 Watts,1024 MB ,64 Bit ,12.8GB/sec,800 MHz,"
26-Nov-2010 ",Yes,DDR3
Radeon HD 6350M,AMD,7 Watts,1024 MB ,64 Bit ,14.4GB/sec,900 MHz,"
26-Nov-2010 ",Yes,DDR3
Radeon HD 6430M,AMD,11 Watts,1024 MB ,64 Bit ,12.8GB/sec,800 MHz,"
04-Jan-2011 ",Yes,DDR3
Radeon HD 6330M,AMD,7 Watts,1024 MB ,64 Bit ,12.8GB/sec,800 MHz,"
26-Nov-2010 ",Yes,DDR3
Radeon HD 8330,AMD,15 Watts,,128 Bit ,25.6GB/sec,800 MHz,"
01-Aug-2013 ",Yes,DDR3
Radeon HD 8250,AMD,8 Watts,,128 Bit ,17.1GB/sec,533 MHz,"
23-May-2013 ",Yes,DDR3
Radeon HD 8280,AMD,15 Watts,,128 Bit ,25.6GB/sec,800 MHz,"
01-Sep-2013 ",Yes,DDR3
Radeon HD 6320,AMD,18 Watts,,128 Bit ,,,"
16-Nov-2010 ",Yes,DDR3
Radeon HD 8180,AMD,4 Watts,,128 Bit ,17.1GB/sec,533 MHz,"
23-May-2013 ",Yes,DDR3
Radeon HD 6290,AMD,9 Watts,,128 Bit ,25.6GB/sec,800 MHz,"
07-Jan-2011 ",Yes,DDR3
Radeon HD 6250,AMD,9 Watts,,128 Bit ,,,"
09-Nov-2010 ",Yes,DDR3
Radeon HD 8210,AMD,8 Watts,,128 Bit ,,,"
23-May-2013 ",Yes,DDR3
Radeon HD 7950M [not released],AMD,75 Watts,2048 MB ,256 Bit ,128GB/sec,1000 MHz,"
01-May-2012 ",Yes,GDDR5
Radeon HD 8240,AMD,15 Watts,,128 Bit ,21.3GB/sec,667 MHz,"
01-Nov-2013 ",Yes,DDR3
Radeon HD 6310,AMD,18 Watts,,128 Bit ,,,"
09-Nov-2010 ",Yes,DDR3
Radeon HD 7850M,AMD,40 Watts,2048 MB ,128 Bit ,64GB/sec,1000 MHz,"
24-Apr-2012 ",Yes,GDDR5
Radeon HD 7870M,AMD,45 Watts,2048 MB ,128 Bit ,64GB/sec,1000 MHz,"
24-Apr-2012 ",Yes,GDDR5
Radeon HD 7770M 2GB,AMD,32 Watts,2048 MB ,128 Bit ,64GB/sec,1000 MHz,"
24-Apr-2012 ",Yes,GDDR5
Radeon HD 7970M,AMD,100 Watts,2048 MB ,256 Bit ,153.6GB/sec,1200 MHz,"
01-May-2012 ",Yes,GDDR5
Radeon HD 7970M Crossfire,AMD,200 Watts,4096 MB ,256 Bit ,307.2GB/sec,1200 MHz,"
01-May-2012 ",Yes,GDDR5
Radeon HD 7730M,AMD,25 Watts,2048 MB ,128 Bit ,28.8GB/sec,900 MHz,"
23-Apr-2012 ",Yes,DDR3
Radeon HD 7690M XT,AMD,25 Watts,1024 MB ,128 Bit ,57.6GB/sec,900 MHz,"
07-Jan-2013 ",Yes,GDDR5
Radeon HD 7670M,AMD,20 Watts,1024 MB ,128 Bit ,28.8GB/sec,900 MHz,"
07-Jan-2012 ",Yes,DDR3
Radeon HD 7650M,AMD,20 Watts,1024 MB ,128 Bit ,28.8GB/sec,900 MHz,"
07-Jan-2012 ",Yes,DDR3
Radeon HD 7670M 2GB,AMD,20 Watts,2048 MB ,128 Bit ,28.8GB/sec,900 MHz,"
07-Jan-2012 ",Yes,DDR3
Radeon HD 7750M,AMD,28 Watts,1024 MB ,128 Bit ,64GB/sec,1000 MHz,"
24-Apr-2012 ",Yes,GDDR5
Radeon HD 7770M,AMD,32 Watts,1024 MB ,128 Bit ,64GB/sec,1000 MHz,"
24-Apr-2012 ",Yes,GDDR5
Radeon HD 7690M,AMD,20 Watts,1024 MB ,128 Bit ,28.8GB/sec,900 MHz,"
25-Dec-2011 ",Yes,DDR3
Radeon HD 7630M,AMD,20 Watts,1024 MB ,128 Bit ,25.6GB/sec,800 MHz,"
07-Jan-2012 ",Yes,DDR3
Radeon HD 7610M,AMD,20 Watts,1024 MB ,128 Bit ,25.6GB/sec,800 MHz,"
07-Jan-2012 ",Yes,DDR3
Radeon HD 7550M v2,AMD,14 Watts,1024 MB ,64 Bit ,25.6GB/sec,800 MHz,"
07-Jan-2012 ",Yes,GDDR5
Radeon HD 7590M,AMD,18 Watts,1024 MB ,64 Bit ,25.6GB/sec,800 MHz,"
07-Jan-2012 ",Yes,GDDR5
Radeon HD 7510M,AMD,11 Watts,1024 MB ,64 Bit ,12.8GB/sec,800 MHz,"
07-Jan-2012 ",Yes,DDR3
Radeon HD 7530M,AMD,11 Watts,1024 MB ,64 Bit ,14.4GB/sec,900 MHz,"
07-Jan-2012 ",Yes,DDR3
Radeon HD 7550M,AMD,14 Watts,2048 MB ,64 Bit ,14.4GB/sec,900 MHz,"
07-Jan-2012 ",Yes,DDR3
Radeon HD 7570M,AMD,13 Watts,1024 MB ,64 Bit ,25.6GB/sec,800 MHz,"
07-Jan-2012 ",Yes,GDDR5
Radeon HD 7430M,AMD,7 Watts,1024 MB ,64 Bit ,14.4GB/sec,900 MHz,"
07-Jan-2012 ",Yes,DDR3
Radeon HD 7450M,AMD,7 Watts,1024 MB ,64 Bit ,14.4GB/sec,900 MHz,"
07-Jan-2012 ",Yes,DDR3
Radeon HD 7470M,AMD,7 Watts,512 MB ,64 Bit ,14.4GB/sec,900 MHz,"
07-Jan-2012 ",Yes,DDR3
Radeon HD 7490M,AMD,9 Watts,1024 MB ,64 Bit ,30.4GB/sec,950 MHz,"
07-Jan-2012 ",Yes,GDDR5
Radeon HD 7370M,AMD,11 Watts,1024 MB ,64 Bit ,12.8GB/sec,800 MHz,"
07-Jan-2012 ",Yes,DDR3
Radeon HD 7340,AMD,18 Watts,,64 Bit ,10.7GB/sec,667 MHz,"
06-Jun-2012 ",Yes,DDR3
Radeon HD 7350M,AMD,7 Watts,1024 MB ,64 Bit ,14.4GB/sec,900 MHz,"
07-Jan-2012 ",Yes,DDR3
Radeon HD 7330M,AMD,5 Watts,1024 MB ,64 Bit ,12.8GB/sec,800 MHz,"
07-Jan-2012 ",Yes,DDR3
Radeon HD 7310,AMD,18 Watts,,64 Bit ,8.5GB/sec,533 MHz,"
05-Jun-2012 ",Yes,DDR3
Radeon R9 M280X [not released],AMD,75 Watts,2048 MB ,128 Bit ,64GB/sec,1000 MHz,"
01-Jun-2014 ",Yes,GDDR5
Radeon R9 M275X,AMD,50 Watts,2048 MB ,128 Bit ,64GB/sec,1000 MHz,"
09-Mar-2014 ",Yes,GDDR5
Radeon R9 M265X,AMD,35 Watts,2048 MB ,128 Bit ,64GB/sec,1000 MHz,"
09-Jan-2014 ",Yes,GDDR5
Radeon R9 M275 [not released],AMD,50 Watts,2048 MB ,128 Bit ,64GB/sec,1000 MHz,"
09-Mar-2014 ",Yes,GDDR5
Radeon R9 M270X,AMD,50 Watts,2048 MB ,128 Bit ,64GB/sec,1000 MHz,"
01-Jun-2014 ",Yes,GDDR5
Radeon R7 M260X,AMD,35 Watts,2048 MB ,128 Bit ,64GB/sec,1000 MHz,"
09-Jan-2014 ",Yes,GDDR5
Radeon R7 M265,AMD,35 Watts,2048 MB ,128 Bit ,32GB/sec,1000 MHz,"
09-Jan-2014 ",Yes,DDR3
Radeon R7 M260,AMD,35 Watts,2048 MB ,64 Bit ,16GB/sec,1000 MHz,"
11-Jun-2014 ",Yes,DDR3
Radeon R7 M260 v2,AMD,35 Watts,4096 MB ,128 Bit ,28.8GB/sec,900 MHz,"
09-Jan-2014 ",Yes,DDR3
Radeon R7 M270,AMD,30 Watts,4096 MB ,128 Bit ,32GB/sec,1000 MHz,"
09-Jan-2014 ",Yes,DDR3
Radeon R5 M255,AMD,20 Watts,4096 MB ,64 Bit ,16GB/sec,1000 MHz,"
12-Oct-2014 ",Yes,DDR3
Radeon R5 M220,AMD,17 Watts,1024 MB ,64 Bit ,14.4GB/sec,900 MHz,"
01-Nov-2013 ",Yes,DDR3
Radeon R5 M210,AMD,13 Watts,1024 MB ,64 Bit ,14.4GB/sec,900 MHz,"
01-Nov-2013 ",Yes,DDR3
Radeon R5 M230,AMD,20 Watts,4096 MB ,64 Bit ,16GB/sec,1000 MHz,"
01-Jan-2014 ",Yes,DDR3
Radeon R5 M240,AMD,,2048 MB ,64 Bit ,16GB/sec,1000 MHz,"
18-Sep-2014 ",Yes,DDR3
Mobility Radeon X2500,AMD,,256 MB ,128 Bit ,12.8GB/sec,400 MHz,"
01-Jun-2007 ",Yes,DDR2
Mobility Radeon Xpress 1250,AMD,,,64 Bit ,6.4GB/sec,400 MHz,"
01-Feb-2007 ",Yes,DDR2
Mobility Radeon X1800,AMD,,256 MB ,256 Bit ,32GB/sec,500 MHz,"
01-Mar-2006 ",Yes,GDDR3
Mobility Radeon X1900,AMD,,256 MB ,256 Bit ,30.1GB/sec,470 MHz,"
11-Jan-2007 ",Yes,GDDR3
Mobility Radeon X2300 128MB GDDR3,AMD,,128 MB ,128 Bit ,12.8GB/sec,400 MHz,"
01-Mar-2007 ",Yes,GDDR3
Mobility Radeon X1400,AMD,,128 MB ,128 Bit ,8GB/sec,250 MHz,"
19-Jan-2006 ",Yes,DDR2
Mobility Radeon X1300,AMD,,128 MB ,128 Bit ,8GB/sec,250 MHz,"
19-Jan-2006 ",Yes,DDR2
Radeon R9 M385 4GB,AMD,75 Watts,4096 MB ,128 Bit ,88GB/sec,1375 MHz,"
09-Jun-2015 ",Yes,GDDR5
Radeon R9 M380 4GB,AMD,75 Watts,4096 MB ,128 Bit ,96GB/sec,1500 MHz,"
09-Jun-2015 ",Yes,GDDR5
Mobility Radeon X1600,AMD,,256 MB ,128 Bit ,15GB/sec,470 MHz,"
01-Feb-2006 ",Yes,GDDR3
Radeon R9 M385X 4GB,AMD,75 Watts,4096 MB ,128 Bit ,96GB/sec,1500 MHz,"
09-Jun-2015 ",Yes,GDDR5
Radeon R9 M375X 4GB,AMD,75 Watts,4096 MB ,128 Bit ,72GB/sec,1125 MHz,"
09-Jun-2015 ",Yes,GDDR5
Radeon R9 M360 4GB,AMD,50 Watts,4096 MB ,128 Bit ,64GB/sec,1000 MHz,"
09-Jun-2015 ",Yes,GDDR5
Radeon R9 M365X 4GB,AMD,50 Watts,4096 MB ,128 Bit ,64GB/sec,1000 MHz,"
09-Jun-2015 ",Yes,GDDR5
Radeon R7 M340 2GB,AMD,25 Watts,2048 MB ,64 Bit ,16GB/sec,1000 MHz,"
05-May-2015 ",Yes,DDR3
Radeon R9 M375 2GB,AMD,75 Watts,2048 MB ,128 Bit ,35.2GB/sec,1100 MHz,"
05-May-2015 ",Yes,DDR3
Radeon R7 M360 2GB,AMD,50 Watts,2048 MB ,64 Bit ,17.6GB/sec,1100 MHz,"
05-May-2015 ",Yes,DDR3
Mobility Radeon X1700,AMD,,256 MB ,128 Bit ,12.8GB/sec,400 MHz,"
02-Jan-2006 ",Yes,GDDR3
Radeon R7 M360 4GB,AMD,50 Watts,4096 MB ,64 Bit ,17.6GB/sec,1100 MHz,"
05-May-2015 ",Yes,DDR3
Mobility Radeon X1350,AMD,,128 MB ,64 Bit ,6.3GB/sec,392 MHz,"
18-Sep-2006 ",Yes,DDR2
Radeon R5 M335 2GB,AMD,25 Watts,2048 MB ,64 Bit ,17.6GB/sec,1100 MHz,"
21-Oct-2015 ",Yes,DDR3
Radeon R5 M330 2GB,AMD,25 Watts,2048 MB ,64 Bit ,16GB/sec,1000 MHz,"
05-May-2015 ",Yes,DDR3
Radeon R5 M320 2GB,AMD,20 Watts,2048 MB ,64 Bit ,16GB/sec,1000 MHz,"
05-May-2015 ",Yes,DDR3
Radeon R5 M330 4GB,AMD,25 Watts,4096 MB ,64 Bit ,16GB/sec,1000 MHz,"
05-May-2015 ",Yes,DDR3
Radeon R9 M470 4GB,AMD,75 Watts,4096 MB ,128 Bit ,88GB/sec,1375 MHz,"
13-May-2016 ",Yes,GDDR5
Radeon R9 M470X 4GB,AMD,75 Watts,4096 MB ,128 Bit ,96GB/sec,1500 MHz,"
13-May-2016 ",Yes,GDDR5
Intel GM965 Express Chipset ,Intel,14 Watts,,128 Bit ,10.7GB/sec,333 MHz,"
01-May-2007 ",Yes,DDR2
Intel GM45 Express Chipset,Intel,12 Watts,,128 Bit ,17.1GB/sec,533 MHz,"
01-Sep-2008 ",Yes,DDR3
Mobility Radeon X300,AMD,,128 MB ,64 Bit ,2GB/sec,250 MHz,"
01-Nov-2005 ",Yes,DDR
Radeon R5 M335 4GB,AMD,25 Watts,4096 MB ,64 Bit ,17.6GB/sec,1100 MHz,"
21-Oct-2015 ",Yes,DDR3
Mobility Radeon Xpress 200,AMD,,,64 Bit ,,,"
01-Feb-2004 ",Yes,DDR
HD i5 M580,Intel,35 Watts,,128 Bit ,17.1GB/sec,533 MHz,"
30-Sep-2010 ",Yes,DDR3
Mobility Radeon X600,AMD,,128 MB ,128 Bit ,4GB/sec,250 MHz,"
01-Jun-2004 ",Yes,DDR
Mobility Radeon X700,AMD,,128 MB ,128 Bit ,11.2GB/sec,350 MHz,"
01-Mar-2005 ",Yes,DDR2
Intel 82852/82855 ,Intel,,,,,166 MHz,"
01-Feb-2004 ",Yes,DDR
HD i5 U470,Intel,18 Watts,,128 Bit ,12.8GB/sec,400 MHz,"
30-Dec-2010 ",Yes,DDR3
HD i5 U430,Intel,18 Watts,,128 Bit ,12.8GB/sec,400 MHz,"
30-May-2010 ",Yes,DDR3
HD i5 M560,Intel,35 Watts,,128 Bit ,17.1GB/sec,533 MHz,"
30-Sep-2010 ",Yes,DDR3
HD i5 M480,Intel,35 Watts,,128 Bit ,17.1GB/sec,533 MHz,"
30-Mar-2011 ",Yes,DDR3
HD i5 M520,Intel,35 Watts,,128 Bit ,17.1GB/sec,533 MHz,"
30-Mar-2010 ",Yes,DDR3
HD i5 M540,Intel,35 Watts,,128 Bit ,17.1GB/sec,533 MHz,"
30-Mar-2010 ",Yes,DDR3
HD i5 M460,Intel,35 Watts,,128 Bit ,17.1GB/sec,533 MHz,"
30-Sep-2010 ",Yes,DDR3
HD i5 M430,Intel,35 Watts,,128 Bit ,17.1GB/sec,533 MHz,"
30-Mar-2010 ",Yes,DDR3
HD i5 M450,Intel,35 Watts,,128 Bit ,17.1GB/sec,533 MHz,"
30-May-2010 ",Yes,DDR3
HD i5 6300U,Intel,15 Watts,,128 Bit ,34.1GB/sec,1067 MHz,"
01-Sep-2015 ",Yes,DDR4
HD i5 6440HQ,Intel,35 Watts,,128 Bit ,34.1GB/sec,1067 MHz,"
01-Sep-2015 ",Yes,DDR4
HD i5 5350U,Intel,15 Watts,,128 Bit ,29.9GB/sec,933 MHz,"
05-Jan-2015 ",Yes,DDR3
HD i5 6200U,Intel,15 Watts,,128 Bit ,34.1GB/sec,1067 MHz,"
01-Sep-2015 ",Yes,DDR4
HD i5 4250U,Intel,15 Watts,,128 Bit ,25.6GB/sec,800 MHz,"
02-Jun-2013 ",Yes,DDR3
HD i5 4260U,Intel,15 Watts,,128 Bit ,25.6GB/sec,800 MHz,"
14-Apr-2014 ",Yes,DDR3
HD i5 6300HQ,Intel,35 Watts,,128 Bit ,34.1GB/sec,1067 MHz,"
01-Sep-2015 ",Yes,DDR4
HD i5 5250U,Intel,15 Watts,,128 Bit ,29.9GB/sec,933 MHz,"
05-Jan-2015 ",Yes,DDR3
HD i5 4210U,Intel,15 Watts,,128 Bit ,25.6GB/sec,800 MHz,"
14-Apr-2014 ",Yes,DDR3
HD i5 4210M,Intel,47 Watts,,128 Bit ,25.6GB/sec,800 MHz,"
14-Apr-2014 ",Yes,DDR3
HD i5 4210H,Intel,47 Watts,,128 Bit ,25.6GB/sec,800 MHz,"
20-Jul-2014 ",Yes,DDR3
HD i5 4200H,Intel,47 Watts,,128 Bit ,25.6GB/sec,800 MHz,"
01-Sep-2013 ",Yes,DDR3
HD i5 4200U,Intel,15 Watts,,128 Bit ,25.6GB/sec,800 MHz,"
02-Jun-2014 ",Yes,DDR3
HD i5 2520M,Intel,35 Watts,,128 Bit ,21.3GB/sec,667 MHz,"
30-Mar-2011 ",Yes,DDR3
HD i5 2430M,Intel,35 Watts,,128 Bit ,21.3GB/sec,667 MHz,"
02-Nov-2011 ",Yes,DDR3
HD i5 2467M,Intel,17 Watts,,128 Bit ,21.3GB/sec,667 MHz,"
30-May-2011 ",Yes,DDR3
HD i3 M380,Intel,35 Watts,,128 Bit ,17.1GB/sec,533 MHz,"
30-Sep-2010 ",Yes,DDR3
HD i5 2410M,Intel,35 Watts,,128 Bit ,21.3GB/sec,667 MHz,"
30-Mar-2011 ",Yes,DDR3
HD i3 M390,Intel,,,128 Bit ,17.1GB/sec,533 MHz,"
30-Mar-2010 ",Yes,DDR3
HD i5 4200M,Intel,47 Watts,,128 Bit ,25.6GB/sec,800 MHz,"
01-Sep-2013 ",Yes,DDR3
HD i3 M370,Intel,35 Watts,,64 Bit ,8.5GB/sec,533 MHz,"
30-Sep-2010 ",Yes,DDR3
HD M5-6Y57,Intel,5 Watts,,128 Bit ,29.9GB/sec,933 MHz,"
01-Sep-2015 ",Yes,DDR3
HD M5-6Y54,Intel,5 Watts,,128 Bit ,29.9GB/sec,933 MHz,"
01-Sep-2015 ",Yes,DDR3
HD M7-6Y75,Intel,5 Watts,,128 Bit ,29.9GB/sec,933 MHz,"
01-Sep-2015 ",Yes,DDR3
HD M3-6Y30,Intel,5 Watts,,128 Bit ,29.9GB/sec,933 MHz,"
01-Sep-2015 ",Yes,DDR3
HD M-5Y70,Intel,5 Watts,,128 Bit ,25.6GB/sec,800 MHz,"
05-Sep-2014 ",Yes,DDR3
HD M-5Y71,Intel,5 Watts,,128 Bit ,25.6GB/sec,800 MHz,"
05-Jan-2015 ",Yes,DDR3
HD i3 M330,Intel,35 Watts,,128 Bit ,17.1GB/sec,533 MHz,"
30-Mar-2010 ",Yes,DDR3
HD M-5Y31,Intel,5 Watts,,128 Bit ,25.6GB/sec,800 MHz,"
05-Jan-2015 ",Yes,DDR3
HD i3 6100U,Intel,15 Watts,,128 Bit ,34.1GB/sec,1067 MHz,"
01-Sep-2015 ",Yes,DDR4
HD i3 6100H,Intel,35 Watts,,128 Bit ,34.1GB/sec,1067 MHz,"
01-Sep-2015 ",Yes,DDR4
HD M-5Y51,Intel,5 Watts,,128 Bit ,25.6GB/sec,800 MHz,"
05-Jan-2015 ",Yes,DDR3
HD i3 2357M,Intel,17 Watts,,128 Bit ,21.3GB/sec,667 MHz,"
30-May-2011 ",Yes,DDR3
HD i3 2370M,Intel,35 Watts,,128 Bit ,21.3GB/sec,667 MHz,"
01-Jan-2012 ",Yes,DDR3
HD i3 2310M,Intel,35 Watts,,128 Bit ,21.3GB/sec,667 MHz,"
30-Mar-2011 ",Yes,DDR3
HD i3 2330M,Intel,,1720 MB ,128 Bit ,21.3GB/sec,667 MHz,"
01-Jun-2011 ",Yes,DDR3
HD M-5Y10a,Intel,5 Watts,,128 Bit ,25.6GB/sec,800 MHz,"
05-Sep-2014 ",Yes,DDR3
HD M-5Y10,Intel,5 Watts,,128 Bit ,25.6GB/sec,800 MHz,"
05-Sep-2014 ",Yes,DDR3
HD i7 M620,Intel,,,64 Bit ,8.5GB/sec,533 MHz,"
07-Jan-2010 ",Yes,DDR3
HD i7 6820HK,Intel,45 Watts,,128 Bit ,34.1GB/sec,1067 MHz,"
01-Sep-2015 ",Yes,DDR4
HD i7 6820HQ,Intel,45 Watts,,128 Bit ,34.1GB/sec,1067 MHz,"
01-Sep-2015 ",Yes,DDR4
HD M-5Y10c,Intel,5 Watts,,128 Bit ,25.6GB/sec,800 MHz,"
05-Jan-2015 ",Yes,DDR3
HD i7 6920HQ,Intel,45 Watts,,128 Bit ,34.1GB/sec,1067 MHz,"
01-Sep-2015 ",Yes,DDR4
HD i7 6500U,Intel,15 Watts,,128 Bit ,34.1GB/sec,1067 MHz,"
01-Sep-2015 ",Yes,DDR4
HD i7 5700HQ,Intel,47 Watts,,128 Bit ,29.9GB/sec,933 MHz,"
02-Jun-2015 ",Yes,DDR3
Intel GMA 900,Intel,,,,,,"
01-Mar-2005 ",Yes,
HD i7 6700HQ,Intel,45 Watts,,128 Bit ,34.1GB/sec,1067 MHz,"
01-Sep-2015 ",Yes,DDR4
Intel HD Graphics Mobile (Sandy Bridge),Intel,5 Watts,,128 Bit ,21.3GB/sec,667 MHz,"
05-Sep-2014 ",Yes,DDR3
Intel HD Graphics Mobile (Ivy Bridge),Intel,45 Watts,,128 Bit ,25.6GB/sec,800 MHz,"
01-Oct-2012 ",Yes,DDR3
HD i7 6600U,Intel,15 Watts,,128 Bit ,34.1GB/sec,1067 MHz,"
01-Sep-2015 ",Yes,DDR4
Intel GMA 950,Intel,7 Watts,,,,,"
01-Mar-2005 ",Yes,
Intel HD Graphics Mobile (Haswell),Intel,4 Watts,,128 Bit ,25.6GB/sec,800 MHz,"
01-Jun-2013 ",Yes,DDR3
Intel HD Graphics Mobile (Braswell),Intel,6 Watts,,128 Bit ,25.6GB/sec,800 MHz,"
01-Apr-2015 ",Yes,DDR3
Intel HD Graphics Mobile (Bay Trail),Intel,10 Watts,,128 Bit ,21.3GB/sec,667 MHz,"
11-Sep-2013 ",Yes,DDR3
Intel HD Graphics Mobile,Intel,35 Watts,,64 Bit ,8.5GB/sec,533 MHz,"
10-Jan-2010 ",Yes,DDR3
Intel HD Graphics 630 Mobile,Intel,15 Watts,,,,1067 MHz,"
30-Mar-2017 ",Yes,
Intel HD Graphics 620 Mobile,Intel,15 Watts,,128 Bit ,34.1GB/sec,1067 MHz,"
01-Aug-2016 ",Yes,DDR4
Intel HD Graphics 6000 Mobile,Intel,15 Watts,,128 Bit ,29.9GB/sec,933 MHz,"
05-Jan-2015 ",Yes,DDR3
Intel HD Graphics 5600 Mobile,Intel,37 Watts,,128 Bit ,29.9GB/sec,933 MHz,"
02-Jun-2015 ",Yes,DDR3
Intel HD Graphics 615 Mobile,Intel,15 Watts,,128 Bit ,34.1GB/sec,1067 MHz,"
01-Aug-2016 ",Yes,DDR4
Intel HD Graphics 530 Mobile,Intel,45 Watts,,128 Bit ,34.1GB/sec,1067 MHz,"
01-Sep-2015 ",Yes,DDR4
Intel HD Graphics 5300 Mobile,Intel,5 Watts,,128 Bit ,25.6GB/sec,800 MHz,"
05-Sep-2014 ",Yes,DDR3
Intel HD Graphics 515 Mobile,Intel,5 Watts,,128 Bit ,29.9GB/sec,933 MHz,"
01-Sep-2015 ",Yes,DDR3
Intel HD Graphics 5000 Mobile,Intel,15 Watts,,128 Bit ,25.6GB/sec,800 MHz,"
27-May-2013 ",Yes,DDR3
Intel HD Graphics 510 Mobile,Intel,15 Watts,,128 Bit ,34.1GB/sec,1067 MHz,"
01-Sep-2015 ",Yes,DDR4
Intel HD Graphics 4400 Mobile,Intel,15 Watts,,128 Bit ,25.6GB/sec,800 MHz,"
05-Jun-2013 ",Yes,DDR3
Intel HD Graphics 5500 Mobile,Intel,15 Watts,,128 Bit ,29.9GB/sec,933 MHz,"
05-Jan-2015 ",Yes,DDR3
Intel HD Graphics 4600 Mobile,Intel,47 Watts,,128 Bit ,25.6GB/sec,800 MHz,"
27-May-2013 ",Yes,DDR3
Intel HD Graphics 520 Mobile,Intel,15 Watts,,128 Bit ,34.1GB/sec,1067 MHz,"
01-Sep-2015 ",Yes,DDR4
Intel HD Graphics 4000 Mobile,Intel,55 Watts,,128 Bit ,25.6GB/sec,800 MHz,"
08-Mar-2012 ",Yes,DDR3
Intel HD Graphics 2000 Mobile,Intel,,,128 Bit ,,,"
01-Feb-2011 ",Yes,DDR3
Intel HD Graphics 2500 Mobile,Intel,,,128 Bit ,25.6GB/sec,800 MHz,"
01-Apr-2012 ",Yes,DDR3
Intel HD Graphics 4200 Mobile,Intel,20 Watts,,128 Bit ,25.6GB/sec,800 MHz,"
01-Jul-2013 ",Yes,DDR3
HD Pentium P6200,Intel,35 Watts,,128 Bit ,17.1GB/sec,533 MHz,"
26-Sep-2010 ",Yes,DDR3
HD i7 5700EQ,Intel,47 Watts,,128 Bit ,25.6GB/sec,800 MHz,"
02-Jun-2015 ",Yes,DDR3
HD Pentium P6100,Intel,35 Watts,,128 Bit ,17.1GB/sec,533 MHz,"
26-Sep-2010 ",Yes,DDR3
HD i7 5600U,Intel,15 Watts,,128 Bit ,25.6GB/sec,800 MHz,"
05-Jan-2015 ",Yes,DDR3
HD i7 5650U,Intel,15 Watts,,128 Bit ,29.9GB/sec,933 MHz,"
05-Jan-2015 ",Yes,DDR3
HD i7 5550U,Intel,15 Watts,,128 Bit ,29.9GB/sec,933 MHz,"
05-Jan-2015 ",Yes,DDR3
HD i7 3920XM,Intel,,,64 Bit ,12.8GB/sec,800 MHz,"
29-Apr-2012 ",Yes,DDR3
HD i7 5500U,Intel,15 Watts,,128 Bit ,25.6GB/sec,800 MHz,"
05-Jan-2015 ",Yes,DDR3
HD i7 3840QM,Intel,45 Watts,,64 Bit ,12.8GB/sec,800 MHz,"
29-Apr-2012 ",Yes,DDR3
Intel HD Graphics 3000 Mobile,Intel,,,64 Bit ,12.8GB/sec,800 MHz,"
01-Feb-2011 ",Yes,DDR3
HD i7 5557U,Intel,28 Watts,,128 Bit ,29.9GB/sec,933 MHz,"
05-Jan-2015 ",Yes,DDR3
HD i7 3720QM,Intel,,,64 Bit ,12.8GB/sec,800 MHz,"
29-Apr-2012 ",Yes,DDR3
HD i7 3630QM,Intel,45 Watts,,128 Bit ,25.6GB/sec,800 MHz,"
01-Sep-2012 ",Yes,DDR3
HD i7 2920XM,Intel,,,64 Bit ,12.8GB/sec,800 MHz,"
09-Jan-2011 ",Yes,DDR3
HD i7 3610QM,Intel,,,64 Bit ,12.8GB/sec,800 MHz,"
29-Apr-2012 ",Yes,DDR3
HD i7 2820QM,Intel,,,64 Bit ,12.8GB/sec,800 MHz,"
09-Jan-2011 ",Yes,DDR3
HD i7 2860QM,Intel,,,64 Bit ,12.8GB/sec,800 MHz,"
04-Sep-2011 ",Yes,DDR3
HD i7 2670QM,Intel,,,64 Bit ,10.7GB/sec,667 MHz,"
12-Nov-2011 ",Yes,DDR3
HD i7 2630QM,Intel,,,64 Bit ,10.7GB/sec,667 MHz,"
09-Jan-2011 ",Yes,DDR3
HD i7 2640M,Intel,,,64 Bit ,10.7GB/sec,667 MHz,"
04-Sep-2011 ",Yes,DDR3
HD i7 2720QM,Intel,,,64 Bit ,12.8GB/sec,800 MHz,"
09-Jan-2011 ",Yes,DDR3
HD i7 2675QM,Intel,,,64 Bit ,10.7GB/sec,667 MHz,"
09-Jan-2011 ",Yes,DDR3
HD i7 3820QM,Intel,,,64 Bit ,12.8GB/sec,800 MHz,"
29-Apr-2012 ",Yes,DDR3
HD i7 2760QM,Intel,,,64 Bit ,12.8GB/sec,800 MHz,"
04-Sep-2011 ",Yes,DDR3
HD i7 2620M,Intel,,,64 Bit ,10.7GB/sec,667 MHz,"
20-Feb-2011 ",Yes,DDR3
Intel GMA 5700M HD,Intel,35 Watts,,,,,"
01-Oct-2010 ",Yes,
Intel GMA 4500M HD,Intel,,,64 Bit ,,,"
01-Oct-2008 ",Yes,DDR3
Intel GMA 3650,Intel,,,64 Bit ,8.5GB/sec,533 MHz,"
01-Nov-2011 ",Yes,DDR3
Intel 965 Express Family,Intel,,,,,,"
09-May-2007 ",Yes,
Iris Graphics 540 Mobile,Intel,15 Watts,,128 Bit ,34.1GB/sec,1067 MHz,"
01-Sep-2015 ",Yes,DDR4
Intel GMA 3150,Intel,50 Watts,,,,,"
01-Oct-2010 ",Yes,
HD Pentium P6000,Intel,,,128 Bit ,17.1GB/sec,533 MHz,"
20-Jun-2010 ",Yes,DDR3
Intel GMA 3600,Intel,13 Watts,,64 Bit ,8.5GB/sec,533 MHz,"
01-Oct-2011 ",Yes,DDR3
Iris Graphics 5100 Mobile,Intel,28 Watts,,128 Bit ,25.6GB/sec,800 MHz,"
29-Apr-2013 ",Yes,DDR3
HD i7 2617M,Intel,,,64 Bit ,10.7GB/sec,667 MHz,"
20-Feb-2011 ",Yes,DDR3
Intel GMA 4500M,Intel,,,128 Bit ,,,"
01-Oct-2008 ",Yes,
Radeon HD 3100,AMD,,,64 Bit ,,,"
01-Aug-2008 ",Yes,DDR2
Mobility Radeon HD 3870 x2,AMD,110 Watts,1024 MB ,256 Bit ,108.8GB/sec,1700 MHz,"
01-Sep-2008 ",Yes,GDDR3
Mobility Radeon HD 4870,AMD,65 Watts,1024 MB ,256 Bit ,89.6GB/sec,700 MHz,"
09-Jan-2009 ",Yes,GDDR5
Mobility Radeon HD 4870 x2,AMD,130 Watts,2048 MB ,512 Bit ,179.2GB/sec,700 MHz,"
09-Jan-2009 ",Yes,GDDR5
Radeon HD 6755G2,AMD,,,,,,"
14-Jun-2011 ",Yes,DDR3
Quadro NVS 510M,Nvidia,45 Watts,1024 MB ,256 Bit ,,,"
07-Jan-2010 ",Yes,GDDR3
Quadro NVS 300M,Nvidia,16 Watts,512 MB ,128 Bit ,16GB/sec,500 MHz,"
24-May-2006 ",Yes,GDDR3
Quadro NVS 320M,Nvidia,20 Watts,512 MB ,128 Bit ,22.4GB/sec,700 MHz,"
09-Jun-2007 ",Yes,GDDR3
Quadro NVS 160M,Nvidia,12 Watts,256 MB ,64 Bit ,11.2GB/sec,700 MHz,"
15-Aug-2008 ",Yes,GDDR3
Radeon HD 8610G,AMD,25 Watts,,128 Bit ,21.3GB/sec,667 MHz,"
23-May-2013 ",Yes,DDR3
Radeon HD 7660G,AMD,35 Watts,,128 Bit ,25.6GB/sec,800 MHz,"
15-May-2012 ",Yes,DDR3
Quadro NVS 150M,Nvidia,10 Watts,256 MB ,64 Bit ,11.2GB/sec,700 MHz,"
15-Aug-2008 ",Yes,GDDR3
Radeon HD 8650G,AMD,35 Watts,,128 Bit ,29.9GB/sec,933 MHz,"
23-May-2013 ",Yes,DDR3
NVS 5400M,Nvidia,35 Watts,2048 MB ,128 Bit ,28.8GB/sec,900 MHz,"
01-Jun-2012 ",Yes,DDR3
GeForce4 Go 488,Nvidia,,64 MB ,32 Bit ,1.1GB/sec,275 MHz,"
01-Mar-2002 ",Yes,DDR
Radeon HD 6380G,AMD,35 Watts,,128 Bit ,,,"
14-Jun-2011 ",Yes,DDR3
Mobility Radeon 7500 64MB,AMD,27 Watts,64 MB ,64 Bit ,1.6GB/sec,200 MHz,"
01-Dec-2001 ",Yes,DDR
GeForce 9800M GTS,Nvidia,75 Watts,1024 MB ,256 Bit ,51.2GB/sec,800 MHz,"
01-Jul-2008 ",Yes,GDDR3
GeForce 9800M GTX SLI,Nvidia,150 Watts,2048 MB ,256 Bit ,102.4GB/sec,800 MHz,"
01-Jul-2008 ",Yes,GDDR3
GeForce 9800M GT SLI,Nvidia,130 Watts,1024 MB ,256 Bit ,102.4GB/sec,800 MHz,"
01-Jul-2008 ",Yes,GDDR3
GeForce 9800M GTS SLI,Nvidia,150 Watts,2048 MB ,256 Bit ,102.4GB/sec,800 MHz,"
01-Jul-2008 ",Yes,GDDR3
GeForce 9800M GTX,Nvidia,75 Watts,1024 MB ,256 Bit ,51.2GB/sec,800 MHz,"
01-Jul-2008 ",Yes,GDDR3
GeForce 9800M GS,Nvidia,60 Watts,512 MB ,256 Bit ,51.2GB/sec,800 MHz,"
02-Jan-2008 ",Yes,GDDR3
GeForce 9700M GT,Nvidia,45 Watts,512 MB ,128 Bit ,25.6GB/sec,800 MHz,"
01-Jul-2008 ",Yes,GDDR3
GeForce 9800M GT,Nvidia,65 Watts,512 MB ,256 Bit ,51.2GB/sec,800 MHz,"
01-Jul-2008 ",Yes,GDDR3
GeForce 9650M GS,Nvidia,29 Watts,512 MB ,128 Bit ,25.6GB/sec,800 MHz,"
02-Jan-2008 ",Yes,GDDR3
GeForce 9700M GTS,Nvidia,60 Watts,512 MB ,256 Bit ,51.2GB/sec,800 MHz,"
01-Jul-2008 ",Yes,GDDR3
GeForce 9600M GT,Nvidia,23 Watts,1024 MB ,128 Bit ,25.6GB/sec,800 MHz,"
02-Jan-2008 ",Yes,GDDR3
GeForce 9650M GT,Nvidia,23 Watts,1024 MB ,128 Bit ,25.6GB/sec,800 MHz,"
19-Aug-2008 ",Yes,GDDR3
GeForce 9500M GS,Nvidia,20 Watts,512 MB ,128 Bit ,22.4GB/sec,700 MHz,"
01-Feb-2008 ",Yes,GDDR3
GeForce 9600M GS,Nvidia,20 Watts,1024 MB ,128 Bit ,25.6GB/sec,800 MHz,"
03-Jun-2008 ",Yes,GDDR3
GeForce 9500M G,Nvidia,20 Watts,1024 MB ,128 Bit ,25.6GB/sec,800 MHz,"
03-Jun-2008 ",Yes,GDDR3
GeForce 9300M GS,Nvidia,13 Watts,256 MB ,64 Bit ,11.2GB/sec,700 MHz,"
02-Jan-2008 ",Yes,GDDR3
GeForce 9300M G,Nvidia,13 Watts,256 MB ,64 Bit ,9.6GB/sec,600 MHz,"
02-Jan-2008 ",Yes,GDDR3
GeForce 9200M GE,Nvidia,,64 MB ,,,,"
02-Jan-2008 ",Yes,
GeForce 9400M,Nvidia,12 Watts,256 MB ,,,,"
01-Oct-2008 ",Yes,
GeForce 9500M,Nvidia,,,,,,"
02-Jan-2008 ",Yes,
GeForce 9100M,Nvidia,12 Watts,,128 Bit ,,,"
03-Jun-2008 ",Yes,
GeForce 9200M GS,Nvidia,13 Watts,256 MB ,64 Bit ,11.2GB/sec,700 MHz,"
03-Jun-2008 ",Yes,DDR3
GeForce4 Go 460,Nvidia,,64 MB ,32 Bit ,1000MB/sec,250 MHz,"
06-Feb-2002 ",Yes,DDR
GeForce 9400M G,Nvidia,12 Watts,,128 Bit ,,,"
01-Oct-2008 ",Yes,
GeForce4 Go 440,Nvidia,,64 MB ,32 Bit ,880MB/sec,220 MHz,"
26-Feb-2002 ",Yes,DDR
Quadro FX 880M,Nvidia,35 Watts,1024 MB ,128 Bit ,25.3GB/sec,790 MHz,"
07-Jan-2010 ",Yes,GDDR3
GeForce4 Go 420,Nvidia,,32 MB ,32 Bit ,800MB/sec,200 MHz,"
06-Feb-2002 ",Yes,DDR
Quadro FX 770M,Nvidia,35 Watts,512 MB ,128 Bit ,25.6GB/sec,800 MHz,"
14-Aug-2008 ",Yes,GDDR3
GeForce4 Go 4200,Nvidia,,128 MB ,128 Bit ,3.2GB/sec,200 MHz,"
14-Nov-2002 ",Yes,DDR
Quadro FX 3700M,Nvidia,75 Watts,1024 MB ,256 Bit ,51.2GB/sec,800 MHz,"
14-Aug-2008 ",Yes,GDDR3
Quadro FX 570M,Nvidia,45 Watts,512 MB ,128 Bit ,22.4GB/sec,700 MHz,"
01-Jun-2007 ",Yes,GDDR3
Quadro FX 380M,Nvidia,25 Watts,512 MB ,64 Bit ,12.8GB/sec,800 MHz,"
07-Jan-2010 ",Yes,GDDR3
Quadro FX 3800M,Nvidia,100 Watts,,256 Bit ,64GB/sec,1000 MHz,"
22-Dec-2009 ",Yes,GDDR3
Quadro FX 360M,Nvidia,17 Watts,256 MB ,64 Bit ,9.6GB/sec,600 MHz,"
09-May-2007 ",Yes,GDDR3
Quadro FX 3600M,Nvidia,70 Watts,1024 MB ,256 Bit ,51.2GB/sec,800 MHz,"
23-Feb-2008 ",Yes,GDDR3
Quadro FX 2800M,Nvidia,75 Watts,1024 MB ,256 Bit ,64GB/sec,1000 MHz,"
01-Dec-2009 ",Yes,GDDR3
Quadro FX 350M,Nvidia,15 Watts,256 MB ,64 Bit ,5.6GB/sec,350 MHz,"
31-Mar-2006 ",Yes,DDR3
Quadro FX 3500M,Nvidia,45 Watts,512 MB ,256 Bit ,44.8GB/sec,700 MHz,"
01-Mar-2007 ",Yes,GDDR3
Quadro FX 2500M,Nvidia,45 Watts,1024 MB ,256 Bit ,38.4GB/sec,600 MHz,"
29-Sep-2005 ",Yes,GDDR3
Quadro FX 1800M,Nvidia,45 Watts,1024 MB ,128 Bit ,70.4GB/sec,1100 MHz,"
01-Feb-2010 ",Yes,GDDR5
Quadro FX 1700M,Nvidia,50 Watts,512 MB ,128 Bit ,25.6GB/sec,800 MHz,"
01-Oct-2008 ",Yes,GDDR3
Quadro K610M,Nvidia,30 Watts,1024 MB ,64 Bit ,20.8GB/sec,650 MHz,"
23-Jul-2013 ",Yes,GDDR5
Quadro FX 1500M,Nvidia,45 Watts,512 MB ,256 Bit ,32GB/sec,500 MHz,"
18-Apr-2006 ",Yes,GDDR3
Quadro FX 2700M,Nvidia,65 Watts,512 MB ,256 Bit ,51.2GB/sec,800 MHz,"
14-Aug-2008 ",Yes,GDDR3
Radeon IGP 320M,AMD,,,64 Bit ,,,"
05-Oct-2002 ",Yes,DDR
Radeon IGP 340M,AMD,,,64 Bit ,,,"
05-Oct-2002 ",Yes,DDR
Quadro K5100M,Nvidia,100 Watts,8192 MB ,256 Bit ,115.5GB/sec,902 MHz,"
23-Jul-2013 ",Yes,GDDR5
Quadro K4000M,Nvidia,100 Watts,4096 MB ,256 Bit ,89.6GB/sec,700 MHz,"
01-Jun-2012 ",Yes,GDDR5
Quadro K500M,Nvidia,,1024 MB ,64 Bit ,14.4GB/sec,900 MHz,"
01-Jun-2012 ",Yes,DDR3
Quadro K5000M,Nvidia,100 Watts,4096 MB ,256 Bit ,96GB/sec,750 MHz,"
01-Aug-2012 ",Yes,GDDR5
Quadro K3000M,Nvidia,75 Watts,2048 MB ,256 Bit ,89.6GB/sec,700 MHz,"
01-Jun-2012 ",Yes,GDDR5
Quadro K2000M,Nvidia,55 Watts,2048 MB ,128 Bit ,28.8GB/sec,900 MHz,"
01-Jun-2012 ",Yes,DDR3
Quadro 5010M,Nvidia,100 Watts,4096 MB ,256 Bit ,166.4GB/sec,1300 MHz,"
22-Feb-2011 ",Yes,GDDR5
Quadro K1100M,Nvidia,45 Watts,2048 MB ,128 Bit ,44.8GB/sec,700 MHz,"
23-Jul-2013 ",Yes,GDDR5
Quadro K3100M,Nvidia,75 Watts,4096 MB ,256 Bit ,102.4GB/sec,800 MHz,"
23-Jul-2013 ",Yes,GDDR5
Quadro K1000M,Nvidia,45 Watts,2048 MB ,128 Bit ,28.8GB/sec,900 MHz,"
01-Jun-2012 ",Yes,DDR3
Quadro 4000M,Nvidia,100 Watts,2048 MB ,256 Bit ,153.6GB/sec,1200 MHz,"
22-Feb-2011 ",Yes,GDDR5
Quadro 3000M,Nvidia,75 Watts,2048 MB ,256 Bit ,80GB/sec,625 MHz,"
22-Feb-2011 ",Yes,GDDR5
Quadro 2000M,Nvidia,55 Watts,2048 MB ,128 Bit ,28.8GB/sec,900 MHz,"
13-Jan-2011 ",Yes,DDR3
Quadro FX 1600M,Nvidia,50 Watts,512 MB ,128 Bit ,25.6GB/sec,800 MHz,"
01-Jun-2007 ",Yes,GDDR3
Quadro 5000M,Nvidia,100 Watts,2048 MB ,256 Bit ,153.6GB/sec,1200 MHz,"
27-Oct-2010 ",Yes,GDDR5
NVS 5200M,Nvidia,,1024 MB ,64 Bit ,14.4GB/sec,900 MHz,"
01-Jun-2012 ",Yes,DDR3
Quadro 1000M,Nvidia,45 Watts,2048 MB ,128 Bit ,28.8GB/sec,900 MHz,"
22-Feb-2011 ",Yes,DDR3
NVS 5100M,Nvidia,35 Watts,1024 MB ,128 Bit ,25.6GB/sec,800 MHz,"
07-Jan-2010 ",Yes,DDR3
NVS 4200M,Nvidia,,1024 MB ,64 Bit ,12.8GB/sec,800 MHz,"
22-Feb-2011 ",Yes,DDR3
NVS 3100M,Nvidia,14 Watts,512 MB ,64 Bit ,12.8GB/sec,800 MHz,"
07-Jan-2010 ",Yes,GDDR3
Quadro NVS 140M 256MB GDDR3,Nvidia,10 Watts,256 MB ,64 Bit ,11.2GB/sec,700 MHz,"
05-Sep-2007 ",Yes,GDDR3
Quadro NVS 140M 128MB GDDR2,Nvidia,10 Watts,128 MB ,64 Bit ,11.2GB/sec,700 MHz,"
05-Sep-2007 ",Yes,DDR2
NVS 2100M,Nvidia,14 Watts,512 MB ,64 Bit ,12.8GB/sec,800 MHz,"
07-Jan-2010 ",Yes,GDDR3
Quadro NVS 135M,Nvidia,10 Watts,256 MB ,64 Bit ,9.6GB/sec,600 MHz,"
09-May-2007 ",Yes,GDDR3
Quadro NVS 130M,Nvidia,10 Watts,256 MB ,64 Bit ,11.2GB/sec,700 MHz,"
09-May-2007 ",Yes,GDDR3
Quadro NVS 120M,Nvidia,10 Watts,512 MB ,64 Bit ,11.2GB/sec,700 MHz,"
01-Jun-2006 ",Yes,DDR3
Radeon R7 8800P,AMD,15 Watts,,128 Bit ,34.1GB/sec,1067 MHz,"
02-Jun-2015 ",Yes,DDR3
Quadro NVS 110M,Nvidia,10 Watts,512 MB ,64 Bit ,,,"
01-Jun-2006 ",Yes,DDR
Radeon R7 7500,AMD,19 Watts,,128 Bit ,25.6GB/sec,800 MHz,"
04-Jun-2014 ",Yes,DDR3
Radeon R6 7350B,AMD,20 Watts,,128 Bit ,25.6GB/sec,800 MHz,"
30-Jun-2014 ",Yes,DDR3
Radeon R5 7410,AMD,15 Watts,,128 Bit ,29.9GB/sec,933 MHz,"
06-May-2015 ",Yes,DDR3
Radeon R6 7400P,AMD,35 Watts,,128 Bit ,29.9GB/sec,933 MHz,"
30-Jun-2014 ",Yes,DDR3
Radeon R6 8700P,AMD,35 Watts,,128 Bit ,34.1GB/sec,1067 MHz,"
02-Jun-2015 ",Yes,DDR3
Radeon R6 7300,AMD,20 Watts,,128 Bit ,25.6GB/sec,800 MHz,"
30-Jun-2014 ",Yes,DDR3
Radeon R5 7200P,AMD,35 Watts,,128 Bit ,29.9GB/sec,933 MHz,"
30-Jun-2014 ",Yes,DDR3
Radeon R6 6700T,AMD,5 Watts,,64 Bit ,10.7GB/sec,667 MHz,"
29-Apr-2014 ",Yes,DDR3
Radeon R5 7100,AMD,20 Watts,,128 Bit ,25.6GB/sec,800 MHz,"
30-Jun-2014 ",Yes,DDR3
Radeon R5 7150B,AMD,20 Watts,,128 Bit ,25.6GB/sec,800 MHz,"
30-Jun-2014 ",Yes,DDR3
Radeon R5 6410,AMD,15 Watts,,64 Bit ,14.9GB/sec,933 MHz,"
30-Jun-2014 ",Yes,DDR3
Radeon R3 6210,AMD,15 Watts,,64 Bit ,12.8GB/sec,800 MHz,"
29-Apr-2014 ",Yes,DDR3
Radeon R4 7000,AMD,17 Watts,,128 Bit ,25.6GB/sec,800 MHz,"
30-Jun-2014 ",Yes,DDR3
Radeon R4 7310,AMD,15 Watts,,64 Bit ,12.8GB/sec,800 MHz,"
06-May-2015 ",Yes,DDR3
Radeon R2 6110,AMD,15 Watts,,64 Bit ,12.8GB/sec,800 MHz,"
29-Apr-2014 ",Yes,DDR3
Radeon R2 6200T,AMD,4 Watts,,64 Bit ,8.5GB/sec,533 MHz,"
29-Apr-2014 ",Yes,DDR3
Radeon R4 7050B,AMD,17 Watts,,128 Bit ,25.6GB/sec,800 MHz,"
30-Jun-2014 ",Yes,DDR3
Radeon R4 6310,AMD,15 Watts,,64 Bit ,14.9GB/sec,933 MHz,"
29-Apr-2014 ",Yes,DDR3
Radeon R3 6400T,AMD,5 Watts,,64 Bit ,10.7GB/sec,667 MHz,"
29-Apr-2014 ",Yes,DDR3
Radeon R2 6010,AMD,10 Watts,,64 Bit ,10.7GB/sec,667 MHz,"
29-Apr-2014 ",Yes,DDR3
Radeon R8 M365DX,AMD,85 Watts,2048 MB ,192 Bit ,86.4GB/sec,1800 MHz,"
03-Jun-2015 ",Yes,DDR3
Radeon HD 8650G + HD 8670M Dual,AMD,50 Watts,,64 Bit ,16GB/sec,1000 MHz,"
01-Aug-2013 ",Yes,DDR3
Radeon HD 8650G + HD 8570M Dual,AMD,50 Watts,,64 Bit ,16GB/sec,1000 MHz,"
01-Aug-2013 ",Yes,DDR3
Radeon HD 8610G + HD 8670M Dual,AMD,,2048 MB ,64 Bit ,21.3GB/sec,667 MHz,"
23-May-2013 ",Yes,DDR3
Radeon HD 8550G + HD 8750M Dual,AMD,50 Watts,2048 MB ,128 Bit ,25.6GB/sec,800 MHz,"
01-Aug-2013 ",Yes,DDR3
Radeon HD 8550G + HD 8670M Dual,AMD,50 Watts,,64 Bit ,16GB/sec,1000 MHz,"
01-Aug-2013 ",Yes,DDR3
Radeon HD 7660G + HD 7670M Dual,AMD,,,128 Bit ,28.8GB/sec,900 MHz,"
01-May-2012 ",Yes,DDR3
Radeon HD 7640G + HD 7670M Dual,AMD,,,128 Bit ,28.8GB/sec,900 MHz,"
01-May-2012 ",Yes,DDR3
Radeon HD 8210G + HD 8570M Dual,AMD,50 Watts,1024 MB ,64 Bit ,16GB/sec,1000 MHz,"
01-Aug-2013 ",Yes,DDR3
Radeon HD 7640G + HD 7470M Dual,AMD,,1024 MB ,128 Bit ,25.6GB/sec,800 MHz,"
01-Jun-2012 ",Yes,DDR3
Radeon HD 7640G + HD 7610M Dual,AMD,,,128 Bit ,28.8GB/sec,900 MHz,"
15-May-2012 ",Yes,DDR3
Radeon HD 6740G2,AMD,,1024 MB ,,,,"
14-Jun-2011 ",Yes,
Radeon HD 7520G + HD 7670M Dual,AMD,,,128 Bit ,28.8GB/sec,900 MHz,"
01-May-2012 ",Yes,DDR3
Radeon HD 6620G + HD 7690M Dual,AMD,,,128 Bit ,25.6GB/sec,800 MHz,"
01-Jun-2012 ",Yes,DDR3
Radeon HD 6620G + HD 7450M Dual,AMD,,,128 Bit ,28.8GB/sec,900 MHz,"
01-Feb-2012 ",Yes,DDR3
Radeon HD 6520G + HD 7670M Dual,AMD,,1024 MB ,128 Bit ,28.8GB/sec,900 MHz,"
01-Jun-2011 ",Yes,DDR3
Radeon HD 6640G2,AMD,,,,,,"
14-Jun-2011 ",Yes,
Radeon HD 6720G2,AMD,,1024 MB ,128 Bit ,,,"
14-Jun-2011 ",Yes,DDR3
Radeon HD 6645G2,AMD,,,128 Bit ,21.3GB/sec,667 MHz,"
14-Jun-2011 ",Yes,DDR3
Radeon HD 6620G,AMD,40 Watts,,128 Bit ,,,"
14-Jun-2011 ",Yes,DDR3
Radeon HD 6545G2,AMD,,,,,,"
14-Jun-2011 ",Yes,
Radeon HD 6515G2,AMD,,512 MB ,,,,"
14-Jun-2011 ",Yes,
Radeon HD 6540G2,AMD,,1024 MB ,,,,"
14-Jun-2011 ",Yes,
Radeon HD 7640G,AMD,35 Watts,,128 Bit ,25.6GB/sec,800 MHz,"
15-May-2012 ",Yes,DDR3
Radeon HD 6520G,AMD,35 Watts,,128 Bit ,,,"
14-Jun-2011 ",Yes,DDR3
Radeon HD 7620G,AMD,25 Watts,,128 Bit ,21.3GB/sec,667 MHz,"
01-May-2012 ",Yes,DDR3
Radeon HD 7600G,AMD,19 Watts,,128 Bit ,21.3GB/sec,667 MHz,"
01-Sep-2012 ",Yes,DDR3
Radeon HD 7400G,AMD,17 Watts,,128 Bit ,21.3GB/sec,667 MHz,"
01-Sep-2012 ",Yes,DDR3
Radeon HD 7500G,AMD,17 Watts,,128 Bit ,21.3GB/sec,667 MHz,"
01-May-2012 ",Yes,DDR3
Radeon HD 8550G,AMD,35 Watts,,128 Bit ,25.6GB/sec,800 MHz,"
12-Mar-2013 ",Yes,DDR3
Radeon HD 8510G,AMD,,,128 Bit ,,,"
01-May-2013 ",Yes,DDR3
Radeon HD 7520G,AMD,35 Watts,,128 Bit ,25.6GB/sec,800 MHz,"
01-Jun-2012 ",Yes,DDR3
Radeon HD 7420G,AMD,35 Watts,,128 Bit ,25.6GB/sec,800 MHz,"
01-Jun-2012 ",Yes,DDR3
Radeon HD 8350G,AMD,35 Watts,,128 Bit ,25.6GB/sec,800 MHz,"
12-Mar-2013 ",Yes,DDR3
Radeon HD 8450G,AMD,35 Watts,,128 Bit ,25.6GB/sec,800 MHz,"
12-Mar-2013 ",Yes,DDR3
Mobility Radeon HD 4860,AMD,,,,,,"
03-Mar-2009 ",Yes,
Mobility Radeon HD 4830,AMD,,,,,,"
03-Mar-2009 ",Yes,
Radeon HD 6480G,AMD,,,128 Bit ,,,"
14-Jun-2011 ",Yes,DDR3
Mobility Radeon HD 4670 1GB,AMD,,1024 MB ,128 Bit ,25.6GB/sec,800 MHz,"
09-Jan-2009 ",Yes,GDDR3
Mobility Radeon HD 4550,AMD,12 Watts,512 MB ,64 Bit ,11.2GB/sec,700 MHz,"
01-Jan-2010 ",Yes,GDDR3
Mobility Radeon HD 4650,AMD,20 Watts,512 MB ,128 Bit ,25.6GB/sec,800 MHz,"
09-Jan-2009 ",Yes,DDR3
Mobility Radeon HD 4850,AMD,55 Watts,1024 MB ,256 Bit ,54.4GB/sec,850 MHz,"
09-Jan-2009 ",Yes,GDDR3
Mobility Radeon HD 4530,AMD,10 Watts,512 MB ,64 Bit ,11.2GB/sec,700 MHz,"
09-Jan-2009 ",Yes,GDDR3
Mobility FireGL V5700,AMD,,1024 MB ,128 Bit ,22.4GB/sec,700 MHz,"
07-Jan-2008 ",Yes,GDDR3
Mobility Radeon HD 4570,AMD,14 Watts,512 MB ,64 Bit ,12.8GB/sec,800 MHz,"
09-Jan-2009 ",Yes,GDDR3
Mobility Radeon HD 4670 512MB,AMD,29 Watts,512 MB ,128 Bit ,25.6GB/sec,800 MHz,"
09-Jan-2009 ",Yes,DDR3
Mobility Radeon HD 4350,AMD,12 Watts,512 MB ,64 Bit ,9.6GB/sec,600 MHz,"
09-Jan-2009 ",Yes,GDDR3
Mobility FireGL V5250,AMD,,,128 Bit ,10.6GB/sec,330 MHz,"
01-Jan-2007 ",Yes,GDDR3
Mobility FireGL V5200,AMD,,,128 Bit ,15.2GB/sec,475 MHz,"
01-Dec-2006 ",Yes,GDDR3
Mobility FireGL T2,AMD,,,128 Bit ,3.2GB/sec,200 MHz,"
01-Nov-2003 ",Yes,DDR
FirePro M7820,AMD,,1024 MB ,128 Bit ,64GB/sec,1000 MHz,"
01-May-2010 ",Yes,GDDR5
FirePro M8900,AMD,75 Watts,,256 Bit ,115.2GB/sec,900 MHz,"
12-Apr-2011 ",Yes,GDDR5
FirePro M7740,AMD,,1024 MB ,128 Bit ,64GB/sec,1000 MHz,"
04-Aug-2009 ",Yes,GDDR5
FirePro M5950,AMD,30 Watts,1024 MB ,128 Bit ,57.6GB/sec,900 MHz,"
13-Apr-2011 ",Yes,GDDR5
FirePro W4170M,AMD,50 Watts,2048 MB ,128 Bit ,72GB/sec,1125 MHz,"
28-Apr-2014 ",Yes,GDDR5
FirePro M5800 1GB DDR3,AMD,,1024 MB ,128 Bit ,51.2GB/sec,800 MHz,"
01-Mar-2010 ",Yes,GDDR5
FirePro M6100,AMD,75 Watts,2048 MB ,128 Bit ,72GB/sec,1125 MHz,"
16-Oct-2013 ",Yes,GDDR5
FirePro M5100,AMD,50 Watts,2048 MB ,128 Bit ,72GB/sec,1125 MHz,"
16-Oct-2013 ",Yes,GDDR5
FirePro M4000,AMD,33 Watts,2048 MB ,128 Bit ,64GB/sec,1000 MHz,"
27-Jun-2012 ",Yes,GDDR5
Mobility FireGL V3200,AMD,,,128 Bit ,,,"
01-Dec-2004 ",Yes,DDR2
Mobility Radeon HD 4330,AMD,7 Watts,512 MB ,64 Bit ,9.6GB/sec,600 MHz,"
09-Jan-2009 ",Yes,GDDR3
Mobility Radeon 9600 Series,AMD,,128 MB ,128 Bit ,4GB/sec,250 MHz,"
01-Mar-2003 ",Yes,DDR
FirePro M3900,AMD,20 Watts,,64 Bit ,14.4GB/sec,900 MHz,"
13-Apr-2011 ",Yes,DDR3
Mobility Radeon 9200,AMD,,64 MB ,128 Bit ,3.2GB/sec,200 MHz,"
01-Mar-2003 ",Yes,DDR
Mobility Radeon 9700 Series,AMD,,128 MB ,128 Bit ,4.4GB/sec,275 MHz,"
01-Feb-2004 ",Yes,DDR
Mobility Radeon HD 4250,AMD,,512 MB ,128 Bit ,,,"
01-May-2010 ",Yes,DDR3
Mobility Radeon HD 4270,AMD,,,128 Bit ,,,"
01-May-2010 ",Yes,DDR3
Mobility Radeon HD 4200,AMD,,256 MB ,128 Bit ,,,"
10-Sep-2009 ",Yes,DDR3
Mobility Radeon HD 2600 XT,AMD,,256 MB ,128 Bit ,24GB/sec,750 MHz,"
14-May-2007 ",Yes,GDDR3
Mobility Radeon 9000 64MB,AMD,,64 MB ,128 Bit ,3.2GB/sec,200 MHz,"
01-Aug-2002 ",Yes,DDR
Mobility Radeon HD 2600,AMD,,256 MB ,128 Bit ,19.2GB/sec,600 MHz,"
14-May-2007 ",Yes,GDDR3
Mobility Radeon HD 2700,AMD,,256 MB ,128 Bit ,22.4GB/sec,700 MHz,"
12-Dec-2007 ",Yes,GDDR3
Mobility Radeon HD 2300,AMD,,128 MB ,128 Bit ,12.8GB/sec,400 MHz,"
01-Mar-2007 ",Yes,DDR2
Mobility Radeon HD 2400 XT,AMD,,256 MB ,64 Bit ,11.2GB/sec,700 MHz,"
14-May-2007 ",Yes,GDDR3
Mobility Radeon HD 3870,AMD,55 Watts,512 MB ,256 Bit ,54.4GB/sec,850 MHz,"
04-Jun-2008 ",Yes,GDDR3
Mobility Radeon HD 3670,AMD,30 Watts,512 MB ,128 Bit ,25.6GB/sec,800 MHz,"
07-Jan-2008 ",Yes,GDDR3
Mobility Radeon HD 3650,AMD,30 Watts,512 MB ,128 Bit ,22.4GB/sec,700 MHz,"
07-Jan-2008 ",Yes,GDDR3
Mobility Radeon HD 2400,AMD,,256 MB ,64 Bit ,8GB/sec,500 MHz,"
14-May-2007 ",Yes,DDR2
Mobility Radeon HD 3850,AMD,45 Watts,512 MB ,256 Bit ,48GB/sec,750 MHz,"
04-Jun-2008 ",Yes,GDDR3
Mobility Radeon HD 3470,AMD,12 Watts,256 MB ,64 Bit ,12.8GB/sec,800 MHz,"
07-Jan-2008 ",Yes,GDDR3
Mobility Radeon HD 3200,AMD,,256 MB ,64 Bit ,,,"
04-Jun-2008 ",Yes,DDR2
Mobility Radeon HD 3430,AMD,10 Watts,256 MB ,64 Bit ,11.2GB/sec,700 MHz,"
25-Jul-2008 ",Yes,DDR2
Mobility Radeon HD 3450,AMD,12 Watts,256 MB ,64 Bit ,11.2GB/sec,700 MHz,"
07-Jan-2008 ",Yes,GDDR3
Mobility Radeon HD 3410,AMD,8 Watts,256 MB ,64 Bit ,11.2GB/sec,700 MHz,"
25-Jul-2008 ",Yes,DDR2
GeForce 7150M nForce 630M,Nvidia,,,64 Bit ,,,"
01-Jan-2006 ",Yes,
GeForce 8800M GTX,Nvidia,65 Watts,512 MB ,256 Bit ,51.2GB/sec,800 MHz,"
01-Nov-2007 ",Yes,GDDR3
GeForce 8800M GTX SLI,Nvidia,130 Watts,2048 MB ,256 Bit ,204.8GB/sec,800 MHz,"
01-Nov-2007 ",Yes,GDDR5
GeForce 8800M GTS,Nvidia,50 Watts,512 MB ,256 Bit ,51.2GB/sec,800 MHz,"
01-Nov-2007 ",Yes,GDDR3
GeForce Go 6800 ultra,Nvidia,89 Watts,256 MB ,256 Bit ,35.2GB/sec,550 MHz,"
01-Feb-2005 ",Yes,DDR3
GeForce GTX 880M 8GB,Nvidia,122 Watts,8192 MB ,256 Bit ,160GB/sec,1250 MHz,"
12-Mar-2014 ",Yes,GDDR5
GeForce Go 7900 GTX,Nvidia,45 Watts,512 MB ,256 Bit ,38.4GB/sec,600 MHz,"
01-Apr-2006 ",Yes,GDDR3
GeForce Go 7200,Nvidia,,64 MB ,32 Bit ,2.8GB/sec,350 MHz,"
01-Sep-2006 ",Yes,DDR3
GeForce Go 7800 GTX,Nvidia,65 Watts,512 MB ,256 Bit ,35.2GB/sec,550 MHz,"
01-Oct-2005 ",Yes,GDDR3
GeForce Go 7950 GTX,Nvidia,45 Watts,512 MB ,256 Bit ,44.8GB/sec,700 MHz,"
01-Oct-2006 ",Yes,GDDR3
GeForce GTX 880M SLI,Nvidia,200 Watts,16384 MB ,256 Bit ,320GB/sec,1250 MHz,"
12-Mar-2014 ",Yes,GDDR5
GeForce GTX 485M SLI,Nvidia,200 Watts,4096 MB ,256 Bit ,192GB/sec,750 MHz,"
01-Jan-2011 ",Yes,GDDR5
GeForce GTX 880M 4GB,Nvidia,122 Watts,4096 MB ,256 Bit ,160GB/sec,1250 MHz,"
12-Mar-2014 ",Yes,GDDR5
GeForce Go 7900 GS,Nvidia,20 Watts,512 MB ,256 Bit ,32GB/sec,500 MHz,"
01-Apr-2006 ",Yes,GDDR3
GeForce GTS 160M,Nvidia,60 Watts,1024 MB ,256 Bit ,51.2GB/sec,800 MHz,"
02-Mar-2009 ",Yes,GDDR3
GeForce GTX 580M SLI,Nvidia,200 Watts,4096 MB ,256 Bit ,192GB/sec,750 MHz,"
01-Jun-2011 ",Yes,GDDR5
GeForce GTX 560M SLI,Nvidia,150 Watts,3072 MB ,192 Bit ,120GB/sec,625 MHz,"
01-May-2011 ",Yes,GDDR5
GeForce GTX 570M,Nvidia,75 Watts,1536 MB ,192 Bit ,72GB/sec,750 MHz,"
28-Jun-2011 ",Yes,GDDR5
GeForce GT 555M 3GB,Nvidia,35 Watts,3072 MB ,192 Bit ,43.2GB/sec,900 MHz,"
05-Jan-2011 ",Yes,DDR3
GeForce GTX 580M,Nvidia,100 Watts,2048 MB ,256 Bit ,96GB/sec,750 MHz,"
28-Jun-2011 ",Yes,GDDR5
GeForce GT 555M v2,Nvidia,35 Watts,1024 MB ,128 Bit ,50.2GB/sec,784 MHz,"
15-Jun-2011 ",Yes,GDDR5
GeForce GTX 560M,Nvidia,75 Watts,1536 MB ,192 Bit ,60GB/sec,625 MHz,"
30-May-2011 ",Yes,GDDR5
GeForce GT 555M v3,Nvidia,35 Watts,2048 MB ,128 Bit ,28.8GB/sec,900 MHz,"
26-Mar-2012 ",Yes,DDR3
GeForce GT 550M 2GB,Nvidia,35 Watts,2048 MB ,128 Bit ,28.8GB/sec,900 MHz,"
06-Jan-2011 ",Yes,DDR3
GeForce GT 540M,Nvidia,35 Watts,1024 MB ,128 Bit ,28.8GB/sec,900 MHz,"
06-Jan-2011 ",Yes,DDR3
GeForce GT 555M,Nvidia,35 Watts,1536 MB ,192 Bit ,43.2GB/sec,900 MHz,"
05-Jan-2011 ",Yes,DDR3
GeForce GT 540M 2GB,Nvidia,35 Watts,2048 MB ,128 Bit ,28.8GB/sec,900 MHz,"
01-Jan-2011 ",Yes,DDR3
GeForce GT 550M,Nvidia,35 Watts,1024 MB ,128 Bit ,28.8GB/sec,900 MHz,"
05-Jan-2011 ",Yes,DDR3
GeForce GT 525M,Nvidia,23 Watts,1024 MB ,128 Bit ,28.8GB/sec,900 MHz,"
05-Jan-2011 ",Yes,DDR3
GeForce GT 525M 2GB,Nvidia,25 Watts,2048 MB ,128 Bit ,28.8GB/sec,900 MHz,"
01-Jan-2011 ",Yes,DDR3
GeForce GT 520M v2,Nvidia,12 Watts,1024 MB ,64 Bit ,12.8GB/sec,800 MHz,"
05-Jan-2011 ",Yes,DDR3
GeForce GT 520M,Nvidia,12 Watts,1024 MB ,64 Bit ,12.8GB/sec,800 MHz,"
05-Jan-2011 ",Yes,DDR3
GeForce GTX 280M,Nvidia,75 Watts,1024 MB ,256 Bit ,60.8GB/sec,950 MHz,"
01-Mar-2009 ",Yes,GDDR3
GeForce GTX 285M,Nvidia,75 Watts,1024 MB ,256 Bit ,64GB/sec,1000 MHz,"
01-Feb-2010 ",Yes,GDDR3
GeForce GT 520MX,Nvidia,20 Watts,1024 MB ,64 Bit ,14.4GB/sec,900 MHz,"
30-May-2011 ",Yes,DDR3
GeForce GTX 260M,Nvidia,65 Watts,1024 MB ,256 Bit ,60.8GB/sec,950 MHz,"
01-Mar-2009 ",Yes,GDDR3
GeForce GTX 260M SLI,Nvidia,130 Watts,2048 MB ,256 Bit ,121.6GB/sec,950 MHz,"
01-Mar-2009 ",Yes,GDDR3
GeForce GTS 260M,Nvidia,38 Watts,1024 MB ,128 Bit ,57.6GB/sec,900 MHz,"
01-Jun-2009 ",Yes,GDDR5
GeForce GTS 250M,Nvidia,28 Watts,1024 MB ,128 Bit ,51.2GB/sec,800 MHz,"
01-Jun-2009 ",Yes,GDDR5
GeForce GTX 280M SLI,Nvidia,150 Watts,2048 MB ,256 Bit ,121.6GB/sec,950 MHz,"
01-Mar-2009 ",Yes,GDDR3
GeForce GTX 1070M,Nvidia,150 Watts,8192 MB ,256 Bit ,256.3GB/sec,2002 MHz,"
01-Sep-2016 ",Yes,GDDR5
GeForce GTX 1050M Ti 4GB,Nvidia,75 Watts,4096 MB ,128 Bit ,112.1GB/sec,1752 MHz,"
18-Oct-2016 ",Yes,GDDR5
GeForce GT 240M,Nvidia,23 Watts,1024 MB ,128 Bit ,25.6GB/sec,800 MHz,"
01-Jun-2009 ",Yes,DDR3
GeForce GTX 1080 Ti Mobile,Nvidia,220 Watts,11264 MB ,352 Bit ,484.4GB/sec,1376 MHz,"
05-Mar-2017 ",Yes,GDDR5X
GeForce GTX 1050M,Nvidia,75 Watts,2048 MB ,128 Bit ,112.1GB/sec,1752 MHz,"
01-Nov-2016 ",Yes,GDDR5
GeForce G 210M,Nvidia,14 Watts,512 MB ,64 Bit ,12.8GB/sec,800 MHz,"
02-Jan-2009 ",Yes,GDDR3
GeForce GT 230M,Nvidia,23 Watts,1024 MB ,128 Bit ,25.6GB/sec,800 MHz,"
15-Jun-2009 ",Yes,GDDR3
GeForce GTX 1060M,Nvidia,120 Watts,6144 MB ,192 Bit ,192.2GB/sec,2002 MHz,"
01-Sep-2016 ",Yes,GDDR5
GeForce GTX 285M SLI,Nvidia,150 Watts,2048 MB ,128 Bit ,65.3GB/sec,1020 MHz,"
01-Feb-2010 ",Yes,GDDR3
GeForce GT 130M,Nvidia,23 Watts,1024 MB ,128 Bit ,25.6GB/sec,800 MHz,"
08-Jan-2009 ",Yes,GDDR3
GeForce GTS 150M,Nvidia,45 Watts,1024 MB ,256 Bit ,64GB/sec,1000 MHz,"
02-Mar-2009 ",Yes,GDDR3
GeForce G 205M,Nvidia,12 Watts,,64 Bit ,6.4GB/sec,400 MHz,"
01-Jan-2010 ",Yes,DDR2
GeForce GT 220M,Nvidia,14 Watts,1024 MB ,128 Bit ,25.6GB/sec,800 MHz,"
16-Aug-2009 ",Yes,DDR3
GeForce G 103M,Nvidia,14 Watts,512 MB ,64 Bit ,8GB/sec,500 MHz,"
01-Sep-2009 ",Yes,DDR2
GeForce G 105M,Nvidia,14 Watts,512 MB ,64 Bit ,11.2GB/sec,700 MHz,"
08-Jan-2009 ",Yes,GDDR3
GeForce G 102M,Nvidia,14 Watts,,64 Bit ,6.4GB/sec,400 MHz,"
03-Mar-2009 ",Yes,DDR2
GeForce GT 120M,Nvidia,23 Watts,1024 MB ,128 Bit ,,,"
11-Feb-2009 ",Yes,DDR3
GeForce GTX 485M,Nvidia,100 Watts,2048 MB ,256 Bit ,96GB/sec,750 MHz,"
05-Jan-2011 ",Yes,GDDR5
GeForce GTX 480M,Nvidia,100 Watts,2048 MB ,256 Bit ,76.8GB/sec,600 MHz,"
25-May-2010 ",Yes,GDDR5
GeForce GTX 480M SLI,Nvidia,200 Watts,4096 MB ,256 Bit ,153.6GB/sec,600 MHz,"
01-May-2010 ",Yes,GDDR5
GeForce GTX 470M SLI,Nvidia,150 Watts,3072 MB ,192 Bit ,120GB/sec,625 MHz,"
01-Sep-2010 ",Yes,GDDR5
GeForce GTX 470M,Nvidia,75 Watts,1536 MB ,192 Bit ,60GB/sec,625 MHz,"
03-Sep-2010 ",Yes,GDDR5
GeForce GT 445M v2,Nvidia,35 Watts,1024 MB ,128 Bit ,40GB/sec,625 MHz,"
03-Sep-2010 ",Yes,GDDR5
GeForce G 110M,Nvidia,14 Watts,1024 MB ,64 Bit ,11.2GB/sec,700 MHz,"
08-Jan-2009 ",Yes,GDDR3
GeForce GT 445M,Nvidia,35 Watts,3072 MB ,192 Bit ,38.4GB/sec,800 MHz,"
03-Sep-2010 ",Yes,DDR3
GeForce GTX 460M SLI,Nvidia,100 Watts,3072 MB ,192 Bit ,120GB/sec,625 MHz,"
01-Sep-2010 ",Yes,GDDR5
GeForce GT 435M v2,Nvidia,35 Watts,1024 MB ,128 Bit ,25.6GB/sec,800 MHz,"
15-Jan-2011 ",Yes,DDR3
GeForce GT 435M,Nvidia,35 Watts,1024 MB ,128 Bit ,25.6GB/sec,800 MHz,"
03-Sep-2010 ",Yes,DDR3
GeForce GT 425M,Nvidia,23 Watts,1024 MB ,128 Bit ,25.6GB/sec,800 MHz,"
03-Sep-2010 ",Yes,DDR3
GeForce GTX 460M,Nvidia,50 Watts,1536 MB ,192 Bit ,60GB/sec,625 MHz,"
03-Sep-2010 ",Yes,GDDR5
GeForce GTX 870M 6GB,Nvidia,100 Watts,6144 MB ,192 Bit ,120GB/sec,1250 MHz,"
12-Mar-2014 ",Yes,GDDR5
GeForce GTX 1080M,Nvidia,180 Watts,8192 MB ,256 Bit ,320.3GB/sec,1251 MHz,"
01-Sep-2016 ",Yes,GDDR5X
GeForce 410M,Nvidia,12 Watts,1024 MB ,64 Bit ,12.8GB/sec,800 MHz,"
05-Jan-2011 ",Yes,DDR3
GeForce GT 420M,Nvidia,23 Watts,512 MB ,128 Bit ,25.6GB/sec,800 MHz,"
03-Sep-2010 ",Yes,DDR3
GeForce GT 415M,Nvidia,12 Watts,512 MB ,128 Bit ,25.6GB/sec,800 MHz,"
03-Sep-2010 ",Yes,DDR3
GeForce GTX 860M 4GB,Nvidia,50 Watts,4096 MB ,128 Bit ,80GB/sec,1250 MHz,"
12-Mar-2014 ",Yes,GDDR5
Geforce 405M,Nvidia,14 Watts,512 MB ,64 Bit ,12.8GB/sec,800 MHz,"
10-May-2012 ",Yes,GDDR3
GeForce GTX 850M v2 2GB,Nvidia,45 Watts,2048 MB ,128 Bit ,80.2GB/sec,1253 MHz,"
12-Mar-2014 ",Yes,GDDR5
GeForce GTX 850M 4GB,Nvidia,45 Watts,4096 MB ,128 Bit ,32GB/sec,1000 MHz,"
12-Mar-2014 ",Yes,DDR3
GeForce GTX 860M 2GB SLI,Nvidia,120 Watts,4096 MB ,128 Bit ,160.4GB/sec,1253 MHz,"
12-Mar-2014 ",Yes,GDDR5
GeForce 840M 4GB,Nvidia,33 Watts,2048 MB ,64 Bit ,16GB/sec,1001 MHz,"
12-Mar-2014 ",Yes,DDR3
GeForce GTS 360M,Nvidia,38 Watts,1024 MB ,128 Bit ,57.6GB/sec,900 MHz,"
07-Jan-2010 ",Yes,GDDR5
GeForce 820M 2GB,Nvidia,15 Watts,2048 MB ,64 Bit ,14.4GB/sec,900 MHz,"
27-Nov-2013 ",Yes,DDR3
GeForce GTS 350M,Nvidia,28 Watts,1024 MB ,128 Bit ,51.2GB/sec,800 MHz,"
07-Jan-2010 ",Yes,GDDR5
GeForce GT 335M,Nvidia,28 Watts,1024 MB ,128 Bit ,34.1GB/sec,1066 MHz,"
07-Jan-2010 ",Yes,DDR3
GeForce 840M 2GB,Nvidia,33 Watts,2048 MB ,64 Bit ,16GB/sec,1001 MHz,"
12-Mar-2014 ",Yes,DDR3
GeForce GT 330M,Nvidia,23 Watts,1024 MB ,128 Bit ,34.1GB/sec,1066 MHz,"
10-Jan-2010 ",Yes,DDR3
GeForce GT 325M,Nvidia,23 Watts,1024 MB ,128 Bit ,34.1GB/sec,1066 MHz,"
10-Jan-2010 ",Yes,DDR3
GeForce 825M 2GB,Nvidia,33 Watts,2048 MB ,64 Bit ,14.4GB/sec,900 MHz,"
27-Jan-2014 ",Yes,DDR3
GeForce 320M,Nvidia,23 Watts,,128 Bit ,21.3GB/sec,667 MHz,"
01-Apr-2010 ",Yes,DDR3
GeForce GT 320M,Nvidia,14 Watts,1024 MB ,128 Bit ,25.3GB/sec,790 MHz,"
21-Jan-2010 ",Yes,DDR3
GeForce GTX 850M 2GB,Nvidia,45 Watts,2048 MB ,128 Bit ,32GB/sec,1000 MHz,"
12-Mar-2014 ",Yes,DDR3
GeForce 310M,Nvidia,14 Watts,512 MB ,64 Bit ,12.6GB/sec,790 MHz,"
10-Jan-2010 ",Yes,DDR3
GeForce 315M,Nvidia,14 Watts,512 MB ,64 Bit ,12.6GB/sec,790 MHz,"
05-Jan-2011 ",Yes,DDR3
GeForce GTX 870M 3GB,Nvidia,100 Watts,3072 MB ,192 Bit ,120GB/sec,1250 MHz,"
12-Mar-2014 ",Yes,GDDR5
GeForce 820M 1GB,Nvidia,15 Watts,1024 MB ,64 Bit ,14.4GB/sec,900 MHz,"
27-Nov-2013 ",Yes,DDR3
GeForce 305M,Nvidia,14 Watts,512 MB ,64 Bit ,11.2GB/sec,700 MHz,"
10-Jan-2010 ",Yes,DDR3
GeForce GTX 675MX Mac Edition,Nvidia,100 Watts,1024 MB ,256 Bit ,160GB/sec,1250 MHz,"
01-Apr-2013 ",Yes,GDDR5
GeForce GTX 680M,Nvidia,100 Watts,4096 MB ,256 Bit ,115.2GB/sec,900 MHz,"
05-Jun-2012 ",Yes,GDDR5
GeForce GTX 675MX,Nvidia,100 Watts,2048 MB ,256 Bit ,115.2GB/sec,900 MHz,"
01-Oct-2012 ",Yes,GDDR5
GeForce GTX 680MX,Nvidia,122 Watts,2048 MB ,256 Bit ,160GB/sec,1250 MHz,"
23-Oct-2012 ",Yes,GDDR5
GeForce GTX 680M SLI,Nvidia,200 Watts,4096 MB ,256 Bit ,230.4GB/sec,900 MHz,"
01-Jun-2012 ",Yes,GDDR5
GeForce GTX 675M,Nvidia,100 Watts,2048 MB ,256 Bit ,96GB/sec,750 MHz,"
22-Mar-2012 ",Yes,GDDR5
GeForce GTX 675M SLI,Nvidia,200 Watts,4096 MB ,256 Bit ,192GB/sec,750 MHz,"
22-Mar-2012 ",Yes,GDDR5
GeForce GTX 860M 2GB,Nvidia,60 Watts,2048 MB ,128 Bit ,80.2GB/sec,1253 MHz,"
12-Mar-2014 ",Yes,GDDR5
GeForce GTX 670MX SLI,Nvidia,150 Watts,6144 MB ,192 Bit ,134.4GB/sec,700 MHz,"
01-Oct-2012 ",Yes,GDDR5
GeForce 310M v2,Nvidia,14 Watts,1024 MB ,64 Bit ,10.7GB/sec,667 MHz,"
10-Jan-2010 ",Yes,DDR3
GeForce GTX 670M,Nvidia,75 Watts,1536 MB ,192 Bit ,72GB/sec,750 MHz,"
22-Mar-2012 ",Yes,GDDR5
GeForce GTX 670M 3GB,Nvidia,75 Watts,3072 MB ,192 Bit ,72GB/sec,750 MHz,"
01-Mar-2012 ",Yes,GDDR5
GeForce GTX 670MX,Nvidia,75 Watts,3072 MB ,192 Bit ,67.2GB/sec,700 MHz,"
01-Oct-2012 ",Yes,GDDR5
GeForce GTX 660M,Nvidia,50 Watts,2048 MB ,128 Bit ,64GB/sec,1000 MHz,"
22-Mar-2012 ",Yes,GDDR5
GeForce GT 650M v2 SLI,Nvidia,90 Watts,4096 MB ,128 Bit ,128GB/sec,1000 MHz,"
22-Mar-2012 ",Yes,GDDR5
GeForce GT 650M Mac 1GB Edition,Nvidia,45 Watts,1024 MB ,128 Bit ,80.3GB/sec,1254 MHz,"
12-Jul-2012 ",Yes,GDDR5
GeForce GT 645M,Nvidia,32 Watts,2048 MB ,128 Bit ,28.8GB/sec,900 MHz,"
01-Oct-2012 ",Yes,DDR3
GeForce GT 640M LE v2,Nvidia,32 Watts,2048 MB ,128 Bit ,50.2GB/sec,785 MHz,"
05-May-2012 ",Yes,GDDR5
GeForce GT 640M LE,Nvidia,20 Watts,1024 MB ,128 Bit ,28.8GB/sec,900 MHz,"
22-Mar-2012 ",Yes,DDR3
GeForce GT 650M,Nvidia,45 Watts,1024 MB ,128 Bit ,28.8GB/sec,900 MHz,"
22-Mar-2012 ",Yes,DDR3
GeForce GT 640M,Nvidia,32 Watts,2048 MB ,128 Bit ,28.8GB/sec,900 MHz,"
22-Mar-2012 ",Yes,DDR3
GeForce GT 635M v3,Nvidia,35 Watts,2048 MB ,128 Bit ,28.8GB/sec,900 MHz,"
06-Mar-2012 ",Yes,DDR3
GeForce GT 635M v2,Nvidia,33 Watts,1024 MB ,128 Bit ,28.8GB/sec,900 MHz,"
22-Mar-2012 ",Yes,DDR3
GeForce GT 630M,Nvidia,33 Watts,1024 MB ,128 Bit ,28.8GB/sec,900 MHz,"
22-Mar-2012 ",Yes,DDR3
GeForce GT 625M,Nvidia,15 Watts,2048 MB ,64 Bit ,14.4GB/sec,900 MHz,"
01-Oct-2012 ",Yes,DDR3
GeForce GT 620M v2,Nvidia,25 Watts,1024 MB ,128 Bit ,28.8GB/sec,900 MHz,"
23-Aug-2012 ",Yes,DDR3
GeForce GT 630M v3,Nvidia,35 Watts,2048 MB ,128 Bit ,28.8GB/sec,900 MHz,"
22-Mar-2012 ",Yes,DDR3
GeForce GT 620M,Nvidia,15 Watts,1024 MB ,64 Bit ,14.4GB/sec,900 MHz,"
22-Mar-2012 ",Yes,DDR3
GeForce 610M v5,Nvidia,20 Watts,2048 MB ,64 Bit ,12.8GB/sec,800 MHz,"
07-Dec-2011 ",Yes,DDR3
GeForce GT 630M v2,Nvidia,33 Watts,2048 MB ,128 Bit ,57.6GB/sec,900 MHz,"
22-Mar-2012 ",Yes,GDDR5
GeForce 830M 2GB,Nvidia,25 Watts,2048 MB ,64 Bit ,14.4GB/sec,900 MHz,"
12-Mar-2014 ",Yes,DDR3
GeForce 610M v4,Nvidia,20 Watts,1024 MB ,64 Bit ,14.4GB/sec,900 MHz,"
01-Dec-2011 ",Yes,DDR3
GeForce 610M v3,Nvidia,12 Watts,1024 MB ,64 Bit ,14.4GB/sec,900 MHz,"
01-Dec-2011 ",Yes,DDR3
GeForce 610M v2,Nvidia,12 Watts,1024 MB ,64 Bit ,14.4GB/sec,900 MHz,"
01-Dec-2011 ",Yes,DDR3
GeForce GTX 780M SLI,Nvidia,200 Watts,8192 MB ,256 Bit ,320GB/sec,1250 MHz,"
30-May-2013 ",Yes,GDDR5
GeForce GTX 780M,Nvidia,122 Watts,4096 MB ,256 Bit ,160GB/sec,1250 MHz,"
30-May-2013 ",Yes,GDDR5
GeForce GTX 770M SLI,Nvidia,150 Watts,4096 MB ,192 Bit ,192GB/sec,1000 MHz,"
30-May-2013 ",Yes,GDDR5
GeForce GTX 770M,Nvidia,75 Watts,3072 MB ,192 Bit ,96.2GB/sec,1002 MHz,"
30-May-2013 ",Yes,GDDR5
GeForce GT 635M,Nvidia,35 Watts,2048 MB ,128 Bit ,28.8GB/sec,900 MHz,"
06-Mar-2012 ",Yes,DDR3
GeForce GTX 765M SLI,Nvidia,125 Watts,4096 MB ,128 Bit ,128GB/sec,1000 MHz,"
30-May-2013 ",Yes,GDDR5
GeForce GTX 775M Mac Edition,Nvidia,100 Watts,2048 MB ,256 Bit ,115.2GB/sec,900 MHz,"
08-Nov-2013 ",Yes,GDDR5
GeForce GTX 760M SLI,Nvidia,100 Watts,4096 MB ,128 Bit ,128GB/sec,1000 MHz,"
30-May-2013 ",Yes,GDDR5
GeForce GTX 765M,Nvidia,65 Watts,2048 MB ,128 Bit ,64.1GB/sec,1002 MHz,"
30-May-2013 ",Yes,GDDR5
GeForce GT 755M SLI,Nvidia,100 Watts,4096 MB ,128 Bit ,172.8GB/sec,1350 MHz,"
25-Jun-2013 ",Yes,GDDR5
GeForce GTX 760M,Nvidia,55 Watts,2048 MB ,128 Bit ,64.1GB/sec,1002 MHz,"
30-May-2013 ",Yes,GDDR5
GeForce GT 750M v3,Nvidia,50 Watts,2048 MB ,128 Bit ,28.8GB/sec,900 MHz,"
09-Jan-2013 ",Yes,DDR3
GeForce GT 750M Mac Edition,Nvidia,50 Watts,2048 MB ,128 Bit ,80.2GB/sec,1253 MHz,"
08-Nov-2013 ",Yes,GDDR5
GeForce GT 750M SLI,Nvidia,80 Watts,4096 MB ,128 Bit ,160GB/sec,1250 MHz,"
01-Apr-2013 ",Yes,GDDR5
GeForce GT 750M,Nvidia,50 Watts,2048 MB ,128 Bit ,28.8GB/sec,900 MHz,"
09-Jan-2013 ",Yes,DDR3
GeForce GT 750M 2GB GDDR5,Nvidia,50 Watts,2048 MB ,128 Bit ,64GB/sec,1000 MHz,"
09-Jan-2013 ",Yes,GDDR5
GeForce GT 745M v2,Nvidia,45 Watts,2048 MB ,128 Bit ,28.8GB/sec,900 MHz,"
01-Apr-2013 ",Yes,DDR3
GeForce GT 740M v2,Nvidia,45 Watts,2048 MB ,128 Bit ,28.8GB/sec,900 MHz,"
01-Apr-2013 ",Yes,DDR3
GeForce GT 745M,Nvidia,45 Watts,2048 MB ,128 Bit ,28.8GB/sec,900 MHz,"
01-Apr-2013 ",Yes,DDR3
GeForce GT 755M,Nvidia,50 Watts,2048 MB ,128 Bit ,86.4GB/sec,1350 MHz,"
25-Jun-2013 ",Yes,GDDR5
GeForce GT 740M 64-bit Edition,Nvidia,33 Watts,2048 MB ,64 Bit ,14.4GB/sec,900 MHz,"
20-Jun-2013 ",Yes,DDR3
GeForce GT 740M,Nvidia,45 Watts,2048 MB ,128 Bit ,28.8GB/sec,900 MHz,"
01-Apr-2013 ",Yes,DDR3
GeForce GT 730M v2,Nvidia,33 Watts,2048 MB ,128 Bit ,28.8GB/sec,900 MHz,"
06-Mar-2014 ",Yes,DDR3
GeForce GT 730M,Nvidia,33 Watts,2048 MB ,128 Bit ,28.8GB/sec,900 MHz,"
20-Jan-2013 ",Yes,DDR3
GeForce GT 720M 2GB,Nvidia,33 Watts,2048 MB ,64 Bit ,14.4GB/sec,900 MHz,"
01-Apr-2013 ",Yes,DDR3
GeForce GT 735M,Nvidia,17 Watts,2048 MB ,64 Bit ,14.4GB/sec,900 MHz,"
01-Apr-2013 ",Yes,DDR3
GeForce 710M,Nvidia,15 Watts,1024 MB ,64 Bit ,14.4GB/sec,900 MHz,"
09-Jan-2013 ",Yes,DDR3
GeForce GT 720M,Nvidia,33 Watts,1024 MB ,64 Bit ,14.4GB/sec,900 MHz,"
01-Apr-2013 ",Yes,DDR3
GeForce GT 650M v2,Nvidia,45 Watts,2048 MB ,128 Bit ,64GB/sec,1000 MHz,"
22-Mar-2012 ",Yes,GDDR5
GeForce GTX 980M 8GB SLI,Nvidia,200 Watts,16384 MB ,256 Bit ,320.8GB/sec,1253 MHz,"
07-Oct-2014 ",Yes,GDDR5
GeForce GTX 980MX 8GB,Nvidia,122 Watts,8192 MB ,256 Bit ,160.4GB/sec,1253 MHz,"
01-Jun-2016 ",Yes,GDDR5
GeForce GTX 980M 8GB,Nvidia,100 Watts,8192 MB ,256 Bit ,160.4GB/sec,1253 MHz,"
07-Oct-2014 ",Yes,GDDR5
GeForce GTX 980M 4GB,Nvidia,100 Watts,4096 MB ,256 Bit ,160.4GB/sec,1253 MHz,"
07-Oct-2014 ",Yes,GDDR5
GeForce GTX 970MX 3GB,Nvidia,75 Watts,3072 MB ,192 Bit ,120.3GB/sec,1253 MHz,"
01-Jun-2016 ",Yes,GDDR5
GeForce GTX 970M 6GB SLI,Nvidia,150 Watts,12288 MB ,192 Bit ,240.6GB/sec,1253 MHz,"
07-Oct-2014 ",Yes,GDDR5
GeForce GTX 970M 3GB,Nvidia,81 Watts,3072 MB ,192 Bit ,120.3GB/sec,1253 MHz,"
07-Oct-2014 ",Yes,GDDR5
GeForce GTX 970M 6GB,Nvidia,81 Watts,6144 MB ,192 Bit ,120.3GB/sec,1253 MHz,"
07-Oct-2014 ",Yes,GDDR5
GeForce GTX 965M 4GB SLI,Nvidia,100 Watts,4096 MB ,128 Bit ,160GB/sec,1250 MHz,"
07-Jan-2015 ",Yes,GDDR5
GeForce GTX 980 4GB,Nvidia,165 Watts,4096 MB ,256 Bit ,224GB/sec,1750 MHz,"
22-Sep-2015 ",Yes,GDDR5
GeForce GTX 960M 4GB,Nvidia,50 Watts,4096 MB ,128 Bit ,80.2GB/sec,1253 MHz,"
12-Mar-2015 ",Yes,GDDR5
GeForce GTX 965M 4GB,Nvidia,50 Watts,4096 MB ,128 Bit ,80GB/sec,1250 MHz,"
07-Jan-2015 ",Yes,GDDR5
GeForce GTX 960M 2GB,Nvidia,50 Watts,2048 MB ,128 Bit ,80.2GB/sec,1253 MHz,"
12-Mar-2015 ",Yes,GDDR5
GeForce 610M,Nvidia,20 Watts,1024 MB ,64 Bit ,14.4GB/sec,900 MHz,"
01-Dec-2011 ",Yes,DDR3
GeForce GTX 950M v2 2GB,Nvidia,50 Watts,2048 MB ,128 Bit ,32GB/sec,1000 MHz,"
12-Mar-2015 ",Yes,DDR3
GeForce 940MX 2GB,Nvidia,25 Watts,2048 MB ,64 Bit ,16GB/sec,1001 MHz,"
01-Mar-2016 ",Yes,DDR3
GeForce 945M 2GB,Nvidia,40 Watts,2048 MB ,128 Bit ,32GB/sec,1000 MHz,"
27-Oct-2015 ",Yes,DDR3
GeForce GTX 950M v2 4GB,Nvidia,50 Watts,4096 MB ,128 Bit ,28.8GB/sec,900 MHz,"
12-Mar-2015 ",Yes,DDR3
GeForce GTX 965M 2GB,Nvidia,70 Watts,2048 MB ,128 Bit ,80GB/sec,1250 MHz,"
07-Jan-2015 ",Yes,GDDR5
GeForce 705M 1GB,Nvidia,15 Watts,1024 MB ,64 Bit ,14.4GB/sec,900 MHz,"
01-Jun-2013 ",Yes,DDR3
GeForce 930MX 2GB,Nvidia,25 Watts,2048 MB ,64 Bit ,40GB/sec,1250 MHz,"
01-Mar-2016 ",Yes,GDDR5
GeForce GTX 950M 2GB,Nvidia,50 Watts,2048 MB ,128 Bit ,80GB/sec,1250 MHz,"
12-Mar-2015 ",Yes,GDDR5
GeForce 940M 2GB,Nvidia,30 Watts,2048 MB ,64 Bit ,16GB/sec,1000 MHz,"
13-Mar-2015 ",Yes,DDR3
GeForce 920MX 2GB,Nvidia,25 Watts,2048 MB ,64 Bit ,36GB/sec,1125 MHz,"
01-Mar-2016 ",Yes,GDDR5
GeForce 930M 2GB,Nvidia,25 Watts,2048 MB ,64 Bit ,14.4GB/sec,900 MHz,"
13-Mar-2015 ",Yes,DDR3
GeForce 940M 4GB,Nvidia,25 Watts,4096 MB ,64 Bit ,16GB/sec,1000 MHz,"
13-Mar-2015 ",Yes,DDR3
GeForce 920M 4GB,Nvidia,25 Watts,4096 MB ,64 Bit ,14.4GB/sec,900 MHz,"
13-Mar-2015 ",Yes,DDR3
GeForce 910M 2GB,Nvidia,25 Watts,2048 MB ,64 Bit ,14.4GB/sec,900 MHz,"
27-Jul-2015 ",Yes,DDR3
GeForce 920M 2GB,Nvidia,25 Watts,2048 MB ,64 Bit ,14.4GB/sec,900 MHz,"
13-Mar-2015 ",Yes,DDR3
GeForce Go 7800,Nvidia,35 Watts,256 MB ,256 Bit ,35.2GB/sec,550 MHz,"
01-Mar-2006 ",Yes,GDDR3
GeForce Go 7700,Nvidia,,512 MB ,128 Bit ,16GB/sec,500 MHz,"
02-Jan-2006 ",Yes,GDDR3
GeForce Go 7300,Nvidia,,64 MB ,64 Bit ,11.2GB/sec,700 MHz,"
01-Feb-2006 ",Yes,DDR3
GeForce Go 7600 GT,Nvidia,,256 MB ,128 Bit ,19.2GB/sec,600 MHz,"
02-Aug-2006 ",Yes,GDDR3
GeForce 920M 1GB,Nvidia,25 Watts,1024 MB ,64 Bit ,14.4GB/sec,900 MHz,"
13-Mar-2015 ",Yes,DDR3
GeForce Go 7400,Nvidia,,128 MB ,64 Bit ,7.2GB/sec,450 MHz,"
01-Feb-2006 ",Yes,DDR3
GeForce Go 6800,Nvidia,,256 MB ,128 Bit ,17.6GB/sec,550 MHz,"
25-Feb-2005 ",Yes,DDR3
GeForce Go 6600,Nvidia,,256 MB ,128 Bit ,9.6GB/sec,300 MHz,"
29-Sep-2005 ",Yes,DDR2
GeForce Go 7600 512MB DDR2,Nvidia,,512 MB ,128 Bit ,12.2GB/sec,380 MHz,"
01-Mar-2006 ",Yes,DDR2
GeForce Go 6400,Nvidia,,32 MB ,64 Bit ,2.8GB/sec,350 MHz,"
01-Feb-2006 ",Yes,DDR
GeForce Go 6150,Nvidia,,,,,,"
01-Feb-2006 ",Yes,DDR2
GeForce Go 6100,Nvidia,,,,,,"
01-Feb-2006 ",Yes,DDR2
GeForce Go 6200,Nvidia,10 Watts,32 MB ,64 Bit ,2.4GB/sec,300 MHz,"
01-Feb-2006 ",Yes,DDR
GeForce 8800M GT,Nvidia,,,,,,"
01-Nov-2007 ",Yes,
GeForce 8800M GS,Nvidia,,320 MB ,,,,"
01-Nov-2007 ",Yes,
GeForce Go 7600,Nvidia,,256 MB ,128 Bit ,16GB/sec,500 MHz,"
01-Mar-2006 ",Yes,GDDR3
GeForce 8700M GT,Nvidia,29 Watts,,128 Bit ,25.6GB/sec,800 MHz,"
01-Jun-2007 ",Yes,GDDR3
GeForce 8700M GT 256MB,Nvidia,29 Watts,256 MB ,128 Bit ,25.6GB/sec,800 MHz,"
01-Jun-2007 ",Yes,GDDR3
GeForce 8600M GT 512MB,Nvidia,20 Watts,512 MB ,128 Bit ,22.4GB/sec,700 MHz,"
01-Jun-2007 ",Yes,GDDR3
GeForce 8600M GT,Nvidia,20 Watts,256 MB ,128 Bit ,22.4GB/sec,700 MHz,"
01-Jun-2007 ",Yes,GDDR3
GeForce 8400M GS,Nvidia,11 Watts,256 MB ,64 Bit ,9.6GB/sec,600 MHz,"
01-May-2007 ",Yes,GDDR3
GeForce 8600M GS,Nvidia,18 Watts,512 MB ,128 Bit ,22.4GB/sec,700 MHz,"
01-Jun-2007 ",Yes,GDDR3
GeForce 8400M G,Nvidia,10 Watts,256 MB ,64 Bit ,9.6GB/sec,600 MHz,"
01-May-2007 ",Yes,GDDR3
GeForce 7000M/nForce 610M,Nvidia,,,,,,"
01-Feb-2006 ",Yes,
GeForce 8200M G,Nvidia,,,128 Bit ,,,"
01-Jun-2008 ",Yes,
GeForce 8400M GT,Nvidia,14 Watts,512 MB ,128 Bit ,19.2GB/sec,600 MHz,"
01-May-2007 ",Yes,GDDR3
Iris i5 5675C,Intel,65 Watts,,128 Bit ,12.8GB/sec,800 MHz,"
02-Jun-2015 ",No,eDRAM
HD Xeon E3-1235,Intel,,,128 Bit ,21.3GB/sec,667 MHz,"
01-Apr-2011 ",No,DDR3
HD i5 K655,Intel,73 Watts,,64 Bit ,10.7GB/sec,667 MHz,"
30-May-2010 ",No,DDR3
HD Xeon E3-1225,Intel,,,128 Bit ,21.3GB/sec,667 MHz,"
01-Apr-2011 ",No,DDR3
Intel HD Pentium G620,Intel,,,128 Bit ,17.1GB/sec,533 MHz,"
01-May-2011 ",No,DDR3
Intel Media Accelerator HD,Intel,45 Watts,,,,,"
25-Jan-2010 ",No,
Intel GMA X4500,Intel,,,64 Bit ,,,"
01-May-2008 ",No,
Intel HD Pentium G4520,Intel,47 Watts,,128 Bit ,34.1GB/sec,1067 MHz,"
01-Sep-2015 ",No,DDR4
Intel Q45 Express Chipset,Intel,,,,,,"
01-Aug-2008 ",No,DDR3
Radeon RX Vega 64 Nano 8GB,AMD,200 Watts,8192 MB ,512 Bit ,256GB/sec,500 MHz,"
30-Sep-2017 ",No,HBM-2
Radeon RX Vega 64 Liquid 8GB,AMD,375 Watts,8192 MB ,512 Bit ,256GB/sec,500 MHz,"
30-Jul-2017 ",No,HBM-2
Radeon Xpress 1200 Series,AMD,,,128 Bit ,,,"
28-Feb-2007 ",No,DDR2
Radeon Sky 900,AMD,300 Watts,6144 MB ,768 Bit ,480GB/sec,1250 MHz,"
25-Mar-2013 ",No,GDDR5
Radeon X850 XT Platinum,AMD,,256 MB ,256 Bit ,75.5GB/sec,1180 MHz,"
21-Dec-2004 ",No,GDDR3
Radeon Sky 700,AMD,225 Watts,6144 MB ,384 Bit ,264GB/sec,1375 MHz,"
25-Mar-2013 ",No,GDDR5
Radeon R9 295X2 Crossfire,AMD,750 Watts,16384 MB ,512 Bit ,1280GB/sec,1250 MHz,"
08-Apr-2014 ",No,GDDR5
Radeon R9 295X2 XFX Hydra 8GB Edition,AMD,500 Watts,8192 MB ,512 Bit ,640GB/sec,1250 MHz,"
29-Apr-2014 ",No,GDDR5
Radeon R9 295X2,AMD,500 Watts,8192 MB ,512 Bit ,640GB/sec,1250 MHz,"
29-Apr-2014 ",No,GDDR5
Radeon R9 290X XFX Double Dissipation 8GB Edition,AMD,290 Watts,8192 MB ,512 Bit ,352GB/sec,1375 MHz,"
07-Nov-2014 ",No,GDDR5
Radeon Sky 500,AMD,150 Watts,4096 MB ,256 Bit ,153.6GB/sec,1200 MHz,"
25-Mar-2013 ",No,GDDR5
Radeon R9 Nano 4GB,AMD,175 Watts,4096 MB ,4096 Bit ,512GB/sec,500 MHz,"
27-Aug-2015 ",No,HBM-1
Radeon R9 290X XFX Core 4GB Edition,AMD,290 Watts,4096 MB ,512 Bit ,320GB/sec,1250 MHz,"
24-Oct-2013 ",No,GDDR5
Radeon R9 FURY X 4GB Crossfire,AMD,500 Watts,8192 MB ,4096 Bit ,1024GB/sec,500 MHz,"
24-Jun-2015 ",No,HBM-1
Radeon Xpress X200,AMD,,,64 Bit ,3.2GB/sec,400 MHz,"
01-Nov-2004 ",No,DDR
Radeon R9 FURY Sapphire Tri-X 4GB Edition,AMD,375 Watts,4096 MB ,4096 Bit ,512GB/sec,500 MHz,"
10-Jul-2015 ",No,HBM-1
Radeon R9 FURY X 4GB,AMD,275 Watts,4096 MB ,4096 Bit ,512GB/sec,500 MHz,"
24-Jun-2015 ",No,HBM-1
Radeon R9 FURY 4GB,AMD,275 Watts,4096 MB ,4096 Bit ,512GB/sec,500 MHz,"
10-Jul-2015 ",No,HBM-1
Radeon R9 390X XFX Double Dissipation Black 8GB Edition,AMD,300 Watts,8192 MB ,512 Bit ,384GB/sec,1500 MHz,"
18-Jun-2015 ",No,GDDR5
Radeon R9 390X PowerColor PCS+ 8GB Edition,AMD,300 Watts,8192 MB ,512 Bit ,384GB/sec,1500 MHz,"
18-Jun-2015 ",No,GDDR5
Radeon R9 390X XFX Double Dissipation 8GB Edition,AMD,275 Watts,8192 MB ,512 Bit ,384GB/sec,1500 MHz,"
18-Jun-2015 ",No,GDDR5
Radeon R9 390X Sapphire Tri-X 8GB Edition,AMD,375 Watts,8192 MB ,512 Bit ,384GB/sec,1500 MHz,"
18-Jun-2015 ",No,GDDR5
Radeon R9 390X Sapphire Tri-X w/ Back Plate 8GB Edition,AMD,375 Watts,8192 MB ,512 Bit ,384GB/sec,1500 MHz,"
18-Jun-2015 ",No,GDDR5
Radeon R9 390X Sapphire Nitro w/ Back Plate 8GB Edition,AMD,375 Watts,8192 MB ,512 Bit ,384GB/sec,1500 MHz,"
18-Jun-2015 ",No,GDDR5
Radeon R9 390X HIS IceQ X² OC 8GB Edition,AMD,300 Watts,8192 MB ,512 Bit ,384GB/sec,1500 MHz,"
18-Jun-2015 ",No,GDDR5
Radeon R9 390X MSI Gaming 8GB Edition,AMD,300 Watts,8192 MB ,512 Bit ,390.4GB/sec,1525 MHz,"
18-Jun-2015 ",No,GDDR5
Radeon R9 390X PowerColor Devil 8GB Edition,AMD,275 Watts,8192 MB ,512 Bit ,390.4GB/sec,1525 MHz,"
13-Aug-2015 ",No,GDDR5
Radeon R9 390X Gigabyte G1 Gaming 8GB Edition,AMD,300 Watts,8192 MB ,512 Bit ,384GB/sec,1500 MHz,"
18-Jun-2015 ",No,GDDR5
Radeon R9 390X Crossfire,AMD,550 Watts,16384 MB ,512 Bit ,768GB/sec,1500 MHz,"
18-Jun-2015 ",No,GDDR5
Radeon R9 390X Asus DirectCU III Strix Gaming OC 8GB Edition,AMD,375 Watts,8192 MB ,512 Bit ,384GB/sec,1500 MHz,"
18-Jun-2015 ",No,GDDR5
Radeon R9 390X Club3D royalQueen OC 8GB Edition,AMD,300 Watts,8192 MB ,512 Bit ,384GB/sec,1500 MHz,"
18-Jun-2015 ",No,GDDR5
Radeon R9 390 XFX Double Dissipation 8GB Edition,AMD,275 Watts,8192 MB ,512 Bit ,384GB/sec,1500 MHz,"
18-Jun-2015 ",No,GDDR5
Radeon R9 390X,AMD,275 Watts,8192 MB ,512 Bit ,384GB/sec,1500 MHz,"
18-Jun-2015 ",No,GDDR5
Radeon R9 390 PowerColor PCS+ 8GB Edition,AMD,300 Watts,8192 MB ,512 Bit ,384GB/sec,1500 MHz,"
18-Jun-2015 ",No,GDDR5
Radeon R9 390X Asus DirectCU II 8GB Edition,AMD,275 Watts,8192 MB ,512 Bit ,384GB/sec,1500 MHz,"
18-Jun-2015 ",No,GDDR5
Radeon R9 390 Sapphire Nitro 8GB Edition,AMD,375 Watts,8192 MB ,512 Bit ,384GB/sec,1500 MHz,"
18-Jun-2015 ",No,GDDR5
Radeon R9 390 Sapphire Nitro w/ Back Plate 8GB Edition,AMD,375 Watts,8192 MB ,512 Bit ,384GB/sec,1500 MHz,"
16-Sep-2015 ",No,GDDR5
Radeon R9 390 Gigabyte G1 Gaming 8GB Edition,AMD,275 Watts,8192 MB ,512 Bit ,384GB/sec,1500 MHz,"
18-Jun-2015 ",No,GDDR5
Radeon R9 390 MSI Gaming 8GB Edition,AMD,275 Watts,8192 MB ,512 Bit ,390.4GB/sec,1525 MHz,"
18-Jun-2015 ",No,GDDR5
Radeon R9 390 Crossfire,AMD,550 Watts,16384 MB ,512 Bit ,768GB/sec,1500 MHz,"
18-Jun-2015 ",No,GDDR5
Radeon R9 390 PowerColor Devil 13 Dual Core 16GB Edition,AMD,580 Watts,16384 MB ,512 Bit ,691.2GB/sec,1350 MHz,"
03-Sep-2015 ",No,GDDR5
Radeon R9 390 Asus DirectCU III OC Strix Gaming 8GB Edition,AMD,300 Watts,8192 MB ,512 Bit ,384GB/sec,1500 MHz,"
18-Jun-2015 ",No,GDDR5
Radeon R9 380X XFX Double Dissipation Black OC 4GB Edition,AMD,225 Watts,4096 MB ,256 Bit ,185.6GB/sec,1450 MHz,"
19-Nov-2015 ",No,GDDR5
Radeon R9 390 Gigabyte G1 Gaming 8GB Edition Crossfire,AMD,550 Watts,16384 MB ,512 Bit ,768GB/sec,1500 MHz,"
18-Jun-2015 ",No,GDDR5
Radeon R9 380X XFX Double Dissipation XXX OC 4GB Edition,AMD,190 Watts,4096 MB ,256 Bit ,182.4GB/sec,1425 MHz,"
19-Nov-2015 ",No,GDDR5
Radeon R9 390,AMD,275 Watts,8192 MB ,512 Bit ,384GB/sec,1500 MHz,"
18-Jun-2015 ",No,GDDR5
Radeon R9 390 Club3D royalQueen OC 8GB Edition,AMD,300 Watts,8192 MB ,512 Bit ,384GB/sec,1500 MHz,"
18-Jun-2015 ",No,GDDR5
Radeon R9 380X Sapphire Nitro 4GB Edition,AMD,225 Watts,4096 MB ,256 Bit ,192GB/sec,1500 MHz,"
19-Nov-2015 ",No,GDDR5
Radeon R9 380X HIS IceQ X² Turbo 4GB Edition,AMD,190 Watts,4096 MB ,256 Bit ,182.4GB/sec,1425 MHz,"
19-Nov-2015 ",No,GDDR5
Radeon R9 390 Asus DirectCU II 8GB Edition,AMD,300 Watts,8192 MB ,512 Bit ,384GB/sec,1500 MHz,"
18-Jun-2015 ",No,GDDR5
Radeon R9 380X HIS IceQ X² OC 4GB Edition,AMD,190 Watts,4096 MB ,256 Bit ,182.4GB/sec,1425 MHz,"
19-Nov-2015 ",No,GDDR5
Radeon R9 380X PowerColor PCS+ Myst. 4GB Edition,AMD,225 Watts,4096 MB ,256 Bit ,188.8GB/sec,1475 MHz,"
19-Nov-2015 ",No,GDDR5
Radeon R9 380X Gigabyte Gaming G1 4GB Edition,AMD,190 Watts,4096 MB ,256 Bit ,182.4GB/sec,1425 MHz,"
19-Nov-2015 ",No,GDDR5
Radeon R9 380X Asus DirectCU II Strix Gaming 4GB Edition,AMD,190 Watts,4096 MB ,256 Bit ,182.4GB/sec,1425 MHz,"
19-Nov-2015 ",No,GDDR5
Radeon R9 380X,AMD,190 Watts,4096 MB ,256 Bit ,182.4GB/sec,1425 MHz,"
19-Nov-2015 ",No,GDDR5
Radeon R9 380 Sapphire ITX Compact OC 2GB Edition,AMD,225 Watts,2048 MB ,256 Bit ,176GB/sec,1375 MHz,"
18-Jun-2015 ",No,GDDR5
Radeon R9 380X Asus DirectCU II OC Strix Gaming 4GB Edition,AMD,190 Watts,4096 MB ,256 Bit ,182.4GB/sec,1425 MHz,"
19-Nov-2015 ",No,GDDR5
Radeon R9 380 XFX Double Dissipation 4GB Edition,AMD,190 Watts,4096 MB ,256 Bit ,182.4GB/sec,1425 MHz,"
18-Jun-2015 ",No,GDDR5
Radeon R9 380 PowerColor PCS+ 2GB Edition,AMD,190 Watts,2048 MB ,256 Bit ,188.8GB/sec,1475 MHz,"
18-Jun-2015 ",No,GDDR5
Radeon R9 380 PowerColor PCS+ 4GB Edition,AMD,190 Watts,4096 MB ,256 Bit ,188.8GB/sec,1475 MHz,"
18-Jun-2015 ",No,GDDR5
Radeon R9 380 Sapphire Nitro 4GB Edition,AMD,225 Watts,4096 MB ,256 Bit ,185.6GB/sec,1450 MHz,"
18-Jun-2015 ",No,GDDR5
Radeon R9 380 HIS IceQ X² OC 4GB Edition,AMD,190 Watts,4096 MB ,256 Bit ,182.4GB/sec,1425 MHz,"
18-Jun-2015 ",No,GDDR5
Radeon R9 380 Sapphire Dual-X OC 2GB Edition,AMD,225 Watts,2048 MB ,256 Bit ,176GB/sec,1375 MHz,"
18-Jun-2015 ",No,GDDR5
Radeon R9 380 MSI OC 2GB Edition,AMD,190 Watts,2048 MB ,256 Bit ,176GB/sec,1375 MHz,"
18-Jun-2015 ",No,GDDR5
Radeon R9 380 MSI Gaming 4GB Edition,AMD,190 Watts,4096 MB ,256 Bit ,185.6GB/sec,1450 MHz,"
18-Jun-2015 ",No,GDDR5
Radeon R9 380 HIS IceQ X² 4GB Edition,AMD,190 Watts,4096 MB ,256 Bit ,182.4GB/sec,1425 MHz,"
18-Jun-2015 ",No,GDDR5
Radeon R9 380 Gigabyte WindForce 2X OC (rev 1.0) 2GB Edition,AMD,190 Watts,2048 MB ,256 Bit ,176GB/sec,1375 MHz,"
18-Jun-2015 ",No,GDDR5
Radeon R9 380 MSI Gaming 2GB Edition,AMD,190 Watts,2048 MB ,256 Bit ,179.2GB/sec,1400 MHz,"
18-Jun-2015 ",No,GDDR5
Radeon R9 380 Crossfire,AMD,400 Watts,4096 MB ,256 Bit ,352GB/sec,1375 MHz,"
18-Jun-2015 ",No,GDDR5
Radeon R9 380 Gigabyte G1 Gaming 4GB Edition,AMD,190 Watts,4096 MB ,256 Bit ,182.4GB/sec,1425 MHz,"
18-Jun-2015 ",No,GDDR5
Radeon R9 380 (OEM),AMD,190 Watts,2048 MB ,256 Bit ,176GB/sec,1375 MHz,"
07-May-2015 ",No,GDDR5
Radeon R9 380 Club3D royalQueen OC 4GB Edition,AMD,190 Watts,4096 MB ,256 Bit ,188.8GB/sec,1475 MHz,"
18-Jun-2015 ",No,GDDR5
Radeon R9 380 Asus DirectCU II OC Strix Gaming 2GB Edition,AMD,190 Watts,2048 MB ,256 Bit ,176GB/sec,1375 MHz,"
18-Jun-2015 ",No,GDDR5
Radeon R9 370 (OEM),AMD,150 Watts,2048 MB ,256 Bit ,179.2GB/sec,1400 MHz,"
07-May-2015 ",No,GDDR5
Radeon R7 370 Sapphire Nitro 4GB Edition Crossfire,AMD,300 Watts,8192 MB ,256 Bit ,358.4GB/sec,1400 MHz,"
18-Jun-2015 ",No,GDDR5
Radeon R9 370X,AMD,180 Watts,2048 MB ,256 Bit ,179.2GB/sec,1400 MHz,"
27-Aug-2015 ",No,GDDR5
Radeon R9 380,AMD,190 Watts,2048 MB ,256 Bit ,176GB/sec,1375 MHz,"
18-Jun-2015 ",No,GDDR5
Radeon R7 370 Sapphire Nitro 2GB Edition,AMD,150 Watts,2048 MB ,256 Bit ,179.2GB/sec,1400 MHz,"
18-Jun-2015 ",No,GDDR5
Radeon R7 370 MSI Gaming 4GB Edition Crossfire,AMD,220 Watts,8192 MB ,256 Bit ,364.8GB/sec,1425 MHz,"
18-Jun-2015 ",No,GDDR5
Radeon R7 370 Sapphire Dual-X OC 2GB Edition,AMD,150 Watts,2048 MB ,256 Bit ,179.2GB/sec,1400 MHz,"
18-Jun-2015 ",No,GDDR5
Radeon R7 370 Sapphire Nitro 4GB Edition,AMD,150 Watts,4096 MB ,256 Bit ,179.2GB/sec,1400 MHz,"
18-Jun-2015 ",No,GDDR5
Radeon R7 370 MSI OC 2GB Edition,AMD,110 Watts,2048 MB ,256 Bit ,179.2GB/sec,1400 MHz,"
18-Jun-2015 ",No,GDDR5
Radeon R7 370 PowerColor PCS+ 2GB Edition,AMD,110 Watts,2048 MB ,256 Bit ,182.4GB/sec,1425 MHz,"
18-Jun-2015 ",No,GDDR5
Radeon R9 380 Asus DirectCU II OC Strix Gaming 4GB Edition,AMD,190 Watts,4096 MB ,256 Bit ,176GB/sec,1375 MHz,"
18-Jun-2015 ",No,GDDR5
Radeon R7 370 MSI Gaming 4GB Edition,AMD,110 Watts,4096 MB ,256 Bit ,182.4GB/sec,1425 MHz,"
18-Jun-2015 ",No,GDDR5
Radeon R9 360 (OEM),AMD,85 Watts,2048 MB ,128 Bit ,104GB/sec,1625 MHz,"
07-May-2015 ",No,GDDR5
Radeon R7 370 MSI Gaming 2GB Edition,AMD,110 Watts,2048 MB ,256 Bit ,182.4GB/sec,1425 MHz,"
18-Jun-2015 ",No,GDDR5
Radeon R7 370 Crossfire,AMD,225 Watts,4096 MB ,256 Bit ,358.4GB/sec,1400 MHz,"
18-Jun-2015 ",No,GDDR5
Radeon R7 370 Asus DirectCU II OC Strix Gaming 4GB Edition,AMD,150 Watts,4096 MB ,256 Bit ,179.2GB/sec,1400 MHz,"
18-Jun-2015 ",No,GDDR5
Radeon R7 360X [not released],AMD,120 Watts,2048 MB ,128 Bit ,104GB/sec,1625 MHz,"
30-Oct-2015 ",No,GDDR5
Radeon R7 370 Gigabyte WindForce 2X OC (Rev 1.0) 2GB Edition,AMD,110 Watts,2048 MB ,256 Bit ,179.2GB/sec,1400 MHz,"
18-Jun-2015 ",No,GDDR5
Radeon R7 370 Asus DirectCU II OC Strix Gaming 2GB Edition,AMD,150 Watts,2048 MB ,256 Bit ,179.2GB/sec,1400 MHz,"
18-Jun-2015 ",No,GDDR5
Radeon R7 370,AMD,110 Watts,2048 MB ,256 Bit ,179.2GB/sec,1400 MHz,"
18-Jun-2015 ",No,GDDR5
Radeon R7 360 v2 Sapphire Nitro 2GB Edition,AMD,150 Watts,2048 MB ,128 Bit ,104GB/sec,1625 MHz,"
18-Jun-2015 ",No,GDDR5
Radeon R7 360 v3,AMD,100 Watts,2048 MB ,128 Bit ,112GB/sec,1750 MHz,"
18-Jun-2015 ",No,GDDR5
Radeon R7 360 XFX Double Dissipation Best Buy 2GB Edition,AMD,100 Watts,2048 MB ,128 Bit ,96GB/sec,1500 MHz,"
18-Jun-2015 ",No,GDDR5
Radeon R7 360 v2 MSI OC 2GB Edition,AMD,100 Watts,2048 MB ,128 Bit ,104GB/sec,1625 MHz,"
18-Jun-2015 ",No,GDDR5
Radeon R7 360 XFX Double Dissipation 2GB Edition,AMD,100 Watts,2048 MB ,128 Bit ,96GB/sec,1500 MHz,"
18-Jun-2015 ",No,GDDR5
Radeon R7 360 v2 PowerColor OC 2GB Edition,AMD,100 Watts,2048 MB ,128 Bit ,105.6GB/sec,1650 MHz,"
18-Jun-2015 ",No,GDDR5
Radeon R7 360 XFX Core 2GB Edition,AMD,100 Watts,2048 MB ,128 Bit ,96GB/sec,1500 MHz,"
18-Jun-2015 ",No,GDDR5
Radeon R7 360 v2 HIS iCooler 2GB Edition,AMD,100 Watts,2048 MB ,128 Bit ,104GB/sec,1625 MHz,"
18-Jun-2015 ",No,GDDR5
Radeon R7 360 Sapphire OC 2GB Edition,AMD,150 Watts,2048 MB ,128 Bit ,96GB/sec,1500 MHz,"
18-Jun-2015 ",No,GDDR5
Radeon R7 360 v2 Gigabyte OC 2GB Edition,AMD,150 Watts,2048 MB ,128 Bit ,104GB/sec,1625 MHz,"
18-Jun-2015 ",No,GDDR5
Radeon R7 360 Crossfire,AMD,200 Watts,4096 MB ,128 Bit ,192GB/sec,1500 MHz,"
18-Jun-2015 ",No,GDDR5
Radeon R7 360 HIS GREEN iCooler OC 2GB Edition,AMD,50 Watts,2048 MB ,128 Bit ,96GB/sec,1500 MHz,"
09-Mar-2016 ",No,GDDR5
Radeon R7 360 v2 Asus OC 2GB Edition,AMD,100 Watts,2048 MB ,128 Bit ,104GB/sec,1625 MHz,"
18-Jun-2015 ",No,GDDR5
Radeon R7 340 (OEM),AMD,50 Watts,2048 MB ,128 Bit ,28.8GB/sec,900 MHz,"
05-May-2015 ",No,DDR3
Radeon R7 360 v2,AMD,100 Watts,2048 MB ,128 Bit ,104GB/sec,1625 MHz,"
18-Jun-2015 ",No,GDDR5
Radeon R5 340 (OEM),AMD,65 Watts,2048 MB ,128 Bit ,72GB/sec,1125 MHz,"
05-May-2015 ",No,GDDR5
Radeon R5 330 (OEM),AMD,50 Watts,2048 MB ,128 Bit ,28.8GB/sec,900 MHz,"
05-May-2015 ",No,DDR3
Radeon R7 360,AMD,75 Watts,2048 MB ,128 Bit ,96GB/sec,1500 MHz,"
18-Jun-2015 ",No,GDDR5
Radeon R7 350 [not released],AMD,65 Watts,2048 MB ,128 Bit ,73.6GB/sec,1150 MHz,"
01-Sep-2015 ",No,GDDR5
Radeon R9 290X XFX Black Edition,AMD,300 Watts,4096 MB ,512 Bit ,320GB/sec,1250 MHz,"
01-Dec-2013 ",No,GDDR5
Radeon Pro Duo 8GB [not released],AMD,350 Watts,8192 MB ,4096 Bit ,1024GB/sec,500 MHz,"
26-Apr-2016 ",No,HBM-1
Radeon R9 290X Sapphire Vapor-X 8GB Edition,AMD,290 Watts,8192 MB ,512 Bit ,352GB/sec,1375 MHz,"
07-Nov-2014 ",No,GDDR5
Radeon R9 290X Sapphire Vapor-X Tri-X OC 4GB Edition,AMD,290 Watts,4096 MB ,512 Bit ,361GB/sec,1410 MHz,"
29-Apr-2014 ",No,GDDR5
Radeon R9 290X PowerColor PCS+ 4GB Edition Crossfire,AMD,,8192 MB ,512 Bit ,691.2GB/sec,1350 MHz,"
07-Jan-2014 ",No,GDDR5
Radeon R9 290X Sapphire Tri-X OC Edition,AMD,290 Watts,4096 MB ,512 Bit ,332.8GB/sec,1300 MHz,"
01-Dec-2013 ",No,GDDR5
Radeon R7 350 (OEM),AMD,65 Watts,1024 MB ,128 Bit ,73.6GB/sec,1150 MHz,"
05-May-2015 ",No,GDDR5
Radeon R9 290X PowerColor PCS+ 4GB Edition,AMD,290 Watts,4096 MB ,512 Bit ,345.6GB/sec,1350 MHz,"
07-Jan-2014 ",No,GDDR5
Radeon R9 290X PowerColor OC Edition,AMD,,4096 MB ,512 Bit ,320GB/sec,1250 MHz,"
26-Oct-2013 ",No,GDDR5
Radeon R9 290X MSI Lightning Edition,AMD,290 Watts,4096 MB ,512 Bit ,320GB/sec,1250 MHz,"
01-Mar-2014 ",No,GDDR5
Radeon R9 290X MSI Gaming Edition Crossfire,AMD,580 Watts,8192 MB ,512 Bit ,640GB/sec,1250 MHz,"
01-Dec-2013 ",No,GDDR5
Radeon R9 290X MSI Gaming Edition,AMD,290 Watts,4096 MB ,512 Bit ,320GB/sec,1250 MHz,"
01-Dec-2013 ",No,GDDR5
Radeon R9 290X Gigabyte WindForce 3X OC Edition Crossfire,AMD,,8192 MB ,512 Bit ,640GB/sec,1250 MHz,"
01-Dec-2013 ",No,GDDR5
Radeon R9 290X MSI Gaming 8GB Edition,AMD,290 Watts,8192 MB ,512 Bit ,320GB/sec,1250 MHz,"
06-Nov-2014 ",No,GDDR5
Radeon R9 290X Club3D royalKing Edition,AMD,250 Watts,4096 MB ,512 Bit ,320GB/sec,1250 MHz,"
24-Oct-2013 ",No,GDDR5
Radeon R9 290X Crossfire,AMD,500 Watts,8192 MB ,512 Bit ,640GB/sec,1250 MHz,"
24-Oct-2013 ",No,GDDR5
Radeon R9 290X Asus DirectCU II OC Edition Crossfire,AMD,600 Watts,8192 MB ,512 Bit ,691.2GB/sec,1350 MHz,"
01-Dec-2013 ",No,GDDR5
Radeon R9 290X Asus DirectCU II OC Edition,AMD,300 Watts,4096 MB ,512 Bit ,345.6GB/sec,1350 MHz,"
19-Dec-2013 ",No,GDDR5
Radeon R9 290X Gigabyte WindForce 3X OC Edition,AMD,290 Watts,4096 MB ,512 Bit ,320GB/sec,1250 MHz,"
01-Dec-2013 ",No,GDDR5
Radeon R9 290X,AMD,290 Watts,4096 MB ,512 Bit ,320GB/sec,1250 MHz,"
24-Oct-2013 ",No,GDDR5
Radeon R9 290X Asus ROG Matrix Platinum Edition,AMD,375 Watts,4096 MB ,512 Bit ,345.6GB/sec,1350 MHz,"
19-Mar-2014 ",No,GDDR5
Radeon R9 290 XFX Black Edition,AMD,250 Watts,4096 MB ,512 Bit ,320GB/sec,1250 MHz,"
05-Nov-2013 ",No,GDDR5
Radeon R9 290X Asus DirectCU II Edition,AMD,300 Watts,4096 MB ,512 Bit ,320GB/sec,1250 MHz,"
06-Jan-2014 ",No,GDDR5
Radeon R9 290 Sapphire Vapor-X OC Edition,AMD,275 Watts,4096 MB ,512 Bit ,358.4GB/sec,1400 MHz,"
05-Apr-2014 ",No,GDDR5
Radeon R9 290 XFX Double Dissipation Edition,AMD,250 Watts,4096 MB ,512 Bit ,320GB/sec,1250 MHz,"
20-Dec-2013 ",No,GDDR5
Radeon R9 290 VTX3D X-Edition,AMD,250 Watts,4096 MB ,512 Bit ,320GB/sec,1250 MHz,"
05-Nov-2013 ",No,GDDR5
Radeon R9 290 Sapphire Tri-X OC Edition,AMD,275 Watts,4096 MB ,512 Bit ,332.8GB/sec,1300 MHz,"
05-Dec-2013 ",No,GDDR5
Radeon R9 290 PowerColor OC Edition,AMD,250 Watts,4096 MB ,512 Bit ,320GB/sec,1250 MHz,"
05-Nov-2013 ",No,GDDR5
Radeon R9 290 MSI Gaming Edition,AMD,275 Watts,4096 MB ,512 Bit ,320GB/sec,1250 MHz,"
23-Dec-2013 ",No,GDDR5
Radeon R9 290 Sapphire Tri-X OC Edition Crossfire,AMD,550 Watts,8192 MB ,512 Bit ,665.6GB/sec,1300 MHz,"
05-Dec-2013 ",No,GDDR5
Radeon R9 290 Sapphire BF4 Edition,AMD,275 Watts,4096 MB ,512 Bit ,320GB/sec,1250 MHz,"
05-Nov-2013 ",No,GDDR5
Radeon R9 290 PowerColor PCS+ Edition,AMD,275 Watts,4096 MB ,512 Bit ,345.6GB/sec,1350 MHz,"
13-Jan-2014 ",No,GDDR5
Radeon R9 290 Gigabyte WindForce 3X OC Edition Crossfire,AMD,,8192 MB ,512 Bit ,640GB/sec,1250 MHz,"
05-Dec-2013 ",No,GDDR5
Radeon R9 290 Gigabyte WindForce 3X OC Edition,AMD,275 Watts,4096 MB ,512 Bit ,320GB/sec,1250 MHz,"
05-Dec-2013 ",No,GDDR5
Radeon R9 290 Club3D royalAce 4GB Edition,AMD,275 Watts,4096 MB ,512 Bit ,320GB/sec,1250 MHz,"
05-Nov-2013 ",No,GDDR5
Radeon R9 290 Club3D royalKing 4GB Edition,AMD,250 Watts,4096 MB ,512 Bit ,320GB/sec,1250 MHz,"
05-Nov-2013 ",No,GDDR5
Radeon R9 290 Asus DirectCU II OC Edition,AMD,275 Watts,4096 MB ,512 Bit ,320GB/sec,1250 MHz,"
17-Jan-2014 ",No,GDDR5
Radeon R9 285 Sapphire ITX Compact OC 2GB Edition,AMD,190 Watts,2048 MB ,256 Bit ,179.2GB/sec,1400 MHz,"
02-Sep-2014 ",No,GDDR5
Radeon R9 285 XFX Double D 2GB Edition,AMD,190 Watts,2048 MB ,256 Bit ,176GB/sec,1375 MHz,"
02-Sep-2014 ",No,GDDR5
Radeon R9 290 Crossfire,AMD,550 Watts,8192 MB ,512 Bit ,640GB/sec,1250 MHz,"
05-Nov-2013 ",No,GDDR5
Radeon R9 285 Sapphire Dual-X 2GB Edition,AMD,190 Watts,2048 MB ,256 Bit ,176GB/sec,1375 MHz,"
02-Sep-2014 ",No,GDDR5
Radeon R9 290,AMD,275 Watts,4096 MB ,512 Bit ,320GB/sec,1250 MHz,"
05-Nov-2013 ",No,GDDR5
Radeon R9 285 Sapphire ITX Compact 2GB Edition,AMD,190 Watts,2048 MB ,256 Bit ,176GB/sec,1375 MHz,"
02-Sep-2014 ",No,GDDR5
Radeon R9 285 Sapphire Dual-X OC 2GB Edition,AMD,190 Watts,2048 MB ,256 Bit ,179.2GB/sec,1400 MHz,"
01-Sep-2014 ",No,GDDR5
Radeon R9 285 Club3D royalQueen 2GB Edition,AMD,190 Watts,2048 MB ,256 Bit ,176GB/sec,1375 MHz,"
02-Sep-2014 ",No,GDDR5
Radeon R9 285 PowerColor TurboDuo OC 2GB Edition,AMD,190 Watts,2048 MB ,256 Bit ,176GB/sec,1375 MHz,"
02-Sep-2014 ",No,GDDR5
Radeon R9 285 MSI Gaming 2GB Edition,AMD,190 Watts,2048 MB ,256 Bit ,179.2GB/sec,1400 MHz,"
02-Sep-2014 ",No,GDDR5
Radeon R9 285 Asus Strix OC 2GB Edition,AMD,190 Watts,2048 MB ,256 Bit ,179.2GB/sec,1400 MHz,"
02-Sep-2014 ",No,GDDR5
Radeon R9 285 2GB,AMD,190 Watts,2048 MB ,256 Bit ,176GB/sec,1375 MHz,"
02-Sep-2014 ",No,GDDR5
Radeon R9 280X XFX Double D 3GB Edition,AMD,250 Watts,3072 MB ,384 Bit ,288GB/sec,1500 MHz,"
08-Oct-2013 ",No,GDDR5
Radeon R9 280X XFX Double D Black Edition,AMD,250 Watts,3072 MB ,384 Bit ,297.6GB/sec,1550 MHz,"
09-Oct-2013 ",No,GDDR5
Radeon R9 285 Gigabyte WindForce 2X OC 2GB Edition,AMD,190 Watts,2048 MB ,256 Bit ,179.2GB/sec,1400 MHz,"
02-Sep-2014 ",No,GDDR5
Radeon R9 280X VisionTek 3GB Edition,AMD,250 Watts,3072 MB ,384 Bit ,288GB/sec,1500 MHz,"
08-Oct-2013 ",No,GDDR5
Radeon R9 280X Sapphire Vapor-X 3GB OC Edition Crossfire,AMD,500 Watts,6144 MB ,384 Bit ,595.2GB/sec,1550 MHz,"
08-Oct-2013 ",No,GDDR5
Radeon R9 280X Sapphire TRI-X OC 3GB Edition,AMD,250 Watts,3072 MB ,384 Bit ,288GB/sec,1500 MHz,"
20-Dec-2013 ",No,GDDR5
Radeon R9 280X Sapphire Vapor-X 3GB TRI-X OC Edition,AMD,250 Watts,3072 MB ,384 Bit ,288GB/sec,1500 MHz,"
01-Mar-2014 ",No,GDDR5
Radeon R9 280X Sapphire Toxic 3GB OC Edition,AMD,250 Watts,3072 MB ,384 Bit ,307.2GB/sec,1600 MHz,"
08-Oct-2013 ",No,GDDR5
Radeon R9 280X MSI Gaming 6GB Edition,AMD,250 Watts,6144 MB ,384 Bit ,288GB/sec,1500 MHz,"
08-Mar-2014 ",No,GDDR5
Radeon R9 280X Sapphire Dual-X 3GB OC Edition,AMD,250 Watts,3072 MB ,384 Bit ,288GB/sec,1500 MHz,"
08-Oct-2013 ",No,GDDR5
Radeon R9 280X Sapphire Vapor-X 3GB OC Edition,AMD,250 Watts,3072 MB ,384 Bit ,297.6GB/sec,1550 MHz,"
08-Oct-2013 ",No,GDDR5
Radeon R9 280X MSI Gaming 3GB Edition,AMD,250 Watts,3072 MB ,384 Bit ,288GB/sec,1500 MHz,"
08-Oct-2013 ",No,GDDR5
Radeon R9 280X HIS iPower IceQ X² Edition,AMD,250 Watts,3072 MB ,384 Bit ,288GB/sec,1500 MHz,"
08-Oct-2013 ",No,GDDR5
Radeon R9 280X PowerColor TurboDuo 3GB OC Edition,AMD,250 Watts,3072 MB ,384 Bit ,288GB/sec,1500 MHz,"
05-Dec-2013 ",No,GDDR5
Radeon R9 280X Gigabyte 3GB OC Edition,AMD,250 Watts,3072 MB ,384 Bit ,288GB/sec,1500 MHz,"
09-Oct-2013 ",No,GDDR5
Radeon R9 280X Matrix Platinum 3GB Edition,AMD,375 Watts,3072 MB ,384 Bit ,307.2GB/sec,1600 MHz,"
08-Oct-2013 ",No,GDDR5
Radeon R9 280X Club3D royalKing Edition,AMD,280 Watts,3072 MB ,384 Bit ,288GB/sec,1500 MHz,"
08-Oct-2013 ",No,GDDR5
Radeon R9 280X Crossfire,AMD,550 Watts,6144 MB ,384 Bit ,576GB/sec,1500 MHz,"
01-Oct-2013 ",No,GDDR5
Radeon R9 280X DirectCU II TOP 3GB Edition,AMD,250 Watts,3072 MB ,384 Bit ,307.2GB/sec,1600 MHz,"
09-Oct-2013 ",No,GDDR5
Radeon R9 280X Club3D royalQueen Edition,AMD,280 Watts,3072 MB ,384 Bit ,288GB/sec,1500 MHz,"
08-Oct-2013 ",No,GDDR5
Radeon R9 280X Asus Matrix 3GB Edition,AMD,250 Watts,3072 MB ,384 Bit ,288GB/sec,1500 MHz,"
08-Oct-2013 ",No,GDDR5
Radeon R9 280 XFX Double D Black 3GB Edition,AMD,200 Watts,3072 MB ,384 Bit ,249.6GB/sec,1300 MHz,"
04-Mar-2014 ",No,GDDR5
Radeon R9 280 PowerColor TurboDuo OC 3GB Edition,AMD,200 Watts,3072 MB ,384 Bit ,240GB/sec,1250 MHz,"
04-Mar-2014 ",No,GDDR5
Radeon R9 280 HIS IceQ OC 3GB Edition,AMD,200 Watts,3072 MB ,384 Bit ,240GB/sec,1250 MHz,"
04-Mar-2014 ",No,GDDR5
Radeon R9 280 Gigabyte WindForce 3X OC 3GB Edition,AMD,225 Watts,3072 MB ,384 Bit ,240GB/sec,1250 MHz,"
17-Mar-2014 ",No,GDDR5
Radeon R9 280 MSI Gaming 3GB Edition,AMD,200 Watts,3072 MB ,384 Bit ,240GB/sec,1250 MHz,"
11-Mar-2014 ",No,GDDR5
Radeon R9 280 Club3D royalKing 3GB Edition,AMD,200 Watts,3072 MB ,384 Bit ,240GB/sec,1250 MHz,"
04-Mar-2014 ",No,GDDR5
Radeon R9 280 Asus DirectCU II TOP 3GB Edition,AMD,200 Watts,3072 MB ,384 Bit ,249.6GB/sec,1300 MHz,"
04-Mar-2014 ",No,GDDR5
Radeon R9 280 Sapphire Dual-X OC 3GB Edition,AMD,200 Watts,3072 MB ,384 Bit ,240GB/sec,1250 MHz,"
04-Mar-2014 ",No,GDDR5
Radeon R9 280X,AMD,250 Watts,3072 MB ,384 Bit ,288GB/sec,1500 MHz,"
08-Oct-2013 ",No,GDDR5
Radeon R9 280 Crossfire,AMD,400 Watts,6144 MB ,384 Bit ,480GB/sec,1250 MHz,"
04-Mar-2014 ",No,GDDR5
Radeon R9 270X XFX Double D 4GB Edition,AMD,180 Watts,4096 MB ,256 Bit ,179.2GB/sec,1400 MHz,"
08-Oct-2013 ",No,GDDR5
Radeon R9 270X XFX Double D Black Edition,AMD,180 Watts,2048 MB ,256 Bit ,185.6GB/sec,1450 MHz,"
08-Oct-2013 ",No,GDDR5
Radeon R9 270X Sapphire Vapor-X 2GB OC Edition,AMD,180 Watts,2048 MB ,256 Bit ,185.6GB/sec,1450 MHz,"
08-Oct-2013 ",No,GDDR5
Radeon R9 270X VTX3D v2 2GB X-Edition,AMD,180 Watts,2048 MB ,256 Bit ,179.2GB/sec,1400 MHz,"
19-Dec-2013 ",No,GDDR5
Radeon R9 270X Sapphire Toxic 2GB OC Edition,AMD,180 Watts,2048 MB ,256 Bit ,192GB/sec,1500 MHz,"
08-Oct-2013 ",No,GDDR5
Radeon R9 270X Sapphire Dual-X 4GB OC Edition,AMD,180 Watts,4096 MB ,256 Bit ,179.2GB/sec,1400 MHz,"
08-Oct-2013 ",No,GDDR5
Radeon R9 270X Sapphire Dual-X 2GB OC Edition,AMD,180 Watts,2048 MB ,256 Bit ,179.2GB/sec,1400 MHz,"
08-Oct-2013 ",No,GDDR5
Radeon R9 280,AMD,200 Watts,3072 MB ,384 Bit ,240GB/sec,1250 MHz,"
04-Mar-2014 ",No,GDDR5
Radeon R9 270X Sapphire Black Diamond 2GB Edition,AMD,180 Watts,2048 MB ,256 Bit ,192GB/sec,1500 MHz,"
21-Apr-2014 ",No,GDDR5
Radeon R9 270X PowerColor PCS+ Edition,AMD,180 Watts,2048 MB ,256 Bit ,182.4GB/sec,1425 MHz,"
26-Nov-2013 ",No,GDDR5
Radeon R9 270X MSI Hawk Edition,AMD,180 Watts,2048 MB ,256 Bit ,179.2GB/sec,1400 MHz,"
09-Oct-2013 ",No,GDDR5
Radeon R9 270X PowerColor 2GB OC TurboDuo Edition,AMD,180 Watts,2048 MB ,256 Bit ,179.2GB/sec,1400 MHz,"
08-Oct-2013 ",No,GDDR5
Radeon R9 270X PowerColor Devil Edition,AMD,180 Watts,2048 MB ,256 Bit ,179.2GB/sec,1400 MHz,"
31-Oct-2013 ",No,GDDR5
Radeon R9 270X MSI Gaming 4GB Edition Crossfire,AMD,,8192 MB ,256 Bit ,358.4GB/sec,1400 MHz,"
09-Oct-2013 ",No,GDDR5
Radeon R9 270X MSI Gaming 2GB Edition Crossfire,AMD,180 Watts,4096 MB ,256 Bit ,358.4GB/sec,1400 MHz,"
09-Oct-2013 ",No,GDDR5
Radeon R9 270X PowerColor 2GB OC Edition,AMD,180 Watts,2048 MB ,256 Bit ,179.2GB/sec,1400 MHz,"
08-Oct-2013 ",No,GDDR5
Radeon R9 270X MSI Gaming ITX 2GB Edition,AMD,180 Watts,2048 MB ,256 Bit ,179.2GB/sec,1400 MHz,"
06-May-2014 ",No,GDDR5
Radeon R9 270X HIS IceQ X2 Turbo Edition,AMD,180 Watts,2048 MB ,256 Bit ,179.2GB/sec,1400 MHz,"
09-Oct-2013 ",No,GDDR5
Radeon R9 270X Gigabyte 4GB OC Edition Crossfire,AMD,180 Watts,8192 MB ,256 Bit ,358.4GB/sec,1400 MHz,"
09-Oct-2013 ",No,GDDR5
Radeon R9 270X MSI Gaming 2GB Edition,AMD,180 Watts,2048 MB ,256 Bit ,179.2GB/sec,1400 MHz,"
09-Oct-2013 ",No,GDDR5
Radeon R9 270X Club3D royalQueen Edition,AMD,175 Watts,2048 MB ,256 Bit ,179.2GB/sec,1400 MHz,"
08-Oct-2013 ",No,GDDR5
Radeon R9 270X Gigabyte 4GB OC Edition,AMD,180 Watts,4096 MB ,256 Bit ,179.2GB/sec,1400 MHz,"
09-Oct-2013 ",No,GDDR5
Radeon R9 270X Gigabyte 2GB OC Edition,AMD,180 Watts,2048 MB ,256 Bit ,179.2GB/sec,1400 MHz,"
09-Oct-2013 ",No,GDDR5
Radeon R9 270X,AMD,180 Watts,2048 MB ,256 Bit ,179.2GB/sec,1400 MHz,"
08-Oct-2013 ",No,GDDR5
Radeon R9 270X Asus DirectCU II 4GB Edition,AMD,225 Watts,4096 MB ,256 Bit ,179.2GB/sec,1400 MHz,"
09-Oct-2013 ",No,GDDR5
Radeon R9 270X Crossfire,AMD,360 Watts,4096 MB ,256 Bit ,358.4GB/sec,1400 MHz,"
08-Oct-2013 ",No,GDDR5
Radeon R9 270 XFX Double D 2GB Edition,AMD,150 Watts,2048 MB ,256 Bit ,179.2GB/sec,1400 MHz,"
 13-Nov-2013 ",No,GDDR5
Radeon R9 270 Sapphire Dual-X 2GB OC Edition,AMD,,2048 MB ,256 Bit ,179.2GB/sec,1400 MHz,"
13-Nov-2013 ",No,GDDR5
Radeon R9 270X MSI Gaming 4GB Edition,AMD,180 Watts,4096 MB ,256 Bit ,179.2GB/sec,1400 MHz,"
09-Oct-2013 ",No,GDDR5
Radeon R9 270 PowerColor 2GB OC Edition,AMD,,2048 MB ,256 Bit ,179.2GB/sec,1400 MHz,"
13-Nov-2013 ",No,GDDR5
Radeon R9 270 MSI Gaming 2GB Edition,AMD,175 Watts,2048 MB ,256 Bit ,179.2GB/sec,1400 MHz,"
13-Nov-2013 ",No,GDDR5
Radeon R9 270 v2,AMD,150 Watts,2048 MB ,256 Bit ,179.2GB/sec,1400 MHz,"
13-Mar-2015 ",No,GDDR5
Radeon R9 270 DirectCU II OC Edition,AMD,175 Watts,2048 MB ,256 Bit ,179.2GB/sec,1400 MHz,"
13-Nov-2013 ",No,GDDR5
Radeon R9 270 HIS IceQ X² Turbo Edition,AMD,175 Watts,2048 MB ,256 Bit ,179.2GB/sec,1400 MHz,"
13-Nov-2013 ",No,GDDR5
Radeon R9 270 HIS iCooler 2GB Edition,AMD,150 Watts,2048 MB ,256 Bit ,179.2GB/sec,1400 MHz,"
13-Nov-2013 ",No,GDDR5
Radeon R9 270 Gigabyte WindForce 2X OC Edition,AMD,175 Watts,2048 MB ,256 Bit ,179.2GB/sec,1400 MHz,"
13-Nov-2013 ",No,GDDR5
Radeon R9 270 Crossfire,AMD,300 Watts,4096 MB ,256 Bit ,358.4GB/sec,1400 MHz,"
13-Nov-2013 ",No,GDDR5
Radeon R9 270X DirectCU II TOP 2GB Edition,AMD,180 Watts,2048 MB ,256 Bit ,179.2GB/sec,1400 MHz,"
08-Oct-2013 ",No,GDDR5
Radeon R9 270 HIS IceQ XÂ² 2GB Edition,AMD,150 Watts,2048 MB ,256 Bit ,179.2GB/sec,1400 MHz,"
13-Nov-2013 ",No,GDDR5
Radeon R9 270 Club3D 14Series Edition Crossfire,AMD,300 Watts,4096 MB ,256 Bit ,358.4GB/sec,1400 MHz,"
18-Dec-2013 ",No,GDDR5
Radeon R9 270 Club3D '14Series Edition,AMD,146 Watts,2048 MB ,256 Bit ,179.2GB/sec,1400 MHz,"
18-Dec-2013 ",No,GDDR5
Radeon R9 255 (OEM),AMD,,2048 MB ,128 Bit ,104GB/sec,1625 MHz,"
21-Dec-2013 ",No,GDDR5
Radeon R9 260 (OEM),AMD,115 Watts,2048 MB ,128 Bit ,104GB/sec,1625 MHz,"
21-Dec-2013 ",No,GDDR5
Radeon R9 270,AMD,150 Watts,2048 MB ,256 Bit ,179.2GB/sec,1400 MHz,"
13-Nov-2013 ",No,GDDR5
Radeon R7 265 Sapphire Dual-X 2GB Edition,AMD,150 Watts,2048 MB ,256 Bit ,179.2GB/sec,1400 MHz,"
13-Feb-2014 ",No,GDDR5
Radeon R7 265 Gigabyte WindForce 2X OC 2GB Edition,AMD,150 Watts,2048 MB ,256 Bit ,179.2GB/sec,1400 MHz,"
18-Mar-2014 ",No,GDDR5
Radeon R7 265 Asus DirectCU II 2GB Edition,AMD,150 Watts,2048 MB ,256 Bit ,179.2GB/sec,1400 MHz,"
13-Feb-2014 ",No,GDDR5
Radeon R7 265 Crossfire,AMD,300 Watts,4096 MB ,256 Bit ,358.4GB/sec,1400 MHz,"
13-Feb-2014 ",No,GDDR5
Radeon R7 265 PowerColor TurboDuo OC 2GB Edition,AMD,150 Watts,2048 MB ,256 Bit ,179.2GB/sec,1400 MHz,"
19-Mar-2014 ",No,GDDR5
Radeon R7 260X XFX Double D 2GB Edition,AMD,115 Watts,2048 MB ,128 Bit ,102.4GB/sec,1600 MHz,"
08-Oct-2013 ",No,GDDR5
Radeon R9 270 Club3D royalQueen Edition,AMD,146 Watts,2048 MB ,256 Bit ,179.2GB/sec,1400 MHz,"
13-Nov-2013 ",No,GDDR5
Radeon R7 265,AMD,150 Watts,2048 MB ,256 Bit ,179.2GB/sec,1400 MHz,"
13-Feb-2014 ",No,GDDR5
Radeon R7 260X VisionTek OC 2GB Edition,AMD,115 Watts,2048 MB ,128 Bit ,105.6GB/sec,1650 MHz,"
08-Oct-2013 ",No,GDDR5
Radeon R7 265 MSI OC 2GB Edition,AMD,150 Watts,2048 MB ,256 Bit ,179.2GB/sec,1400 MHz,"
13-Feb-2014 ",No,GDDR5
Radeon RX 490 8GB [not released],ATI,225 Watts,,8192 Bit ,1024GB/sec,500 MHz,"
01-Nov-2016 ",No,HBM-2
Radeon RX 480X 8GB [not released],ATI,150 Watts,,,,1750 MHz,"
01-Nov-2016 ",No,
Radeon RX 490X 8GB [not released],ATI,250 Watts,,,,500 MHz,"
01-Jun-2016 ",No,
Radeon RX 480 XFX Triple X OC 8GB,ATI,150 Watts,8192 MB ,256 Bit ,256GB/sec,2000 MHz,"
29-Jun-2016 ",No,GDDR5
Radeon R7 260X v3 Sapphire 2GB Edition,AMD,85 Watts,2048 MB ,128 Bit ,80GB/sec,1250 MHz,"
05-Feb-2015 ",No,GDDR5
Radeon RX 480 XFX GTR Hard Swap Black Edition 8GB,ATI,150 Watts,8192 MB ,256 Bit ,256GB/sec,2000 MHz,"
29-Jul-2016 ",No,GDDR5
Radeon RX 480 XFX RS Hard Swap 4GB,ATI,150 Watts,4096 MB ,256 Bit ,224GB/sec,1750 MHz,"
29-Jun-2016 ",No,GDDR5
Radeon RX 480 XFX RS Hard Swap Triple X 8GB,ATI,150 Watts,8192 MB ,256 Bit ,256GB/sec,2000 MHz,"
29-Jul-2016 ",No,GDDR5
Radeon RX 480X 4GB [not released],ATI,175 Watts,,,,500 MHz,"
01-Nov-2016 ",No,
Radeon R7 260X v3 PowerColor OC v4 2GB Edition,AMD,85 Watts,2048 MB ,128 Bit ,80GB/sec,1250 MHz,"
08-Oct-2013 ",No,GDDR5
Radeon R7 260X v3 PowerColor OC v3 2GB Edition,AMD,85 Watts,2048 MB ,128 Bit ,80GB/sec,1250 MHz,"
08-Oct-2013 ",No,GDDR5
Radeon R7 260X v3 Gigabyte OC Rev. 3.0 2GB Edition,AMD,85 Watts,2048 MB ,128 Bit ,80GB/sec,1250 MHz,"
05-Feb-2015 ",No,GDDR5
Radeon R7 265 Sapphire Dual-X 2GB Edition Crossfire,AMD,300 Watts,4096 MB ,256 Bit ,358.4GB/sec,1400 MHz,"
13-Feb-2014 ",No,GDDR5
Radeon R7 260X v3 MSI OC 2GB Edition,AMD,85 Watts,2048 MB ,128 Bit ,80GB/sec,1250 MHz,"
05-Feb-2015 ",No,GDDR5
Radeon R7 260X v3 Asus OC 2GB Edition,AMD,85 Watts,2048 MB ,128 Bit ,80GB/sec,1250 MHz,"
08-Oct-2013 ",No,GDDR5
Radeon R7 260X v3,AMD,85 Watts,2048 MB ,128 Bit ,80GB/sec,1250 MHz,"
05-Feb-2015 ",No,GDDR5
Radeon R7 260X v2 XFX Core 1GB Edition,AMD,105 Watts,1024 MB ,128 Bit ,102.4GB/sec,1600 MHz,"
08-Oct-2013 ",No,GDDR5
Radeon R7 260X v2 XFX Core 2GB Edition,AMD,105 Watts,2048 MB ,128 Bit ,102.4GB/sec,1600 MHz,"
08-Oct-2013 ",No,GDDR5
Radeon R7 260X v2 Sapphire OC 2GB Edition,AMD,105 Watts,2048 MB ,128 Bit ,96GB/sec,1500 MHz,"
20-Dec-2013 ",No,GDDR5
Radeon R7 260X v2 Sapphire iCafe Gaming OC 2GB Edition,AMD,105 Watts,2048 MB ,128 Bit ,96GB/sec,1500 MHz,"
28-Feb-2015 ",No,GDDR5
Radeon R7 260X v2 MSI OC v2 2GB Edition,AMD,105 Watts,2048 MB ,128 Bit ,96GB/sec,1500 MHz,"
08-Oct-2013 ",No,GDDR5
Radeon R7 260X v2 MSI OC v1 2GB Edition,AMD,105 Watts,2048 MB ,128 Bit ,96GB/sec,1500 MHz,"
08-Oct-2013 ",No,GDDR5
Radeon R7 260X v2 MSI OC 1GB Edition,AMD,105 Watts,1024 MB ,128 Bit ,96GB/sec,1500 MHz,"
08-Oct-2013 ",No,GDDR5
Radeon R7 260X v2 HIS iPower IceQ X² Turbo 1GB Edition,AMD,105 Watts,1024 MB ,128 Bit ,102.4GB/sec,1600 MHz,"
31-Oct-2013 ",No,GDDR5
Radeon R7 260X v2 MSI 1GB Edition,AMD,105 Watts,1024 MB ,128 Bit ,96GB/sec,1500 MHz,"
08-Oct-2013 ",No,GDDR5
Radeon R7 260X v2 HIS iPower IceQ X² 2GB Edition,AMD,105 Watts,2048 MB ,128 Bit ,96GB/sec,1500 MHz,"
09-Oct-2013 ",No,GDDR5
Radeon R7 260X v2 PowerColor OC 1GB Edition,AMD,105 Watts,1024 MB ,128 Bit ,96GB/sec,1500 MHz,"
08-Oct-2013 ",No,GDDR5
Radeon R7 260X v2 MSI OC 2GB Edition,AMD,105 Watts,2048 MB ,128 Bit ,96GB/sec,1500 MHz,"
08-Oct-2013 ",No,GDDR5
Radeon R7 260X v2 Sapphire OC 1GB Edition,AMD,105 Watts,1024 MB ,128 Bit ,96GB/sec,1500 MHz,"
26-Dec-2013 ",No,GDDR5
Radeon R7 260X v2 HIS iCooler 2GB Edition,AMD,105 Watts,2048 MB ,128 Bit ,96GB/sec,1500 MHz,"
08-Oct-2013 ",No,GDDR5
Radeon R7 260X v2 HIS iCooler 1GB Edition,AMD,105 Watts,1024 MB ,128 Bit ,96GB/sec,1500 MHz,"
31-Oct-2013 ",No,GDDR5
Radeon R7 260X v2 Gigabyte OC 1GB Edition,AMD,105 Watts,1024 MB ,128 Bit ,96GB/sec,1500 MHz,"
26-Dec-2013 ",No,GDDR5
Radeon R7 260X v2 Asus DirectCU II OC 1GB Edition,AMD,105 Watts,1024 MB ,128 Bit ,102.4GB/sec,1600 MHz,"
08-Oct-2013 ",No,GDDR5
Radeon R7 260X v2,AMD,105 Watts,1024 MB ,128 Bit ,96GB/sec,1500 MHz,"
08-Oct-2013 ",No,GDDR5
Radeon R7 260X PowerColor TurboDuo OC 2GB Edition,AMD,115 Watts,2048 MB ,128 Bit ,105.6GB/sec,1650 MHz,"
08-Oct-2013 ",No,GDDR5
Radeon R7 260X MSI 2GB Edition,AMD,115 Watts,2048 MB ,128 Bit ,104GB/sec,1625 MHz,"
08-Oct-2013 ",No,GDDR5
Radeon R7 260X Gigabyte 2GB OC Rev. 2.0 Edition,AMD,115 Watts,2048 MB ,128 Bit ,104GB/sec,1625 MHz,"
09-Oct-2013 ",No,GDDR5
Radeon R7 260X Gigabyte 2GB OC Rev. 1.0 Edition,AMD,115 Watts,2048 MB ,128 Bit ,104GB/sec,1625 MHz,"
09-Oct-2013 ",No,GDDR5
Radeon R7 260X Sapphire 2GB OC Edition,AMD,120 Watts,2048 MB ,128 Bit ,105.6GB/sec,1650 MHz,"
08-Oct-2013 ",No,GDDR5
Radeon R7 260X Asus DirectCU II OC Edition,AMD,115 Watts,2048 MB ,128 Bit ,112GB/sec,1750 MHz,"
08-Oct-2013 ",No,GDDR5
Radeon R7 260X MSI 2GB OC Edition,AMD,115 Watts,2048 MB ,128 Bit ,104GB/sec,1625 MHz,"
08-Oct-2013 ",No,GDDR5
Radeon R7 260X Club3D royalKing Edition,AMD,105 Watts,2048 MB ,128 Bit ,105.6GB/sec,1650 MHz,"
08-Oct-2013 ",No,GDDR5
Radeon R7 260X Crossfire,AMD,230 Watts,4096 MB ,128 Bit ,208GB/sec,1625 MHz,"
01-Oct-2013 ",No,GDDR5
Radeon R7 260X Asus DirectCU II 2GB Edition,AMD,115 Watts,2048 MB ,128 Bit ,104GB/sec,1625 MHz,"
08-Oct-2013 ",No,GDDR5
Radeon R7 260X,AMD,115 Watts,2048 MB ,128 Bit ,104GB/sec,1625 MHz,"
08-Oct-2013 ",No,GDDR5
Radeon RX 480 XFX Black Edition 8GB,ATI,150 Watts,8192 MB ,256 Bit ,256GB/sec,2000 MHz,"
29-Jun-2016 ",No,GDDR5
Radeon RX 480 XFX 4GB,ATI,150 Watts,4096 MB ,256 Bit ,224GB/sec,1750 MHz,"
29-Jun-2016 ",No,GDDR5
Radeon RX 480 Sapphire Nitro+ 8GB,ATI,150 Watts,8192 MB ,256 Bit ,256GB/sec,2000 MHz,"
29-Jul-2016 ",No,GDDR5
Radeon RX 480 Sapphire NITRO+ 4GB,ATI,150 Watts,4096 MB ,256 Bit ,224GB/sec,1750 MHz,"
29-Jun-2016 ",No,GDDR5
Radeon RX 480 Sapphire 4GB,ATI,150 Watts,4096 MB ,256 Bit ,224GB/sec,1750 MHz,"
29-Jun-2016 ",No,GDDR5
Radeon RX 480 PowerColour 8GB,ATI,150 Watts,8192 MB ,256 Bit ,256GB/sec,2000 MHz,"
29-Jun-2016 ",No,GDDR5
Radeon RX 480 PowerColor Red Dragon 4GB,ATI,120 Watts,4096 MB ,256 Bit ,224GB/sec,1750 MHz,"
01-Jun-2016 ",No,GDDR5
Radeon RX 480 PowerColor Red Dragon 8GB,ATI,150 Watts,8192 MB ,256 Bit ,256GB/sec,2000 MHz,"
29-Jul-2016 ",No,GDDR5
Radeon RX 480 PowerColor Red Devil 8GB,ATI,150 Watts,8192 MB ,256 Bit ,256GB/sec,2000 MHz,"
29-Jul-2016 ",No,GDDR5
Radeon RX 480 Sapphire 8GB,ATI,150 Watts,8192 MB ,256 Bit ,256GB/sec,2000 MHz,"
29-Jun-2016 ",No,GDDR5
Radeon RX 480 PowerColor 4GB,ATI,150 Watts,4096 MB ,256 Bit ,224GB/sec,1750 MHz,"
29-Jun-2016 ",No,GDDR5
Radeon RX 480 MSI GAMING 4G,ATI,150 Watts,4096 MB ,256 Bit ,224GB/sec,1750 MHz,"
29-Jun-2016 ",No,GDDR5
Radeon RX 480 MSI Gaming 8GB,ATI,150 Watts,8192 MB ,256 Bit ,256GB/sec,2000 MHz,"
15-Aug-2016 ",No,GDDR5
Radeon RX 480 MSI GAMING X 4G,ATI,150 Watts,4096 MB ,256 Bit ,224GB/sec,1750 MHz,"
29-Jun-2016 ",No,GDDR5
Radeon RX 480 MSI Gaming X 8GB,ATI,150 Watts,8192 MB ,256 Bit ,256GB/sec,2000 MHz,"
15-Aug-2016 ",No,GDDR5
Radeon RX 480 MSI Armor OC 8GB,ATI,150 Watts,8192 MB ,256 Bit ,256GB/sec,2000 MHz,"
Unknown Release Date ",No,GDDR5
Radeon RX 480 MSI Armor OC 4GB,ATI,120 Watts,4096 MB ,256 Bit ,224GB/sec,1750 MHz,"
Unknown Release Date ",No,GDDR5
Radeon RX 480 HIS IceQ X² Roaring Turbo GB,ATI,150 Watts,8192 MB ,256 Bit ,256GB/sec,2000 MHz,"
29-Jun-2016 ",No,GDDR5
Radeon R7 260,AMD,95 Watts,2048 MB ,128 Bit ,96GB/sec,1500 MHz,"
17-Dec-2013 ",No,GDDR5
Radeon RX 480 MSI 8GB,ATI,150 Watts,8192 MB ,256 Bit ,256GB/sec,2000 MHz,"
29-Jun-2016 ",No,GDDR5
Radeon RX 480 MSI Armor 4GB,ATI,120 Watts,4096 MB ,256 Bit ,224GB/sec,1750 MHz,"
Unknown Release Date ",No,GDDR5
Radeon R7 260 MSI 1GB OC Edition,AMD,95 Watts,1024 MB ,128 Bit ,96GB/sec,1500 MHz,"
20-Jan-2014 ",No,GDDR5
Radeon RX 480 MSI 4GB,ATI,120 Watts,4096 MB ,256 Bit ,224GB/sec,1750 MHz,"
01-Jun-2016 ",No,GDDR5
Radeon R7 250X Sapphire 1GB Edition,AMD,80 Watts,1024 MB ,128 Bit ,72GB/sec,1125 MHz,"
13-Feb-2014 ",No,GDDR5
Radeon RX 480 HIS IceQ X² Roaring Turbo 8GB,ATI,150 Watts,8192 MB ,256 Bit ,256GB/sec,2000 MHz,"
29-Jun-2016 ",No,GDDR5
Radeon R7 250X Sapphire Vapor-X OC Edition,AMD,80 Watts,1024 MB ,128 Bit ,83.2GB/sec,1300 MHz,"
13-Feb-2014 ",No,GDDR5
Radeon R7 250X PowerColor 1GB Edition,AMD,80 Watts,1024 MB ,128 Bit ,72GB/sec,1125 MHz,"
 13-Feb-2014 ",No,GDDR5
Radeon R7 250X Gigabyte OC 1GB Edition,AMD,80 Watts,1024 MB ,128 Bit ,72GB/sec,1125 MHz,"
13-Feb-2014 ",No,GDDR5
Radeon R7 250X MSI 1GB Edition,AMD,83 Watts,1024 MB ,128 Bit ,72GB/sec,1125 MHz,"
13-Feb-2014 ",No,GDDR5
Radeon R7 250X HIS iCooler 1GB Edition,AMD,80 Watts,1024 MB ,128 Bit ,72GB/sec,1125 MHz,"
13-Feb-2014 ",No,GDDR5
Radeon R7 250X Crossfire,AMD,160 Watts,4096 MB ,128 Bit ,144GB/sec,1125 MHz,"
10-Feb-2014 ",No,GDDR5
Radeon R7 250X Gigabyte OC 2GB Edition,AMD,80 Watts,2048 MB ,128 Bit ,72GB/sec,1125 MHz,"
13-Feb-2014 ",No,GDDR5
Radeon R7 250X Asus 1GB Edition,AMD,80 Watts,1024 MB ,128 Bit ,72GB/sec,1125 MHz,"
13-Feb-2014 ",No,GDDR5
Radeon R7 250E Club3D Low Profile 1GB Edition,AMD,61 Watts,1024 MB ,128 Bit ,72GB/sec,1125 MHz,"
20-Dec-2013 ",No,GDDR5
Radeon R7 250E Sapphire Ultimate 1GB Edition,AMD,75 Watts,1024 MB ,128 Bit ,72GB/sec,1125 MHz,"
20-Dec-2013 ",No,GDDR5
Radeon R7 250E,AMD,55 Watts,1024 MB ,128 Bit ,72GB/sec,1125 MHz,"
20-Dec-2013 ",No,GDDR5
Radeon R7 250X Asus 2GB Edition,AMD,80 Watts,2048 MB ,128 Bit ,73.6GB/sec,1150 MHz,"
13-Feb-2014 ",No,GDDR5
Radeon R7 250 v2 XFX 2GB Edition,AMD,65 Watts,2048 MB ,128 Bit ,25.6GB/sec,800 MHz,"
09-Oct-2013 ",No,DDR3
Radeon R7 250X,AMD,80 Watts,2048 MB ,128 Bit ,72GB/sec,1125 MHz,"
10-Feb-2014 ",No,GDDR5
Radeon R7 250 v2 Sapphire 2GB Edition,AMD,65 Watts,2048 MB ,128 Bit ,28.8GB/sec,900 MHz,"
09-Oct-2013 ",No,DDR3
Radeon R7 250 v2 MSI OC 2GB Edition,AMD,65 Watts,2048 MB ,128 Bit ,28.8GB/sec,900 MHz,"
11-Oct-2013 ",No,DDR3
Radeon R7 250 v2 XFX Core 1GB Edition,AMD,65 Watts,1024 MB ,128 Bit ,25.6GB/sec,800 MHz,"
09-Oct-2013 ",No,DDR3
Radeon R7 250 v2 HIS 2GB Edition,AMD,65 Watts,2048 MB ,128 Bit ,28.8GB/sec,900 MHz,"
09-Oct-2013 ",No,DDR3
Radeon RX 480 HIS IceQ X² Roaring OC GB,ATI,150 Watts,8192 MB ,256 Bit ,256GB/sec,2000 MHz,"
29-Jun-2016 ",No,GDDR5
Radeon R7 250 v2 Club3D 2GB Edition,AMD,48 Watts,2048 MB ,128 Bit ,28.8GB/sec,900 MHz,"
09-Oct-2013 ",No,DDR3
Radeon R7 250 v2 2GB,AMD,65 Watts,2048 MB ,128 Bit ,28.8GB/sec,900 MHz,"
08-Oct-2013 ",No,DDR3
Radeon RX 480 Gigabyte Windforce 8GB,ATI,150 Watts,8192 MB ,256 Bit ,256GB/sec,2000 MHz,"
29-Jun-2016 ",No,GDDR5
Radeon RX 480 HIS IceQ X2 Roaring OC 8GB,ATI,150 Watts,8192 MB ,256 Bit ,256GB/sec,2000 MHz,"
29-Jun-2016 ",No,GDDR5
Radeon RX 480 HIS 8GB,ATI,150 Watts,8192 MB ,256 Bit ,256GB/sec,2000 MHz,"
29-Jun-2016 ",No,GDDR5
Radeon RX 480 Gigabyte Windforce 4GB,ATI,150 Watts,4096 MB ,256 Bit ,224GB/sec,1750 MHz,"
29-Jun-2016 ",No,GDDR5
Radeon RX 480 Gigabyte G1 Gaming 8GB,ATI,150 Watts,8192 MB ,256 Bit ,256GB/sec,2000 MHz,"
29-Jun-2016 ",No,GDDR5
Radeon RX 480 Gigabyte G1 Gaming 4GB,ATI,120 Watts,4096 MB ,256 Bit ,224GB/sec,1750 MHz,"
01-Jun-2016 ",No,GDDR5
Radeon RX 480 Gigabyte 8GB,ATI,150 Watts,8192 MB ,256 Bit ,256GB/sec,2000 MHz,"
29-Jun-2016 ",No,GDDR5
Radeon RX 480 GIGABYTE G1 Gaming 4GB,ATI,150 Watts,4096 MB ,256 Bit ,224GB/sec,1750 MHz,"
29-Jun-2016 ",No,GDDR5
Radeon RX 480 ASUS DUAL OC 4GB,ATI,150 Watts,4096 MB ,256 Bit ,224GB/sec,1750 MHz,"
29-Jun-2016 ",No,GDDR5
Radeon RX 480 Asus 8GB,ATI,150 Watts,8192 MB ,256 Bit ,256GB/sec,2000 MHz,"
29-Jun-2016 ",No,GDDR5
Radeon RX 480 Armor 8GB,ATI,150 Watts,8192 MB ,256 Bit ,256GB/sec,2000 MHz,"
Unknown Release Date ",No,GDDR5
Radeon RX 480 Asus ROG Strix Gaming 8GB,ATI,150 Watts,8192 MB ,256 Bit ,256GB/sec,2000 MHz,"
29-Jun-2016 ",No,GDDR5
Radeon RX 480 Asus ROG Strix OC 8GB,ATI,150 Watts,8192 MB ,256 Bit ,256GB/sec,2000 MHz,"
29-Jun-2016 ",No,GDDR5
Radeon RX 480 8GB Crossfire,ATI,300 Watts,16384 MB ,256 Bit ,512GB/sec,2000 MHz,"
29-Jun-2016 ",No,GDDR5
Radeon RX 480 8GB,ATI,150 Watts,8192 MB ,256 Bit ,256GB/sec,2000 MHz,"
29-Jun-2016 ",No,GDDR5
Radeon RX 480 Diamond 8GB,ATI,150 Watts,8192 MB ,256 Bit ,256GB/sec,2000 MHz,"
29-Jun-2016 ",No,GDDR5
Radeon RX 470 XFX RS Black Limited Edition 4GB,ATI,120 Watts,4096 MB ,256 Bit ,224GB/sec,1750 MHz,"
04-Aug-2016 ",No,GDDR5
Radeon RX 480 4GB,ATI,120 Watts,4096 MB ,256 Bit ,224GB/sec,1750 MHz,"
01-Jun-2016 ",No,GDDR5
Radeon RX 470 XFX RS Triple X 4GB,ATI,120 Watts,4096 MB ,256 Bit ,224GB/sec,1750 MHz,"
04-Aug-2016 ",No,GDDR5
Radeon R7 250 Sapphire 1GB Edition,AMD,65 Watts,1024 MB ,128 Bit ,73.6GB/sec,1150 MHz,"
08-Oct-2013 ",No,GDDR5
Radeon R7 250 PowerColor OC 1GB Edition,AMD,75 Watts,1024 MB ,128 Bit ,73.6GB/sec,1150 MHz,"
08-Oct-2013 ",No,GDDR5
Radeon RX 470 XFX Single Fan Triple X 4GB,ATI,120 Watts,4096 MB ,256 Bit ,211.2GB/sec,1650 MHz,"
04-Aug-2016 ",No,GDDR5
Radeon RX 470 XFX RS Black Edition 4GB,ATI,120 Watts,4096 MB ,256 Bit ,224GB/sec,1750 MHz,"
04-Aug-2016 ",No,GDDR5
Radeon R7 250 Sapphire 1GB Edition Crossfire,AMD,130 Watts,2048 MB ,128 Bit ,147.2GB/sec,1150 MHz,"
08-Oct-2013 ",No,GDDR5
Radeon R7 250 HIS IceQ Boost Clock 2GB Edition,AMD,65 Watts,2048 MB ,128 Bit ,73.6GB/sec,1150 MHz,"
08-Oct-2013 ",No,GDDR5
Radeon R7 250 Gigabyte OC 1GB Edition,AMD,65 Watts,1024 MB ,128 Bit ,73.6GB/sec,1150 MHz,"
09-Oct-2013 ",No,GDDR5
Radeon R7 250 Asus 1GB Edition,AMD,65 Watts,1024 MB ,128 Bit ,73.6GB/sec,1150 MHz,"
08-Oct-2013 ",No,GDDR5
Radeon R7 250 HIS iCooler 1GB Edition,AMD,65 Watts,1024 MB ,128 Bit ,73.6GB/sec,1150 MHz,"
09-Oct-2013 ",No,GDDR5
Radeon R7 250 2GB,AMD,65 Watts,2048 MB ,128 Bit ,73.6GB/sec,1150 MHz,"
08-Oct-2013 ",No,GDDR5
Radeon R7 250 Diamond 1GB Edition,AMD,65 Watts,1024 MB ,128 Bit ,73.6GB/sec,1150 MHz,"
08-Oct-2013 ",No,GDDR5
Radeon R7 250 1GB Crossfire,AMD,130 Watts,2048 MB ,128 Bit ,147.2GB/sec,1150 MHz,"
08-Oct-2013 ",No,GDDR5
Radeon R7 250 1GB,AMD,65 Watts,1024 MB ,128 Bit ,73.6GB/sec,1150 MHz,"
08-Oct-2013 ",No,GDDR5
Radeon R7 240 XFX Core Low Profile 4GB Edition,AMD,35 Watts,4096 MB ,128 Bit ,21.3GB/sec,667 MHz,"
08-Oct-2013 ",No,DDR3
Radeon R7 250 Gigabyte OC 2GB Edition,AMD,65 Watts,2048 MB ,128 Bit ,73.6GB/sec,1150 MHz,"
09-Oct-2013 ",No,GDDR5
Radeon R7 240 XFX Low Profile 2GB Edition,AMD,35 Watts,2048 MB ,128 Bit ,25.6GB/sec,800 MHz,"
08-Oct-2013 ",No,DDR3
Radeon R7 250 MSI OC 1GB Edition,AMD,59 Watts,1024 MB ,128 Bit ,73.6GB/sec,1150 MHz,"
11-Oct-2013 ",No,GDDR5
Radeon R7 240 v2 Sapphire 1GB Edition,AMD,30 Watts,1024 MB ,128 Bit ,73.6GB/sec,1150 MHz,"
08-Oct-2013 ",No,GDDR5
Radeon R7 240 v2 2GB,AMD,30 Watts,2048 MB ,128 Bit ,72GB/sec,1125 MHz,"
08-Oct-2013 ",No,GDDR5
Radeon R7 240 v2 HIS iCooler Boost Clock 2GB Edition,AMD,30 Watts,2048 MB ,128 Bit ,73.6GB/sec,1150 MHz,"
09-Oct-2013 ",No,GDDR5
Radeon R7 240 v2 1GB,AMD,30 Watts,1024 MB ,128 Bit ,72GB/sec,1125 MHz,"
08-Oct-2013 ",No,GDDR5
Radeon R7 240 Sapphire 4GB Edition,AMD,35 Watts,1024 MB ,128 Bit ,28.8GB/sec,900 MHz,"
08-Oct-2013 ",No,DDR3
Radeon R7 240 Sapphire 1GB Edition,AMD,35 Watts,1024 MB ,128 Bit ,28.8GB/sec,900 MHz,"
08-Oct-2013 ",No,DDR3
Radeon RX 470 Sapphire Platinum Edition 4GB,ATI,120 Watts,4096 MB ,256 Bit ,224GB/sec,1750 MHz,"
04-Aug-2016 ",No,GDDR5
Radeon R7 240 PowerColor OC V2 2GB Edition,AMD,30 Watts,2048 MB ,128 Bit ,28.8GB/sec,900 MHz,"
08-Oct-2013 ",No,DDR3
Radeon RX 470 Sapphire Nitro+ 8GB,ATI,120 Watts,8192 MB ,256 Bit ,256GB/sec,2000 MHz,"
04-Aug-2016 ",No,GDDR5
Radeon RX 470 Sapphire Nitro+ 4GB,ATI,120 Watts,4096 MB ,256 Bit ,224GB/sec,1750 MHz,"
04-Aug-2016 ",No,GDDR5
Radeon RX 470 PowerColor Red Devil 4GB,ATI,120 Watts,4096 MB ,256 Bit ,224GB/sec,1750 MHz,"
04-Aug-2016 ",No,GDDR5
Radeon RX 470 MSI Gaming X 4GB,ATI,110 Watts,4096 MB ,256 Bit ,211.2GB/sec,1650 MHz,"
04-Aug-2016 ",No,GDDR5
Radeon RX 470 PowerColour Red Dragon 4GB,ATI,120 Watts,4096 MB ,256 Bit ,211.2GB/sec,1650 MHz,"
04-Aug-2016 ",No,GDDR5
Radeon RX 470 MSI Gaming 4GB,ATI,110 Watts,4096 MB ,256 Bit ,211.2GB/sec,1650 MHz,"
04-Aug-2016 ",No,GDDR5
Radeon RX 470 MSI Gaming X 8GB,ATI,110 Watts,8192 MB ,256 Bit ,211.2GB/sec,1650 MHz,"
04-Aug-2016 ",No,GDDR5
Radeon RX 470 HIS IceQ X2 Turbo 4GB,ATI,120 Watts,4096 MB ,256 Bit ,211.2GB/sec,1650 MHz,"
04-Aug-2016 ",No,GDDR5
Radeon RX 470 MSI Gaming 8GB,ATI,110 Watts,,256 Bit ,211.2GB/sec,1650 MHz,"
04-Aug-2016 ",No,GDDR5
Radeon RX 470 HIS IceQ X2 OC 4GB,ATI,120 Watts,4096 MB ,256 Bit ,211.2GB/sec,1650 MHz,"
04-Aug-2016 ",No,GDDR5
Radeon RX 470 ASUS ROG Strix Gaming 4GB,ATI,120 Watts,4096 MB ,256 Bit ,211.2GB/sec,1650 MHz,"
04-Aug-2016 ",No,GDDR5
Radeon RX 470 4GB,ATI,120 Watts,4096 MB ,256 Bit ,211.2GB/sec,1650 MHz,"
04-Aug-2016 ",No,GDDR5
Radeon RX 460 VisionTek Overclocked Edition 4GB,ATI,75 Watts,4096 MB ,128 Bit ,112GB/sec,1750 MHz,"
28-Jul-2016 ",No,GDDR5
Radeon RX 460 XFX 4GB Twin Fan,ATI,75 Watts,4096 MB ,128 Bit ,112GB/sec,1750 MHz,"
08-Aug-2016 ",No,GDDR5
Radeon RX 460 XFX Black Wolf 2GB,ATI,75 Watts,2048 MB ,128 Bit ,112GB/sec,1750 MHz,"
08-Aug-2016 ",No,GDDR5
Radeon RX 470 Asus ROG Strix Gaming OC 4GB,ATI,120 Watts,4096 MB ,256 Bit ,211.2GB/sec,1650 MHz,"
04-Aug-2016 ",No,GDDR5
Radeon RX 460 XFX 4GB Single Fan,ATI,75 Watts,4096 MB ,128 Bit ,112GB/sec,1750 MHz,"
08-Aug-2016 ",No,GDDR5
Radeon RX 460 XFX 2GB Single Fan,ATI,75 Watts,2048 MB ,128 Bit ,112GB/sec,1750 MHz,"
08-Aug-2016 ",No,GDDR5
Radeon RX 470 GIGABYTE G1 4GB,ATI,120 Watts,4096 MB ,256 Bit ,211.2GB/sec,1650 MHz,"
04-Aug-2016 ",No,GDDR5
Radeon RX 460 XFX 2GB Twin Fan,ATI,150 Watts,2048 MB ,128 Bit ,112GB/sec,1750 MHz,"
28-Jul-2016 ",No,GDDR5
Radeon RX 460 Sapphire Nitro 2G D5,ATI,75 Watts,2048 MB ,128 Bit ,112GB/sec,1750 MHz,"
08-Aug-2016 ",No,GDDR5
Radeon RX 460 MSI OC 4GB,ATI,75 Watts,4096 MB ,128 Bit ,112GB/sec,1750 MHz,"
08-Aug-2016 ",No,GDDR5
Radeon RX 460 MSI OC 2GB,ATI,75 Watts,2048 MB ,128 Bit ,112GB/sec,1750 MHz,"
08-Aug-2016 ",No,GDDR5
Radeon RX 460 Sapphire Nitro 4G D5,ATI,150 Watts,4096 MB ,128 Bit ,112GB/sec,1750 MHz,"
28-Jul-2016 ",No,GDDR5
Radeon RX 460 Gigabyte WindForce 2GB,ATI,75 Watts,2048 MB ,128 Bit ,112GB/sec,1750 MHz,"
 08-Aug-2016 ",No,GDDR5
Radeon RX 460 HIS iCooler OC 2GB,ATI,75 Watts,2048 MB ,128 Bit ,112GB/sec,1750 MHz,"
08-Aug-2016 ",No,GDDR5
Radeon RX 460 Gigabyte Windforce 2X OC 4GB,ATI,75 Watts,4096 MB ,128 Bit ,,1750 MHz,"
08-Aug-2016 ",No,
Radeon RX 460 Dataland X-Serial 4GB,ATI,75 Watts,2048 MB ,32 Bit ,112GB/sec,1750 MHz,"
28-Jul-2016 ",No,GDDR5
Radeon RX 460 PowerColor Red Dragon 2GB,ATI,75 Watts,2048 MB ,128 Bit ,112GB/sec,1750 MHz,"
08-Aug-2016 ",No,GDDR5
Radeon RX 460 HIS iCooler OC 4GB,ATI,75 Watts,4096 MB ,128 Bit ,112GB/sec,1750 MHz,"
08-Aug-2016 ",No,GDDR5
Radeon RX 460 Asus ROG Strix Gaming OC 4GB,ATI,75 Watts,4096 MB ,128 Bit ,112GB/sec,1750 MHz,"
08-Aug-2016 ",No,GDDR5
Radeon RX 460 Asus ROG Strix Gaming 4GB,ATI,75 Watts,4096 MB ,128 Bit ,112GB/sec,1750 MHz,"
08-Aug-2016 ",No,GDDR5
Radeon RX 460 ASUS DUAL OC 2GB,ATI,75 Watts,2048 MB ,128 Bit ,112GB/sec,1750 MHz,"
08-Aug-2016 ",No,GDDR5
Radeon RX 460 PowerColor Red Dragon 4GB,ATI,75 Watts,4096 MB ,128 Bit ,112GB/sec,1750 MHz,"
08-Aug-2016 ",No,GDDR5
Radeon RX 460 ASUS DUAL 2GB,ATI,75 Watts,2048 MB ,128 Bit ,112GB/sec,1750 MHz,"
08-Aug-2016 ",No,GDDR5
Radeon R7 240 PowerColor OC 2GB Edition,AMD,30 Watts,2048 MB ,128 Bit ,28.8GB/sec,900 MHz,"
08-Oct-2013 ",No,DDR3
Radeon RX 460 2GB,ATI,75 Watts,,,,1750 MHz,"
08-Aug-2016 ",No,
Radeon R7 240 MSI OC 2GB Edition,AMD,35 Watts,2048 MB ,128 Bit ,28.8GB/sec,900 MHz,"
16-Oct-2013 ",No,DDR3
Radeon RX 460 4GB,ATI,75 Watts,,,,1750 MHz,"
08-Aug-2016 ",No,
Radeon R7 240 Asus Low Profile 2GB Edition,AMD,35 Watts,2048 MB ,128 Bit ,28.8GB/sec,900 MHz,"
08-Oct-2013 ",No,DDR3
Radeon R7 240 2GB,AMD,30 Watts,2048 MB ,128 Bit ,28.8GB/sec,900 MHz,"
08-Oct-2013 ",No,DDR3
Radeon R7 240 Gigabyte OC 2GB Edition,AMD,30 Watts,2048 MB ,128 Bit ,28.8GB/sec,900 MHz,"
09-Oct-2013 ",No,DDR3
Radeon R7 240 MSI Low Profile 4GB Edition,AMD,35 Watts,4096 MB ,128 Bit ,28.8GB/sec,900 MHz,"
16-Oct-2013 ",No,DDR3
Radeon R7 240 Asus Low Profile OC 4GB Edition,AMD,35 Watts,4096 MB ,128 Bit ,28.8GB/sec,900 MHz,"
08-Oct-2013 ",No,DDR3
Radeon R7 240 Asus 1GB Edition,AMD,30 Watts,1024 MB ,128 Bit ,25.6GB/sec,800 MHz,"
08-Oct-2013 ",No,DDR3
Radeon R7 240 MSI Low Profile 2GB Edition,AMD,35 Watts,2048 MB ,128 Bit ,28.8GB/sec,900 MHz,"
16-Oct-2013 ",No,DDR3
Radeon R5 235,AMD,35 Watts,1024 MB ,64 Bit ,14.4GB/sec,900 MHz,"
21-Dec-2013 ",No,DDR3
Radeon R5 235X,AMD,37 Watts,1024 MB ,64 Bit ,14.4GB/sec,900 MHz,"
21-Dec-2013 ",No,DDR3
Radeon R5 230 Sapphire Flex 1GB Edition,AMD,19 Watts,1024 MB ,64 Bit ,12.8GB/sec,800 MHz,"
03-Apr-2014 ",No,DDR3
Radeon R5 230 Sapphire 2GB Edition,AMD,19 Watts,2048 MB ,64 Bit ,10.7GB/sec,667 MHz,"
03-Apr-2014 ",No,DDR3
Radeon R5 230 Sapphire 1GB Edition,AMD,19 Watts,1024 MB ,64 Bit ,10.7GB/sec,667 MHz,"
03-Apr-2014 ",No,DDR3
Radeon R5 230 MSI 2GB Edition,AMD,19 Watts,2048 MB ,64 Bit ,8GB/sec,500 MHz,"
03-Apr-2014 ",No,DDR3
Radeon R5 230 MSI 1GB Edition,AMD,19 Watts,1024 MB ,64 Bit ,8GB/sec,500 MHz,"
03-Apr-2014 ",No,DDR3
Radeon R5 230 HIS Silence 2GB Edition,AMD,19 Watts,2048 MB ,64 Bit ,8GB/sec,500 MHz,"
03-Apr-2014 ",No,DDR3
Radeon R5 230 PowerColor 1GB Edition,AMD,19 Watts,1024 MB ,64 Bit ,10.7GB/sec,667 MHz,"
03-Apr-2014 ",No,DDR3
Radeon R5 230 Asus Silent 2GB Edition,AMD,19 Watts,2048 MB ,64 Bit ,9.6GB/sec,600 MHz,"
03-Apr-2014 ",No,DDR3
Radeon R5 230,AMD,19 Watts,1024 MB ,64 Bit ,8.5GB/sec,533 MHz,"
03-Apr-2014 ",No,DDR3
Radeon R5 230 Gigabyte 1GB Edition,AMD,19 Watts,1024 MB ,64 Bit ,8.5GB/sec,533 MHz,"
03-Apr-2014 ",No,DDR3
Radeon Pro Duo 32GB,ATI,250 Watts,32000 MB ,256 Bit ,512GB/sec,2000 MHz,"
25-Apr-2017 ",No,GDDR5
Radeon X850 XT,AMD,,256 MB ,256 Bit ,69.1GB/sec,1080 MHz,"
01-Dec-2004 ",No,GDDR3
Radeon R5 230 Asus Silent 1GB Edition,AMD,19 Watts,1024 MB ,64 Bit ,9.6GB/sec,600 MHz,"
03-Apr-2014 ",No,DDR3
Radeon X850 Series,AMD,,256 MB ,256 Bit ,69.1GB/sec,1080 MHz,"
01-Dec-2004 ",No,GDDR3
Radeon X800 XT,AMD,,256 MB ,256 Bit ,64GB/sec,1000 MHz,"
01-Dec-2004 ",No,GDDR3
Radeon R5 240 v1,AMD,30 Watts,1024 MB ,64 Bit ,16GB/sec,1000 MHz,"
21-Apr-2013 ",No,GDDR3
Radeon R5 220,AMD,19 Watts,1024 MB ,64 Bit ,8.5GB/sec,533 MHz,"
21-Dec-2013 ",No,DDR3
Radeon X800 XT Platinum,AMD,,256 MB ,256 Bit ,71.7GB/sec,1120 MHz,"
02-Jan-2004 ",No,GDDR3
Radeon X800 GTO,AMD,,256 MB ,256 Bit ,62.7GB/sec,980 MHz,"
15-Nov-2005 ",No,GDDR3
Radeon X800 SE,AMD,,256 MB ,256 Bit ,51.2GB/sec,800 MHz,"
16-Oct-2004 ",No,GDDR3
Radeon X800 XL,AMD,,256 MB ,512 Bit ,125.4GB/sec,980 MHz,"
01-Dec-2004 ",No,GDDR3
Radeon X600 Series,AMD,,128 MB ,128 Bit ,9.6GB/sec,600 MHz,"
21-Jun-2004 ",No,DDR
Radeon X300 Series,AMD,,128 MB ,128 Bit ,6.4GB/sec,400 MHz,"
01-Jun-2004 ",No,DDR
Radeon X800 Pro,AMD,,256 MB ,256 Bit ,57.6GB/sec,900 MHz,"
05-May-2004 ",No,GDDR3
Radeon X550 Series,AMD,,256 MB ,128 Bit ,8GB/sec,500 MHz,"
21-Jun-2005 ",No,DDR
Radeon X800 GT,AMD,,256 MB ,256 Bit ,62.7GB/sec,980 MHz,"
01-Sep-2005 ",No,GDDR3
Radeon RX Vega 64 Air 8GB,AMD,295 Watts,8192 MB ,512 Bit ,256GB/sec,500 MHz,"
30-Jul-2017 ",No,HBM-2
Radeon RX 460 HIS Slim-iCooler OC 4GB,ATI,75 Watts,4096 MB ,,,1750 MHz,"
29-Nov-2016 ",No,
Radeon X700 Series,AMD,,128 MB ,128 Bit ,11.2GB/sec,700 MHz,"
02-Jan-2004 ",No,DDR
Radeon RX 580 XFX GTS XXX 8GB,AMD,150 Watts,8192 MB ,128 Bit ,256GB/sec,2000 MHz,"
18-Apr-2017 ",No,GDDR5
Rage 128 Ultra 16MB,AMD,,16 MB ,64 Bit ,1GB/sec,130 MHz,"
01-Aug-1998 ",No,DDR
Radeon RX 580 XFX GTS Black 8GB,AMD,150 Watts,8192 MB ,128 Bit ,256GB/sec,2000 MHz,"
18-Apr-2017 ",No,GDDR5
Radeon RX 580 XFX GTS XXX 4GB,AMD,150 Watts,4096 MB ,128 Bit ,224GB/sec,1750 MHz,"
18-Apr-2017 ",No,GDDR5
Rage 128 Pro,AMD,,32 MB ,128 Bit ,2.3GB/sec,143 MHz,"
01-Aug-1999 ",No,DDR
Radeon RX 580 XFX GTS Black Core 8GB,AMD,150 Watts,8192 MB ,128 Bit ,256GB/sec,2000 MHz,"
18-Apr-2017 ",No,GDDR5
Radeon RX 580 XFX GTR Black 8GB,AMD,150 Watts,8192 MB ,128 Bit ,256GB/sec,2000 MHz,"
18-Apr-2017 ",No,GDDR5
Radeon RX 580 XFX GTR XXX 8GB,AMD,150 Watts,8192 MB ,128 Bit ,256GB/sec,2000 MHz,"
18-Apr-2017 ",No,GDDR5
Radeon RX 580 Sapphire Pulse 8GB,AMD,150 Watts,8192 MB ,128 Bit ,256GB/sec,2000 MHz,"
18-Apr-2017 ",No,GDDR5
Radeon RX 580 VisionTek OC 8GB,AMD,150 Watts,8192 MB ,128 Bit ,256GB/sec,2000 MHz,"
18-Apr-2017 ",No,GDDR5
Radeon RX 580 Sapphire Pulse 4GB,AMD,150 Watts,8192 MB ,128 Bit ,224GB/sec,1750 MHz,"
18-Apr-2017 ",No,GDDR5
Radeon RX 580 XFX GTR-S Black 8GB,AMD,150 Watts,8192 MB ,128 Bit ,256GB/sec,2000 MHz,"
18-Apr-2017 ",No,GDDR5
Radeon RX 580 Sapphire Nitro+ 4GB,AMD,150 Watts,8192 MB ,128 Bit ,224GB/sec,1750 MHz,"
18-Apr-2017 ",No,GDDR5
Radeon RX 580 Sapphire Nitro+ Limited 8GB,AMD,150 Watts,8192 MB ,128 Bit ,256GB/sec,2000 MHz,"
18-Apr-2017 ",No,GDDR5
Radeon RX 580 PowerColor Red Dragon 4GB,AMD,150 Watts,4096 MB ,128 Bit ,224GB/sec,1750 MHz,"
18-Apr-2017 ",No,GDDR5
Radeon RX 580 PowerColor Red Dragon 8GB,AMD,150 Watts,8192 MB ,128 Bit ,256GB/sec,2000 MHz,"
18-Apr-2017 ",No,GDDR5
Radeon RX 580 PowerColor Red Devil Golden Sample 8GB,AMD,150 Watts,8192 MB ,128 Bit ,256GB/sec,2000 MHz,"
18-Apr-2017 ",No,GDDR5
Radeon RX 580 MSI Gaming X+ 8GB,AMD,150 Watts,8192 MB ,128 Bit ,256GB/sec,2000 MHz,"
18-Apr-2017 ",No,GDDR5
Radeon RX 580 Sapphire Nitro+ 8GB,AMD,150 Watts,8192 MB ,128 Bit ,256GB/sec,2000 MHz,"
18-Apr-2017 ",No,GDDR5
Radeon RX 580 MSI Gaming X 4GB,AMD,150 Watts,4096 MB ,128 Bit ,224GB/sec,1750 MHz,"
18-Apr-2017 ",No,GDDR5
Radeon RX 580 MSI Gaming X 8GB,AMD,150 Watts,8192 MB ,128 Bit ,256GB/sec,2000 MHz,"
18-Apr-2017 ",No,GDDR5
Radeon RX 580 PowerColor Red Devil 8GB,AMD,150 Watts,8192 MB ,128 Bit ,256GB/sec,2000 MHz,"
18-Apr-2017 ",No,GDDR5
Radeon RX 580 MSI Armor OC 4GB,AMD,150 Watts,4096 MB ,128 Bit ,224GB/sec,1750 MHz,"
18-Apr-2017 ",No,GDDR5
Radeon RX 580 MSI Armor OC 8GB,AMD,150 Watts,8192 MB ,128 Bit ,256GB/sec,2000 MHz,"
18-Apr-2017 ",No,GDDR5
Radeon RX 580 MSI Armor 4GB,AMD,150 Watts,4096 MB ,128 Bit ,224GB/sec,1750 MHz,"
18-Apr-2017 ",No,GDDR5
Radeon RX 580 HIS IceQ X2 Roaring Turbo 8GB,AMD,150 Watts,8192 MB ,128 Bit ,256GB/sec,2000 MHz,"
18-Apr-2017 ",No,GDDR5
Radeon RX 580 MSI Armor 8GB,AMD,150 Watts,8192 MB ,128 Bit ,256GB/sec,2000 MHz,"
18-Apr-2017 ",No,GDDR5
Radeon RX 580 Gigabyte Gaming 8GB,AMD,150 Watts,8192 MB ,128 Bit ,256GB/sec,2000 MHz,"
18-Apr-2017 ",No,GDDR5
Radeon RX 580 HIS IceQ X2 Turbo 8GB,AMD,150 Watts,8192 MB ,128 Bit ,256GB/sec,2000 MHz,"
18-Apr-2017 ",No,GDDR5
Radeon RX 580 HIS IceQ X2 OC 4GB,AMD,150 Watts,4096 MB ,128 Bit ,224GB/sec,1750 MHz,"
18-Apr-2017 ",No,GDDR5
Radeon RX 580 Gigabyte Gaming 4GB,AMD,150 Watts,4096 MB ,128 Bit ,224GB/sec,1750 MHz,"
18-Apr-2017 ",No,GDDR5
Radeon RX 580 Gigabyte Aorus XTR 8GB,AMD,150 Watts,8192 MB ,128 Bit ,256GB/sec,2000 MHz,"
18-Apr-2017 ",No,GDDR5
Radeon RX 580 HIS IceQ X2 OC 8GB,AMD,150 Watts,8192 MB ,128 Bit ,256GB/sec,2000 MHz,"
18-Apr-2017 ",No,GDDR5
Radeon RX 580 Gigabyte Aorus 4GB,AMD,150 Watts,4096 MB ,128 Bit ,224GB/sec,1750 MHz,"
18-Apr-2017 ",No,GDDR5
Radeon RX 580 Asus ROG Strix Gaming OC 8GB,AMD,150 Watts,8192 MB ,128 Bit ,256GB/sec,2000 MHz,"
18-Apr-2017 ",No,GDDR5
Radeon RX 580 Asus Dual 8GB,AMD,150 Watts,8192 MB ,128 Bit ,256GB/sec,2000 MHz,"
18-Apr-2017 ",No,GDDR5
Radeon RX 580 Asus ROG Strix Gaming 8GB,AMD,150 Watts,8192 MB ,128 Bit ,256GB/sec,2000 MHz,"
18-Apr-2017 ",No,GDDR5
Radeon RX 580 Gigabyte Aorus 8GB,AMD,150 Watts,8192 MB ,128 Bit ,256GB/sec,2000 MHz,"
18-Apr-2017 ",No,GDDR5
Radeon RX 580 Asus ROG Strix TOP 8GB,AMD,150 Watts,8192 MB ,128 Bit ,256GB/sec,2000 MHz,"
18-Apr-2017 ",No,GDDR5
Radeon RX 580 4GB,AMD,150 Watts,4096 MB ,128 Bit ,224GB/sec,1750 MHz,"
18-Apr-2017 ",No,GDDR5
Radeon RX 570 Sapphire Nitro+ 8GB,AMD,195 Watts,8192 MB ,128 Bit ,224GB/sec,1750 MHz,"
18-Apr-2017 ",No,GDDR5
Radeon RX 570 Sapphire Nitro+ 4GB,AMD,195 Watts,4096 MB ,128 Bit ,224GB/sec,1750 MHz,"
18-Apr-2017 ",No,GDDR5
Radeon RX 570 Sapphire Pulse 4GB,AMD,120 Watts,4096 MB ,128 Bit ,224GB/sec,1750 MHz,"
18-Apr-2017 ",No,GDDR5
Radeon RX 580 8GB,AMD,150 Watts,8192 MB ,128 Bit ,256GB/sec,2000 MHz,"
18-Apr-2017 ",No,GDDR5
Radeon RX 570 MSI Gaming X 4GB,AMD,120 Watts,4096 MB ,128 Bit ,224GB/sec,1750 MHz,"
18-Apr-2017 ",No,GDDR5
Radeon RX 570 MSI Gaming X 8GB,AMD,120 Watts,8192 MB ,128 Bit ,224GB/sec,1750 MHz,"
18-Apr-2017 ",No,GDDR5
Radeon RX 570 PowerColor Red Dragon 4GB,AMD,120 Watts,4096 MB ,128 Bit ,224GB/sec,1750 MHz,"
18-Apr-2017 ",No,GDDR5
Radeon RX 570 PowerColor Red Devil 4GB,AMD,120 Watts,4096 MB ,128 Bit ,224GB/sec,1750 MHz,"
18-Apr-2017 ",No,GDDR5
Radeon RX 570 Sapphire Pulse ITX 4GB,AMD,120 Watts,4096 MB ,128 Bit ,224GB/sec,1750 MHz,"
18-Apr-2017 ",No,GDDR5
Radeon RX 570 MSI Gaming 4GB,AMD,120 Watts,4096 MB ,128 Bit ,224GB/sec,1750 MHz,"
18-Apr-2017 ",No,GDDR5
Radeon RX 570 MSI Gaming 8GB,AMD,120 Watts,8192 MB ,128 Bit ,224GB/sec,1750 MHz,"
18-Apr-2017 ",No,GDDR5
Radeon RX 570 MSI Armor OC 8GB,AMD,120 Watts,8192 MB ,128 Bit ,224GB/sec,1750 MHz,"
18-Apr-2017 ",No,GDDR5
Radeon RX 570 MSI Armor OC 4GB,AMD,120 Watts,4096 MB ,128 Bit ,224GB/sec,1750 MHz,"
18-Apr-2017 ",No,GDDR5
Radeon RX 570 MSI Armor 8GB,AMD,120 Watts,8192 MB ,128 Bit ,224GB/sec,1750 MHz,"
18-Apr-2017 ",No,GDDR5
Radeon RX 570 HIS IceQ X2 OC 4GB,AMD,120 Watts,4096 MB ,128 Bit ,224GB/sec,1750 MHz,"
18-Apr-2017 ",No,GDDR5
Radeon RX 570 Dataland X-Serial 4GB,AMD,120 Watts,4096 MB ,128 Bit ,224GB/sec,1750 MHz,"
18-Apr-2017 ",No,GDDR5
Radeon RX 570 Gigabyte Aorus 4GB,AMD,120 Watts,4096 MB ,128 Bit ,224GB/sec,1750 MHz,"
18-Apr-2017 ",No,GDDR5
Radeon RX 570 MSI Armor 4GB,AMD,120 Watts,4096 MB ,128 Bit ,224GB/sec,1750 MHz,"
18-Apr-2017 ",No,GDDR5
Radeon RX 570 Gigabyte Gaming 4GB,AMD,120 Watts,4096 MB ,128 Bit ,224GB/sec,1750 MHz,"
18-Apr-2017 ",No,GDDR5
Radeon RX 570 Asus ROG Strix Gaming OC 4GB,AMD,120 Watts,4096 MB ,128 Bit ,224GB/sec,1750 MHz,"
18-Apr-2017 ",No,GDDR5
Radeon RX 570 Asus ROG Strix Gaming 4GB,AMD,120 Watts,4096 MB ,128 Bit ,224GB/sec,1750 MHz,"
18-Apr-2017 ",No,GDDR5
Radeon RX 570 Asus Expedition OC 4GB,AMD,120 Watts,4096 MB ,128 Bit ,224GB/sec,1750 MHz,"
18-Apr-2017 ",No,GDDR5
Radeon RX 570 8GB,AMD,120 Watts,8192 MB ,128 Bit ,224GB/sec,1750 MHz,"
18-Apr-2017 ",No,GDDR5
Radeon RX 570 4GB,AMD,120 Watts,4096 MB ,128 Bit ,224GB/sec,1750 MHz,"
18-Apr-2017 ",No,GDDR5
Radeon RX 570 Asus Expedition 4GB,AMD,120 Watts,4096 MB ,128 Bit ,224GB/sec,1750 MHz,"
18-Apr-2017 ",No,GDDR5
Radeon RX 560 Yeston Gaea 4GB,AMD,80 Watts,4096 MB ,128 Bit ,112GB/sec,1750 MHz,"
18-Apr-2017 ",No,GDDR5
Radeon RX 560 XFX Single Fan OC 4GB,AMD,80 Watts,4096 MB ,128 Bit ,112GB/sec,1750 MHz,"
18-Apr-2017 ",No,GDDR5
Radeon RX 560D 2GB,AMD,75 Watts,2048 MB ,,,1750 MHz,"
05-Jul-2017 ",No,
Radeon RX 560 XFX Double Dissipation OC 2GB,AMD,80 Watts,2048 MB ,128 Bit ,112GB/sec,1750 MHz,"
18-Apr-2017 ",No,GDDR5
Radeon RX 560 XFX Single Fan OC 2GB,AMD,80 Watts,2048 MB ,128 Bit ,112GB/sec,1750 MHz,"
18-Apr-2017 ",No,GDDR5
Radeon RX 560 XFX Double Dissipation OC 4GB,AMD,80 Watts,4096 MB ,128 Bit ,112GB/sec,1750 MHz,"
18-Apr-2017 ",No,GDDR5
Radeon RX 560 VisionTek Overclocked 2GB,AMD,80 Watts,2048 MB ,128 Bit ,112GB/sec,1750 MHz,"
18-Apr-2017 ",No,GDDR5
Radeon RX 560 Sapphire Pulse OC 2GB,AMD,80 Watts,2048 MB ,128 Bit ,112GB/sec,1750 MHz,"
18-Apr-2017 ",No,GDDR5
Radeon RX 560 XFX Slim Single Slot 2GB,AMD,80 Watts,2048 MB ,128 Bit ,112GB/sec,1750 MHz,"
18-Apr-2017 ",No,GDDR5
Radeon RX 560 Sapphire Pulse OC 4GB,AMD,80 Watts,4096 MB ,128 Bit ,112GB/sec,1750 MHz,"
18-Apr-2017 ",No,GDDR5
Radeon RX 560 Sapphire Pulse 4GB,AMD,45 Watts,4096 MB ,128 Bit ,112GB/sec,1750 MHz,"
18-Apr-2017 ",No,GDDR5
Radeon RX 560 PowerColor Red Dragon OC 4GB,AMD,80 Watts,4096 MB ,128 Bit ,112GB/sec,1750 MHz,"
18-Apr-2017 ",No,GDDR5
Radeon RX 560 PowerColor Red Dragon OC 2GB,AMD,80 Watts,2048 MB ,128 Bit ,112GB/sec,1750 MHz,"
18-Apr-2017 ",No,GDDR5
Radeon RX 560 Sapphire Pulse Mining 4GB,AMD,80 Watts,4096 MB ,128 Bit ,112GB/sec,1750 MHz,"
18-Apr-2017 ",No,GDDR5
Radeon RX 560 Kuroutoshikou 4GB,AMD,80 Watts,4096 MB ,128 Bit ,112GB/sec,1750 MHz,"
18-Apr-2017 ",No,GDDR5
Radeon RX 560 PowerColor Red Dragon OC V3 2GB,AMD,80 Watts,2048 MB ,128 Bit ,112GB/sec,1750 MHz,"
18-Apr-2017 ",No,GDDR5
Radeon RX 560 HIS iCooler OC 2GB,AMD,80 Watts,2048 MB ,128 Bit ,112GB/sec,1750 MHz,"
18-Apr-2017 ",No,GDDR5
Radeon RX 560 HIS Green iCooler OC 2GB,AMD,80 Watts,2048 MB ,128 Bit ,112GB/sec,1750 MHz,"
18-Apr-2017 ",No,GDDR5
Radeon RX 560 PowerColor Red Dragon V3 4GB,AMD,80 Watts,4096 MB ,128 Bit ,112GB/sec,1750 MHz,"
18-Apr-2017 ",No,GDDR5
Radeon RX 560 HIS Green iCooler OC 4GB,AMD,80 Watts,4096 MB ,128 Bit ,112GB/sec,1750 MHz,"
18-Apr-2017 ",No,GDDR5
Radeon RX 560 MSI Aero ITX OC 2GB,AMD,80 Watts,2048 MB ,128 Bit ,112GB/sec,1750 MHz,"
18-Apr-2017 ",No,GDDR5
Radeon RX 560 Dataland X-Serial War 4GB,AMD,75 Watts,4096 MB ,128 Bit ,112GB/sec,1750 MHz,"
18-Apr-2017 ",No,GDDR5
Radeon RX 560 Gigabyte Gaming OC 4GB,AMD,80 Watts,4096 MB ,128 Bit ,112GB/sec,1750 MHz,"
18-Apr-2017 ",No,GDDR5
Radeon RX 560 MSI Aero ITX OC 4GB,AMD,80 Watts,4096 MB ,128 Bit ,112GB/sec,1750 MHz,"
18-Apr-2017 ",No,GDDR5
Radeon RX 560 Gigabyte Gaming OC 2GB,AMD,80 Watts,2048 MB ,128 Bit ,112GB/sec,1750 MHz,"
18-Apr-2017 ",No,GDDR5
Radeon RX 560 Dataland X-Serial God of War 4GB,AMD,75 Watts,4096 MB ,128 Bit ,112GB/sec,1750 MHz,"
18-Apr-2017 ",No,GDDR5
Radeon RX 560 Asus ROG Strix Gaming 4GB,AMD,75 Watts,4096 MB ,128 Bit ,112GB/sec,1750 MHz,"
18-Apr-2017 ",No,GDDR5
Radeon RX 560 Dataland X-Serial War 2GB,AMD,80 Watts,2048 MB ,128 Bit ,112GB/sec,1750 MHz,"
18-Apr-2017 ",No,GDDR5
Radeon RX 560 Asus ROG Strix Gaming OC 4GB,AMD,75 Watts,4096 MB ,128 Bit ,112GB/sec,1750 MHz,"
18-Apr-2017 ",No,GDDR5
Radeon RX 560 Dataland X-Serial God of War 2GB,AMD,80 Watts,2048 MB ,128 Bit ,112GB/sec,1750 MHz,"
18-Apr-2017 ",No,GDDR5
Radeon RX 560 Asus Dual Fan OC 4GB,AMD,75 Watts,4096 MB ,128 Bit ,112GB/sec,1750 MHz,"
18-Apr-2017 ",No,GDDR5
Radeon RX 560 Asus Dual Fan 4GB,AMD,75 Watts,4096 MB ,128 Bit ,112GB/sec,1750 MHz,"
18-Apr-2017 ",No,GDDR5
Radeon RX 560 4GB,AMD,80 Watts,4096 MB ,128 Bit ,112GB/sec,1750 MHz,"
18-Apr-2017 ",No,GDDR5
Radeon RX 560 2GB,AMD,80 Watts,2048 MB ,128 Bit ,112GB/sec,1750 MHz,"
18-Apr-2017 ",No,GDDR5
Radeon RX 560 Asus Dual Fan OC 2GB,AMD,75 Watts,2048 MB ,128 Bit ,112GB/sec,1750 MHz,"
18-Apr-2017 ",No,GDDR5
Radeon RX 560 Asus Dual Fan 2GB,AMD,75 Watts,2048 MB ,128 Bit ,112GB/sec,1750 MHz,"
18-Apr-2017 ",No,GDDR5
Radeon RX 550 4GB [not released],AMD,75 Watts,4096 MB ,,,1750 MHz,"
18-Apr-2017 ",No,
Radeon RX 550 2GB [not released],AMD,75 Watts,2048 MB ,,,1750 MHz,"
18-Apr-2017 ",No,
Radeon Xpress 1150,AMD,,,64 Bit ,3.2GB/sec,400 MHz,"
01-Jun-2006 ",No,DDR
Radeon X1950 Pro,AMD,66 Watts,512 MB ,256 Bit ,44.2GB/sec,690 MHz,"
01-Oct-2006 ",No,GDDR3
Radeon X1950 XTX,AMD,125 Watts,512 MB ,256 Bit ,64GB/sec,1000 MHz,"
07-Oct-2006 ",No,GDDR4
Radeon X1950 XT,AMD,96 Watts,512 MB ,256 Bit ,57.6GB/sec,900 MHz,"
17-Oct-2006 ",No,GDDR3
Radeon Xpress 1100 128mb,AMD,,128 MB ,128 Bit ,,,"
01-May-2006 ",No,DDR2
Radeon X1900 XTX,AMD,135 Watts,512 MB ,256 Bit ,49.6GB/sec,775 MHz,"
01-Jan-2006 ",No,GDDR3
Radeon X1950 GT,AMD,57 Watts,256 MB ,256 Bit ,38.4GB/sec,600 MHz,"
29-Jan-2007 ",No,GDDR3
Radeon X1950 Series,AMD,,256 MB ,256 Bit ,64GB/sec,1000 MHz,"
02-Jan-2006 ",No,GDDR3
Radeon X1900 XT,AMD,100 Watts,256 MB ,256 Bit ,46.4GB/sec,725 MHz,"
01-Jan-2006 ",No,GDDR3
Radeon X1900 Series,AMD,,256 MB ,256 Bit ,64GB/sec,1000 MHz,"
02-Jan-2006 ",No,GDDR3
Radeon X1900 GT Rev. 2,AMD,75 Watts,256 MB ,256 Bit ,42.2GB/sec,660 MHz,"
01-Oct-2006 ",No,GDDR3
Radeon X1800 XL,AMD,70 Watts,256 MB ,256 Bit ,64GB/sec,500 MHz,"
01-Oct-2005 ",No,GDDR5
Radeon X1650 SE,AMD,42 Watts,512 MB ,128 Bit ,25.6GB/sec,800 MHz,"
02-Jan-2007 ",No,GDDR3
Radeon X1800 Series 256MB,AMD,,256 MB ,256 Bit ,44.8GB/sec,700 MHz,"
02-Jan-2005 ",No,GDDR3
Radeon X1800 XT,AMD,113 Watts,512 MB ,256 Bit ,44.8GB/sec,700 MHz,"
01-Oct-2005 ",No,GDDR3
Radeon X1800 GTO,AMD,48 Watts,256 MB ,256 Bit ,31.7GB/sec,495 MHz,"
01-Mar-2006 ",No,GDDR3
Radeon X1900 GT,AMD,75 Watts,256 MB ,256 Bit ,38.4GB/sec,600 MHz,"
01-May-2006 ",No,GDDR3
Radeon X1650 PRO ,AMD,44 Watts,256 MB ,128 Bit ,22.4GB/sec,700 MHz,"
23-Aug-2006 ",No,GDDR3
Radeon X1800 GTO²,AMD,48 Watts,512 MB ,256 Bit ,31.7GB/sec,495 MHz,"
01-Mar-2006 ",No,GDDR3
Radeon X1650 XT ,AMD,55 Watts,256 MB ,128 Bit ,22.4GB/sec,700 MHz,"
30-Oct-2010 ",No,GDDR3
Radeon X1650 GT,AMD,,128 MB ,128 Bit ,12.8GB/sec,400 MHz,"
01-May-2007 ",No,GDDR3
Radeon X1600,AMD,27 Watts,512 MB ,128 Bit ,12.8GB/sec,400 MHz,"
01-Jan-2007 ",No,DDR2
Radeon X1600 XT ,AMD,42 Watts,256 MB ,128 Bit ,22.1GB/sec,690 MHz,"
01-Oct-2005 ",No,GDDR3
Radeon X1650 PowerColor 256MB Edition,AMD,,256 MB ,64 Bit ,6.4GB/sec,400 MHz,"
01-Feb-2007 ",No,DDR2
Radeon X1600 Pro 512MB,AMD,41 Watts,512 MB ,128 Bit ,12.5GB/sec,390 MHz,"
01-Oct-2005 ",No,GDDR3
Radeon X1300 XT ,AMD,22 Watts,256 MB ,128 Bit ,12.8GB/sec,400 MHz,"
12-Aug-2006 ",No,DDR2
Radeon X1300 PRO,AMD,31 Watts,256 MB ,128 Bit ,6.4GB/sec,400 MHz,"
01-Nov-2006 ",No,DDR
Radeon X1050 256MB,AMD,24 Watts,256 MB ,128 Bit ,10.7GB/sec,333 MHz,"
01-Dec-2006 ",No,DDR2
Radeon X1200 128mb,AMD,,,64 Bit ,,,"
28-Feb-2007 ",No,DDR2
Radeon X1270,AMD,14 Watts,,64 Bit ,,,"
01-Feb-2007 ",No,DDR2
Radeon X1050 XT ,AMD,24 Watts,128 MB ,64 Bit ,1.6GB/sec,200 MHz,"
07-Dec-2006 ",No,DDR
Radeon X1300 LE ,AMD,,64 MB ,64 Bit ,2GB/sec,250 MHz,"
05-Oct-2005 ",No,DDR
Intel Q43 Express Chipset,Intel,,,,,,"
01-Aug-2008 ",No,DDR3
Radeon X1300 256MB,AMD,,256 MB ,128 Bit ,4GB/sec,250 MHz,"
01-Dec-2005 ",No,DDR
Radeon X1050,AMD,24 Watts,128 MB ,64 Bit ,5.3GB/sec,333 MHz,"
07-Dec-2006 ",No,DDR2
Intel G45 Express Chipset,Intel,24 Watts,,,,,"
01-Jun-2008 ",No,
Intel G41 Express Chipset,Intel,25 Watts,,,,,"
01-Sep-2008 ",No,DDR3
Intel G33 Express Chipset,Intel,19 Watts,,,,,"
01-Jun-2007 ",No,DDR3
Intel G43 Express Chipset,Intel,24 Watts,,,,,"
01-Aug-2008 ",No,DDR3
Intel 865G,Intel,13 Watts,,64 Bit ,,,"
01-May-2003 ",No,DDR
Intel G31 Express Chipset,Intel,17 Watts,,,,,"
01-Aug-2007 ",No,DDR3
Intel B43 Express Chipset,Intel,,,,,,"
01-Dec-2008 ",No,DDR3
Intel G35 Express Chipset,Intel,28 Watts,,,,,"
01-Aug-2007 ",No,DDR3
Intel 82915G,Intel,17 Watts,,,,,"
01-Jun-2004 ",No,
Intel 82845G,Intel,6 Watts,,64 Bit ,1.1GB/sec,133 MHz,"
01-May-2002 ",No,DDR
Intel 82945G,Intel,,,,,,"
01-May-2005 ",No,
Intel 845GV ,Intel,,,,,167 MHz,"
01-Oct-2002 ",No,
Radeon X1550,AMD,27 Watts,256 MB ,128 Bit ,12.8GB/sec,400 MHz,"
08-Jan-2007 ",No,DDR2
Intel GMA HD,Intel,45 Watts,,,,,"
25-Jan-2010 ",No,
Intel GMA X3100,Intel,,,,,,"
09-May-2007 ",No,
Intel HD Graphics P4600,Intel,84 Watts,,128 Bit ,25.6GB/sec,800 MHz,"
01-Jun-2013 ",No,DDR3
Intel GMA 3100,Intel,17 Watts,,,,,"
30-Jun-2007 ",No,
Intel HD Graphics P4700,Intel,86 Watts,,128 Bit ,25.6GB/sec,800 MHz,"
01-Jun-2013 ",No,DDR3
Intel HD Graphics P4000,Intel,,,128 Bit ,25.6GB/sec,800 MHz,"
01-Mar-2012 ",No,DDR3
Intel HD Graphics Desktop (Ivy Bridge),Intel,45 Watts,,128 Bit ,25.6GB/sec,800 MHz,"
01-Oct-2012 ",No,DDR3
Intel HD Graphics P3000,Intel,,,128 Bit ,21.3GB/sec,667 MHz,"
01-Apr-2011 ",No,DDR3
Intel HD Graphics 510 Desktop,Intel,47 Watts,,128 Bit ,34.1GB/sec,1067 MHz,"
01-Sep-2015 ",No,DDR4
Intel HD Graphics Desktop (Sandy Bridge),Intel,65 Watts,,128 Bit ,25.6GB/sec,800 MHz,"
01-May-2011 ",No,DDR3
Intel HD Graphics 610,Intel,15 Watts,,128 Bit ,34.1GB/sec,1066 MHz,"
01-Jan-2017 ",No,DDR4
Intel HD Graphics Desktop (Bay Trail),Intel,10 Watts,,128 Bit ,21.3GB/sec,667 MHz,"
11-Sep-2013 ",No,DDR3
Intel HD Graphics 530 Desktop,Intel,91 Watts,,128 Bit ,34.1GB/sec,1067 MHz,"
05-Aug-2015 ",No,DDR4
Intel HD Graphics 4600 Desktop,Intel,88 Watts,,128 Bit ,25.6GB/sec,800 MHz,"
03-Jun-2013 ",No,DDR3
Intel HD Graphics 4400 Desktop,Intel,,,128 Bit ,25.6GB/sec,800 MHz,"
05-Jun-2013 ",No,DDR3
Intel HD Graphics 4200 Desktop,Intel,20 Watts,,128 Bit ,25.6GB/sec,800 MHz,"
01-Jul-2013 ",No,DDR3
Intel HD Graphics Desktop (Haswell),Intel,4 Watts,,128 Bit ,25.6GB/sec,800 MHz,"
01-Jun-2013 ",No,DDR3
Intel HD Graphics 4000 Desktop,Intel,77 Watts,,128 Bit ,25.6GB/sec,800 MHz,"
23-Mar-2012 ",No,DDR3
Intel HD Graphics 2500 Desktop,Intel,,,64 Bit ,12.8GB/sec,800 MHz,"
01-Apr-2012 ",No,DDR3
Intel HD Graphics 3000 Desktop,Intel,95 Watts,,128 Bit ,21.3GB/sec,667 MHz,"
01-Feb-2011 ",No,DDR3
Intel 915GM/GMS,Intel,,,,,,"
01-Mar-2003 ",No,
Intel 945GM Express Family,Intel,,,,,,"
01-Mar-2005 ",No,
Intel 945 Express Family,Intel,,,,,,"
01-Mar-2005 ",No,
HD i3 6100,Intel,47 Watts,,128 Bit ,34.1GB/sec,1067 MHz,"
01-Sep-2015 ",No,DDR4
Intel HD Graphics 2000 Desktop,Intel,95 Watts,,128 Bit ,21.3GB/sec,667 MHz,"
01-Feb-2011 ",No,DDR3
HD i3 6300,Intel,47 Watts,,128 Bit ,34.1GB/sec,1067 MHz,"
01-Sep-2015  ",No,DDR4
Intel GMA 3000,Intel,,,64 Bit ,6.4GB/sec,400 MHz,"
01-Jul-2006 ",No,DDR2
HD i3 560,Intel,,,64 Bit ,10.7GB/sec,667 MHz,"
30-May-2010 ",No,DDR3
HD i3 540,Intel,,,64 Bit ,10.7GB/sec,667 MHz,"
30-Mar-2010 ",No,DDR3
HD i3 6320,Intel,47 Watts,,128 Bit ,34.1GB/sec,1067 MHz,"
01-Sep-2015 ",No,DDR4
HD i3 2130,Intel,,,128 Bit ,21.3GB/sec,667 MHz,"
04-Sep-2011 ",No,DDR3
HD i3 550,Intel,,,64 Bit ,10.7GB/sec,667 MHz,"
30-May-2010 ",No,DDR3
HD i3 2125,Intel,,,64 Bit ,10.7GB/sec,667 MHz,"
04-Sep-2011 ",No,DDR3
HD i3 530,Intel,,,64 Bit ,10.7GB/sec,667 MHz,"
30-Mar-2010 ",No,DDR3
HD i3 2100T,Intel,35 Watts,,64 Bit ,10.7GB/sec,667 MHz,"
30-Mar-2011 ",No,DDR3
Intel HD Pentium G630T,Intel,,,128 Bit ,17.1GB/sec,533 MHz,"
01-Sep-2011 ",No,DDR3
HD i3 2120,Intel,65 Watts,,64 Bit ,10.7GB/sec,667 MHz,"
20-Feb-2011 ",No,DDR3
Intel HD Pentium G840,Intel,,,64 Bit ,10.7GB/sec,667 MHz,"
22-May-2011 ",No,DDR3
HD i3 2100,Intel,65 Watts,,128 Bit ,21.3GB/sec,667 MHz,"
30-Mar-2011 ",No,DDR3
HD i3 2105,Intel,65 Watts,,64 Bit ,10.7GB/sec,667 MHz,"
30-Mar-2011 ",No,DDR3
Intel HD Pentium G620T,Intel,,,128 Bit ,17.1GB/sec,533 MHz,"
01-May-2011 ",No,DDR3
HD i3 6300T,Intel,35 Watts,,128 Bit ,34.1GB/sec,1067 MHz,"
01-Sep-2015 ",No,DDR4
Intel HD Pentium G630,Intel,,,128 Bit ,17.1GB/sec,533 MHz,"
01-Sep-2011 ",No,DDR3
HD i7 6700,Intel,65 Watts,,128 Bit ,34.1GB/sec,1067 MHz,"
01-Sep-2015 ",No,DDR4
HD i7 6700K,Intel,91 Watts,,128 Bit ,34.1GB/sec,1067 MHz,"
05-Aug-2015 ",No,DDR4
HD i7 6700T,Intel,35 Watts,,128 Bit ,34.1GB/sec,1067 MHz,"
01-Sep-2015 ",No,DDR4
HD i7 3770T,Intel,77 Watts,,128 Bit ,25.6GB/sec,800 MHz,"
29-Apr-2012 ",No,DDR3
HD i7 4790K,Intel,88 Watts,,128 Bit ,25.6GB/sec,800 MHz,"
22-Jun-2014 ",No,DDR3
HD i7 3770K,Intel,77 Watts,,128 Bit ,25.6GB/sec,800 MHz,"
29-Apr-2012 ",No,DDR3
HD i7 3770S,Intel,77 Watts,,128 Bit ,25.6GB/sec,800 MHz,"
29-Apr-2012 ",No,DDR3
HD i7 2600,Intel,95 Watts,,128 Bit ,21.3GB/sec,667 MHz,"
09-Jan-2011 ",No,DDR3
HD i7 3770,Intel,77 Watts,,128 Bit ,25.6GB/sec,800 MHz,"
29-Apr-2012 ",No,DDR3
HD i7 2600K,Intel,95 Watts,,128 Bit ,21.3GB/sec,667 MHz,"
09-Jan-2011 ",No,DDR3
HD i7 2700K,Intel,95 Watts,,128 Bit ,21.3GB/sec,667 MHz,"
23-Oct-2011 ",No,DDR3
HD i3 3220,Intel,8 Watts,,128 Bit ,25.6GB/sec,800 MHz,"
01-Sep-2012 ",No,DDR3
Intel HD Pentium G4400T,Intel,35 Watts,,128 Bit ,34.1GB/sec,1067 MHz,"
01-Sep-2015 ",No,DDR4
HD i7 2600S,Intel,95 Watts,,128 Bit ,21.3GB/sec,667 MHz,"
09-Jan-2011 ",No,DDR3
Intel HD Pentium G4400,Intel,47 Watts,,128 Bit ,34.1GB/sec,1067 MHz,"
01-Sep-2015 ",No,DDR4
Intel HD Pentium G4500,Intel,47 Watts,,128 Bit ,34.1GB/sec,1067 MHz,"
01-Sep-2015 ",No,DDR4
Intel HD Pentium G1620,Intel,55 Watts,,128 Bit ,21.3GB/sec,667 MHz,"
22-Jan-2013 ",No,DDR3
HD i5 6402P,Intel,65 Watts,,128 Bit ,34.1GB/sec,1067 MHz,"
27-Dec-2015 ",No,DDR4
HD i5 670,Intel,73 Watts,,64 Bit ,10.7GB/sec,667 MHz,"
30-Mar-2010 ",No,DDR3
HD i5 680,Intel,73 Watts,,64 Bit ,10.7GB/sec,667 MHz,"
30-May-2010 ",No,DDR3
HD i5 6600T,Intel,65 Watts,,128 Bit ,34.1GB/sec,1067 MHz,"
01-Sep-2015 ",No,DDR4
HD i5 6600,Intel,65 Watts,,128 Bit ,34.1GB/sec,1067 MHz,"
01-Sep-2015 ",No,DDR4
HD i5 6600K,Intel,91 Watts,,128 Bit ,34.1GB/sec,1067 MHz,"
05-Aug-2015 ",No,DDR4
HD i5 661,Intel,87 Watts,,64 Bit ,10.7GB/sec,667 MHz,"
30-Mar-2010 ",No,DDR3
HD i5 6500T,Intel,35 Watts,,128 Bit ,34.1GB/sec,1067 MHz,"
01-Sep-2015 ",No,DDR4
HD i5 655K,Intel,73 Watts,,64 Bit ,10.7GB/sec,667 MHz,"
30-Mar-2010 ",No,DDR3
HD i5 660,Intel,73 Watts,,64 Bit ,10.7GB/sec,667 MHz,"
30-Mar-2010 ",No,DDR3
HD i5 6400T,Intel,35 Watts,,128 Bit ,34.1GB/sec,1067 MHz,"
01-Sep-2015 ",No,DDR4
HD i5 6400,Intel,65 Watts,,128 Bit ,34.1GB/sec,1067 MHz,"
01-Sep-2015 ",No,DDR4
HD i5 6500,Intel,65 Watts,,128 Bit ,34.1GB/sec,1067 MHz,"
01-Sep-2015 ",No,DDR4
HD i5 2500,Intel,95 Watts,,64 Bit ,10.7GB/sec,667 MHz,"
30-Mar-2011 ",No,DDR3
HD i5 3550,Intel,,,64 Bit ,12.8GB/sec,800 MHz,"
01-Apr-2012 ",No,DDR3
HD i5 2400,Intel,95 Watts,,64 Bit ,10.7GB/sec,667 MHz,"
30-Mar-2011 ",No,DDR3
HD i5 2310,Intel,95 Watts,,64 Bit ,10.7GB/sec,667 MHz,"
30-May-2011 ",No,DDR3
HD i5 2320,Intel,,,64 Bit ,10.7GB/sec,667 MHz,"
04-Sep-2011 ",No,DDR3
HD i5 3570k,Intel,,,64 Bit ,12.8GB/sec,800 MHz,"
29-Apr-2012 ",No,DDR3
Iris Pro Graphics 6200 Desktop,Intel,65 Watts,128 MB ,128 Bit ,14.9GB/sec,933 MHz,"
02-Jun-2015 ",No,eDRAM
HD i5 2300,Intel,95 Watts,,64 Bit ,10.7GB/sec,667 MHz,"
30-Mar-2011 ",No,DDR3
Iris Pro Graphics 5200 Desktop,Intel,28 Watts,,128 Bit ,25.6GB/sec,800 MHz,"
03-Jun-2013 ",No,DDR3
HD i5 2405S,Intel,65 Watts,,64 Bit ,10.7GB/sec,667 MHz,"
30-May-2011 ",No,DDR3
HD i3 6308P,Intel,54 Watts,,128 Bit ,34.1GB/sec,1067 MHz,"
27-Dec-2015 ",No,DDR4
HD i5 2400S,Intel,65 Watts,,64 Bit ,10.7GB/sec,667 MHz,"
30-Mar-2011 ",No,DDR3
HD i5 650,Intel,73 Watts,,64 Bit ,10.7GB/sec,667 MHz,"
30-Mar-2010 ",No,DDR3
HD i5 2500K,Intel,95 Watts,,64 Bit ,10.7GB/sec,667 MHz,"
30-Mar-2011 ",No,DDR3
Iris Graphics 5100 Desktop,Intel,28 Watts,,128 Bit ,25.6GB/sec,800 MHz,"
29-Apr-2013 ",No,DDR3
Radeon HD 7990,AMD,375 Watts,6144 MB ,384 Bit ,576GB/sec,1500 MHz,"
23-Apr-2013 ",No,GDDR5
Radeon HD 7970 X2 Devil 13,AMD,500 Watts,6144 MB ,192 Bit ,264GB/sec,1375 MHz,"
30-Jul-2012 ",No,GDDR5
Radeon HD 8990 (OEM),AMD,375 Watts,6144 MB ,384 Bit ,576GB/sec,1500 MHz,"
24-Apr-2013 ",No,GDDR5
Quadro NVS 420,Nvidia,40 Watts,512 MB ,64 Bit ,11.2GB/sec,700 MHz,"
20-Jan-2009 ",No,GDDR3
Radeon HD 6990 Gigabyte 4GB Edition,AMD,,4096 MB ,512 Bit ,320GB/sec,1250 MHz,"
01-Mar-2011 ",No,GDDR5
Radeon HD 5450 1024MB,AMD,19 Watts,1024 MB ,64 Bit ,6.4GB/sec,400 MHz,"
04-Feb-2010 ",No,DDR3
Radeon HD 7970 XFX Black Edition,AMD,230 Watts,3072 MB ,384 Bit ,273.6GB/sec,1425 MHz,"
30-Jan-2012 ",No,GDDR5
Quadro NVS 310 PNY Low Profile Edition,Nvidia,20 Watts,512 MB ,64 Bit ,14GB/sec,875 MHz,"
01-Jun-2012 ",No,DDR3
Quadro FX 5800,Nvidia,189 Watts,4096 MB ,512 Bit ,102.4GB/sec,800 MHz,"
11-Nov-2008 ",No,GDDR3
Quadro NVS 450,Nvidia,35 Watts,512 MB ,64 Bit ,11.2GB/sec,700 MHz,"
01-Apr-2011 ",No,GDDR3
Quadro Plex 7000,Nvidia,600 Watts,12288 MB ,384 Bit ,288GB/sec,750 MHz,"
25-Jul-2011 ",No,GDDR5
GeForce 7025 nForce 630a,Nvidia,,,128 Bit ,,,"
01-Sep-2007 ",No,DDR2
GeForce 9800 GX2 SLI,Nvidia,385 Watts,2048 MB ,256 Bit ,256GB/sec,1000 MHz,"
01-Mar-2008 ",No,GDDR3
Quadro K6000,Nvidia,225 Watts,12288 MB ,384 Bit ,288.4GB/sec,1502 MHz,"
23-Jul-2013 ",No,GDDR5
Quadro M4000,Nvidia,120 Watts,8192 MB ,256 Bit ,192.3GB/sec,1502 MHz,"
29-Jun-2015 ",No,GDDR5
Vanta LT,Nvidia,,16 MB ,64 Bit ,800MB/sec,100 MHz,"
01-Mar-2000 ",No,DDR
Quadro K5200,Nvidia,150 Watts,8192 MB ,384 Bit ,192GB/sec,1000 MHz,"
22-Jul-2014 ",No,GDDR5
Quadro K5000,Nvidia,122 Watts,4096 MB ,256 Bit ,172.8GB/sec,1350 MHz,"
01-Aug-2012 ",No,GDDR5
Quadro K620,Nvidia,45 Watts,1024 MB ,128 Bit ,28.8GB/sec,900 MHz,"
22-Jul-2014 ",No,DDR3
Quadro K4200,Nvidia,108 Watts,4096 MB ,256 Bit ,172.8GB/sec,1350 MHz,"
22-Jul-2014 ",No,GDDR5
Quadro K2200,Nvidia,68 Watts,4096 MB ,128 Bit ,80GB/sec,1250 MHz,"
22-Jul-2014 ",No,GDDR5
Quadro K600 PNY 1GB Edition,Nvidia,41 Watts,1024 MB ,128 Bit ,29GB/sec,905 MHz,"
01-Mar-2013 ",No,DDR3
Quadro K600,Nvidia,41 Watts,1024 MB ,128 Bit ,29GB/sec,905 MHz,"
01-Mar-2013 ",No,DDR3
Quadro K420,Nvidia,41 Watts,1024 MB ,128 Bit ,28.8GB/sec,900 MHz,"
22-Jul-2014 ",No,DDR3
Quadro CX,Nvidia,150 Watts,1536 MB ,384 Bit ,76.8GB/sec,800 MHz,"
30-Oct-2008 ",No,GDDR3
Quadro 6000,Nvidia,204 Watts,6144 MB ,384 Bit ,143.4GB/sec,747 MHz,"
10-Dec-2010 ",No,GDDR5
Quadro 4000,Nvidia,142 Watts,2048 MB ,256 Bit ,89.9GB/sec,702 MHz,"
02-Nov-2010 ",No,GDDR5
Quadro 600,Nvidia,40 Watts,1024 MB ,128 Bit ,25.6GB/sec,800 MHz,"
01-Oct-2010 ",No,DDR3
Quadro 2000D,Nvidia,62 Watts,1024 MB ,128 Bit ,41.6GB/sec,650 MHz,"
05-Oct-2011 ",No,GDDR5
Quadro 410,Nvidia,38 Watts,512 MB ,64 Bit ,14.3GB/sec,891 MHz,"
07-Aug-2012 ",No,DDR3
Quadro 400,Nvidia,32 Watts,512 MB ,64 Bit ,12.8GB/sec,800 MHz,"
01-Jul-2011 ",No,DDR3
ION LE,Nvidia,20 Watts,,64 Bit ,8.5GB/sec,1066 MHz,"
03-Jun-2008 ",No,DDR
GeForce 9800 GTX+,Nvidia,141 Watts,512 MB ,256 Bit ,70.4GB/sec,1100 MHz,"
16-Jan-2009 ",No,GDDR3
GeForce 9800 GX2,Nvidia,197 Watts,1024 MB ,256 Bit ,128GB/sec,1000 MHz,"
01-Mar-2008 ",No,GDDR3
Quadro 2000,Nvidia,62 Watts,1024 MB ,128 Bit ,41.6GB/sec,650 MHz,"
24-Dec-2010 ",No,GDDR5
Quadro 5000,Nvidia,152 Watts,2560 MB ,320 Bit ,120GB/sec,750 MHz,"
23-Feb-2011 ",No,GDDR5
GeForce 8800 Ultra,Nvidia,172 Watts,768 MB ,384 Bit ,103.7GB/sec,1080 MHz,"
01-May-2007 ",No,GDDR3
GeForce 9800 GT 1GB SLI,Nvidia,200 Watts,2048 MB ,512 Bit ,115.2GB/sec,900 MHz,"
21-Jul-2008 ",No,GDDR3
GeForce 9800 GT Green Edition,Nvidia,75 Watts,512 MB ,256 Bit ,57.6GB/sec,900 MHz,"
15-Mar-2009 ",No,GDDR3
GeForce 9800 GTX SLI,Nvidia,280 Watts,1024 MB ,256 Bit ,140.8GB/sec,1100 MHz,"
01-Apr-2008 ",No,DDR3
GeForce 9800 GTX,Nvidia,140 Watts,512 MB ,256 Bit ,70.4GB/sec,1100 MHz,"
28-Mar-2008 ",No,GDDR3
GeForce 9800 GT,Nvidia,105 Watts,512 MB ,256 Bit ,57.6GB/sec,900 MHz,"
21-Jul-2008 ",No,GDDR3
GeForce 9600 GT Asus Magic HDMI 512MB Edition,Nvidia,50 Watts,512 MB ,256 Bit ,25.6GB/sec,400 MHz,"
01-Feb-2008 ",No,GDDR3
GeForce 9800 GT 1GB,Nvidia,105 Watts,1024 MB ,256 Bit ,57.6GB/sec,900 MHz,"
21-Jul-2008 ",No,GDDR3
GeForce 9600 GSO EVGA Dual-Slot 768MB Edition,Nvidia,84 Watts,768 MB ,192 Bit ,38.4GB/sec,800 MHz,"
01-May-2008 ",No,GDDR3
GeForce 9600 GT 512MB,Nvidia,95 Watts,512 MB ,256 Bit ,57.6GB/sec,900 MHz,"
01-Feb-2008 ",No,GDDR3
GeForce 9600 GSO 512MB,Nvidia,90 Watts,512 MB ,192 Bit ,43.2GB/sec,900 MHz,"
01-Oct-2008 ",No,GDDR3
GeForce 9500 GT,Nvidia,50 Watts,512 MB ,128 Bit ,25.6GB/sec,800 MHz,"
29-Jul-2008 ",No,GDDR3
GeForce 9600 GSO,Nvidia,84 Watts,384 MB ,192 Bit ,38.4GB/sec,800 MHz,"
01-May-2008 ",No,GDDR3
GeForce 9600 GS,Nvidia,,768 MB ,192 Bit ,24GB/sec,500 MHz,"
01-May-2008 ",No,DDR2
GeForce 9500 GS,Nvidia,,512 MB ,128 Bit ,16GB/sec,500 MHz,"
01-Jul-2008 ",No,DDR2
GeForce 9480,Nvidia,,,,,,"
01-Aug-2008 ",No,
GeForce 9600 GT 1GB,Nvidia,95 Watts,1024 MB ,256 Bit ,57.6GB/sec,900 MHz,"
21-Feb-2008 ",No,GDDR3
GeForce 9400 GT 1GB,Nvidia,50 Watts,1024 MB ,128 Bit ,12.8GB/sec,400 MHz,"
26-Aug-2008 ",No,DDR2
GeForce 9300 GS,Nvidia,,512 MB ,64 Bit ,8GB/sec,500 MHz,"
01-Jun-2008 ",No,DDR2
GeForce 9400,Nvidia,12 Watts,,,,,"
01-Oct-2008 ",No,
GeForce 9300,Nvidia,,,,,,"
01-Oct-2008 ",No,
GeForce 9200,Nvidia,,,,,,"
02-Jan-2008 ",No,
GeForce 7950 GX2,Nvidia,110 Watts,1024 MB ,256 Bit ,76.8GB/sec,600 MHz,"
01-Jun-2006 ",No,GDDR3
GeForce 9300 GE,Nvidia,,512 MB ,64 Bit ,8GB/sec,500 MHz,"
01-Jun-2008 ",No,DDR2
GeForce 9400 GT,Nvidia,50 Watts,512 MB ,128 Bit ,12.8GB/sec,400 MHz,"
27-Aug-2008 ",No,DDR2
GeForce 7950 GT,Nvidia,65 Watts,512 MB ,256 Bit ,44.8GB/sec,700 MHz,"
06-Aug-2006 ",No,GDDR3
GeForce 7900 GTX,Nvidia,84 Watts,512 MB ,256 Bit ,51.2GB/sec,800 MHz,"
01-Mar-2006 ",No,GDDR3
GeForce 7900 GS,Nvidia,49 Watts,256 MB ,256 Bit ,42.2GB/sec,660 MHz,"
01-Sep-2006 ",No,GDDR3
GeForce 7900 GT,Nvidia,49 Watts,256 MB ,256 Bit ,42.2GB/sec,660 MHz,"
01-Mar-2006 ",No,GDDR3
GeForce 7800 GTX,Nvidia,108 Watts,512 MB ,256 Bit ,54.4GB/sec,850 MHz,"
01-Jun-2005 ",No,GDDR3
GeForce 9100,Nvidia,40 Watts,,,,,"
02-Apr-2007 ",No,
GeForce 7900 GTO,Nvidia,81 Watts,512 MB ,256 Bit ,42.2GB/sec,660 MHz,"
01-Sep-2006 ",No,GDDR3
GeForce 7600 GT 256MB,Nvidia,40 Watts,256 MB ,128 Bit ,22.4GB/sec,700 MHz,"
01-Mar-2006 ",No,GDDR3
GeForce 7800 GT,Nvidia,65 Watts,256 MB ,256 Bit ,32GB/sec,500 MHz,"
01-Aug-2005 ",No,GDDR3
GeForce 7650 GS,Nvidia,,128 MB ,128 Bit ,12.8GB/sec,400 MHz,"
22-Mar-2006 ",No,DDR2
GeForce 7800 GS,Nvidia,49 Watts,256 MB ,256 Bit ,38.4GB/sec,600 MHz,"
01-Feb-2006 ",No,GDDR3
GeForce 7600 GS,Nvidia,27 Watts,256 MB ,128 Bit ,12.8GB/sec,400 MHz,"
 01-Mar-2006 ",No,DDR2
GeForce 7600 GS Asus Silent Edition,Nvidia,27 Watts,256 MB ,128 Bit ,25.6GB/sec,800 MHz,"
01-Jul-2006 ",No,DDR2
GeForce 7300 SE/7200 GS,Nvidia,,,64 Bit ,6.4GB/sec,400 MHz,"
22-Jan-2006 ",No,DDR2
GeForce 7300 GS 256MB,Nvidia,23 Watts,256 MB ,64 Bit ,6.4GB/sec,400 MHz,"
01-Jan-2006 ",No,DDR2
GeForce 7500 LE,Nvidia,,256 MB ,64 Bit ,5.2GB/sec,324 MHz,"
22-Mar-2006 ",No,DDR2
GeForce 7300 LE,Nvidia,23 Watts,256 MB ,64 Bit ,5.3GB/sec,333 MHz,"
01-Mar-2006 ",No,DDR2
GeForce 7300 GT,Nvidia,24 Watts,256 MB ,128 Bit ,10.4GB/sec,325 MHz,"
01-May-2006 ",No,DDR2
GeForce 7100,Nvidia,,256 MB ,64 Bit ,4.8GB/sec,300 MHz,"
01-Sep-2007 ",No,DDR2
GeForce 7050,Nvidia,,,64 Bit ,5.3GB/sec,334 MHz,"
01-Sep-2007 ",No,DDR2
GeForce 7050 PV nForce 630a,Nvidia,,,128 Bit ,,,"
30-Sep-2007 ",No,DDR2
GeForce 8800 GTS 640MB,Nvidia,143 Watts,640 MB ,320 Bit ,63.4GB/sec,792 MHz,"
01-Nov-2006 ",No,GDDR3
GeForce 7100 GS Inno3D 128MB Edition,Nvidia,,128 MB ,64 Bit ,2.8GB/sec,350 MHz,"
01-Jan-2005 ",No,GDDR2
GeForce 8800 GTX 768MB,Nvidia,158 Watts,768 MB ,384 Bit ,86.4GB/sec,900 MHz,"
01-Nov-2006 ",No,GDDR3
GeForce 7100 GS Inno3D 256MB Edition,Nvidia,,256 MB ,64 Bit ,4.3GB/sec,533 MHz,"
01-Jan-2005 ",No,GDDR2
ION,Nvidia,12 Watts,,,,,"
10-Jan-2010 ",No,
GeForce 8800 GTS 512MB,Nvidia,135 Watts,512 MB ,256 Bit ,51.2GB/sec,800 MHz,"
01-Dec-2007 ",No,GDDR3
GeForce 8800 GTS,Nvidia,143 Watts,320 MB ,320 Bit ,63.4GB/sec,792 MHz,"
01-Feb-2007 ",No,GDDR3
GeForce 8800 GTS 512MB SLI,Nvidia,270 Watts,1024 MB ,256 Bit ,102.4GB/sec,800 MHz,"
01-Dec-2007 ",No,GDDR3
GeForce 8800 GTS EVGA SSC 640MB Edition,Nvidia,143 Watts,640 MB ,320 Bit ,72GB/sec,900 MHz,"
01-Nov-2006 ",No,GDDR3
GeForce 8800 GT,Nvidia,105 Watts,512 MB ,256 Bit ,57.6GB/sec,900 MHz,"
29-Oct-2007 ",No,GDDR3
GeForce 8600 GT Inno3D 512MB GDDR2,Nvidia,47 Watts,512 MB ,128 Bit ,12.8GB/sec,400 MHz,"
01-Jun-2007 ",No,GDDR3
GeForce 8600 GTS 512MB,Nvidia,75 Watts,512 MB ,128 Bit ,32GB/sec,1000 MHz,"
01-Apr-2007 ",No,GDDR3
GeForce 8600 GTS 256MB,Nvidia,75 Watts,256 MB ,128 Bit ,32GB/sec,1000 MHz,"
01-Apr-2007 ",No,GDDR3
GeForce 8800 GS,Nvidia,105 Watts,384 MB ,192 Bit ,38.4GB/sec,800 MHz,"
01-Jan-2008 ",No,GDDR3
GeForce 8600 GT Asus Magic 512MB DDR2,Nvidia,75 Watts,512 MB ,128 Bit ,12.8GB/sec,400 MHz,"
01-Apr-2007 ",No,GDDR3
GeForce 8600 GT,Nvidia,47 Watts,256 MB ,128 Bit ,22.4GB/sec,700 MHz,"
01-Apr-2007 ",No,GDDR3
GeForce 8600 GT Inno3D 1GB GDDR2,Nvidia,,1024 MB ,128 Bit ,12.8GB/sec,400 MHz,"
01-Jun-2007 ",No,GDDR3
GeForce 8600 GT Inno3D 256MB GDDR2,Nvidia,,256 MB ,128 Bit ,12.8GB/sec,400 MHz,"
01-Jun-2007 ",No,GDDR3
GeForce 8600 GT 256MB DDR3 Fatal1ty Edition,Nvidia,,256 MB ,128 Bit ,27.2GB/sec,850 MHz,"
01-Jun-2007 ",No,GDDR3
GeForce 8600 GT 512MB GDDR3,Nvidia,46 Watts,512 MB ,128 Bit ,22.4GB/sec,700 MHz,"
01-Apr-2007 ",No,GDDR3
GeForce 8500 GT Inno3D 1GB Edition,Nvidia,30 Watts,1024 MB ,128 Bit ,12.8GB/sec,400 MHz,"
01-May-2007 ",No,DDR2
GeForce 8500 GT,Nvidia,30 Watts,256 MB ,128 Bit ,12.8GB/sec,400 MHz,"
01-Apr-2007 ",No,DDR2
GeForce 8600 GS,Nvidia,47 Watts,256 MB ,128 Bit ,12.8GB/sec,400 MHz,"
01-Apr-2007 ",No,DDR2
GeForce 8400 GS Rev. 4 EVGA 1GB Edition,Nvidia,40 Watts,1024 MB ,64 Bit ,9.6GB/sec,600 MHz,"
17-Apr-2007 ",No,DDR3
GeForce 8400 GS Rev. 4,Nvidia,40 Watts,512 MB ,64 Bit ,8GB/sec,500 MHz,"
17-Apr-2007 ",No,DDR3
GeForce 8300,Nvidia,,,64 Bit ,,,"
02-Jan-2008 ",No,DDR2
GeForce 8400 GS Rev. 3,Nvidia,25 Watts,512 MB ,64 Bit ,6.4GB/sec,400 MHz,"
12-Jul-2010 ",No,DDR2
GeForce 8200,Nvidia,,,,,800 MHz,"
02-Jan-2008 ",No,DDR2
GeForce 8400 GS,Nvidia,18 Watts,256 MB ,64 Bit ,6.4GB/sec,400 MHz,"
17-Apr-2007 ",No,DDR2
GeForce 8300 GS,Nvidia,40 Watts,512 MB ,64 Bit ,12.8GB/sec,800 MHz,"
01-Jul-2007 ",No,DDR2
Riva TNT2 Ultra,Nvidia,,32 MB ,128 Bit ,2.9GB/sec,183 MHz,"
15-Mar-1999 ",No,DDR
GeForce 8100 nForce 720a,Nvidia,,,,,800 MHz,"
17-Apr-2007 ",No,DDR2
GeForce 8400 GS Rev. 2,Nvidia,25 Watts,512 MB ,64 Bit ,6.4GB/sec,400 MHz,"
01-Dec-2007 ",No,DDR2
Riva TNT2 M64,Nvidia,,32 MB ,64 Bit ,1.2GB/sec,150 MHz,"
01-Oct-1999 ",No,DDR
Riva TNT2,Nvidia,,32 MB ,128 Bit ,2.4GB/sec,150 MHz,"
15-Mar-1999 ",No,DDR
Riva TNT2 Pro,Nvidia,,32 MB ,128 Bit ,2.7GB/sec,166 MHz,"
12-Oct-1999 ",No,DDR
Quadro NVS 300,Nvidia,18 Watts,512 MB ,64 Bit ,12.6GB/sec,790 MHz,"
01-Dec-2010 ",No,DDR3
Quadro NVS 310,Nvidia,20 Watts,512 MB ,64 Bit ,14GB/sec,875 MHz,"
01-Jun-2012 ",No,DDR3
Riva TNT,Nvidia,,16 MB ,128 Bit ,1.8GB/sec,110 MHz,"
23-Mar-1998 ",No,DDR
Quadro NVS 295,Nvidia,23 Watts,256 MB ,64 Bit ,11.2GB/sec,700 MHz,"
07-May-2009 ",No,GDDR3
Quadro NVS 290,Nvidia,21 Watts,256 MB ,64 Bit ,6.4GB/sec,400 MHz,"
04-Oct-2007 ",No,DDR2
Radeon HD 6990 Crossfire,AMD,750 Watts,8192 MB ,512 Bit ,640GB/sec,1250 MHz,"
01-Mar-2011 ",No,GDDR5
Quadro NVS 285,Nvidia,18 Watts,128 MB ,128 Bit ,4.4GB/sec,275 MHz,"
06-Jun-2006 ",No,DDR
Quadro NVS 280,Nvidia,,64 MB ,128 Bit ,,,"
01-Apr-2004 ",No,DDR
Radeon HD 6990,AMD,375 Watts,4096 MB ,256 Bit ,320GB/sec,1250 MHz,"
08-Mar-2011 ",No,GDDR5
Radeon HD 6990 Asus Edition,AMD,375 Watts,4096 MB ,512 Bit ,320GB/sec,1250 MHz,"
01-Mar-2011 ",No,GDDR5
Vanta 16MB,Nvidia,,,64 Bit ,,125 MHz,"
22-Mar-1999 ",No,
Radeon HD 6970 XXX Edition,AMD,250 Watts,2048 MB ,256 Bit ,179.2GB/sec,1400 MHz,"
01-Dec-2010 ",No,GDDR5
Radeon HD 6970 Sapphire Edition,AMD,250 Watts,2048 MB ,256 Bit ,176GB/sec,1375 MHz,"
01-Dec-2011 ",No,GDDR5
Radeon HD 6970 MSI Edition,AMD,250 Watts,2048 MB ,256 Bit ,176GB/sec,1375 MHz,"
01-Dec-2010 ",No,GDDR5
Radeon HD 6970 Sapphire Dual Fan 2GB Edition,AMD,250 Watts,2048 MB ,256 Bit ,176GB/sec,1375 MHz,"
26-Sep-2011 ",No,GDDR5
Radeon HD 6970 Lightning Edition,AMD,250 Watts,2048 MB ,256 Bit ,176GB/sec,1375 MHz,"
01-Dec-2010 ",No,GDDR5
Radeon HD 6970 PowerColor 2GB Edition,AMD,250 Watts,2048 MB ,256 Bit ,176GB/sec,1375 MHz,"
14-Dec-2010 ",No,GDDR5
Radeon HD 6970 HIS IceQ 2GB Edition,AMD,250 Watts,2048 MB ,256 Bit ,176GB/sec,1375 MHz,"
14-Dec-2010 ",No,GDDR5
Radeon HD 6970 CrossFire,AMD,550 Watts,2048 MB ,256 Bit ,352GB/sec,1375 MHz,"
15-Dec-2010 ",No,GDDR5
Radeon HD 6970,AMD,250 Watts,2048 MB ,256 Bit ,176GB/sec,1375 MHz,"
14-Dec-2010 ",No,GDDR5
Radeon HD 6970 Asus Edition,AMD,250 Watts,2048 MB ,256 Bit ,176GB/sec,1375 MHz,"
01-Dec-2010 ",No,GDDR5
Radeon HD 6950 XFX 2GB Edition,AMD,200 Watts,2048 MB ,256 Bit ,160GB/sec,1250 MHz,"
14-Dec-2010 ",No,GDDR5
Radeon HD 6950 Sapphire 2GB Edition,AMD,200 Watts,2048 MB ,256 Bit ,160GB/sec,1250 MHz,"
01-Dec-2010 ",No,GDDR5
Radeon HD 6950 Twin Frozr III Power Edition,AMD,,2048 MB ,256 Bit ,160GB/sec,1250 MHz,"
01-Oct-2010 ",No,GDDR5
Radeon HD 6950 Sapphire 1GB Edition,AMD,,1024 MB ,256 Bit ,160GB/sec,1250 MHz,"
01-Oct-2011 ",No,GDDR5
Radeon HD 6950 PowerColor 2GB Edition,AMD,200 Watts,2048 MB ,256 Bit ,160GB/sec,1250 MHz,"
01-Dec-2010 ",No,GDDR5
Radeon HD 6950 XFX Dual-Fan 2GB Edition,AMD,,2048 MB ,256 Bit ,160GB/sec,1250 MHz,"
01-Oct-2010 ",No,GDDR5
Radeon HD 6950 PowerColor 1GB Edition,AMD,200 Watts,1024 MB ,256 Bit ,160GB/sec,1250 MHz,"
01-Dec-2010 ",No,GDDR5
Radeon HD 6950 Crossfire,AMD,400 Watts,4096 MB ,256 Bit ,320GB/sec,1250 MHz,"
01-Oct-2010 ",No,GDDR5
Radeon HD 6950 IceQ X Turbo 2GB Edition,AMD,,2048 MB ,256 Bit ,163.8GB/sec,1280 MHz,"
01-Jun-2011 ",No,GDDR5
Radeon HD 6950 Gigabyte WindForce 3X OC 1GB Edition,AMD,200 Watts,1024 MB ,256 Bit ,160GB/sec,1250 MHz,"
20-Dec-2010 ",No,GDDR5
Radeon HD 6870 XFX DD XXX Edition,AMD,,1024 MB ,256 Bit ,134.4GB/sec,1050 MHz,"
01-Nov-2011 ",No,GDDR5
Radeon HD 6870 PowerColor X2 Edition,AMD,,2048 MB ,256 Bit ,268.8GB/sec,1050 MHz,"
01-Jul-2011 ",No,GDDR5
Radeon HD 6870 XFX 2GB Edition,AMD,150 Watts,2048 MB ,256 Bit ,134.4GB/sec,1050 MHz,"
01-Oct-2010 ",No,GDDR5
Radeon HD 6870 XFX 1GB Core Edition,AMD,,1024 MB ,256 Bit ,134.4GB/sec,1050 MHz,"
01-Oct-2010 ",No,GDDR5
Radeon HD 6870 MSI Hawk 1GB Edition,AMD,,1024 MB ,256 Bit ,134.4GB/sec,1050 MHz,"
01-Feb-2011 ",No,GDDR5
Radeon HD 6870 Sapphire Dirt3 Edition,AMD,251 Watts,1024 MB ,256 Bit ,134.4GB/sec,1050 MHz,"
01-Oct-2010 ",No,GDDR5
Radeon HD 6950,AMD,200 Watts,2048 MB ,256 Bit ,160GB/sec,1250 MHz,"
15-Dec-2010 ",No,GDDR5
Radeon HD 6870 IceQ X Edition,AMD,,1024 MB ,256 Bit ,134.4GB/sec,1050 MHz,"
01-Mar-2011 ",No,GDDR5
Radeon HD 6870 PowerColor 1GB Edition,AMD,,1024 MB ,256 Bit ,134.4GB/sec,1050 MHz,"
01-Nov-2011 ",No,GDDR5
Radeon HD 6870 XFX Black Edition,AMD,151 Watts,1024 MB ,256 Bit ,147.2GB/sec,1150 MHz,"
01-Oct-2010 ",No,GDDR5
Radeon HD 6870 DirectCU 1GB Edition,AMD,225 Watts,1024 MB ,256 Bit ,134.4GB/sec,1050 MHz,"
01-Jan-2011 ",No,GDDR5
Radeon HD 6870 Crossfire,AMD,302 Watts,2048 MB ,256 Bit ,268.8GB/sec,1050 MHz,"
01-Oct-2010 ",No,GDDR5
Radeon HD 6870 Gigabyte OC Edition,AMD,251 Watts,1024 MB ,256 Bit ,134.4GB/sec,1050 MHz,"
01-Oct-2010 ",No,GDDR5
Radeon HD 6850 XFX,AMD,,1024 MB ,256 Bit ,128GB/sec,1000 MHz,"
01-Oct-2010 ",No,GDDR5
Radeon HD 6850 XFX Black Edition,AMD,,1024 MB ,256 Bit ,134.4GB/sec,1050 MHz,"
01-Oct-2010 ",No,GDDR5
Radeon HD 6850 VTX3D 1GB X-Edition,AMD,,1024 MB ,256 Bit ,134.4GB/sec,1050 MHz,"
01-Sep-2011 ",No,GDDR5
Radeon HD 6850 Sapphire 1GB Edition,AMD,,1024 MB ,256 Bit ,128GB/sec,1000 MHz,"
01-Oct-2010 ",No,GDDR5
Radeon HD 6870,AMD,151 Watts,1024 MB ,256 Bit ,134.4GB/sec,1050 MHz,"
22-Oct-2010 ",No,GDDR5
Radeon HD 6850 Toxic 1GB Edition,AMD,,1024 MB ,256 Bit ,140.8GB/sec,1100 MHz,"
01-Dec-2011 ",No,GDDR5
Radeon HD 6850 PowerColor Edition,AMD,127 Watts,1024 MB ,256 Bit ,128GB/sec,1000 MHz,"
01-Nov-2010 ",No,GDDR5
Radeon HD 6850 MSI OC Power Edition,AMD,,1024 MB ,256 Bit ,140.8GB/sec,1100 MHz,"
01-Oct-2010 ",No,GDDR5
Radeon HD 6850 MSI OC 8cm PWM Fan Edition,AMD,,1024 MB ,256 Bit ,128GB/sec,1000 MHz,"
01-Oct-2010 ",No,GDDR5
Radeon HD 6850 IceQ X Turbo Edition,AMD,,1024 MB ,256 Bit ,140.8GB/sec,1100 MHz,"
07-Mar-2011 ",No,GDDR5
Radeon HD 6850 MSI OC 9cm PWM Fan Edition,AMD,,1024 MB ,256 Bit ,134.4GB/sec,1050 MHz,"
01-Oct-2010 ",No,GDDR5
Radeon HD 6850 IceQ X Edition,AMD,,1024 MB ,256 Bit ,128GB/sec,1000 MHz,"
01-Mar-2011 ",No,GDDR5
Radeon HD 6850 GigaByte Edition,AMD,,1024 MB ,256 Bit ,134.4GB/sec,1050 MHz,"
22-Oct-2010 ",No,GDDR5
Radeon HD 6850 DirectCU Edition,AMD,,1024 MB ,256 Bit ,128GB/sec,1000 MHz,"
01-Oct-2010 ",No,GDDR5
Radeon HD 6850 Crossfire,AMD,,2048 MB ,256 Bit ,256GB/sec,1000 MHz,"
01-Oct-2010 ",No,GDDR5
Radeon HD 6850 Club-3D OC Edition,AMD,1 Watts,1024 MB ,256 Bit ,140.8GB/sec,1100 MHz,"
19-Nov-2010 ",No,GDDR5
Radeon HD 6850,AMD,127 Watts,1024 MB ,256 Bit ,128GB/sec,1000 MHz,"
22-Oct-2010 ",No,GDDR5
Radeon HD 6790 XFX 1GB Edition,AMD,,1024 MB ,256 Bit ,134.4GB/sec,1050 MHz,"
01-Apr-2011 ",No,GDDR5
Radeon HD 6790 PowerColor 1GB Edition,AMD,,1024 MB ,256 Bit ,134.4GB/sec,1050 MHz,"
01-Apr-2011 ",No,GDDR5
Radeon HD 6790 IceQ X Turbo 1GB Edition,AMD,,1024 MB ,256 Bit ,140.8GB/sec,1100 MHz,"
01-Apr-2011 ",No,GDDR5
Radeon HD 6770 XFX 1GB GDDR5 Core Edition,AMD,,1024 MB ,128 Bit ,76.8GB/sec,1200 MHz,"
01-Jan-2011 ",No,GDDR5
Radeon HD 6790,AMD,150 Watts,1024 MB ,256 Bit ,134.4GB/sec,1050 MHz,"
04-Apr-2011 ",No,GDDR5
Radeon HD 6770 PowerColor 1GB Edition,AMD,108 Watts,1024 MB ,128 Bit ,76.8GB/sec,1200 MHz,"
21-Jan-2011 ",No,GDDR5
Radeon HD 6770 Sapphire 1GB Edition,AMD,108 Watts,1024 MB ,128 Bit ,76.8GB/sec,1200 MHz,"
18-Apr-2011 ",No,GDDR5
Radeon HD 6770 MSI MD 1GB,AMD,,1024 MB ,128 Bit ,70.4GB/sec,1100 MHz,"
01-Oct-2010 ",No,GDDR5
Radeon HD 6770 Asus DirectCU 1GB Edition,AMD,108 Watts,1024 MB ,128 Bit ,76.8GB/sec,1200 MHz,"
21-Jan-2011 ",No,GDDR5
Radeon HD 6770 Crossfire,AMD,206 Watts,2048 MB ,128 Bit ,153.6GB/sec,1200 MHz,"
01-Jan-2011 ",No,GDDR5
Radeon HD 6770 Asus 1GB Edition,AMD,108 Watts,1024 MB ,128 Bit ,76.8GB/sec,1200 MHz,"
21-Jan-2011 ",No,GDDR5
Radeon HD 6770,AMD,108 Watts,1024 MB ,128 Bit ,76.8GB/sec,1200 MHz,"
21-Jan-2011 ",No,GDDR5
Radeon HD 6750 v2,AMD,86 Watts,2048 MB ,128 Bit ,25.6GB/sec,800 MHz,"
21-Jan-2011 ",No,DDR3
Radeon HD 6750 PowerColor SCS3 Dirt3 1GB Edition,AMD,86 Watts,1024 MB ,128 Bit ,73.6GB/sec,1150 MHz,"
01-Apr-2011 ",No,GDDR5
Radeon HD 6750 v2 PowerColor 1GB Edition,AMD,86 Watts,1024 MB ,128 Bit ,25.6GB/sec,800 MHz,"
01-Dec-2011 ",No,DDR3
Radeon HD 6750 PowerColor 1GB Edition,AMD,86 Watts,1024 MB ,128 Bit ,64GB/sec,1000 MHz,"
01-Apr-2011 ",No,GDDR5
Radeon HD 6750 v2 PowerColor 2GB Edition,AMD,86 Watts,2048 MB ,128 Bit ,21.3GB/sec,667 MHz,"
01-Dec-2011 ",No,DDR3
Radeon HD 6750,AMD,86 Watts,1024 MB ,128 Bit ,73.6GB/sec,1150 MHz,"
21-Jan-2011 ",No,GDDR5
Radeon HD 6750 PowerColor Low Profile Dirt3 1GB Edition,AMD,86 Watts,1024 MB ,128 Bit ,73.6GB/sec,1150 MHz,"
01-Apr-2011 ",No,GDDR5
Radeon HD 6670 XFX Core 1GB Edition,AMD,66 Watts,1024 MB ,128 Bit ,64GB/sec,1000 MHz,"
19-Apr-2011 ",No,GDDR5
Radeon HD 6670 v2 Gigabyte OC 1GB Edition,AMD,66 Watts,1024 MB ,128 Bit ,28.8GB/sec,900 MHz,"
19-Apr-2011 ",No,DDR3
Radeon HD 6750 Gigabyte OC 1GB Edition,AMD,86 Watts,1024 MB ,128 Bit ,76.8GB/sec,1200 MHz,"
01-Mar-2011 ",No,GDDR5
Radeon HD 6670 v2 MSI 2GB Edition,AMD,66 Watts,2048 MB ,128 Bit ,21.3GB/sec,667 MHz,"
19-Apr-2011 ",No,DDR3
Radeon HD 6670 v2 HIS Fan 1GB Edition,AMD,66 Watts,1024 MB ,128 Bit ,25.6GB/sec,800 MHz,"
19-Apr-2011 ",No,DDR3
Radeon HD 6670 v2 Diamond 2GB Edition,AMD,66 Watts,2048 MB ,128 Bit ,19.2GB/sec,600 MHz,"
19-Apr-2011 ",No,DDR3
Radeon HD 6670 v2 Gigabyte 2GB Edition,AMD,66 Watts,2048 MB ,128 Bit ,25.6GB/sec,800 MHz,"
19-Apr-2011 ",No,DDR3
Radeon HD 6670 v2 Sapphire 1GB Edition,AMD,66 Watts,1024 MB ,128 Bit ,25.6GB/sec,800 MHz,"
19-Apr-2011 ",No,DDR3
Radeon HD 6670 Sapphire Ultimate 1GB Edition,AMD,66 Watts,1024 MB ,128 Bit ,64GB/sec,1000 MHz,"
19-Apr-2011 ",No,GDDR5
Radeon HD 6670 v2 Gigabyte 1GB Edition,AMD,66 Watts,1024 MB ,128 Bit ,25.6GB/sec,800 MHz,"
19-Apr-2011 ",No,DDR3
Radeon HD 6670 Sapphire 1GB Edition,AMD,66 Watts,1024 MB ,128 Bit ,64GB/sec,1000 MHz,"
19-Apr-2011 ",No,GDDR5
Radeon HD 6670 v2,AMD,66 Watts,2048 MB ,128 Bit ,25.6GB/sec,800 MHz,"
19-Apr-2011 ",No,DDR3
Radeon HD 6670 HIS Fan 1GB Edition,AMD,66 Watts,1024 MB ,128 Bit ,64GB/sec,1000 MHz,"
19-Apr-2011 ",No,GDDR5
Radeon HD 6670 MSI Dual Fan 1GB Edition,AMD,66 Watts,1024 MB ,128 Bit ,64GB/sec,1000 MHz,"
19-Apr-2011 ",No,GDDR5
Radeon HD 6670 MSI Single Fan 1GB Edition,AMD,66 Watts,1024 MB ,128 Bit ,64GB/sec,1000 MHz,"
19-Apr-2011 ",No,GDDR5
Radeon HD 6570 v2 XFX Silent 1GB Edition,AMD,44 Watts,1024 MB ,128 Bit ,20.8GB/sec,650 MHz,"
15-Nov-2011 ",No,DDR3
Radeon HD 6570 v2 Sapphire Hyper Memory 1GB Edition,AMD,44 Watts,1024 MB ,128 Bit ,21.3GB/sec,667 MHz,"
19-Apr-2011 ",No,DDR3
Radeon HD 6570 v2 PowerColor 2GB Edition,AMD,44 Watts,2048 MB ,128 Bit ,16GB/sec,500 MHz,"
19-Apr-2011 ",No,DDR3
Radeon HD 6670,AMD,66 Watts,1024 MB ,128 Bit ,64GB/sec,1000 MHz,"
19-Apr-2011 ",No,GDDR5
Radeon HD 6570 v2 MSI Single Fan 1GB Edition,AMD,44 Watts,1024 MB ,128 Bit ,28.8GB/sec,900 MHz,"
19-Sep-2011 ",No,DDR3
Radeon HD 6670 Asus 1GB Edition,AMD,66 Watts,1024 MB ,128 Bit ,64GB/sec,1000 MHz,"
19-Apr-2011 ",No,GDDR5
Radeon HD 6570 v2 PowerColor 1GB Edition,AMD,44 Watts,1024 MB ,128 Bit ,16GB/sec,500 MHz,"
19-Apr-2011 ",No,DDR3
Radeon HD 6570 v2 Sapphire 1GB Edition,AMD,44 Watts,1024 MB ,128 Bit ,25.6GB/sec,800 MHz,"
19-Apr-2011 ",No,DDR3
Radeon HD 6570 v2 MSI Dual Fan 1GB Edition,AMD,44 Watts,1024 MB ,128 Bit ,21.3GB/sec,667 MHz,"
19-Sep-2011 ",No,DDR3
Radeon HD 6570 v2,AMD,44 Watts,1024 MB ,128 Bit ,28.8GB/sec,900 MHz,"
07-Feb-2011 ",No,DDR3
Radeon HD 6570 v2 Sapphire 4GB Edition,AMD,44 Watts,4096 MB ,128 Bit ,25.6GB/sec,800 MHz,"
19-Apr-2011 ",No,DDR3
Radeon HD 6450 v4,AMD,18 Watts,2048 MB ,64 Bit ,9.3GB/sec,580 MHz,"
05-Apr-2012 ",No,GDDR3
Radeon HD 6450A,AMD,25 Watts,1024 MB ,64 Bit ,8.5GB/sec,533 MHz,"
07-Apr-2011 ",No,DDR3
Radeon HD 6450 v3 Sapphire FleX 1GB Edition,AMD,18 Watts,1024 MB ,64 Bit ,12.8GB/sec,800 MHz,"
19-Apr-2011 ",No,GDDR3
Radeon HD 6450 v3 MSI Low Profile 2GB Edition,AMD,18 Watts,2048 MB ,64 Bit ,10.7GB/sec,667 MHz,"
19-Apr-2011 ",No,GDDR3
Radeon HD 6450 v3 Gigabyte OC 1GB Edition,AMD,18 Watts,1024 MB ,64 Bit ,12.8GB/sec,800 MHz,"
17-Apr-2011 ",No,GDDR3
Radeon HD 6450 v3 Sapphire 2GB Edition,AMD,18 Watts,2048 MB ,64 Bit ,10.7GB/sec,667 MHz,"
19-Apr-2011 ",No,GDDR3
Radeon HD 6450 v3,AMD,18 Watts,512 MB ,64 Bit ,8.5GB/sec,533 MHz,"
07-Feb-2011 ",No,GDDR3
Radeon HD 6450 Sapphire OC 512MB Edition,AMD,18 Watts,512 MB ,64 Bit ,25.6GB/sec,800 MHz,"
07-Apr-2011 ",No,GDDR5
Radeon HD 6450 v2,AMD,18 Watts,512 MB ,64 Bit ,28.8GB/sec,900 MHz,"
07-Apr-2011 ",No,GDDR5
Radeon HD 6450,AMD,18 Watts,512 MB ,64 Bit ,25.6GB/sec,800 MHz,"
07-Apr-2011 ",No,GDDR5
Radeon HD 6450 v3 Asus Low Profile Silent 2GB Edition,AMD,18 Watts,1024 MB ,64 Bit ,9.6GB/sec,600 MHz,"
25-Aug-2011 ",No,GDDR3
Radeon HD 6350,AMD,19 Watts,512 MB ,64 Bit ,12.8GB/sec,800 MHz,"
07-Feb-2011 ",No,GDDR3
Quadro FX 580,Nvidia,40 Watts,512 MB ,128 Bit ,25.6GB/sec,800 MHz,"
09-Apr-2009 ",No,GDDR3
Radeon HD 6570,AMD,60 Watts,1024 MB ,128 Bit ,64GB/sec,1000 MHz,"
19-Apr-2011 ",No,GDDR5
Quadro FX 5600,Nvidia,171 Watts,1536 MB ,384 Bit ,76.8GB/sec,800 MHz,"
03-May-2007 ",No,GDDR3
Radeon HD 6450 v3 MSI Low Profile 1GB Edition,AMD,18 Watts,1024 MB ,64 Bit ,10.7GB/sec,667 MHz,"
19-Apr-2011 ",No,GDDR3
Radeon HD 6290,AMD,19 Watts,1024 MB ,64 Bit ,12.8GB/sec,800 MHz,"
04-Dec-2011 ",No,GDDR3
Quadro FX 5500,Nvidia,96 Watts,1024 MB ,256 Bit ,36.8GB/sec,575 MHz,"
20-Apr-2006 ",No,GDDR3
Quadro FX 4500,Nvidia,109 Watts,512 MB ,256 Bit ,36.8GB/sec,575 MHz,"
28-Jul-2005 ",No,GDDR3
Quadro FX 380 LP,Nvidia,28 Watts,512 MB ,64 Bit ,12.8GB/sec,800 MHz,"
30-Dec-2009 ",No,DDR3
Quadro FX 3800,Nvidia,108 Watts,1024 MB ,256 Bit ,51.2GB/sec,800 MHz,"
30-Mar-2009 ",No,GDDR3
Quadro FX 380,Nvidia,34 Watts,256 MB ,128 Bit ,22.4GB/sec,700 MHz,"
31-Mar-2009 ",No,GDDR3
Quadro FX 3700,Nvidia,78 Watts,512 MB ,256 Bit ,51.2GB/sec,800 MHz,"
08-Jan-2008 ",No,GDDR3
Quadro FX 560,Nvidia,30 Watts,128 MB ,128 Bit ,19.2GB/sec,600 MHz,"
20-Apr-2006 ",No,GDDR3
Quadro FX 3500,Nvidia,80 Watts,256 MB ,256 Bit ,42.2GB/sec,660 MHz,"
20-Apr-2006 ",No,GDDR3
Quadro FX 4600,Nvidia,134 Watts,768 MB ,384 Bit ,67.2GB/sec,700 MHz,"
05-Mar-2007 ",No,GDDR3
Quadro FX 3400,Nvidia,101 Watts,256 MB ,256 Bit ,28.8GB/sec,450 MHz,"
28-Jun-2004 ",No,GDDR3
Quadro FX 3450,Nvidia,83 Watts,256 MB ,256 Bit ,64GB/sec,1000 MHz,"
01-Jul-2005 ",No,GDDR3
Quadro FX 1700,Nvidia,42 Watts,512 MB ,128 Bit ,12.8GB/sec,400 MHz,"
12-Sep-2007 ",No,DDR2
Quadro FX 570,Nvidia,38 Watts,256 MB ,128 Bit ,12.8GB/sec,400 MHz,"
12-Jan-2007 ",No,DDR2
Quadro FX 1400,Nvidia,70 Watts,128 MB ,256 Bit ,9.6GB/sec,300 MHz,"
09-Aug-2004 ",No,DDR
Quadro FX 1800,Nvidia,59 Watts,768 MB ,192 Bit ,38.4GB/sec,800 MHz,"
19-Nov-2011 ",No,GDDR3
Radeon HD 6450 v3 Sapphire 1GB Edition,AMD,18 Watts,1024 MB ,64 Bit ,10.7GB/sec,667 MHz,"
19-Apr-2011 ",No,GDDR3
Quadro FX 3000,Nvidia,,256 MB ,256 Bit ,13.6GB/sec,425 MHz,"
22-Jul-2003 ",No,DDR
Quadro FX 1300,Nvidia,55 Watts,128 MB ,256 Bit ,8.8GB/sec,275 MHz,"
28-Jun-2004 ",No,DDR
Quadro FX 1000,Nvidia,,128 MB ,128 Bit ,9.6GB/sec,300 MHz,"
21-Jan-2003 ",No,DDR2
Quadro FX 1100,Nvidia,,128 MB ,128 Bit ,5.2GB/sec,325 MHz,"
03-Dec-2003 ",No,DDR
Radeon HD 5970 Eyefinity,AMD,294 Watts,4096 MB ,256 Bit ,256GB/sec,1000 MHz,"
18-Nov-2009 ",No,GDDR5
Radeon HD 5870 MSI Lightning Edition,AMD,188 Watts,1024 MB ,256 Bit ,153.6GB/sec,1200 MHz,"
23-Feb-2010 ",No,GDDR5
Radeon HD 5970,AMD,294 Watts,,512 Bit ,256GB/sec,1000 MHz,"
18-Nov-2009 ",No,GDDR5
Quadro FX 2000 ,Nvidia,,128 MB ,128 Bit ,12.8GB/sec,400 MHz,"
01-Jan-2003 ",No,DDR2
Radeon HD 5970 Crossfire,AMD,588 Watts,4096 MB ,512 Bit ,512GB/sec,1000 MHz,"
01-Nov-2009 ",No,GDDR5
Radeon HD 5870 Crossfire,AMD,350 Watts,2048 MB ,256 Bit ,307.2GB/sec,1200 MHz,"
18-Sep-2009 ",No,GDDR5
Quadro FX 1500,Nvidia,65 Watts,256 MB ,256 Bit ,40GB/sec,625 MHz,"
20-Apr-2006 ",No,GDDR3
Radeon HD 5870 Asus v2 1GB Edition,AMD,300 Watts,1024 MB ,256 Bit ,153.6GB/sec,1200 MHz,"
12-May-2010 ",No,GDDR5
Radeon HD 5870 2048MB,AMD,195 Watts,2048 MB ,256 Bit ,153.6GB/sec,1200 MHz,"
01-Sep-2009 ",No,GDDR5
Radeon HD 5850 XFX Black 1GB Edition,AMD,151 Watts,1024 MB ,256 Bit ,144GB/sec,1125 MHz,"
13-Apr-2010 ",No,GDDR5
Radeon HD 5850 PowerColor PCS+ 1GB Edition,AMD,151 Watts,1024 MB ,256 Bit ,134.4GB/sec,1050 MHz,"
01-Jan-2010 ",No,GDDR5
Radeon HD 5850 Sapphire Vapor-X 1GB Edition,AMD,,1024 MB ,256 Bit ,134.4GB/sec,1050 MHz,"
30-Sep-2009 ",No,GDDR5
Quadro FX 4800,Nvidia,150 Watts,1536 MB ,384 Bit ,76.8GB/sec,800 MHz,"
08-Nov-2011 ",No,GDDR3
Radeon HD 5850 MSI Twin Frozr II 1GB Edition,AMD,151 Watts,1024 MB ,256 Bit ,128GB/sec,1000 MHz,"
30-Sep-2009 ",No,GDDR5
Radeon HD 5870 1024MB,AMD,188 Watts,1024 MB ,256 Bit ,153.6GB/sec,1200 MHz,"
23-Sep-2009 ",No,GDDR5
Radeon HD 5830,AMD,175 Watts,1024 MB ,256 Bit ,128GB/sec,1000 MHz,"
01-Feb-2010 ",No,GDDR5
Radeon HD 5770 Sapphire Vapor-X Edition,AMD,108 Watts,1024 MB ,128 Bit ,76.8GB/sec,1200 MHz,"
13-Oct-2009 ",No,GDDR5
Radeon HD 5850 Crossfire,AMD,300 Watts,2048 MB ,256 Bit ,256GB/sec,1000 MHz,"
18-Sep-2009 ",No,GDDR5
Radeon HD 5850 Gigabyte OC 1GB Edition,AMD,151 Watts,1024 MB ,256 Bit ,128GB/sec,1000 MHz,"
01-Apr-2010 ",No,GDDR5
Radeon HD 5770 Crossfire,AMD,206 Watts,2048 MB ,128 Bit ,153.6GB/sec,1200 MHz,"
01-Oct-2009 ",No,GDDR5
Radeon HD 5850 2048MB,AMD,185 Watts,2048 MB ,256 Bit ,128GB/sec,1000 MHz,"
30-Sep-2009 ",No,GDDR5
Radeon HD 5770 Sapphire 1GB Edition,AMD,108 Watts,1024 MB ,128 Bit ,76.8GB/sec,1200 MHz,"
13-Oct-2009 ",No,GDDR5
Radeon HD 5850 HIS iCooler V Turbo 1GB Edition,AMD,151 Watts,1024 MB ,256 Bit ,144GB/sec,1125 MHz,"
30-Sep-2009 ",No,GDDR5
Radeon HD 5850 1024MB,AMD,151 Watts,1024 MB ,256 Bit ,128GB/sec,1000 MHz,"
30-Sep-2009 ",No,GDDR5
Radeon HD 5770 Club 3D Edition,AMD,,1024 MB ,128 Bit ,76.8GB/sec,1200 MHz,"
01-Nov-2009 ",No,GDDR5
Radeon HD 5770 Asus v2 Edition,AMD,150 Watts,1024 MB ,128 Bit ,76.8GB/sec,1200 MHz,"
01-Nov-2009 ",No,GDDR5
Radeon HD 5770 MSI Hawk Edition,AMD,,1024 MB ,128 Bit ,76.8GB/sec,1200 MHz,"
16-Dec-2009 ",No,GDDR5
Radeon HD 5770 512MB,AMD,108 Watts,512 MB ,128 Bit ,76.8GB/sec,1200 MHz,"
01-Oct-2009 ",No,GDDR5
Radeon HD 5850 PowerColor 1GB Edition,AMD,,1024 MB ,256 Bit ,128GB/sec,1000 MHz,"
01-Sep-2010 ",No,GDDR5
Radeon HD 5770 Club 3D Edition CrossFire,AMD,,1024 MB ,128 Bit ,153.6GB/sec,1200 MHz,"
01-Nov-2009 ",No,GDDR5
Radeon HD 5670 Sapphire 1GB GDDR5,AMD,,1024 MB ,128 Bit ,64GB/sec,1000 MHz,"
01-Dec-2009 ",No,GDDR5
Radeon HD 5750 512MB,AMD,86 Watts,512 MB ,128 Bit ,73.6GB/sec,1150 MHz,"
01-Oct-2009 ",No,GDDR5
Radeon HD 5670 MSI 1GB OC Edition,AMD,,1024 MB ,128 Bit ,60.8GB/sec,950 MHz,"
01-Jan-2010 ",No,GDDR5
Radeon HD 5750 1024MB,AMD,86 Watts,1024 MB ,128 Bit ,73.6GB/sec,1150 MHz,"
01-Oct-2009 ",No,GDDR5
Radeon HD 5770 1024MB,AMD,108 Watts,1024 MB ,128 Bit ,76.8GB/sec,1200 MHz,"
01-Oct-2009 ",No,GDDR5
Radeon HD 5670 Gigabyte 1GB OC Edition,AMD,,1024 MB ,128 Bit ,64GB/sec,1000 MHz,"
01-Jan-2010 ",No,GDDR5
Radeon HD 5670 1GB DDR3,AMD,64 Watts,1024 MB ,128 Bit ,25.6GB/sec,800 MHz,"
01-Jan-2010 ",No,DDR3
Radeon HD 5570 XFX 1GB Edition,AMD,,1024 MB ,128 Bit ,25.6GB/sec,800 MHz,"
01-Feb-2010 ",No,DDR3
Radeon HD 5670 1024MB,AMD,64 Watts,1024 MB ,128 Bit ,64GB/sec,1000 MHz,"
14-Jan-2010 ",No,GDDR5
Radeon HD 5670 Asus 1GB Edition,AMD,64 Watts,1024 MB ,128 Bit ,64GB/sec,1000 MHz,"
14-Jan-2010 ",No,GDDR5
Radeon HD 5670 1GB DDR3 Sapphire Edition,AMD,64 Watts,1024 MB ,128 Bit ,25.6GB/sec,800 MHz,"
14-Jan-2010 ",No,DDR3
Radeon HD 5570 512MB,AMD,39 Watts,512 MB ,128 Bit ,28.8GB/sec,900 MHz,"
09-Feb-2010 ",No,DDR3
Radeon HD 5570 XFX Eyefinity X 2GB Edition,AMD,,2048 MB ,128 Bit ,25.6GB/sec,800 MHz,"
01-Jul-2010 ",No,DDR3
Radeon HD 5670 512MB,AMD,61 Watts,512 MB ,128 Bit ,64GB/sec,1000 MHz,"
14-Jan-2010 ",No,GDDR5
Radeon HD 5670 Diamond 1GB GDDR5,AMD,,1024 MB ,128 Bit ,64GB/sec,1000 MHz,"
01-Feb-2010 ",No,GDDR5
Radeon HD 5570 1024MB,AMD,42 Watts,1024 MB ,128 Bit ,28.8GB/sec,900 MHz,"
09-Feb-2010 ",No,DDR3
Radeon HD 5450 Sapphire 1GB DDR3 Edition,AMD,,1024 MB ,64 Bit ,10.7GB/sec,667 MHz,"
01-Aug-2012 ",No,DDR3
Radeon HD 5450 Asus Silent 1GB Edition,AMD,,1024 MB ,64 Bit ,7.2GB/sec,450 MHz,"
01-Mar-2010 ",No,DDR3
Radeon HD 5450 256MB,AMD,19 Watts,256 MB ,64 Bit ,6.4GB/sec,400 MHz,"
04-Feb-2010 ",No,DDR3
Radeon HD 5550 1024MB,AMD,39 Watts,1024 MB ,128 Bit ,64GB/sec,1000 MHz,"
09-Feb-2010 ",No,GDDR5
Radeon HD 5550 512MB,AMD,39 Watts,512 MB ,128 Bit ,64GB/sec,1000 MHz,"
09-Feb-2010 ",No,GDDR5
Radeon HD 7970 VTX3D 3GB Edition,AMD,300 Watts,3072 MB ,384 Bit ,264GB/sec,1375 MHz,"
01-Feb-2012 ",No,GDDR5
Radeon HD 5450 Gigabyte OC 512MB Edition,AMD,,512 MB ,64 Bit ,12.8GB/sec,800 MHz,"
01-Aug-2012 ",No,DDR3
Radeon HD 7970 PowerColor OC Edition,AMD,,3072 MB ,384 Bit ,264GB/sec,1375 MHz,"
01-Feb-2012 ",No,GDDR5
Radeon HD 5450 2GB,AMD,40 Watts,2048 MB ,64 Bit ,6.4GB/sec,400 MHz,"
04-Feb-2010 ",No,DDR3
Radeon HD 7970 VTX3D X 3GB Edition,AMD,250 Watts,3072 MB ,384 Bit ,273.6GB/sec,1425 MHz,"
09-Jan-2012 ",No,GDDR5
Radeon HD 5450 512MB,AMD,20 Watts,512 MB ,64 Bit ,6.4GB/sec,400 MHz,"
04-Feb-2010 ",No,DDR3
Radeon HD 7970 OC Sapphire Edition,AMD,230 Watts,3072 MB ,384 Bit ,273.6GB/sec,1425 MHz,"
01-Mar-2012 ",No,GDDR5
Radeon HD 7970 PCS+ VORTEXII Edition,AMD,,3072 MB ,384 Bit ,273.6GB/sec,1425 MHz,"
01-Apr-2012 ",No,GDDR5
Radeon HD 7970 PowerColor LCS 3GB Edition,AMD,250 Watts,3072 MB ,384 Bit ,273.6GB/sec,1425 MHz,"
01-Jan-2012 ",No,GDDR5
Radeon HD 7970 GigaByte SOC Edition,AMD,,3072 MB ,384 Bit ,264GB/sec,1375 MHz,"
01-Jun-2012 ",No,GDDR5
Radeon HD 7970 MSI OC Edition,AMD,,3072 MB ,384 Bit ,264GB/sec,1375 MHz,"
01-Feb-2012 ",No,GDDR5
Radeon HD 7970 GHz Toxic 6GB Edition,AMD,265 Watts,6144 MB ,384 Bit ,288GB/sec,1500 MHz,"
01-Aug-2012 ",No,GDDR5
Radeon HD 7970 HIS IceQ X² Edition,AMD,,3072 MB ,384 Bit ,264GB/sec,1375 MHz,"
01-May-2012 ",No,GDDR5
Radeon HD 7970 GHz Vapor-X 3GB,AMD,,3072 MB ,384 Bit ,288GB/sec,1500 MHz,"
01-Aug-2012 ",No,GDDR5
Radeon HD 7970 GHz XFX Double D Edition,AMD,,3072 MB ,384 Bit ,288GB/sec,1500 MHz,"
01-Sep-2012 ",No,GDDR5
Radeon HD 7970 GHz Vapor-X 6GB Edition,AMD,,6144 MB ,384 Bit ,288GB/sec,1500 MHz,"
01-Aug-2012 ",No,GDDR5
Radeon HD 7970 OC GigaByte Edition,AMD,230 Watts,3072 MB ,384 Bit ,264GB/sec,1375 MHz,"
12-Jan-2012 ",No,GDDR5
Radeon HD 7970 GHz WindForce 3X OC Edition,AMD,,3072 MB ,384 Bit ,288GB/sec,1500 MHz,"
01-Oct-2012 ",No,GDDR5
Radeon HD 7970 GHz HIS IceQ 3GB Edition,AMD,,3072 MB ,384 Bit ,288GB/sec,1500 MHz,"
01-Aug-2012 ",No,GDDR5
Radeon HD 7970 GHz MSI Lightning BE 3GB Edition,AMD,300 Watts,3072 MB ,384 Bit ,288GB/sec,1500 MHz,"
05-Mar-2013 ",No,GDDR5
Radeon HD 7970 GHz Edition,AMD,250 Watts,3072 MB ,384 Bit ,288GB/sec,1500 MHz,"
22-Jun-2012 ",No,GDDR5
Radeon HD 7970 Lightning Edition,AMD,230 Watts,3072 MB ,384 Bit ,268.8GB/sec,1400 MHz,"
01-Feb-2012 ",No,GDDR5
Radeon HD 7970 DirectCU II TOP Edition,AMD,300 Watts,3072 MB ,384 Bit ,268.8GB/sec,1400 MHz,"
01-Feb-2012 ",No,GDDR5
Radeon HD 7970 DirectCU II Edition,AMD,,3072 MB ,384 Bit ,264GB/sec,1375 MHz,"
01-Feb-2012 ",No,GDDR5
Radeon HD 7970 Club3D royalAce Edition,AMD,250 Watts,3072 MB ,384 Bit ,288GB/sec,1500 MHz,"
01-Sep-2012 ",No,GDDR5
Radeon HD 7970 Asus Edition,AMD,300 Watts,3072 MB ,384 Bit ,264GB/sec,1375 MHz,"
01-Feb-2012 ",No,GDDR5
Radeon HD 7970,AMD,250 Watts,3072 MB ,384 Bit ,264GB/sec,1375 MHz,"
29-Dec-2011 ",No,GDDR5
Radeon HD 7970 Asus ARES II Edition,AMD,500 Watts,6144 MB ,384 Bit ,633.6GB/sec,1650 MHz,"
01-Jan-2013 ",No,GDDR5
Radeon HD 7970 GHz Matrix Platinum Edition,AMD,300 Watts,3072 MB ,384 Bit ,316.8GB/sec,1650 MHz,"
01-Oct-2012 ",No,GDDR5
Radeon HD 7970 Crossfire,AMD,460 Watts,6144 MB ,384 Bit ,528GB/sec,1375 MHz,"
01-Jan-2012 ",No,GDDR5
Radeon HD 7950 Sapphire OC 3GB Edition,AMD,,3072 MB ,384 Bit ,240GB/sec,1250 MHz,"
03-Jan-2012 ",No,GDDR5
Radeon HD 7950 Vapor-X OC Edition,AMD,,3072 MB ,384 Bit ,240GB/sec,1250 MHz,"
01-Aug-2012 ",No,GDDR5
Radeon HD 7950 WindForce Boost Edition,AMD,,3072 MB ,384 Bit ,240GB/sec,1250 MHz,"
01-Oct-2012 ",No,GDDR5
Radeon HD 7950 Sapphire OC 3GB 950MHz Edition,AMD,,3072 MB ,384 Bit ,240GB/sec,1250 MHz,"
03-May-2012 ",No,GDDR5
Radeon HD 7950 VTX3D 3GB Boost X-Edition,AMD,,3072 MB ,384 Bit ,240GB/sec,1250 MHz,"
01-Aug-2012 ",No,GDDR5
Radeon HD 7950 PowerColor PCS+ Edition,AMD,,3072 MB ,384 Bit ,240GB/sec,1250 MHz,"
01-Jan-2012 ",No,GDDR5
Radeon HD 7950 Sapphire FleX 3GB Edition ,AMD,200 Watts,3072 MB ,384 Bit ,240GB/sec,1250 MHz,"
15-Feb-2012 ",No,GDDR5
Radeon HD 7950 Sapphire 3GB Boost Edition,AMD,,3072 MB ,384 Bit ,240GB/sec,1250 MHz,"
01-Aug-2012 ",No,GDDR5
Radeon HD 7950 MSI TwinFrozr Edition,AMD,,3072 MB ,384 Bit ,240GB/sec,1250 MHz,"
01-Feb-2012 ",No,GDDR5
Radeon HD 7950 MSI TwinFrozr Boost Edition Crossfire,AMD,,6144 MB ,384 Bit ,480GB/sec,1250 MHz,"
10-Oct-2012 ",No,GDDR5
Radeon HD 7950 MSI OC Black Edition ,AMD,,3072 MB ,384 Bit ,240GB/sec,1250 MHz,"
10-Oct-2012 ",No,GDDR5
Radeon HD 7950 MSI TwinFrozr Boost Edition,AMD,200 Watts,3072 MB ,384 Bit ,240GB/sec,1250 MHz,"
10-Oct-2012 ",No,GDDR5
Radeon HD 7950 XFX Double D 3GB Edition,AMD,200 Watts,3072 MB ,384 Bit ,264GB/sec,1375 MHz,"
05-Apr-2012 ",No,GDDR5
Radeon HD 7950 IceQ 3GB Edition,AMD,,3072 MB ,384 Bit ,240GB/sec,1250 MHz,"
01-Aug-2012 ",No,GDDR5
Radeon HD 7950 IceQ Turbo 3GB Edition,AMD,160 Watts,3072 MB ,384 Bit ,240GB/sec,1250 MHz,"
01-Aug-2012 ",No,GDDR5
Radeon HD 7950 Double D Edition,AMD,,3072 MB ,384 Bit ,240GB/sec,1250 MHz,"
01-Jan-2012 ",No,GDDR5
Radeon HD 7950 Gigabyte WindForce Edition Crossfire,AMD,,6144 MB ,384 Bit ,480GB/sec,1250 MHz,"
01-Jun-2012 ",No,GDDR5
Radeon HD 7950 Gigabyte WindForce Edition,AMD,,3072 MB ,384 Bit ,240GB/sec,1250 MHz,"
01-Jun-2012 ",No,GDDR5
Radeon HD 7950 Double D Black Edition,AMD,,3072 MB ,384 Bit ,264GB/sec,1375 MHz,"
01-Jan-2012 ",No,GDDR5
Radeon HD 7950 DirectCU II TOP Edition,AMD,225 Watts,3072 MB ,384 Bit ,240GB/sec,1250 MHz,"
02-Feb-2012 ",No,GDDR5
Radeon HD 7950 Crossfire,AMD,360 Watts,6144 MB ,384 Bit ,480GB/sec,1250 MHz,"
01-Jan-2012 ",No,GDDR5
Radeon HD 7950 Club3D royalKing Edition,AMD,200 Watts,3072 MB ,384 Bit ,240GB/sec,1250 MHz,"
01-Nov-2012 ",No,GDDR5
Radeon HD 7950 Boost Edition Crossfire,AMD,,6144 MB ,384 Bit ,480GB/sec,1250 MHz,"
01-Aug-2012 ",No,GDDR5
Radeon HD 7950 3-way Crossfire,AMD,540 Watts,9216 MB ,384 Bit ,720GB/sec,1250 MHz,"
01-Jan-2012 ",No,GDDR5
Radeon HD 7950 Boost Edition,AMD,200 Watts,3072 MB ,384 Bit ,240GB/sec,1250 MHz,"
22-Jul-2012 ",No,GDDR5
Radeon HD 7950 Asus DirectCU II TOP 3GB Edition,AMD,225 Watts,3072 MB ,384 Bit ,240GB/sec,1250 MHz,"
31-Jan-2012 ",No,GDDR5
Radeon HD 7870 XT Sapphire Edition,AMD,,2048 MB ,256 Bit ,192GB/sec,1500 MHz,"
01-Oct-2012 ",No,GDDR5
Radeon HD 7870 XT PowerColor Myst. Edition,AMD,185 Watts,2048 MB ,256 Bit ,192GB/sec,1500 MHz,"
22-Nov-2012 ",No,GDDR5
Radeon HD 7950,AMD,200 Watts,3072 MB ,384 Bit ,240GB/sec,1250 MHz,"
31-Jan-2012 ",No,GDDR5
Radeon HD 7870 XT Crossfire,AMD,350 Watts,4096 MB ,256 Bit ,384GB/sec,1500 MHz,"
01-Nov-2012 ",No,GDDR5
Radeon HD 7870 XT,AMD,185 Watts,2048 MB ,256 Bit ,192GB/sec,1500 MHz,"
01-Nov-2012 ",No,GDDR5
Radeon HD 7870 XFX Core Edition,AMD,,2048 MB ,256 Bit ,153.6GB/sec,1200 MHz,"
01-Mar-2012 ",No,GDDR5
Radeon HD 7870 Sapphire GHz OC Edition CrossFire,AMD,,4096 MB ,256 Bit ,320GB/sec,1250 MHz,"
25-Jun-2012 ",No,GDDR5
Radeon HD 7870 Twin Frozr III OC 2GB Edition,AMD,,2048 MB ,256 Bit ,153.6GB/sec,1200 MHz,"
01-Feb-2012 ",No,GDDR5
Radeon HD 7870 PowerColor PCS+ 2GB Edition,AMD,175 Watts,2048 MB ,256 Bit ,156.8GB/sec,1225 MHz,"
05-Mar-2012 ",No,GDDR5
Radeon HD 7870 Sapphire GHz 2GB Edition,AMD,175 Watts,2048 MB ,256 Bit ,153.6GB/sec,1200 MHz,"
05-Mar-2012 ",No,GDDR5
Radeon HD 7870 Sapphire GHz OC Edition,AMD,,2048 MB ,256 Bit ,160GB/sec,1250 MHz,"
25-Jun-2012 ",No,GDDR5
Radeon HD 7870 PCS+ Vortex II Edition,AMD,,2048 MB ,256 Bit ,160GB/sec,1250 MHz,"
01-Sep-2012 ",No,GDDR5
Radeon HD 7870 PowerColor Devil Edition,AMD,,2048 MB ,256 Bit ,160GB/sec,1250 MHz,"
01-May-2012 ",No,GDDR5
Radeon HD 7870 MSI OC Edition,AMD,,2048 MB ,256 Bit ,153.6GB/sec,1200 MHz,"
01-Feb-2012 ",No,GDDR5
Radeon HD 7870 HIS IceQ X Turbo Edition,AMD,,2048 MB ,256 Bit ,160GB/sec,1250 MHz,"
01-Apr-2012 ",No,GDDR5
Radeon HD 7870 PowerColor OC Edition,AMD,,2048 MB ,256 Bit ,153.6GB/sec,1200 MHz,"
01-Jun-2012 ",No,GDDR5
Radeon HD 7870 MSI Hawk Edition,AMD,,2048 MB ,256 Bit ,153.6GB/sec,1200 MHz,"
01-Feb-2012 ",No,GDDR5
Radeon HD 7870 HIS IceQ Turbo Edition,AMD,,2048 MB ,256 Bit ,153.6GB/sec,1200 MHz,"
01-Apr-2012 ",No,GDDR5
Radeon HD 7870 Gigabyte OC Edition,AMD,175 Watts,2048 MB ,256 Bit ,153.6GB/sec,1200 MHz,"
01-May-2012 ",No,GDDR5
Radeon HD 7870 HIS IceQ Edition,AMD,,2048 MB ,256 Bit ,153.6GB/sec,1200 MHz,"
01-Apr-2012 ",No,GDDR5
Radeon HD 7870 DirectCU II 2GB Edition,AMD,,2048 MB ,256 Bit ,154.9GB/sec,1210 MHz,"
01-Jun-2012 ",No,GDDR5
Radeon HD 7870 Double D Edition,AMD,,2048 MB ,256 Bit ,153.6GB/sec,1200 MHz,"
01-Aug-2012 ",No,GDDR5
Radeon HD 7870 DirectCU II TOP v2 Edition,AMD,175 Watts,2048 MB ,256 Bit ,153.6GB/sec,1200 MHz,"
01-May-2012 ",No,GDDR5
Radeon HD 7870 Crossfire,AMD,350 Watts,4096 MB ,256 Bit ,307.2GB/sec,1200 MHz,"
01-Mar-2012 ",No,GDDR5
Radeon HD 7870 Double D Black Edition,AMD,,2048 MB ,256 Bit ,160GB/sec,1250 MHz,"
01-Aug-2012 ",No,GDDR5
Radeon HD 7870,AMD,175 Watts,2048 MB ,256 Bit ,153.6GB/sec,1200 MHz,"
05-Mar-2012 ",No,GDDR5
Radeon HD 7870 Club3D royalQueen 2GB Edition,AMD,175 Watts,2048 MB ,256 Bit ,153.6GB/sec,1200 MHz,"
05-Mar-2012 ",No,GDDR5
Radeon HD 7870 Club3D jokerCard 2GB Edition,AMD,175 Watts,2048 MB ,256 Bit ,153.6GB/sec,1200 MHz,"
05-Mar-2012 ",No,GDDR5
Radeon HD 7850 XFX Core Edition,AMD,,1024 MB ,256 Bit ,160GB/sec,1250 MHz,"
01-Mar-2012 ",No,GDDR5
Radeon HD 7850 XFX DD Black Edition,AMD,,2048 MB ,256 Bit ,160GB/sec,1250 MHz,"
01-Jun-2012 ",No,GDDR5
Radeon HD 7850 XFX Ultra OC Edition,AMD,,1024 MB ,256 Bit ,153.6GB/sec,1200 MHz,"
01-Jun-2012 ",No,GDDR5
Radeon HD 7850 XFX Core 2GB Edition,AMD,,2048 MB ,256 Bit ,160GB/sec,1250 MHz,"
01-Mar-2012 ",No,GDDR5
Radeon HD 7870 Club3D GHz Edition,AMD,175 Watts,2048 MB ,256 Bit ,153.6GB/sec,1200 MHz,"
01-Mar-2012 ",No,GDDR5
Radeon HD 7850 VTX3D X-Edition,AMD,,1024 MB ,256 Bit ,156.8GB/sec,1225 MHz,"
01-Jun-2012 ",No,GDDR5
Radeon HD 7850 Twin Frozr III OC,AMD,,2048 MB ,256 Bit ,153.6GB/sec,1200 MHz,"
01-Feb-2012 ",No,GDDR5
Radeon HD 7850 VisionTek 2GB Edition,AMD,130 Watts,2048 MB ,256 Bit ,153.6GB/sec,1200 MHz,"
12-May-2012 ",No,GDDR5
Radeon HD 7850 Sapphire OC Edition,AMD,130 Watts,2048 MB ,256 Bit ,160GB/sec,1250 MHz,"
14-Mar-2012 ",No,GDDR5
Radeon HD 7850 HIS IceQ 2GB Turbo Edition,AMD,,2048 MB ,256 Bit ,153.6GB/sec,1200 MHz,"
01-Dec-2012 ",No,GDDR5
Radeon HD 7850 MSI Power Edition 2GB OC,AMD,,2048 MB ,256 Bit ,153.6GB/sec,1200 MHz,"
01-May-2012 ",No,GDDR5
Radeon HD 7850 MSI OC 1GB Edition,AMD,,1024 MB ,256 Bit ,153.6GB/sec,1200 MHz,"
01-Feb-2012 ",No,GDDR5
Radeon HD 7850 PowerColor PCS+ 2GB Edition,AMD,,2048 MB ,256 Bit ,156.8GB/sec,1225 MHz,"
01-May-2012 ",No,GDDR5
Radeon HD 7850 HIS IceQ X Turbo X Edition,AMD,,2048 MB ,256 Bit ,160GB/sec,1250 MHz,"
01-Mar-2012 ",No,GDDR5
Radeon HD 7850 Gigabyte OC Edition,AMD,130 Watts,2048 MB ,256 Bit ,153.6GB/sec,1200 MHz,"
01-Feb-2012 ",No,GDDR5
Radeon HD 7850 MSI OC 2GB Edition,AMD,,2048 MB ,256 Bit ,153.6GB/sec,1200 MHz,"
01-Feb-2012 ",No,GDDR5
Radeon HD 7850 Gigabyte OC 1GB Edition,AMD,,1024 MB ,256 Bit ,153.6GB/sec,1200 MHz,"
01-Feb-2012 ",No,GDDR5
Radeon HD 7850 HIS Fan 2GB Edition,AMD,130 Watts,2048 MB ,256 Bit ,153.6GB/sec,1200 MHz,"
06-Mar-2012 ",No,GDDR5
Radeon HD 7850 Club3D royalQueen Edition,AMD,130 Watts,2048 MB ,256 Bit ,153.6GB/sec,1200 MHz,"
01-Feb-2012 ",No,GDDR5
Radeon HD 7850 Direct CU II TOP,AMD,,2048 MB ,256 Bit ,160GB/sec,1250 MHz,"
01-Jun-2012 ",No,GDDR5
Radeon HD 7850 Club3D royalAce Edition,AMD,150 Watts,2048 MB ,256 Bit ,153.6GB/sec,1200 MHz,"
01-Sep-2012 ",No,GDDR5
Radeon HD 7850 Crossfire,AMD,260 Watts,4096 MB ,256 Bit ,307.2GB/sec,1200 MHz,"
01-Mar-2012 ",No,GDDR5
Radeon HD 7850 Direct CU II,AMD,,2048 MB ,256 Bit ,154.9GB/sec,1210 MHz,"
01-Jun-2012 ",No,GDDR5
Radeon HD 7850 Club3D royalQueen 1GB Edition,AMD,130 Watts,1024 MB ,256 Bit ,153.6GB/sec,1200 MHz,"
01-Feb-2012 ",No,GDDR5
Radeon HD 7850 Club3D royalKing Edition,AMD,130 Watts,2048 MB ,256 Bit ,153.6GB/sec,1200 MHz,"
01-Feb-2012 ",No,GDDR5
Radeon HD 7850 2GB PowerColor v2 Edition,AMD,,2048 MB ,256 Bit ,153.6GB/sec,1200 MHz,"
01-May-2012 ",No,GDDR5
Radeon HD 7850 2GB Sapphire Edition,AMD,,2048 MB ,256 Bit ,153.6GB/sec,1200 MHz,"
01-Aug-2012 ",No,GDDR5
Radeon HD 7850 1GB Sapphire Edition,AMD,,1024 MB ,256 Bit ,160GB/sec,1250 MHz,"
01-Aug-2012 ",No,GDDR5
Radeon HD 7850,AMD,130 Watts,2048 MB ,256 Bit ,153.6GB/sec,1200 MHz,"
19-Mar-2012 ",No,GDDR5
Radeon HD 7790 VTX3D X-Edition,AMD,,1024 MB ,128 Bit ,102.4GB/sec,1600 MHz,"
01-Mar-2013 ",No,GDDR5
Radeon HD 7790 VTX3D X-Edition v2,AMD,,2048 MB ,128 Bit ,102.4GB/sec,1600 MHz,"
01-Mar-2013 ",No,GDDR5
Radeon HD 7790 MSI 1GB OC Edition,AMD,,1024 MB ,128 Bit ,96GB/sec,1500 MHz,"
22-Mar-2013 ",No,GDDR5
Radeon HD 7790 VTX3D VChamp Edition,AMD,,2048 MB ,128 Bit ,102.4GB/sec,1600 MHz,"
01-Mar-2013 ",No,GDDR5
Radeon HD 7790 Gigabyte 2GB OC Edition,AMD,,2048 MB ,128 Bit ,96GB/sec,1500 MHz,"
22-Mar-2013 ",No,GDDR5
Radeon HD 7790 Sapphire OC Edition,AMD,,2048 MB ,128 Bit ,102.4GB/sec,1600 MHz,"
01-Mar-2013 ",No,GDDR5
Radeon HD 7790 PowerColor TurboDuo Edition,AMD,,1024 MB ,128 Bit ,96GB/sec,1500 MHz,"
01-Mar-2013 ",No,GDDR5
Radeon HD 7790 Sapphire Dual-X OC Edition,AMD,,1024 MB ,128 Bit ,102.4GB/sec,1600 MHz,"
01-Mar-2013 ",No,GDDR5
Radeon HD 7790 DirectCU II OC 2GB Edition,AMD,,2048 MB ,128 Bit ,102.4GB/sec,1600 MHz,"
22-Mar-2013 ",No,GDDR5
Radeon HD 7790 Gigabyte 1GB OC Edition,AMD,,1024 MB ,128 Bit ,96GB/sec,1500 MHz,"
22-Mar-2013 ",No,GDDR5
Radeon HD 7790 DirectCU II OC Edition,AMD,,1024 MB ,128 Bit ,102.4GB/sec,1600 MHz,"
22-Mar-2013 ",No,GDDR5
Radeon HD 7770 XFX Double Dissipation 1GB Edition,AMD,80 Watts,1024 MB ,128 Bit ,72GB/sec,1125 MHz,"
31-Mar-2012 ",No,GDDR5
Radeon HD 7770 XFX Ultra OC Edition,AMD,,1024 MB ,128 Bit ,79.7GB/sec,1245 MHz,"
01-May-2012 ",No,GDDR5
Radeon HD 7790,AMD,85 Watts,1024 MB ,128 Bit ,96GB/sec,1500 MHz,"
22-Mar-2013 ",No,GDDR5
Radeon HD 7770 XFX Core 1GB Edition,AMD,,1024 MB ,128 Bit ,72GB/sec,1125 MHz,"
01-Feb-2012 ",No,GDDR5
Radeon HD 7790 Crossfire,AMD,170 Watts,2048 MB ,128 Bit ,192GB/sec,1500 MHz,"
22-Mar-2013 ",No,GDDR5
Radeon HD 7770 Sapphire GHz OC Edition,AMD,80 Watts,1024 MB ,128 Bit ,80GB/sec,1250 MHz,"
16-Feb-2012 ",No,GDDR5
Radeon HD 7790 Club3D 13 Series Edition,AMD,,2048 MB ,128 Bit ,102.4GB/sec,1600 MHz,"
01-Mar-2013 ",No,GDDR5
Radeon HD 7770 VTX3D X-Edition,AMD,,1024 MB ,128 Bit ,80GB/sec,1250 MHz,"
01-Jun-2012 ",No,GDDR5
Radeon HD 7770 Vapor-X GHz OC Edition,AMD,,1024 MB ,128 Bit ,83.2GB/sec,1300 MHz,"
01-Aug-2012 ",No,GDDR5
Radeon HD 7770 Sapphire Edition,AMD,80 Watts,1024 MB ,128 Bit ,72GB/sec,1125 MHz,"
01-Feb-2012 ",No,GDDR5
Radeon HD 7770 MSI Power Edition,AMD,,1024 MB ,128 Bit ,72GB/sec,1125 MHz,"
01-Feb-2012 ",No,GDDR5
Radeon HD 7770 Sapphire Flex GHz Edition,AMD,,1024 MB ,128 Bit ,72GB/sec,1125 MHz,"
01-Aug-2012 ",No,GDDR5
Radeon HD 7770 PowerColor GHz Edition,AMD,,1024 MB ,128 Bit ,72GB/sec,1125 MHz,"
01-Feb-2012 ",No,GDDR5
Radeon HD 7770 MSI PMD1 Edition,AMD,150 Watts,1024 MB ,128 Bit ,72GB/sec,1125 MHz,"
01-Feb-2012 ",No,GDDR5
Radeon HD 7770 PowerColor PCS+ Edition,AMD,,1024 MB ,128 Bit ,72GB/sec,1125 MHz,"
01-Mar-2012 ",No,GDDR5
Radeon HD 7770 iCooler 1GB Edition,AMD,,1024 MB ,128 Bit ,72GB/sec,1125 MHz,"
01-Apr-2012 ",No,GDDR5
Radeon HD 7770 MSI 2PM OC Edition,AMD,,1024 MB ,128 Bit ,73.6GB/sec,1150 MHz,"
02-Jan-2012 ",No,GDDR5
Radeon HD 7770 Gigabyte OC rev. 2.0 Edition,AMD,,1024 MB ,128 Bit ,72GB/sec,1125 MHz,"
01-Dec-2012 ",No,GDDR5
Radeon HD 7770 Gigabyte OC Edition,AMD,,1024 MB ,128 Bit ,80GB/sec,1250 MHz,"
01-Jun-2012 ",No,GDDR5
Radeon HD 7770 Direct CU II TOP Edition,AMD,,1024 MB ,128 Bit ,73.6GB/sec,1150 MHz,"
01-Jun-2012 ",No,GDDR5
Radeon HD 7770 DirectCU II V2 Edition,AMD,150 Watts,1024 MB ,128 Bit ,73.6GB/sec,1150 MHz,"
01-Jun-2012 ",No,GDDR5
Radeon HD 7770 Ghost Thermal Edition,AMD,,1024 MB ,128 Bit ,72GB/sec,1125 MHz,"
01-Feb-2012 ",No,GDDR5
Radeon HD 7770 BE Super Overclock Edition,AMD,,1024 MB ,128 Bit ,83.2GB/sec,1300 MHz,"
01-Feb-2012 ",No,GDDR5
Radeon HD 7770 Asus GHz Edition,AMD,150 Watts,2048 MB ,128 Bit ,73.6GB/sec,1150 MHz,"
01-Jun-2012 ",No,GDDR5
Radeon HD 7770 2GB GHz Edition,AMD,80 Watts,2048 MB ,128 Bit ,72GB/sec,1125 MHz,"
15-Feb-2012 ",No,GDDR5
Radeon HD 7750 XFX Core Edition,AMD,,1024 MB ,128 Bit ,72GB/sec,1125 MHz,"
01-Feb-2012 ",No,GDDR5
Radeon HD 7770 Crossfire,AMD,160 Watts,2048 MB ,128 Bit ,144GB/sec,1125 MHz,"
01-Feb-2012 ",No,GDDR5
Radeon HD 7750 VTX3D 1GB GDDR5 Edition,AMD,,1024 MB ,128 Bit ,72GB/sec,1125 MHz,"
01-Feb-2012 ",No,GDDR5
Radeon HD 7750 Sapphire 2GB DDR3 Edition,AMD,,2048 MB ,128 Bit ,25.6GB/sec,800 MHz,"
01-Aug-2012 ",No,DDR3
Radeon HD 7750 Sapphire Low Profile,AMD,,1024 MB ,128 Bit ,72GB/sec,1125 MHz,"
01-Aug-2012 ",No,GDDR5
Radeon HD 7750 Sapphire Ultimate,AMD,55 Watts,1024 MB ,128 Bit ,72GB/sec,1125 MHz,"
01-Feb-2012 ",No,GDDR5
Radeon HD 7770 1GB GDDR5,AMD,80 Watts,1024 MB ,128 Bit ,72GB/sec,1125 MHz,"
15-Feb-2012 ",No,GDDR5
Radeon HD 7750 Sapphire 1GB GDDR5 Edition,AMD,55 Watts,1024 MB ,128 Bit ,72GB/sec,1125 MHz,"
01-Aug-2012 ",No,GDDR5
Radeon HD 7750 VTX3D 1GB DDR3 Edition,AMD,,1024 MB ,128 Bit ,25.6GB/sec,800 MHz,"
01-Oct-2012 ",No,DDR3
Radeon HD 7750 PowerColor 1GB Edition,AMD,,1024 MB ,128 Bit ,72GB/sec,1125 MHz,"
01-May-2012 ",No,GDDR5
Radeon HD 7750 PowerColor 4GB DDR3 Edition,AMD,,4096 MB ,128 Bit ,25.6GB/sec,800 MHz,"
12-Dec-2012 ",No,DDR3
Radeon HD 7750 MSI PMD1 OC Edition,AMD,,1024 MB ,128 Bit ,72GB/sec,1125 MHz,"
01-Feb-2012 ",No,GDDR5
Radeon HD 7750 MSI PMD 2GB DDR3 Edition,AMD,,2048 MB ,128 Bit ,25.6GB/sec,800 MHz,"
01-Aug-2012 ",No,DDR3
Radeon HD 7750 MSI OC Power Edition,AMD,,1024 MB ,128 Bit ,72GB/sec,1125 MHz,"
01-May-2012 ",No,GDDR5
Radeon HD 7750 HIS iCooler Dual Fan 1GB Edition,AMD,55 Watts,1024 MB ,128 Bit ,72GB/sec,1125 MHz,"
15-Feb-2012 ",No,GDDR5
Radeon HD 7750 MSI OC Edition,AMD,,1024 MB ,128 Bit ,72GB/sec,1125 MHz,"
01-Aug-2012 ",No,GDDR5
Radeon HD 7750 Gigabyte 1GB OC Edition,AMD,,1024 MB ,128 Bit ,72GB/sec,1125 MHz,"
01-Feb-2012 ",No,GDDR5
Radeon HD 7750 Gigabyte OC 2GB DDR3 Edition,AMD,,2048 MB ,128 Bit ,25.6GB/sec,800 MHz,"
01-Oct-2012 ",No,DDR3
Radeon HD 7750 Club3D Low Profile Edition,AMD,61 Watts,1024 MB ,128 Bit ,72GB/sec,1125 MHz,"
01-Aug-2012 ",No,GDDR5
Radeon HD 7750 Crossfire,AMD,110 Watts,2048 MB ,128 Bit ,144GB/sec,1125 MHz,"
01-Feb-2012 ",No,GDDR5
Radeon HD 7750 1GB GDDR5,AMD,55 Watts,1024 MB ,128 Bit ,72GB/sec,1125 MHz,"
15-Feb-2012 ",No,GDDR5
Radeon HD 7750 Double D Black Edition,AMD,,1024 MB ,128 Bit ,72GB/sec,1125 MHz,"
01-Jun-2012 ",No,GDDR5
Radeon HD 7730 v2 Sapphire 1GB Edition,AMD,47 Watts,1024 MB ,128 Bit ,28.8GB/sec,900 MHz,"
10-May-2013 ",No,DDR3
Radeon HD 7750 Asus 1GB Edition,AMD,,1024 MB ,128 Bit ,73.6GB/sec,1150 MHz,"
01-Feb-2012 ",No,GDDR5
Radeon HD 7730 v2 XFX Core 4GB Edition,AMD,47 Watts,4096 MB ,128 Bit ,20.8GB/sec,650 MHz,"
11-Jul-2013 ",No,DDR3
Radeon HD 7730 v2 Sapphire 2GB Edition,AMD,47 Watts,2048 MB ,128 Bit ,28.8GB/sec,900 MHz,"
10-May-2013 ",No,DDR3
Radeon HD 7730 v2 PowerColor 2GB Edition,AMD,47 Watts,2048 MB ,128 Bit ,25.6GB/sec,800 MHz,"
24-Jul-2013 ",No,DDR3
Radeon HD 7720,AMD,150 Watts,1024 MB ,256 Bit ,134.4GB/sec,1050 MHz,"
31-Mar-2013 ",No,GDDR5
Radeon HD 7730 v2,AMD,47 Watts,2048 MB ,128 Bit ,28.8GB/sec,900 MHz,"
01-May-2013 ",No,DDR3
Radeon HD 7650A,AMD,33 Watts,1024 MB ,128 Bit ,28.8GB/sec,900 MHz,"
01-Jan-2012 ",No,DDR3
Radeon HD 7670A,AMD,45 Watts,1024 MB ,128 Bit ,64GB/sec,1000 MHz,"
01-Jan-2012 ",No,GDDR5
Radeon HD 7750 Asus TOP 1GB Edition,AMD,75 Watts,1024 MB ,128 Bit ,73.6GB/sec,1150 MHz,"
01-Feb-2012 ",No,GDDR5
Radeon HD 7730,AMD,47 Watts,1024 MB ,128 Bit ,72GB/sec,1125 MHz,"
01-May-2013 ",No,GDDR5
Radeon HD 7670 v2,AMD,66 Watts,2048 MB ,128 Bit ,25.6GB/sec,800 MHz,"
05-Jan-2012 ",No,DDR3
Radeon HD 7570,AMD,60 Watts,1024 MB ,128 Bit ,51.2GB/sec,800 MHz,"
05-Jan-2012 ",No,GDDR5
Radeon HD 7670,AMD,66 Watts,1024 MB ,128 Bit ,64GB/sec,1000 MHz,"
05-Jan-2012 ",No,GDDR5
Radeon HD 7570 v2 Pegatron 1GB Edition,AMD,60 Watts,1024 MB ,128 Bit ,25.6GB/sec,800 MHz,"
05-Jan-2012 ",No,DDR3
Radeon HD 7570 v2,AMD,44 Watts,1024 MB ,128 Bit ,28.8GB/sec,900 MHz,"
05-Jan-2012 ",No,DDR3
Radeon HD 7470,AMD,18 Watts,512 MB ,64 Bit ,28.8GB/sec,900 MHz,"
05-Jan-2012 ",No,GDDR5
Radeon HD 7470A,AMD,18 Watts,1024 MB ,64 Bit ,12.8GB/sec,800 MHz,"
01-Jan-2012 ",No,DDR3
Radeon HD 7350,AMD,19 Watts,512 MB ,64 Bit ,12.8GB/sec,800 MHz,"
05-Jan-2012 ",No,GDDR3
Radeon HD 7450A,AMD,25 Watts,,64 Bit ,12.8GB/sec,800 MHz,"
01-Jan-2012 ",No,DDR3
Radeon HD 7450,AMD,18 Watts,512 MB ,64 Bit ,8.5GB/sec,533 MHz,"
05-Jan-2012 ",No,GDDR3
Radeon HD 8860 (OEM),AMD,150 Watts,2048 MB ,256 Bit ,179.2GB/sec,1400 MHz,"
08-Jan-2013 ",No,GDDR5
Radeon HD 8870 (OEM),AMD,175 Watts,2048 MB ,256 Bit ,153.6GB/sec,1200 MHz,"
08-Jan-2013 ",No,GDDR5
Radeon HD 8770 (OEM),AMD,85 Watts,1024 MB ,128 Bit ,96GB/sec,1500 MHz,"
02-Sep-2013 ",No,GDDR5
Radeon HD 8970 (OEM),AMD,250 Watts,3072 MB ,384 Bit ,264GB/sec,1375 MHz,"
08-Jan-2013 ",No,GDDR5
Radeon HD 8950 (OEM),AMD,200 Watts,3072 MB ,384 Bit ,240GB/sec,1250 MHz,"
08-Jan-2013 ",No,GDDR5
Radeon HD 8740 (OEM),AMD,55 Watts,2048 MB ,128 Bit ,72GB/sec,1125 MHz,"
05-Sep-2013 ",No,GDDR5
Radeon HD 8760 (OEM),AMD,80 Watts,2048 MB ,128 Bit ,72GB/sec,1125 MHz,"
08-Jan-2013 ",No,GDDR5
Radeon HD 8670 (OEM),AMD,75 Watts,2048 MB ,128 Bit ,73.6GB/sec,1150 MHz,"
08-Jan-2013 ",No,GDDR5
Radeon HD 8450 (OEM),AMD,18 Watts,512 MB ,64 Bit ,8.5GB/sec,533 MHz,"
08-Jan-2013 ",No,DDR3
Radeon HD 8470 (OEM),AMD,18 Watts,512 MB ,64 Bit ,28.8GB/sec,900 MHz,"
08-Jan-2013 ",No,GDDR5
Radeon HD 8350 (OEM),AMD,25 Watts,512 MB ,64 Bit ,12.8GB/sec,800 MHz,"
08-Jan-2013 ",No,DDR3
Radeon HD 8570 (OEM),AMD,30 Watts,2048 MB ,128 Bit ,28.8GB/sec,900 MHz,"
08-Jan-2013 ",No,DDR3
GeForce 6800 XT,Nvidia,,256 MB ,256 Bit ,11.2GB/sec,350 MHz,"
02-Jan-2005 ",No,DDR
GeForce 6800 Ultra,Nvidia,124 Watts,256 MB ,256 Bit ,35.2GB/sec,550 MHz,"
01-Mar-2005 ",No,GDDR3
GeForce FX 5950 Ultra,Nvidia,74 Watts,256 MB ,256 Bit ,15.2GB/sec,475 MHz,"
23-Oct-2003 ",No,DDR
GeForce4 Ti 4800,Nvidia,,128 MB ,128 Bit ,5.1GB/sec,320 MHz,"
20-Jan-2003 ",No,DDR
GeForce 256,Nvidia,,32 MB ,128 Bit ,2.7GB/sec,166 MHz,"
31-Aug-1999 ",No,DDR
GeForce FX 5900XT,Nvidia,35 Watts,128 MB ,256 Bit ,11.2GB/sec,350 MHz,"
01-Dec-2003 ",No,DDR
GeForce 6800 Series 128MB,Nvidia,39 Watts,128 MB ,256 Bit ,11.2GB/sec,350 MHz,"
01-Apr-2004 ",No,DDR
GeForce GT 705,Nvidia,29 Watts,1024 MB ,64 Bit ,13.2GB/sec,825 MHz,"
27-Mar-2014 ",No,DDR3
GeForce4 Ti 4800 SE,Nvidia,,128 MB ,128 Bit ,4.4GB/sec,275 MHz,"
20-Jan-2003 ",No,DDR
GeForce GTX 590 Zotac Edition,Nvidia,365 Watts,3072 MB ,384 Bit ,327.9GB/sec,854 MHz,"
01-Mar-2011 ",No,GDDR5
GeForce GTX 295 EVGA CO-OP 1792MB Edition,Nvidia,289 Watts,1792 MB ,448 Bit ,225.8GB/sec,1008 MHz,"
15-Jun-2009 ",No,GDDR3
GeForce GTX 480 SLI,Nvidia,500 Watts,3072 MB ,384 Bit ,354.8GB/sec,924 MHz,"
01-Mar-2010 ",No,GDDR5
GeForce 3 Ti 500,Nvidia,,128 MB ,128 Bit ,4GB/sec,250 MHz,"
01-Oct-2001 ",No,DDR
GeForce GT 330,Nvidia,75 Watts,256 MB ,128 Bit ,16.3GB/sec,510 MHz,"
01-Feb-2010 ",No,DDR2
GeForce GTX 295 EVGA CO-OP Hydro Copper 1792MB Edition,Nvidia,289 Watts,1792 MB ,448 Bit ,235.9GB/sec,1053 MHz,"
15-Jun-2009 ",No,GDDR3
GeForce GT 340,Nvidia,69 Watts,1024 MB ,128 Bit ,54.4GB/sec,850 MHz,"
01-Feb-2010 ",No,GDDR5
GeForce GTX 690 SLI,Nvidia,600 Watts,8192 MB ,512 Bit ,769GB/sec,1502 MHz,"
03-May-2012 ",No,GDDR5
GeForce 310 512MB,Nvidia,31 Watts,512 MB ,64 Bit ,6.4GB/sec,400 MHz,"
01-Nov-2009 ",No,DDR2
GeForce 315 512MB,Nvidia,33 Watts,512 MB ,64 Bit ,12.6GB/sec,790 MHz,"
01-Feb-2010 ",No,DDR3
GeForce GT 320,Nvidia,43 Watts,1024 MB ,128 Bit ,25.3GB/sec,790 MHz,"
01-Feb-2010 ",No,GDDR3
GeForce GTX 680 Zotac 4GB Edition,Nvidia,195 Watts,4096 MB ,256 Bit ,192.3GB/sec,1502 MHz,"
01-May-2012 ",No,GDDR5
GeForce GTX 690,Nvidia,300 Watts,4096 MB ,256 Bit ,384GB/sec,1500 MHz,"
03-May-2012 ",No,GDDR5
GeForce GTX 690 Asus 4GB Edition,Nvidia,385 Watts,4096 MB ,512 Bit ,384.5GB/sec,1502 MHz,"
01-May-2012 ",No,GDDR5
GeForce GTX 980 Zotac AMP! Omega Core 4GB Edition,Nvidia,200 Watts,4096 MB ,256 Bit ,225.5GB/sec,1762 MHz,"
01-Jul-2015 ",No,GDDR5
GeForce GTX 680 Zotac AMP Edition ,Nvidia,,2048 MB ,256 Bit ,211.5GB/sec,1652 MHz,"
01-Apr-2012 ",No,GDDR5
GeForce GTX 680 WinFast 4GB Edition,Nvidia,195 Watts,4096 MB ,256 Bit ,192.3GB/sec,1502 MHz,"
01-Mar-2012 ",No,GDDR5
GeForce GTX 680 Quad SLI,Nvidia,780 Watts,8192 MB ,256 Bit ,769GB/sec,1502 MHz,"
01-Mar-2012 ",No,GDDR5
GeForce GTX 690 Hydro Copper Signature Edition,Nvidia,,4096 MB ,512 Bit ,384.5GB/sec,1502 MHz,"
01-Sep-2012 ",No,GDDR5
GeForce GTX 680 Phantom 2GB Edition,Nvidia,,2048 MB ,256 Bit ,201.6GB/sec,1575 MHz,"
01-Apr-2012 ",No,GDDR5
GeForce GTX 680 Twin Frozr OC Edition,Nvidia,195 Watts,2048 MB ,256 Bit ,192.3GB/sec,1502 MHz,"
13-Apr-2012 ",No,GDDR5
GeForce GTX 680 PNY XLR8 Enthusiast 4GB Edition,Nvidia,195 Watts,4096 MB ,256 Bit ,192.3GB/sec,1502 MHz,"
23-Apr-2012 ",No,GDDR5
GeForce GTX 680 Phantom 4GB Edition,Nvidia,195 Watts,4096 MB ,256 Bit ,192.3GB/sec,1502 MHz,"
01-Jun-2012 ",No,GDDR5
GeForce GTX 680 Palit Jetstream 2GB Edition,Nvidia,215 Watts,2048 MB ,256 Bit ,201.6GB/sec,1575 MHz,"
01-Apr-2012 ",No,GDDR5
GeForce GTX 680 Palit Jetstream 4GB Edition,Nvidia,215 Watts,4096 MB ,256 Bit ,192.3GB/sec,1502 MHz,"
01-Apr-2012 ",No,GDDR5
GeForce GTX 1080 Ti Zotac Founders Edition 11GB,Nvidia,220 Watts,11264 MB ,88 Bit ,484.4GB/sec,1376 MHz,"
05-Mar-2017 ",No,GDDR5X
GeForce GTX 680 SLI,Nvidia,390 Watts,4096 MB ,256 Bit ,384.5GB/sec,1502 MHz,"
01-Mar-2012 ",No,GDDR5
GeForce GTX 1080 Zotac AMP 8GB Edition,Nvidia,250 Watts,8192 MB ,256 Bit ,320.3GB/sec,1251 MHz,"
27-Jun-2016 ",No,GDDR5X
GeForce GTX 1080 Ti Zotac AMP! Extreme,Nvidia,220 Watts,11264 MB ,176 Bit ,493.5GB/sec,1402 MHz,"
10-Mar-2017 ",No,GDDR5X
GeForce GTX 1080 Zotac Founders 8GB Edition,Nvidia,180 Watts,8192 MB ,256 Bit ,320.3GB/sec,1251 MHz,"
27-May-2016 ",No,GDDR5X
GeForce GTX 1080 Zotac AMP Extreme 8GB Edition,Nvidia,250 Watts,8192 MB ,256 Bit ,345.6GB/sec,1350 MHz,"
27-Jun-2016 ",No,GDDR5X
GeForce GTX 1080 Ti Zotac PGF Extreme OC,Nvidia,220 Watts,11264 MB ,88 Bit ,484.4GB/sec,1376 MHz,"
10-Mar-2017 ",No,GDDR5X
GeForce GTX 295 EVGA Red 1792MB Edition,Nvidia,289 Watts,1792 MB ,448 Bit ,223.8GB/sec,999 MHz,"
08-Jan-2009 ",No,GDDR3
GeForce GTX 1080 Ti SLI,Nvidia,220 Watts,11264 MB ,176 Bit ,484.4GB/sec,1376 MHz,"
05-Mar-2017 ",No,GDDR5X
GeForce GTX 1080 Ti Zotac AMP!,Nvidia,220 Watts,11264 MB ,88 Bit ,484.4GB/sec,1376 MHz,"
10-Mar-2017 ",No,GDDR5X
GeForce GTX 1080 Ti PNY Founders Edition 11GB,Nvidia,220 Watts,11264 MB ,88 Bit ,484.4GB/sec,1376 MHz,"
05-Mar-2017 ",No,GDDR5X
GeForce GTX 1080 Ti MSI Lightning X 11GB,Nvidia,220 Watts,11264 MB ,88 Bit ,484.4GB/sec,1376 MHz,"
05-Mar-2017 ",No,GDDR5X
GeForce GTX 1080 Ti MSI Gaming 11GB,Nvidia,250 Watts,11264 MB ,88 Bit ,484.4GB/sec,1376 MHz,"
05-Mar-2017 ",No,GDDR5X
GeForce GTX 1080 Ti MSI Sea Hawk X 11GB,Nvidia,220 Watts,11264 MB ,88 Bit ,489.3GB/sec,1390 MHz,"
05-Mar-2017 ",No,GDDR5X
GeForce GTX 1080 Ti Palit Founders Edition 11GB,Nvidia,220 Watts,11264 MB ,88 Bit ,484.4GB/sec,1376 MHz,"
05-Mar-2017 ",No,GDDR5X
GeForce GTX 1080 Ti MSI Gaming X 11GB,Nvidia,220 Watts,11264 MB ,88 Bit ,484.4GB/sec,1376 MHz,"
05-Mar-2017 ",No,GDDR5X
GeForce GTX 1080 Ti MSI Founders Edition 11GB,Nvidia,220 Watts,11264 MB ,88 Bit ,484.4GB/sec,1376 MHz,"
05-Mar-2017 ",No,GDDR5X
GeForce GTX 1080 Ti MSI Sea Hawk 11GB,Nvidia,220 Watts,11264 MB ,88 Bit ,484.4GB/sec,1376 MHz,"
05-Mar-2017 ",No,GDDR5X
GeForce GTX 1080 Ti MSI Armor 11GB Edition,Nvidia,220 Watts,11264 MB ,88 Bit ,484.4GB/sec,1376 MHz,"
05-Mar-2017 ",No,GDDR5X
GeForce GTX 1080 Ti MSI Armor OC 11GB,Nvidia,250 Watts,11264 MB ,88 Bit ,484.4GB/sec,1376 MHz,"
05-Mar-2017 ",No,GDDR5X
GeForce GTX 1080 Ti Kuroutoshikou Founders Edition 11GB,Nvidia,220 Watts,11264 MB ,88 Bit ,484.4GB/sec,1376 MHz,"
05-Mar-2017 ",No,GDDR5X
GeForce GTX 1080 Ti Inno3D iChiLL X3 Ultra 11GB,Nvidia,220 Watts,11264 MB ,352 Bit ,502GB/sec,1426 MHz,"
05-Mar-2017 ",No,GDDR5X
GeForce GTX 1080 Ti Manli F369G 11GB,Nvidia,220 Watts,11264 MB ,88 Bit ,484.4GB/sec,1376 MHz,"
22-Mar-2017 ",No,GDDR5X
GeForce GTX 1080 Ti Inno3D iChiLL X4 11GB,Nvidia,220 Watts,11264 MB ,88 Bit ,502GB/sec,1426 MHz,"
05-Mar-2017 ",No,GDDR5X
GeForce GTX 1080 Ti Inno3D iChiLL X3 11GB,Nvidia,220 Watts,11264 MB ,352 Bit ,502GB/sec,1426 MHz,"
05-Mar-2017 ",No,GDDR5X
GeForce GTX 1080 Ti KFA Founders Edition 11GB,Nvidia,220 Watts,11264 MB ,88 Bit ,484.4GB/sec,1376 MHz,"
05-Mar-2017 ",No,GDDR5X
GeForce GTX 1080 Ti Inno3D Founders Edition 11GB,Nvidia,220 Watts,11264 MB ,88 Bit ,484.4GB/sec,1376 MHz,"
05-Mar-2017 ",No,GDDR5X
GeForce GTX 1080 Ti Inno3D Gaming OC 11GB,Nvidia,220 Watts,11264 MB ,352 Bit ,484.4GB/sec,1376 MHz,"
05-Mar-2017 ",No,GDDR5X
GeForce GTX 1080 Ti Inno3D iChiLL Black 11GB,Nvidia,220 Watts,11264 MB ,88 Bit ,484.4GB/sec,1376 MHz,"
05-Mar-2017 ",No,GDDR5X
GeForce GTX 1080 Ti Gigabyte Founders Edition 11GB,Nvidia,220 Watts,11264 MB ,88 Bit ,484.4GB/sec,1376 MHz,"
05-Mar-2017 ",No,GDDR5X
GeForce GTX 1080 Ti Inno3D iChiLL X4 Ultra 11GB,Nvidia,220 Watts,11264 MB ,88 Bit ,502GB/sec,1426 MHz,"
10-Mar-2017 ",No,GDDR5X
GeForce GTX 1080 Ti MSI Aero 11GB,Nvidia,250 Watts,11264 MB ,176 Bit ,484.4GB/sec,1376 MHz,"
05-Mar-2017 ",No,GDDR5X
GeForce GTX 1080 Ti MSI Aero OC 11GB,Nvidia,250 Watts,11264 MB ,176 Bit ,484.4GB/sec,1376 MHz,"
05-Mar-2017 ",No,GDDR5X
GeForce GTX 1080 Ti Gigabyte AORUS Xtreme Edition 11GB,Nvidia,220 Watts,11264 MB ,88 Bit ,494.2GB/sec,1404 MHz,"
05-Mar-2017 ",No,GDDR5X
GeForce GTX 1080 Ti Galax Hall of Fame Edition 11GB,Nvidia,220 Watts,11264 MB ,352 Bit ,484.4GB/sec,1376 MHz,"
05-Mar-2017 ",No,GDDR5X
GeForce GTX 1080 Ti Gigabyte G1 Gaming 11GB,Nvidia,220 Watts,11264 MB ,88 Bit ,484.4GB/sec,1376 MHz,"
05-Mar-2017 ",No,GDDR5X
GeForce GTX 1080 Ti Galax Founders Edition 11GB,Nvidia,220 Watts,11264 MB ,352 Bit ,484.4GB/sec,1376 MHz,"
05-Mar-2017 ",No,GDDR5X
GeForce GTX 1080 Ti EVGA SC2 Gaming 11GB,Nvidia,220 Watts,11264 MB ,88 Bit ,484.4GB/sec,1376 MHz,"
05-Mar-2017 ",No,GDDR5X
GeForce GTX 1080 Ti EVGA SC Black Edition Gaming 11GB,Nvidia,220 Watts,11264 MB ,88 Bit ,484.4GB/sec,1376 MHz,"
05-Mar-2017 ",No,GDDR5X
GeForce GTX 1080 Ti Gainward Founders Edition 11GB,Nvidia,220 Watts,11264 MB ,352 Bit ,484.4GB/sec,1376 MHz,"
05-Mar-2017 ",No,GDDR5X
GeForce GTX 1080 Ti Colorful Founders Edition 11GB,Nvidia,220 Watts,11264 MB ,88 Bit ,484.4GB/sec,1376 MHz,"
05-Mar-2017 ",No,GDDR5X
GeForce GTX 1080 Ti EVGA Founders Edition 11GB,Nvidia,220 Watts,11264 MB ,352 Bit ,484.4GB/sec,1376 MHz,"
05-Mar-2017 ",No,GDDR5X
GeForce GTX 1080 Ti ELSA Founders Edition 11GB,Nvidia,220 Watts,11264 MB ,88 Bit ,484.4GB/sec,1376 MHz,"
05-Mar-2017 ",No,GDDR5X
GeForce GTX 1080 Ti EVGA FTW3 Gaming 11GB,Nvidia,220 Watts,11264 MB ,88 Bit ,484.4GB/sec,1376 MHz,"
05-Mar-2017 ",No,GDDR5X
GeForce GTX 1080 Ti ASUS Turbo 11GB,Nvidia,220 Watts,11264 MB ,352 Bit ,484.4GB/sec,1376 MHz,"
10-Mar-2017 ",No,GDDR5X
GeForce GTX 1080 Ti ASUS ROG STRIX OC 11GB,Nvidia,220 Watts,11264 MB ,352 Bit ,488.6GB/sec,1388 MHz,"
05-Mar-2017 ",No,GDDR5X
GeForce GTX 1080 Ti ASUS ROG STRIX 11GB,Nvidia,220 Watts,11264 MB ,352 Bit ,488.6GB/sec,1388 MHz,"
05-Mar-2017 ",No,GDDR5X
GeForce GTX 1080 Ti,Nvidia,220 Watts,11264 MB ,352 Bit ,484.4GB/sec,1376 MHz,"
05-Mar-2017 ",No,GDDR5X
GeForce GTX 1080 Ti ASUS Founders Edition 11GB,Nvidia,220 Watts,11264 MB ,352 Bit ,484.4GB/sec,1376 MHz,"
05-Mar-2017 ",No,GDDR5X
GeForce GTX 1080 Palit Super JetStream 8GB Edition,Nvidia,200 Watts,8192 MB ,256 Bit ,320.3GB/sec,1251 MHz,"
27-May-2016 ",No,GDDR5X
GeForce GTX 1080 PNY Founders 8GB Edition,Nvidia,180 Watts,8192 MB ,256 Bit ,320.3GB/sec,1251 MHz,"
27-May-2016 ",No,GDDR5X
GeForce GTX 1080 Palit Founders 8GB Edition,Nvidia,180 Watts,8192 MB ,256 Bit ,320.3GB/sec,1251 MHz,"
27-May-2016 ",No,GDDR5X
GeForce GTX 1080 SLI,Nvidia,360 Watts,16384 MB ,256 Bit ,640.5GB/sec,1251 MHz,"
27-May-2016 ",No,GDDR5X
GeForce GTX 1080 MSI Armor 8GB Edition,Nvidia,180 Watts,8192 MB ,256 Bit ,320.3GB/sec,1251 MHz,"
27-May-2016 ",No,GDDR5X
GeForce GTX 1080 MSI Founders 8GB Edition,Nvidia,180 Watts,8192 MB ,256 Bit ,320GB/sec,1250 MHz,"
27-May-2016 ",No,GDDR5X
GeForce GTX 1080 MSI Gaming X 8GB Edition,Nvidia,180 Watts,8192 MB ,256 Bit ,323.3GB/sec,1263 MHz,"
27-May-2016 ",No,GDDR5X
GeForce GTX 1080 Palit JetStream 8GB Edition,Nvidia,180 Watts,8192 MB ,256 Bit ,320.3GB/sec,1251 MHz,"
27-May-2016 ",No,GDDR5X
GeForce GTX 1080 Palit GameRock 8GB Edition,Nvidia,200 Watts,8192 MB ,256 Bit ,320.3GB/sec,1251 MHz,"
27-May-2016 ",No,GDDR5X
GeForce GTX 1080 MSI Armor OC 8GB Edition,Nvidia,180 Watts,8192 MB ,256 Bit ,320.3GB/sec,1251 MHz,"
27-May-2016 ",No,GDDR5X
GeForce GTX 1080 Ti Inno3D Twin X2 11GB,Nvidia,220 Watts,11264 MB ,88 Bit ,484.4GB/sec,1376 MHz,"
05-Mar-2017 ",No,GDDR5X
GeForce GTX 1080 MSI Sea Hawk 8GB Edition,Nvidia,180 Watts,8192 MB ,256 Bit ,323.3GB/sec,1263 MHz,"
27-May-2016 ",No,GDDR5X
GeForce GTX 1080 MSI Aero OC 8GB Edition,Nvidia,180 Watts,8192 MB ,256 Bit ,320.3GB/sec,1251 MHz,"
27-May-2016 ",No,GDDR5X
GeForce GTX 1080 MSI Aero 8GB Edition,Nvidia,180 Watts,8192 MB ,256 Bit ,320.3GB/sec,1251 MHz,"
27-May-2016 ",No,GDDR5X
GeForce GTX 1080 Gigabyte Founders 8GB Edition,Nvidia,180 Watts,8192 MB ,256 Bit ,320GB/sec,1250 MHz,"
27-May-2016 ",No,GDDR5X
GeForce GTX 1080 Gigabyte G1 Gaming 8GB Edition,Nvidia,180 Watts,8192 MB ,256 Bit ,320.3GB/sec,1251 MHz,"
27-Jun-2016 ",No,GDDR5X
GeForce GTX 1080 EVGA FTW ACX 3.0 8GB Edition,Nvidia,215 Watts,8192 MB ,256 Bit ,320.3GB/sec,1251 MHz,"
27-Jun-2016 ",No,GDDR5X
GeForce GTX 1080 EVGA ACX 3.0 8GB Edition,Nvidia,180 Watts,8192 MB ,256 Bit ,320.3GB/sec,1251 MHz,"
27-May-2016 ",No,GDDR5X
GeForce GTX 1080 Colorful iGame X-TOP 8GB,Nvidia,180 Watts,8192 MB ,256 Bit ,320.3GB/sec,1251 MHz,"
27-May-2016 ",No,GDDR5X
GeForce GTX 1080 Inno3D Founders 8GB Edition,Nvidia,180 Watts,8192 MB ,256 Bit ,320.3GB/sec,1251 MHz,"
27-May-2016 ",No,GDDR5X
GeForce GTX 1080 Ti Gainward Founders Edition 11GB (China),Nvidia,220 Watts,11264 MB ,352 Bit ,484.4GB/sec,1376 MHz,"
 05-Mar-2017 ",No,GDDR5X
GeForce GTX 1080 EVGA 8GB Edition,Nvidia,180 Watts,8192 MB ,256 Bit ,320.3GB/sec,1251 MHz,"
27-May-2016 ",No,GDDR5X
GeForce GTX 1080 Asus ROG Strix Gaming 8GB,Nvidia,300 Watts,8192 MB ,256 Bit ,320.3GB/sec,1251 MHz,"
27-Jul-2016 ",No,GDDR5X
GeForce GTX 1080 Asus ROG Strix Gaming OC 8GB Edition,Nvidia,300 Watts,8192 MB ,256 Bit ,320.3GB/sec,1251 MHz,"
27-May-2016 ",No,GDDR5X
GeForce GTX 1080 EVGA SuperClocked ACX 3.0 8GB Edition,Nvidia,180 Watts,8192 MB ,256 Bit ,320.3GB/sec,1251 MHz,"
27-May-2016 ",No,GDDR5X
GeForce GTX 1080 EVGA Founders 8GB Edition,Nvidia,180 Watts,8192 MB ,256 Bit ,320.3GB/sec,1251 MHz,"
27-May-2016 ",No,GDDR5X
GeForce GTX 1080 Asus Founders 8GB Edition,Nvidia,180 Watts,8192 MB ,256 Bit ,320.3GB/sec,1251 MHz,"
27-May-2016 ",No,GDDR5X
GeForce GTX 1070 Palit JetStream,Nvidia,150 Watts,8192 MB ,256 Bit ,272GB/sec,2125 MHz,"
10-Jun-2016 ",No,GDDR5
GeForce GTX 1070 Zotac AMP!,Nvidia,220 Watts,8192 MB ,256 Bit ,256.3GB/sec,2002 MHz,"
10-Jun-2016 ",No,GDDR5
GeForce GTX 1070 SLI,Nvidia,150 Watts,8192 MB ,128 Bit ,256.3GB/sec,2002 MHz,"
10-Jun-2016 ",No,GDDR5
GeForce GTX 1070 MSI Sea Hawk X 8GB Edition,Nvidia,150 Watts,8192 MB ,256 Bit ,259.5GB/sec,2027 MHz,"
10-Jun-2016 ",No,GDDR5
GeForce GTX 1070 Palit GameRock Premium,Nvidia,150 Watts,8192 MB ,256 Bit ,272GB/sec,2125 MHz,"
10-Jun-2016 ",No,GDDR5
GeForce GTX 1070 MSI Quick Silver OC 8GB,Nvidia,150 Watts,8192 MB ,256 Bit ,256.3GB/sec,2002 MHz,"
10-Jun-2016 ",No,GDDR5
GeForce GTX 1070 Zotac AMP! Xtreme,Nvidia,150 Watts,8192 MB ,256 Bit ,262.7GB/sec,2052 MHz,"
10-Jun-2016 ",No,GDDR5
GeForce GTX 1080,Nvidia,180 Watts,8192 MB ,256 Bit ,320.3GB/sec,1251 MHz,"
27-May-2016 ",No,GDDR5X
GeForce GTX 1070 MSI Gaming Z 8GB,Nvidia,150 Watts,8192 MB ,256 Bit ,256.3GB/sec,2002 MHz,"
10-Jun-2016 ",No,GDDR5
GeForce GTX 1070 MSI Gaming X 8GB Edition,Nvidia,150 Watts,8192 MB ,256 Bit ,259.5GB/sec,2027 MHz,"
10-Jun-2016 ",No,GDDR5
GeForce GTX 1070 Palit Super JetStream,Nvidia,150 Watts,8192 MB ,256 Bit ,272.3GB/sec,2127 MHz,"
10-Jun-2016 ",No,GDDR5
GeForce GTX 1070 MSI Armor OC 8GB Edition,Nvidia,150 Watts,8192 MB ,256 Bit ,256.3GB/sec,2002 MHz,"
10-Jun-2016 ",No,GDDR5
GeForce GTX 1070 MSI Armor 8GB Edition,Nvidia,150 Watts,8192 MB ,256 Bit ,256.3GB/sec,2002 MHz,"
10-Jun-2016 ",No,GDDR5
GeForce GTX 1070 Leadtek WinFast HURRICANE,Nvidia,150 Watts,8192 MB ,256 Bit ,256.3GB/sec,2002 MHz,"
10-Jun-2016 ",No,GDDR5
GeForce GTX 1070 Gigabyte Xtreme Gaming,Nvidia,150 Watts,8192 MB ,256 Bit ,256.3GB/sec,2002 MHz,"
10-Jun-2016 ",No,GDDR5
GeForce GTX 1070 Gigabyte Mini ITX OC 8GB,Nvidia,150 Watts,8192 MB ,256 Bit ,256.3GB/sec,2002 MHz,"
01-Jul-2016 ",No,GDDR5
GeForce GTX 1070 Gigabyte Windforce OC,Nvidia,150 Watts,8192 MB ,256 Bit ,256.3GB/sec,2002 MHz,"
10-Jun-2016 ",No,GDDR5
GeForce GTX 1070 MSI Aero OC 8GB Edition,Nvidia,150 Watts,8192 MB ,256 Bit ,256.3GB/sec,2002 MHz,"
10-Jun-2016 ",No,GDDR5
GeForce GTX 1070 MSI Aero 8GB Edition,Nvidia,150 Watts,8192 MB ,256 Bit ,256.3GB/sec,2002 MHz,"
10-Jun-2016 ",No,GDDR5
GeForce GTX 1070 Gigabyte Founders 8GB Edition,Nvidia,150 Watts,8192 MB ,256 Bit ,256.3GB/sec,2002 MHz,"
10-Jun-2016 ",No,GDDR5
GeForce GTX 1070 Galax HOF Limited Edition 8GB,Nvidia,150 Watts,8192 MB ,256 Bit ,256.3GB/sec,2002 MHz,"
10-Jun-2016 ",No,GDDR5
GeForce GTX 1070 Galax EXOC 8GB,Nvidia,150 Watts,8192 MB ,256 Bit ,256.3GB/sec,2002 MHz,"
10-Jun-2016 ",No,GDDR5
GeForce GTX 1070 Galax Founders 8GB,Nvidia,150 Watts,8192 MB ,256 Bit ,256.3GB/sec,2002 MHz,"
10-Jun-2016 ",No,GDDR5
GeForce GTX 1070 Galax EX 8GB,Nvidia,150 Watts,8192 MB ,256 Bit ,256.3GB/sec,2002 MHz,"
10-Jun-2016 ",No,GDDR5
GeForce GTX 1070 Gainward Phoenix GLH,Nvidia,150 Watts,8192 MB ,256 Bit ,272.3GB/sec,2127 MHz,"
10-Jun-2016 ",No,GDDR5
GeForce GTX 1070 EVGA SC GAMING ACX 3.0 8GB Edition,Nvidia,180 Watts,8192 MB ,256 Bit ,256.3GB/sec,2002 MHz,"
10-Jun-2016 ",No,GDDR5
GeForce GTX 1070 EVGA Founders 8GB Edition,Nvidia,150 Watts,8192 MB ,256 Bit ,256.3GB/sec,2002 MHz,"
10-Jun-2016 ",No,GDDR5
GeForce GTX 1070 EVGA ACX 3.0 8GB Edition,Nvidia,150 Watts,8192 MB ,256 Bit ,256.3GB/sec,2002 MHz,"
10-Jun-2016 ",No,GDDR5
GeForce GTX 1070 Gainward,Nvidia,150 Watts,8192 MB ,256 Bit ,256.3GB/sec,2002 MHz,"
10-Jun-2016 ",No,GDDR5
GeForce GTX 1070 Colorful iGame X-TOP 8GB,Nvidia,150 Watts,8192 MB ,256 Bit ,256.3GB/sec,2002 MHz,"
10-Jun-2016 ",No,GDDR5
GeForce GTX 1070 Asus ROG Strix Gaming OC 8GB Edition,Nvidia,150 Watts,8192 MB ,256 Bit ,256.3GB/sec,2002 MHz,"
10-Jun-2016 ",No,GDDR5
GeForce GTX 1070 MSI Founders 8GB Edition,Nvidia,150 Watts,8192 MB ,256 Bit ,256.3GB/sec,2002 MHz,"
10-Jun-2016 ",No,GDDR5
GeForce GTX 1070 Gigabyte G1 Gaming 8GB Edition,Nvidia,150 Watts,8192 MB ,256 Bit ,256.3GB/sec,2002 MHz,"
10-Jun-2016 ",No,GDDR5
GeForce GTX 1070 Asus Turbo,Nvidia,150 Watts,8192 MB ,256 Bit ,256.3GB/sec,2002 MHz,"
10-Jun-2016 ",No,GDDR5
GeForce GTX 1070 Asus ROG Strix Gaming 8GB,Nvidia,150 Watts,8192 MB ,256 Bit ,256.3GB/sec,2002 MHz,"
10-Jun-2016 ",No,GDDR5
GeForce GTX 1070 Asus Founders SLI,Nvidia,150 Watts,8192 MB ,128 Bit ,256.3GB/sec,2002 MHz,"
10-Jun-2016 ",No,GDDR5
GeForce GTX 1070 Asus Founders,Nvidia,150 Watts,8192 MB ,256 Bit ,256.3GB/sec,2002 MHz,"
10-Jun-2016 ",No,GDDR5
GeForce GTX 1070 Asus Dual,Nvidia,150 Watts,8192 MB ,256 Bit ,256.3GB/sec,2002 MHz,"
13-Jul-2016 ",No,GDDR5
GeForce GTX 1060 Palit Super Jetstream 6GB,Nvidia,120 Watts,6144 MB ,192 Bit ,192.2GB/sec,2002 MHz,"
19-Jul-2016 ",No,GDDR5
GeForce GTX 1060 Zotac Mini 6GB,Nvidia,120 Watts,6144 MB ,192 Bit ,192.2GB/sec,2002 MHz,"
19-Jul-2016 ",No,GDDR5
GeForce GTX 1060 Palit Jetstream 6GB,Nvidia,120 Watts,6144 MB ,192 Bit ,192.2GB/sec,2002 MHz,"
19-Jul-2016 ",No,GDDR5
GeForce GTX 1060 MSI OC 3GB,Nvidia,120 Watts,3072 MB ,192 Bit ,192.2GB/sec,2002 MHz,"
18-Aug-2016 ",No,GDDR5
GeForce GTX 1060 Zotac AMP 6GB Edition,Nvidia,120 Watts,6144 MB ,192 Bit ,192.2GB/sec,2002 MHz,"
19-Jul-2016 ",No,GDDR5
GeForce GTX 1060 MSI OCV1 3G,Nvidia,120 Watts,3072 MB ,192 Bit ,192.2GB/sec,2002 MHz,"
29-Aug-2016 ",No,GDDR5
GeForce GTX 1070,Nvidia,150 Watts,8192 MB ,256 Bit ,256.3GB/sec,2002 MHz,"
10-Jun-2016 ",No,GDDR5
GeForce GTX 1060 MSI Gaming X 3GB,Nvidia,120 Watts,3072 MB ,192 Bit ,192.2GB/sec,2002 MHz,"
18-Aug-2016 ",No,GDDR5
GeForce GTX 1060 MSI Gaming X 6G Edition,Nvidia,120 Watts,6144 MB ,192 Bit ,192.2GB/sec,2002 MHz,"
19-Jul-2016 ",No,GDDR5
GeForce GTX 1060 MSI Gaming 6GB,Nvidia,120 Watts,6144 MB ,192 Bit ,192.2GB/sec,2002 MHz,"
19-Jul-2016 ",No,GDDR5
GeForce GTX 1060 MSI Armor V1 3G,Nvidia,120 Watts,3072 MB ,192 Bit ,192.2GB/sec,2002 MHz,"
18-Aug-2016 ",No,GDDR5
GeForce GTX 1060 MSI Gaming 3GB,Nvidia,120 Watts,3072 MB ,192 Bit ,192.2GB/sec,2002 MHz,"
18-Aug-2016 ",No,GDDR5
GeForce GTX 1060 Zotac Mini 3GB,Nvidia,120 Watts,3072 MB ,192 Bit ,192.2GB/sec,2002 MHz,"
18-Aug-2016 ",No,GDDR5
GeForce GTX 1060 MSI Armor 6G OC,Nvidia,120 Watts,6144 MB ,192 Bit ,194.6GB/sec,2027 MHz,"
19-Jul-2016 ",No,GDDR5
GeForce GTX 1060 KFA2 OC 6GB,Nvidia,120 Watts,,192 Bit ,192.2GB/sec,2002 MHz,"
19-Jul-2016 ",No,GDDR5
GeForce GTX 1060 MSI 6GT OC,Nvidia,120 Watts,6144 MB ,192 Bit ,194.6GB/sec,2027 MHz,"
19-Jul-2016 ",No,GDDR5
GeForce GTX 1060 MSI Armor OCV1 3G,Nvidia,120 Watts,3072 MB ,192 Bit ,192.2GB/sec,2002 MHz,"
18-Aug-2016 ",No,GDDR5
GeForce GTX 1060 Inno3D iChill X3 3GB,Nvidia,120 Watts,3072 MB ,192 Bit ,197GB/sec,2052 MHz,"
18-Aug-2016 ",No,GDDR5
GeForce GTX 1060 KFA2 EX OC White 6GB,Nvidia,120 Watts,6144 MB ,192 Bit ,192.2GB/sec,2002 MHz,"
19-Jul-2016 ",No,GDDR5
GeForce GTX 1070 Gainward Phoenix GS,Nvidia,150 Watts,8192 MB ,256 Bit ,272.3GB/sec,2127 MHz,"
10-Jun-2016 ",No,GDDR5
GeForce GTX 1060 Inno3D iChill X3,Nvidia,120 Watts,6144 MB ,192 Bit ,197GB/sec,2052 MHz,"
19-Jul-2016 ",No,GDDR5
GeForce GTX 1060 Inno3D Gaming OC 6GB,Nvidia,130 Watts,6144 MB ,192 Bit ,192.2GB/sec,2002 MHz,"
19-Jul-2016 ",No,GDDR5
GeForce GTX 1060 Gigabyte Xtreme Gaming 6GB,Nvidia,120 Watts,6144 MB ,192 Bit ,192.2GB/sec,2002 MHz,"
19-Jul-2016 ",No,GDDR5
GeForce GTX 1060 KFA2 EX OC Black 6GB,Nvidia,120 Watts,6144 MB ,192 Bit ,192.2GB/sec,2002 MHz,"
19-Jul-2016 ",No,GDDR5
GeForce GTX 1060 Inno3D Compact 6GB,Nvidia,120 Watts,6144 MB ,192 Bit ,192.2GB/sec,2002 MHz,"
19-Jul-2016 ",No,GDDR5
GeForce GTX 1060 Gigabyte Mini ITX OC 3GB,Nvidia,120 Watts,3072 MB ,192 Bit ,192.2GB/sec,2002 MHz,"
18-Aug-2016 ",No,GDDR5
GeForce GTX 1060 Gigabyte Mini ITX OC 6GB,Nvidia,120 Watts,6144 MB ,192 Bit ,192.2GB/sec,2002 MHz,"
19-Jul-2016 ",No,GDDR5
GeForce GTX 1060 Inno3D Compact 3GB,Nvidia,120 Watts,3072 MB ,192 Bit ,192.2GB/sec,2002 MHz,"
18-Aug-2016 ",No,GDDR5
GeForce GTX 1060 Gigabyte Windforce 2X OC 6GB,Nvidia,120 Watts,6144 MB ,192 Bit ,192.2GB/sec,2002 MHz,"
19-Jul-2016 ",No,GDDR5
GeForce GTX 1060 Gigabyte GTX G1 Gaming 6GB,Nvidia,120 Watts,6144 MB ,192 Bit ,192.2GB/sec,2002 MHz,"
19-Jul-2016 ",No,GDDR5
GeForce GTX 1060 Gigabyte Windforce 2X OC 3GB,Nvidia,120 Watts,3072 MB ,192 Bit ,192.2GB/sec,2002 MHz,"
18-Aug-2016 ",No,GDDR5
GeForce GTX 1060 Galax EX OC White 3GB,Nvidia,120 Watts,3072 MB ,192 Bit ,192.2GB/sec,2002 MHz,"
18-Aug-2016 ",No,GDDR5
GeForce GTX 1060 Gigabyte G1 Gaming 3GB,Nvidia,120 Watts,3072 MB ,192 Bit ,192.2GB/sec,2002 MHz,"
18-Aug-2016 ",No,GDDR5
GeForce GTX 1060 Galax OC 3GB,Nvidia,120 Watts,3072 MB ,192 Bit ,192.2GB/sec,2002 MHz,"
18-Aug-2016 ",No,GDDR5
GeForce GTX 1060 Galax Gamer OC 3GB,Nvidia,120 Watts,3072 MB ,192 Bit ,192.2GB/sec,2002 MHz,"
18-Aug-2016 ",No,GDDR5
GeForce GTX 1060 Gainward Phoenix GS 6GB,Nvidia,120 Watts,6144 MB ,192 Bit ,192.2GB/sec,2002 MHz,"
19-Jul-2016 ",No,GDDR5
GeForce GTX 1060 Galax EX OC Black 3GB,Nvidia,120 Watts,3072 MB ,192 Bit ,192.2GB/sec,2002 MHz,"
18-Aug-2016 ",No,GDDR5
GeForce GTX 1060 EVGA SC ACX 2.0 3GB,Nvidia,120 Watts,3072 MB ,192 Bit ,192.2GB/sec,2002 MHz,"
18-Aug-2016 ",No,GDDR5
GeForce GTX 1060 EVGA SSC GAMING ACX 3.0 6GB,Nvidia,120 Watts,6144 MB ,192 Bit ,192.2GB/sec,2002 MHz,"
30-Aug-2016 ",No,GDDR5
GeForce GTX 1060 EVGA SC GAMING 6GB,Nvidia,120 Watts,6144 MB ,192 Bit ,192.2GB/sec,2002 MHz,"
19-Jul-2016 ",No,GDDR5
GeForce GTX 1060 EVGA FTW+ ACX 3.0 3GB,Nvidia,120 Watts,3072 MB ,192 Bit ,192.2GB/sec,2002 MHz,"
18-Aug-2016 ",No,GDDR5
GeForce GTX 1060 EVGA ACX 2.0 6GB,Nvidia,120 Watts,6144 MB ,192 Bit ,192.2GB/sec,2002 MHz,"
19-Jul-2016 ",No,GDDR5
GeForce GTX 1060 EVGA GAMING,Nvidia,120 Watts,6144 MB ,192 Bit ,192.2GB/sec,2002 MHz,"
19-Jul-2016 ",No,GDDR5
GeForce GTX 1060 Asus ROG Strix Gaming OC 6GB Edition,Nvidia,120 Watts,6144 MB ,192 Bit ,194.6GB/sec,2027 MHz,"
19-Jul-2016 ",No,GDDR5
GeForce GTX 1060 EVGA FTW GAMING ACX 3.0,Nvidia,140 Watts,6144 MB ,192 Bit ,192.2GB/sec,2002 MHz,"
30-Aug-2016 ",No,GDDR5
GeForce GTX 1060 Asus Dual OC 6GB,Nvidia,120 Watts,6144 MB ,192 Bit ,192.2GB/sec,2002 MHz,"
19-Jul-2016 ",No,GDDR5
GeForce GTX 1060 EVGA ACX 2.0 3GB,Nvidia,120 Watts,3072 MB ,192 Bit ,192.2GB/sec,2002 MHz,"
18-Aug-2016 ",No,GDDR5
GeForce GTX 1060 Asus Turbo 6GB,Nvidia,120 Watts,6144 MB ,192 Bit ,192.2GB/sec,2002 MHz,"
19-Jul-2016 ",No,GDDR5
GeForce GTX 1060,Nvidia,120 Watts,6144 MB ,192 Bit ,192.2GB/sec,2002 MHz,"
19-Jul-2016 ",No,GDDR5
GeForce GTX 1060 Asus Dual 3GB,Nvidia,120 Watts,3072 MB ,192 Bit ,192.2GB/sec,2002 MHz,"
18-Aug-2016 ",No,GDDR5
GeForce GTX 1060 Asus Dual 6GB,Nvidia,120 Watts,6144 MB ,192 Bit ,192.2GB/sec,2002 MHz,"
19-Jul-2016 ",No,GDDR5
GeForce GTX 1060 Asus Dual OC 3GB,Nvidia,120 Watts,3072 MB ,192 Bit ,192.2GB/sec,2002 MHz,"
18-Aug-2016 ",No,GDDR5
GeForce GTX 1060 3GB,Nvidia,120 Watts,3072 MB ,192 Bit ,192.2GB/sec,2002 MHz,"
18-Aug-2016 ",No,GDDR5
GeForce GTX 1050 Zotac Mini 2GB,Nvidia,75 Watts,2048 MB ,128 Bit ,112.1GB/sec,1752 MHz,"
01-Nov-2016 ",No,GDDR5
GeForce GTX 1050 Ti Zotac OC Edition 4GB,Nvidia,75 Watts,4096 MB ,128 Bit ,112.1GB/sec,1752 MHz,"
18-Oct-2016 ",No,GDDR5
GeForce GTX 1050 Ti Zotac Mini 4GB,Nvidia,75 Watts,4096 MB ,128 Bit ,112.1GB/sec,1752 MHz,"
18-Oct-2016 ",No,GDDR5
GeForce GTX 1050 Ti PNY XLR8 Gaming Overclocked Edition 4GB,Nvidia,75 Watts,4096 MB ,128 Bit ,112.1GB/sec,1752 MHz,"
20-Oct-2016 ",No,GDDR5
GeForce GTX 1050 Ti MSI OC T 4GB,Nvidia,75 Watts,4096 MB ,128 Bit ,112.1GB/sec,1752 MHz,"
18-Oct-2016 ",No,GDDR5
GeForce GTX 1050 Ti Palit StormX 4GB,Nvidia,75 Watts,4096 MB ,128 Bit ,112.1GB/sec,1752 MHz,"
18-Oct-2016 ",No,GDDR5
GeForce GTX 1050 Ti MSI Gaming 4GB,Nvidia,75 Watts,4096 MB ,128 Bit ,112.1GB/sec,1752 MHz,"
18-Oct-2016 ",No,GDDR5
GeForce GTX 1050 Ti KFA2 OC 4GB,Nvidia,75 Watts,4096 MB ,128 Bit ,112.1GB/sec,1752 MHz,"
Unknown Release Date ",No,GDDR5
GeForce GTX 1050 Ti PNY 4GB,Nvidia,75 Watts,4096 MB ,128 Bit ,112.1GB/sec,1752 MHz,"
20-Oct-2016 ",No,GDDR5
GeForce GTX 1050 Ti MSI 4GB,Nvidia,75 Watts,4096 MB ,128 Bit ,112.1GB/sec,1752 MHz,"
18-Oct-2016 ",No,GDDR5
GeForce GTX 1050 Ti Inno3D Twin X2 4GB,Nvidia,75 Watts,4096 MB ,128 Bit ,112.1GB/sec,1752 MHz,"
Unknown Release Date ",No,GDDR5
GeForce GTX 1050 Ti MSI Gaming X 4GB,Nvidia,75 Watts,4096 MB ,128 Bit ,112.1GB/sec,1752 MHz,"
18-Oct-2016 ",No,GDDR5
GeForce GTX 1050 Ti Gigabyte Windforce OC 4GB,Nvidia,75 Watts,4096 MB ,128 Bit ,112.1GB/sec,1752 MHz,"
Unknown Release Date ",No,GDDR5
GeForce GTX 1050 Ti Inno3D 4GB,Nvidia,75 Watts,4096 MB ,128 Bit ,112.1GB/sec,1752 MHz,"
18-Oct-2016 ",No,GDDR5
GeForce GTX 1050 Ti Galax EXOC 4GB,Nvidia,75 Watts,4096 MB ,128 Bit ,112.1GB/sec,1752 MHz,"
18-Oct-2016 ",No,GDDR5
GeForce GTX 1050 Ti Gigabyte OC 4GB,Nvidia,75 Watts,4096 MB ,128 Bit ,112.1GB/sec,1752 MHz,"
Unknown Release Date ",No,GDDR5
GeForce GTX 1050 Ti Gigabyte D5 4GB,Nvidia,75 Watts,4096 MB ,128 Bit ,112.1GB/sec,1752 MHz,"
18-Oct-2016 ",No,GDDR5
GeForce GTX 1050 Ti Gigabyte G1 Gaming 4GB,Nvidia,75 Watts,4096 MB ,128 Bit ,112.1GB/sec,1752 MHz,"
18-Oct-2016 ",No,GDDR5
GeForce GTX 1050 Ti Gainward 4GB,Nvidia,75 Watts,4096 MB ,128 Bit ,112.1GB/sec,1752 MHz,"
Unknown Release Date ",No,GDDR5
GeForce GTX 1050 Ti Colorful iGame U-4G 4GB,Nvidia,75 Watts,4096 MB ,128 Bit ,112.1GB/sec,1752 MHz,"
25-Oct-2016 ",No,GDDR5
GeForce GTX 1050 Ti EVGA Gaming 4GB,Nvidia,75 Watts,4096 MB ,128 Bit ,112.1GB/sec,1752 MHz,"
Unknown Release Date ",No,GDDR5
GeForce GTX 1050 Ti MSI OC 4GB,Nvidia,75 Watts,4096 MB ,128 Bit ,112.1GB/sec,1752 MHz,"
18-Oct-2016 ",No,GDDR5
GeForce GTX 1050 Ti Galax OC 4GB,Nvidia,75 Watts,4096 MB ,128 Bit ,112.1GB/sec,1752 MHz,"
Unknown Release Date ",No,GDDR5
GeForce GTX 1050 Ti EVGA SSC Gaming ACX 3.0 4GB,Nvidia,75 Watts,4096 MB ,128 Bit ,112.1GB/sec,1752 MHz,"
Unknown Release Date ",No,GDDR5
GeForce GTX 1050 Ti EVGA FTW DT GAMING ACX 3.0 4GB,Nvidia,75 Watts,4096 MB ,128 Bit ,112.1GB/sec,1752 MHz,"
18-Oct-2016 ",No,GDDR5
GeForce GTX 1050 Ti EVGA FTW Gaming ACX 3.0 4GB,Nvidia,75 Watts,4096 MB ,128 Bit ,112.1GB/sec,1752 MHz,"
Unknown Release Date ",No,GDDR5
GeForce GTX 1050 Ti Asus ROG Strix Gaming OC 4GB,Nvidia,75 Watts,4096 MB ,128 Bit ,112.1GB/sec,1752 MHz,"
25-Oct-2016 ",No,GDDR5
GeForce GTX 1050 Ti Colorful iGame S-4G 4GB,Nvidia,75 Watts,4096 MB ,128 Bit ,112.1GB/sec,1752 MHz,"
25-Oct-2016 ",No,GDDR5
GeForce GTX 1050 Ti EVGA SC Gaming 4GB,Nvidia,75 Watts,4096 MB ,128 Bit ,112.1GB/sec,1752 MHz,"
Unknown Release Date ",No,GDDR5
GeForce GTX 1050 Ti Asus Expedition 4GB,Nvidia,75 Watts,4096 MB ,128 Bit ,112.1GB/sec,1752 MHz,"
Unknown Release Date ",No,GDDR5
GeForce GTX 1050 Palit StormX 2GB,Nvidia,75 Watts,2048 MB ,128 Bit ,112.1GB/sec,1752 MHz,"
Unknown Release Date ",No,GDDR5
GeForce GTX 1050 Ti Asus Dual 4GB,Nvidia,75 Watts,4096 MB ,128 Bit ,112.1GB/sec,1752 MHz,"
Unknown Release Date ",No,GDDR5
GeForce GTX 1050 Ti 4GB,Nvidia,75 Watts,4096 MB ,128 Bit ,112.1GB/sec,1752 MHz,"
18-Oct-2016 ",No,GDDR5
GeForce GTX 1050 Ti Asus Pheonix 4GB,Nvidia,75 Watts,4096 MB ,128 Bit ,112.1GB/sec,1752 MHz,"
25-Oct-2016 ",No,GDDR5
GeForce GTX 1050 PNY 2GB,Nvidia,75 Watts,2048 MB ,128 Bit ,112.1GB/sec,1752 MHz,"
20-Oct-2016 ",No,GDDR5
GeForce GTX 1050 MSI OC T 2GB,Nvidia,75 Watts,2048 MB ,128 Bit ,112.1GB/sec,1752 MHz,"
01-Nov-2016 ",No,GDDR5
GeForce GTX 1050 MSI Gaming 2GB,Nvidia,75 Watts,2048 MB ,128 Bit ,112.1GB/sec,1752 MHz,"
01-Nov-2016 ",No,GDDR5
GeForce GTX 1050 MSI OC 2GB,Nvidia,75 Watts,2048 MB ,128 Bit ,112.1GB/sec,1752 MHz,"
01-Nov-2016 ",No,GDDR5
GeForce GTX 1050 MSI Gaming X 2GB,Nvidia,75 Watts,2048 MB ,128 Bit ,112.1GB/sec,1752 MHz,"
01-Nov-2016 ",No,GDDR5
GeForce GTX 1050 KFA2 OC 2GB,Nvidia,75 Watts,2048 MB ,128 Bit ,112.1GB/sec,1752 MHz,"
Unknown Release Date ",No,GDDR5
GeForce GTX 1050 MSI 2GB,Nvidia,75 Watts,2048 MB ,128 Bit ,112.1GB/sec,1752 MHz,"
01-Nov-2016 ",No,GDDR5
GeForce GTX 1050 Inno3D Twin X2 2GB,Nvidia,75 Watts,2048 MB ,128 Bit ,112.1GB/sec,1752 MHz,"
Unknown Release Date ",No,GDDR5
GeForce GTX 1050 Gigabyte OC 2GB,Nvidia,75 Watts,2048 MB ,128 Bit ,112.1GB/sec,1752 MHz,"
01-Nov-2016 ",No,GDDR5
GeForce GTX 1050 Gigabyte D5 2GB,Nvidia,75 Watts,2048 MB ,128 Bit ,112.1GB/sec,1752 MHz,"
01-Nov-2016 ",No,GDDR5
GeForce GTX 1050 Galax OC 2GB,Nvidia,75 Watts,2048 MB ,128 Bit ,112.1GB/sec,1752 MHz,"
01-Nov-2016 ",No,GDDR5
GeForce GTX 1050 Inno3D 2GB,Nvidia,75 Watts,2048 MB ,128 Bit ,112.1GB/sec,1752 MHz,"
Unknown Release Date ",No,GDDR5
GeForce GTX 1050 Gigabyte Windforce OC 2GB,Nvidia,75 Watts,2048 MB ,128 Bit ,112.1GB/sec,1752 MHz,"
Unknown Release Date ",No,GDDR5
GeForce GTX 1050 Gigabyte G1 Gaming 2GB,Nvidia,75 Watts,2048 MB ,128 Bit ,112.1GB/sec,1752 MHz,"
Unknown Release Date ",No,GDDR5
GeForce GTX 1050 Galax EXOC 2GB,Nvidia,75 Watts,2048 MB ,128 Bit ,112.1GB/sec,1752 MHz,"
01-Nov-2016 ",No,GDDR5
GeForce GTX 1050 FTW DT Gaming ACX 3.0 2GB,Nvidia,75 Watts,2048 MB ,128 Bit ,112.1GB/sec,1752 MHz,"
Unknown Release Date ",No,GDDR5
GeForce GTX 1050 Gainward 2GB,Nvidia,75 Watts,2048 MB ,128 Bit ,112.1GB/sec,1752 MHz,"
Unknown Release Date ",No,GDDR5
GeForce GTX 1050 EVGA SSC Gaming ACX 3.0 2GB,Nvidia,75 Watts,2048 MB ,128 Bit ,112.1GB/sec,1752 MHz,"
Unknown Release Date ",No,GDDR5
GeForce GTX 1050 EVGA Gaming 2GB,Nvidia,75 Watts,2048 MB ,128 Bit ,112.1GB/sec,1752 MHz,"
Unknown Release Date ",No,GDDR5
GeForce GTX 1050 Colorful iGame U-2G 2GB,Nvidia,75 Watts,2048 MB ,128 Bit ,112.1GB/sec,1752 MHz,"
25-Oct-2016 ",No,GDDR5
GeForce GTX 1050 EVGA SC Gaming 2GB,Nvidia,75 Watts,2048 MB ,128 Bit ,112.1GB/sec,1752 MHz,"
Unknown Release Date ",No,GDDR5
GeForce GTX 680 KFA2 LTD OC 2GB Edition,Nvidia,,2048 MB ,256 Bit ,192.3GB/sec,1502 MHz,"
01-Aug-2012 ",No,GDDR5
GeForce GTX 1050,Nvidia,75 Watts,2048 MB ,128 Bit ,112.1GB/sec,1752 MHz,"
01-Nov-2016 ",No,GDDR5
GeForce GT 1030,Nvidia,30 Watts,2048 MB ,64 Bit ,32GB/sec,1000 MHz,"
17-May-2017 ",No,GDDR5
GeForce GTX 1050 EVGA FTW Gaming ACX 3.0 2GB,Nvidia,75 Watts,2048 MB ,128 Bit ,112.1GB/sec,1752 MHz,"
Unknown Release Date ",No,GDDR5
GeForce GTX 680 Lightning Edition,Nvidia,,2048 MB ,256 Bit ,192.3GB/sec,1502 MHz,"
01-Jun-2012 ",No,GDDR5
GeForce GTX 680 Gigabyte OC Edition,Nvidia,,2048 MB ,256 Bit ,192.3GB/sec,1502 MHz,"
01-Apr-2012 ",No,GDDR5
GeForce GTX 680 KFA2 2GB Edition,Nvidia,195 Watts,2048 MB ,256 Bit ,192.3GB/sec,1502 MHz,"
01-Mar-2012 ",No,GDDR5
GeForce GTX 680 Inno3D HerculeZ 2000 4GB Edition,Nvidia,195 Watts,4096 MB ,256 Bit ,192.3GB/sec,1502 MHz,"
07-Nov-2012 ",No,GDDR5
GeForce GTX 680 Gigabyte SO 2GB Edition,Nvidia,,2048 MB ,256 Bit ,198.4GB/sec,1550 MHz,"
01-Aug-2012 ",No,GDDR5
GeForce GTX 680 Hydro Copper Edition ,Nvidia,195 Watts,2048 MB ,256 Bit ,201.6GB/sec,1575 MHz,"
01-Mar-2012 ",No,GDDR5
GeForce GTX 680 Galaxy Edition,Nvidia,195 Watts,4096 MB ,256 Bit ,192.3GB/sec,1502 MHz,"
01-May-2012 ",No,GDDR5
GeForce GTX 680 Galaxy 2GB SOC Edition,Nvidia,195 Watts,2048 MB ,256 Bit ,192.3GB/sec,1502 MHz,"
01-Oct-2012 ",No,GDDR5
GeForce GTX 680 Galaxy 2GB OC Edition,Nvidia,195 Watts,2048 MB ,256 Bit ,192.3GB/sec,1502 MHz,"
01-Feb-2012 ",No,GDDR5
GeForce GTX 680 FTW 4GB Edition ,Nvidia,195 Watts,4096 MB ,256 Bit ,192.3GB/sec,1502 MHz,"
01-May-2012 ",No,GDDR5
GeForce GTX 680 Gainward 2GB Edition,Nvidia,195 Watts,4096 MB ,256 Bit ,192.3GB/sec,1502 MHz,"
22-May-2012 ",No,GDDR5
GeForce GTX 680 Gigabyte OC 4GB Edition,Nvidia,,4096 MB ,256 Bit ,192.3GB/sec,1502 MHz,"
01-Apr-2012 ",No,GDDR5
GeForce GTX 680 EVGA SC Signature 2 Edition,Nvidia,195 Watts,2048 MB ,256 Bit ,198.7GB/sec,1552 MHz,"
01-Dec-2012 ",No,GDDR5
GeForce GTX 680 EXO 2GB Edition,Nvidia,,2048 MB ,256 Bit ,192.3GB/sec,1502 MHz,"
01-Sep-2012 ",No,GDDR5
GeForce GTX 680 EVGA SC Edition,Nvidia,195 Watts,2048 MB ,256 Bit ,198.7GB/sec,1552 MHz,"
22-Mar-2012 ",No,GDDR5
GeForce GTX 680 EVGA SC Signature+ Edition,Nvidia,195 Watts,2048 MB ,256 Bit ,192.3GB/sec,1502 MHz,"
01-May-2012 ",No,GDDR5
GeForce GTX 680 EVGA SC Signature Edition,Nvidia,195 Watts,2048 MB ,256 Bit ,198.7GB/sec,1552 MHz,"
01-May-2012 ",No,GDDR5
GeForce GTX 680 EVGA Classified Edition,Nvidia,,4096 MB ,256 Bit ,192.3GB/sec,1502 MHz,"
01-Feb-2012 ",No,GDDR5
GeForce GTX 680 EX OC 4GB Edition,Nvidia,,4096 MB ,256 Bit ,192.3GB/sec,1502 MHz,"
01-Aug-2012 ",No,GDDR5
GeForce GTX 680 Asus DirectCU II 4GB Edition,Nvidia,225 Watts,4096 MB ,256 Bit ,192.3GB/sec,1502 MHz,"
07-Nov-2012 ",No,GDDR5
GeForce GTX 680,Nvidia,195 Watts,2048 MB ,256 Bit ,192.3GB/sec,1502 MHz,"
22-Mar-2012 ",No,GDDR5
GeForce GTX 670 Zotac 4GB OC Edition,Nvidia,,4096 MB ,256 Bit ,192.3GB/sec,1502 MHz,"
01-Feb-2012 ",No,GDDR5
GeForce GTX 680 Direct CU II TOP,Nvidia,,2048 MB ,256 Bit ,192.3GB/sec,1502 MHz,"
01-May-2012 ",No,GDDR5
GeForce GTX 670 Zotac AMP Edition,Nvidia,,2048 MB ,256 Bit ,211.5GB/sec,1652 MHz,"
01-May-2012 ",No,GDDR5
GeForce GTX 680 Asus OC 2GB Edition,Nvidia,,2048 MB ,256 Bit ,192.3GB/sec,1502 MHz,"
01-May-2012 ",No,GDDR5
GeForce GTX 670 SLI,Nvidia,340 Watts,4096 MB ,256 Bit ,384.5GB/sec,1502 MHz,"
01-May-2012 ",No,GDDR5
GeForce GTX 670 Palit 2GB Edition,Nvidia,170 Watts,2048 MB ,256 Bit ,192.3GB/sec,1502 MHz,"
10-May-2012 ",No,GDDR5
GeForce GTX 670 SC 2GB Edition,Nvidia,,2048 MB ,256 Bit ,192.3GB/sec,1502 MHz,"
01-May-2012 ",No,GDDR5
GeForce GTX 670 PNY 2GB Edition,Nvidia,170 Watts,2048 MB ,256 Bit ,192.3GB/sec,1502 MHz,"
01-May-2012 ",No,GDDR5
GeForce GTX 670 Jetstream 2GB Edition,Nvidia,185 Watts,2048 MB ,256 Bit ,195.5GB/sec,1527 MHz,"
01-May-2012 ",No,GDDR5
GeForce GTX 670 Gigabyte 3xWindForce 4GB Edition,Nvidia,180 Watts,4096 MB ,256 Bit ,192.3GB/sec,1502 MHz,"
01-May-2012 ",No,GDDR5
GeForce GTX 670 MSI OC Edition,Nvidia,170 Watts,2048 MB ,256 Bit ,192.3GB/sec,1502 MHz,"
01-May-2012 ",No,GDDR5
GeForce GTX 670 Gigabyte 3xWindForce Edition,Nvidia,180 Watts,2048 MB ,256 Bit ,192.3GB/sec,1502 MHz,"
01-May-2012 ",No,GDDR5
GeForce GTX 670 Gainward Phantom Edition,Nvidia,,2048 MB ,256 Bit ,195.5GB/sec,1527 MHz,"
01-May-2012 ",No,GDDR5
GeForce GTX 670 Gigabyte 2xWindForce Edition,Nvidia,,2048 MB ,256 Bit ,192.3GB/sec,1502 MHz,"
01-May-2012 ",No,GDDR5
GeForce GTX 670 Galaxy GC 2GB Edition,Nvidia,170 Watts,2048 MB ,256 Bit ,192.3GB/sec,1502 MHz,"
01-May-2012 ",No,GDDR5
GeForce GTX 670 SC+ 4GB Edition,Nvidia,170 Watts,4096 MB ,256 Bit ,192.3GB/sec,1502 MHz,"
01-May-2012 ",No,GDDR5
GeForce GTX 670 Galaxy GC 4GB Edition,Nvidia,170 Watts,4096 MB ,256 Bit ,192.3GB/sec,1502 MHz,"
01-May-2012 ",No,GDDR5
GeForce GTX 670 FTW 2GB,Nvidia,225 Watts,2048 MB ,256 Bit ,198.7GB/sec,1552 MHz,"
01-May-2012 ",No,GDDR5
GeForce GTX 670 FTW SIG2 2GB Edition,Nvidia,170 Watts,2048 MB ,256 Bit ,198.7GB/sec,1552 MHz,"
01-Dec-2012 ",No,GDDR5
GeForce GTX 670 EVGA FTW+ 4GB Edition,Nvidia,170 Watts,4096 MB ,256 Bit ,192.3GB/sec,1502 MHz,"
01-May-2012 ",No,GDDR5
GeForce GTX 670 Gainward 2GB Edition,Nvidia,170 Watts,2048 MB ,256 Bit ,192.3GB/sec,1502 MHz,"
01-May-2012 ",No,GDDR5
GeForce GTX 670 MSI Power Edition,Nvidia,,2048 MB ,256 Bit ,192.3GB/sec,1502 MHz,"
01-Jun-2012 ",No,GDDR5
GeForce GTX 670 FTW 2GB LE Edition,Nvidia,170 Watts,2048 MB ,256 Bit ,192.3GB/sec,1502 MHz,"
01-May-2012 ",No,GDDR5
GeForce GTX 670 FTW 2GB Edition SLI,Nvidia,450 Watts,4096 MB ,256 Bit ,397.3GB/sec,1552 MHz,"
01-May-2012 ",No,GDDR5
GeForce GTX 670 DirectCU II Top Edition,Nvidia,,2048 MB ,256 Bit ,192.3GB/sec,1502 MHz,"
01-May-2012 ",No,GDDR5
GeForce GTX 670 EVGA 2GB Edition,Nvidia,170 Watts,2048 MB ,256 Bit ,192.3GB/sec,1502 MHz,"
01-May-2012 ",No,GDDR5
GeForce GTX 670 DirectCU II OC Edition,Nvidia,,2048 MB ,256 Bit ,192.3GB/sec,1502 MHz,"
01-May-2012 ",No,GDDR5
GeForce GTX 670 DirectCU II Mini Edition,Nvidia,,2048 MB ,256 Bit ,192.3GB/sec,1502 MHz,"
01-Apr-2013 ",No,GDDR5
GeForce GTX 670 EVGA FTW+ 4GB Edition SLI,Nvidia,340 Watts,4096 MB ,512 Bit ,384.5GB/sec,1502 MHz,"
01-May-2012 ",No,GDDR5
GeForce GTX 670 Asus DirectCU II 4GB Edition,Nvidia,170 Watts,4096 MB ,256 Bit ,192.3GB/sec,1502 MHz,"
21-Aug-2012 ",No,GDDR5
GeForce GTX 670,Nvidia,170 Watts,2048 MB ,256 Bit ,192.3GB/sec,1502 MHz,"
10-May-2012 ",No,GDDR5
GeForce GTX 660 Zotac Synergy Edition,Nvidia,140 Watts,2048 MB ,192 Bit ,144.2GB/sec,1502 MHz,"
01-Sep-2012 ",No,GDDR5
GeForce GTX 660 Zotac Edition,Nvidia,,2048 MB ,192 Bit ,144.2GB/sec,1502 MHz,"
01-Sep-2012 ",No,GDDR5
GeForce GTX 660 Zotac AMP Edition,Nvidia,,2048 MB ,192 Bit ,158.6GB/sec,1652 MHz,"
01-Sep-2012 ",No,GDDR5
GeForce GTX 660 v2,Nvidia,140 Watts,2048 MB ,192 Bit ,144.2GB/sec,1502 MHz,"
13-Sep-2014 ",No,GDDR5
GeForce GTX 660 Twin Frozr OC Edition SLI,Nvidia,,4096 MB ,192 Bit ,288.4GB/sec,1502 MHz,"
01-Sep-2012 ",No,GDDR5
GeForce GTX 670 DirectCU II Edition,Nvidia,,2048 MB ,256 Bit ,192.3GB/sec,1502 MHz,"
01-May-2012 ",No,GDDR5
GeForce GTX 660 WindForce 2X OC Edition,Nvidia,,2048 MB ,192 Bit ,144.2GB/sec,1502 MHz,"
01-Sep-2012 ",No,GDDR5
GeForce GTX 660 Twin Frozr Edition,Nvidia,,2048 MB ,192 Bit ,144.2GB/sec,1502 MHz,"
01-Sep-2012 ",No,GDDR5
GeForce GTX 660 Twin Frozr OC Edition,Nvidia,,2048 MB ,192 Bit ,144.2GB/sec,1502 MHz,"
01-Sep-2012 ",No,GDDR5
GeForce GTX 660 Ti Zotac Edition,Nvidia,150 Watts,2048 MB ,192 Bit ,144.2GB/sec,1502 MHz,"
01-Aug-2012 ",No,GDDR5
GeForce GTX 660 Ti Zotac AMP Extreme Edition,Nvidia,,2048 MB ,192 Bit ,158.6GB/sec,1652 MHz,"
01-Sep-2012 ",No,GDDR5
GeForce GTX 660 Ti Zotac AMP Edition,Nvidia,,2048 MB ,192 Bit ,158.6GB/sec,1652 MHz,"
01-Aug-2012 ",No,GDDR5
GeForce GTX 660 Ti WindForce 2X OC Edition,Nvidia,150 Watts,2048 MB ,192 Bit ,144.2GB/sec,1502 MHz,"
16-Aug-2012 ",No,GDDR5
GeForce GTX 660 Ti Twin Frozr 3GB Edition,Nvidia,150 Watts,3072 MB ,192 Bit ,144.2GB/sec,1502 MHz,"
01-Aug-2012 ",No,GDDR5
GeForce GTX 660 Ti SC+ 3GB w/Backplate,Nvidia,150 Watts,3072 MB ,192 Bit ,144.2GB/sec,1502 MHz,"
01-Sep-2012 ",No,GDDR5
GeForce GTX 660 Ti SLI,Nvidia,300 Watts,4096 MB ,192 Bit ,288.4GB/sec,1502 MHz,"
01-Aug-2012 ",No,GDDR5
GeForce GTX 660 Ti Power OC Edition,Nvidia,,2048 MB ,192 Bit ,144.2GB/sec,1502 MHz,"
01-Aug-2012 ",No,GDDR5
GeForce GTX 660 Ti Power Edition,Nvidia,190 Watts,2048 MB ,192 Bit ,144.2GB/sec,1502 MHz,"
01-Aug-2012 ",No,GDDR5
GeForce GTX 660 Ti PNY Edition ,Nvidia,150 Watts,2048 MB ,192 Bit ,144.2GB/sec,1502 MHz,"
01-Aug-2012 ",No,GDDR5
GeForce GTX 660 Ti Power OC Edition SLI,Nvidia,300 Watts,4096 MB ,192 Bit ,288.4GB/sec,1502 MHz,"
01-Aug-2012 ",No,GDDR5
GeForce GTX 660 Ti MSI Gaming OC Edition,Nvidia,150 Watts,2048 MB ,192 Bit ,144.2GB/sec,1502 MHz,"
01-Aug-2012 ",No,GDDR5
GeForce GTX 660 Ti KFA² EX OC 3GB Edition,Nvidia,150 Watts,3072 MB ,192 Bit ,144.2GB/sec,1502 MHz,"
16-Aug-2012 ",No,GDDR5
GeForce GTX 660 Ti MSI OC v1 Edition,Nvidia,,2048 MB ,192 Bit ,144.2GB/sec,1502 MHz,"
01-Oct-2012 ",No,GDDR5
GeForce GTX 660 Ti KFA² EX OC 2GB Edition,Nvidia,150 Watts,2048 MB ,192 Bit ,144.2GB/sec,1502 MHz,"
16-Aug-2012 ",No,GDDR5
GeForce GTX 660 Ti Inno3D Edition,Nvidia,150 Watts,2048 MB ,192 Bit ,144.2GB/sec,1502 MHz,"
01-Aug-2012 ",No,GDDR5
GeForce GTX 660 Ti JetStream Edition,Nvidia,160 Watts,2048 MB ,192 Bit ,146.6GB/sec,1527 MHz,"
01-Aug-2012 ",No,GDDR5
GeForce GTX 660 Ti Gigabyte WindForce 2X OC 2GB Edition SLI,Nvidia,300 Watts,4096 MB ,192 Bit ,288.4GB/sec,1502 MHz,"
16-Aug-2012 ",No,GDDR5
GeForce GTX 660 Ti GC 3GB Edition,Nvidia,150 Watts,3072 MB ,192 Bit ,144.2GB/sec,1502 MHz,"
01-Aug-2012 ",No,GDDR5
GeForce GTX 660 Ti Gigabyte OC 3GB Edition,Nvidia,150 Watts,3072 MB ,192 Bit ,144.2GB/sec,1502 MHz,"
01-Aug-2012 ",No,GDDR5
GeForce GTX 660 Ti Gainward Edition,Nvidia,,2048 MB ,192 Bit ,144.2GB/sec,1502 MHz,"
01-Aug-2012 ",No,GDDR5
GeForce GTX 660 Ti Gainward Phantom Edition,Nvidia,,2048 MB ,192 Bit ,146.6GB/sec,1527 MHz,"
01-Aug-2012 ",No,GDDR5
GeForce GTX 660 Ti FTW Signature 2 Edition,Nvidia,150 Watts,2048 MB ,192 Bit ,144.2GB/sec,1502 MHz,"
01-Sep-2012 ",No,GDDR5
GeForce GTX 660 Ti GC 2GB Edition,Nvidia,150 Watts,2048 MB ,192 Bit ,144.2GB/sec,1502 MHz,"
01-Aug-2012 ",No,GDDR5
GeForce GTX 660 Ti Direct CU II Top Edition,Nvidia,,2048 MB ,192 Bit ,144.2GB/sec,1502 MHz,"
01-Aug-2012 ",No,GDDR5
GeForce GTX 660 Ti Asus Dragon DirectCU II TOP 2GB Edition,Nvidia,150 Watts,2048 MB ,192 Bit ,146.4GB/sec,1525 MHz,"
01-Jun-2013 ",No,GDDR5
GeForce GTX 660 Ti EVGA SC Edition,Nvidia,150 Watts,2048 MB ,192 Bit ,144.2GB/sec,1502 MHz,"
01-Aug-2012 ",No,GDDR5
GeForce GTX 660 Ti Direct CU II Edition,Nvidia,225 Watts,2048 MB ,192 Bit ,144.2GB/sec,1502 MHz,"
01-Aug-2012 ",No,GDDR5
GeForce GTX 660 Ti EVGA FTW Edition,Nvidia,150 Watts,2048 MB ,192 Bit ,144.2GB/sec,1502 MHz,"
01-Oct-2012 ",No,GDDR5
GeForce GTX 660 Ti 3-way SLI,Nvidia,450 Watts,6144 MB ,192 Bit ,432.6GB/sec,1502 MHz,"
01-Aug-2012 ",No,GDDR5
GeForce GTX 660 Palit OC 2GB Edition,Nvidia,140 Watts,2048 MB ,192 Bit ,146.6GB/sec,1527 MHz,"
01-Sep-2012 ",No,GDDR5
GeForce GTX 660 Ti,Nvidia,150 Watts,2048 MB ,192 Bit ,144.2GB/sec,1502 MHz,"
16-Aug-2012 ",No,GDDR5
GeForce GTX 660 Ti Direct CU II OC Edition,Nvidia,225 Watts,2048 MB ,192 Bit ,144.2GB/sec,1502 MHz,"
01-Sep-2012 ",No,GDDR5
GeForce GTX 660 Ti Colorful iGame ARES X 2GB Edition,Nvidia,150 Watts,2048 MB ,192 Bit ,163.4GB/sec,1702 MHz,"
16-Aug-2012 ",No,GDDR5
GeForce GTX 660 Palit 2GB Edition,Nvidia,140 Watts,2048 MB ,192 Bit ,144.2GB/sec,1502 MHz,"
06-Sep-2012 ",No,GDDR5
GeForce GTX 660 MSI Gaming 2GB Edition,Nvidia,,2048 MB ,192 Bit ,144.2GB/sec,1502 MHz,"
01-Sep-2013 ",No,GDDR5
GeForce GTX 660 MSI OC 2GB Edition,Nvidia,,2048 MB ,192 Bit ,144.2GB/sec,1502 MHz,"
01-Oct-2012 ",No,GDDR5
GeForce GTX 660 SLI,Nvidia,280 Watts,4096 MB ,192 Bit ,288.4GB/sec,1502 MHz,"
01-Sep-2012 ",No,GDDR5
GeForce GTX 660 Golden Sample Edition,Nvidia,,2048 MB ,192 Bit ,146.6GB/sec,1527 MHz,"
01-Oct-2012 ",No,GDDR5
GeForce GTX 660 MSI Hawk 2GB Edition,Nvidia,,2048 MB ,192 Bit ,144.2GB/sec,1502 MHz,"
01-Oct-2012 ",No,GDDR5
GeForce GTX 660 Inno3D Edition,Nvidia,140 Watts,2048 MB ,192 Bit ,144.2GB/sec,1502 MHz,"
01-Sep-2012 ",No,GDDR5
GeForce GTX 660 Gigabyte OC 3GB Edition,Nvidia,140 Watts,3072 MB ,192 Bit ,144.2GB/sec,1502 MHz,"
01-Sep-2012 ",No,GDDR5
GeForce GTX 660 Gigabyte OC Edition,Nvidia,,2048 MB ,192 Bit ,144.2GB/sec,1502 MHz,"
01-Sep-2012 ",No,GDDR5
GeForce GTX 660 Gigabyte OC 2GB Edition SLI,Nvidia,260 Watts,4096 MB ,192 Bit ,288.4GB/sec,1502 MHz,"
01-Sep-2012 ",No,GDDR5
GeForce GTX 660 EVGA Superclocked Edition,Nvidia,,2048 MB ,192 Bit ,144.2GB/sec,1502 MHz,"
01-Sep-2012 ",No,GDDR5
GeForce GTX 660 EVGA SC Signature 2 Edition SLI,Nvidia,280 Watts,6144 MB ,192 Bit ,288.4GB/sec,1502 MHz,"
01-Sep-2012 ",No,GDDR5
GeForce GTX 660 Galaxy GC Edition,Nvidia,140 Watts,2048 MB ,192 Bit ,144.2GB/sec,1502 MHz,"
01-Sep-2012 ",No,GDDR5
GeForce GTX 660 Gainward 2GB Edition,Nvidia,140 Watts,2048 MB ,192 Bit ,144.2GB/sec,1502 MHz,"
06-Sep-2012 ",No,GDDR5
GeForce GTX 660 EVGA SC Signature 2 Edition,Nvidia,140 Watts,3072 MB ,192 Bit ,144.2GB/sec,1502 MHz,"
01-Sep-2012 ",No,GDDR5
GeForce GTX 660 EVGA OC 2GB Edition,Nvidia,140 Watts,2048 MB ,192 Bit ,144.2GB/sec,1502 MHz,"
01-Sep-2012 ",No,GDDR5
GeForce GTX 660 EVGA FTW Signature 2 3GB Edition,Nvidia,140 Watts,3072 MB ,192 Bit ,144.2GB/sec,1502 MHz,"
01-Oct-2012 ",No,GDDR5
GeForce GTX 660 EVGA FTW Signature 2 Edition,Nvidia,,2048 MB ,192 Bit ,144.2GB/sec,1502 MHz,"
01-Oct-2012 ",No,GDDR5
GeForce GTX 660 Direct CU II Top Edition,Nvidia,,2048 MB ,192 Bit ,146.6GB/sec,1527 MHz,"
01-Sep-2012 ",No,GDDR5
GeForce GTX 660 Direct CU II OC Edition,Nvidia,,2048 MB ,192 Bit ,144.2GB/sec,1502 MHz,"
01-Sep-2012 ",No,GDDR5
GeForce GTX 660 Direct CU II Edition,Nvidia,,2048 MB ,192 Bit ,144.2GB/sec,1502 MHz,"
01-Sep-2012 ",No,GDDR5
GeForce GTX 650 Zotac Synergy 2GB Edition,Nvidia,64 Watts,1024 MB ,128 Bit ,80GB/sec,1250 MHz,"
06-Sep-2012 ",No,GDDR5
GeForce GTX 660 3GB (OEM),Nvidia,130 Watts,3072 MB ,192 Bit ,134.4GB/sec,1400 MHz,"
22-Aug-2012 ",No,GDDR5
GeForce GTX 660 1.5GB (OEM),Nvidia,130 Watts,1536 MB ,192 Bit ,134.4GB/sec,1400 MHz,"
22-Aug-2012 ",No,GDDR5
GeForce GTX 650 Ti Zotac Boost Edition,Nvidia,140 Watts,2048 MB ,192 Bit ,144.2GB/sec,1502 MHz,"
26-Mar-2013 ",No,GDDR5
GeForce GTX 650 Ti Zotac Synergy 2GB Edition,Nvidia,110 Watts,2048 MB ,128 Bit ,86.4GB/sec,1350 MHz,"
10-Jan-2012 ",No,GDDR5
GeForce GTX 660,Nvidia,140 Watts,2048 MB ,192 Bit ,144.2GB/sec,1502 MHz,"
13-Sep-2012 ",No,GDDR5
GeForce GTX 650 Zotac AMP! Edition,Nvidia,,2048 MB ,128 Bit ,89.6GB/sec,1400 MHz,"
01-Sep-2012 ",No,GDDR5
GeForce GTX 650 Ti Zotac AMP! 2GB,Nvidia,,2048 MB ,128 Bit ,99.2GB/sec,1550 MHz,"
01-Oct-2012 ",No,GDDR5
GeForce GTX 650 Zotac OC 1GB Edition,Nvidia,,1024 MB ,128 Bit ,80GB/sec,1250 MHz,"
01-Sep-2012 ",No,GDDR5
GeForce GTX 660 DA OC 2GB Edition,Nvidia,140 Watts,2048 MB ,192 Bit ,144.2GB/sec,1502 MHz,"
01-Sep-2012 ",No,GDDR5
GeForce GTX 650 Ti Zotac 1GB Edition,Nvidia,,1024 MB ,128 Bit ,86.4GB/sec,1350 MHz,"
01-Oct-2012 ",No,GDDR5
GeForce GTX 650 Ti Zotac 2GB Edition,Nvidia,,2048 MB ,128 Bit ,86.4GB/sec,1350 MHz,"
01-Oct-2012 ",No,GDDR5
GeForce GTX 650 Ti Power Edition OC 1GB,Nvidia,,1024 MB ,128 Bit ,86.4GB/sec,1350 MHz,"
01-Oct-2012 ",No,GDDR5
GeForce GTX 650 Ti MSI TF OC Boost Edition,Nvidia,140 Watts,2048 MB ,192 Bit ,144.2GB/sec,1502 MHz,"
26-Mar-2013 ",No,GDDR5
GeForce GTX 650 Ti WindForce 2X 1GB Edition,Nvidia,,1024 MB ,128 Bit ,86.4GB/sec,1350 MHz,"
01-Oct-2012 ",No,GDDR5
GeForce GTX 650 Ti MSI 1GB Edition,Nvidia,,1024 MB ,128 Bit ,86.4GB/sec,1350 MHz,"
01-Oct-2012 ",No,GDDR5
GeForce GTX 650 Ti MSI OC 1GB Edition,Nvidia,,1024 MB ,128 Bit ,86.4GB/sec,1350 MHz,"
01-Oct-2012 ",No,GDDR5
GeForce GTX 650 Ti WindForce 2X 2GB Edition,Nvidia,,2048 MB ,128 Bit ,86.4GB/sec,1350 MHz,"
01-Oct-2012 ",No,GDDR5
GeForce GTX 650 Ti Golden Sample Edition,Nvidia,,1024 MB ,128 Bit ,88GB/sec,1375 MHz,"
01-Oct-2012 ",No,GDDR5
GeForce GTX 650 Ti EVGA SSC 2GB Edition,Nvidia,,2048 MB ,128 Bit ,86.4GB/sec,1350 MHz,"
01-Oct-2012 ",No,GDDR5
GeForce GTX 650 Ti Gainward 2GB Edition,Nvidia,110 Watts,2048 MB ,128 Bit ,86.4GB/sec,1350 MHz,"
10-Jan-2012 ",No,GDDR5
GeForce GTX 650 Ti Palit 1GB OC Edition,Nvidia,100 Watts,1024 MB ,128 Bit ,88GB/sec,1375 MHz,"
01-Oct-2012 ",No,GDDR5
GeForce GTX 650 Ti Galaxy GC Edition,Nvidia,100 Watts,1024 MB ,128 Bit ,86.4GB/sec,1350 MHz,"
01-Oct-2012 ",No,GDDR5
GeForce GTX 650 Ti Gainward 1GB Edition,Nvidia,,1024 MB ,128 Bit ,86.4GB/sec,1350 MHz,"
10-Jan-2012 ",No,GDDR5
GeForce GTX 650 Ti EVGA SSC 1GB Edition,Nvidia,110 Watts,1024 MB ,128 Bit ,86.4GB/sec,1350 MHz,"
01-Oct-2012 ",No,GDDR5
GeForce GTX 650 Ti EVGA Boost SC Edition,Nvidia,140 Watts,2048 MB ,192 Bit ,144.2GB/sec,1502 MHz,"
26-Mar-2013 ",No,GDDR5
GeForce GTX 650 Ti DirectCU II OC 2GB,Nvidia,150 Watts,2048 MB ,128 Bit ,86.4GB/sec,1350 MHz,"
01-Oct-2012 ",No,GDDR5
GeForce GTX 650 Ti EVGA Boost Superclocked 1GB Edition,Nvidia,140 Watts,1024 MB ,192 Bit ,120.3GB/sec,1253 MHz,"
26-Mar-2013 ",No,GDDR5
GeForce GTX 650 Ti DirectCU II 1GB Edition,Nvidia,150 Watts,1024 MB ,128 Bit ,86.4GB/sec,1350 MHz,"
01-Oct-2012 ",No,GDDR5
GeForce GTX 650 Ti Boost Palit OC 2GB Edition,Nvidia,140 Watts,2048 MB ,192 Bit ,146.6GB/sec,1527 MHz,"
26-Mar-2013 ",No,GDDR5
GeForce GTX 650 Ti DirectCU II OC 1GB,Nvidia,,1024 MB ,128 Bit ,86.4GB/sec,1350 MHz,"
01-Oct-2012 ",No,GDDR5
GeForce GTX 650 Ti DirectCU II TOP 1GB,Nvidia,150 Watts,1024 MB ,128 Bit ,86.4GB/sec,1350 MHz,"
01-Oct-2012 ",No,GDDR5
GeForce GTX 650 Ti Boost Palit 1GB Edition,Nvidia,134 Watts,1024 MB ,192 Bit ,120.3GB/sec,1253 MHz,"
26-Mar-2013 ",No,GDDR5
GeForce GTX 650 Ti Boost Golden Sample Edition,Nvidia,,1024 MB ,192 Bit ,122.5GB/sec,1276 MHz,"
26-Mar-2013 ",No,GDDR5
GeForce GTX 650 Ti Boost MSI OC 2GB Edition,Nvidia,140 Watts,2048 MB ,192 Bit ,144.2GB/sec,1502 MHz,"
26-Mar-2013 ",No,GDDR5
GeForce GTX 650 Ti Boost WindForce 2X OC Edition,Nvidia,,1024 MB ,192 Bit ,144.2GB/sec,1502 MHz,"
26-Mar-2013 ",No,GDDR5
GeForce GTX 650 Ti Boost MSI Twin Frozr OC 2GB Edition,Nvidia,140 Watts,2048 MB ,192 Bit ,144.2GB/sec,1502 MHz,"
26-Mar-2013 ",No,GDDR5
GeForce GTX 650 Ti Asus PH 1GB Edition,Nvidia,110 Watts,1024 MB ,128 Bit ,86.4GB/sec,1350 MHz,"
31-Oct-2013 ",No,GDDR5
GeForce GTX 650 Ti Boost Edition,Nvidia,134 Watts,2048 MB ,192 Bit ,144.2GB/sec,1502 MHz,"
26-Mar-2013 ",No,GDDR5
GeForce GTX 650 Ti Boost Edition SLI,Nvidia,268 Watts,4096 MB ,192 Bit ,288.4GB/sec,1502 MHz,"
26-Mar-2013 ",No,GDDR5
GeForce GTX 650 Ti,Nvidia,110 Watts,1024 MB ,128 Bit ,86.4GB/sec,1350 MHz,"
09-Oct-2012 ",No,GDDR5
GeForce GTX 650 Ti Boost DirectCU II OC Edition,Nvidia,150 Watts,2048 MB ,192 Bit ,144.2GB/sec,1502 MHz,"
26-Mar-2013 ",No,GDDR5
GeForce GTX 650 PNY XLR8 Performance 1GB Edition,Nvidia,65 Watts,1024 MB ,128 Bit ,80GB/sec,1250 MHz,"
06-Sep-2012 ",No,GDDR5
GeForce GTX 650 Power Edition OC 1GB,Nvidia,,1024 MB ,128 Bit ,80GB/sec,1250 MHz,"
01-Sep-2012 ",No,GDDR5
GeForce GTX 650 PNY XLR8 Performance 2GB Edition,Nvidia,65 Watts,2048 MB ,128 Bit ,80GB/sec,1250 MHz,"
06-Sep-2012 ",No,GDDR5
GeForce GTX 650 Palit 1GB Edition,Nvidia,64 Watts,1024 MB ,128 Bit ,80GB/sec,1250 MHz,"
01-Sep-2012 ",No,GDDR5
GeForce GTX 650 MSI OC v1 1GB Edition,Nvidia,,1024 MB ,128 Bit ,80GB/sec,1250 MHz,"
01-Sep-2012 ",No,GDDR5
GeForce GTX 650 MSI OC 2GB Edition,Nvidia,,2048 MB ,128 Bit ,80GB/sec,1250 MHz,"
01-Sep-2012 ",No,GDDR5
GeForce GTX 650 Palit 2GB Edition,Nvidia,75 Watts,2048 MB ,128 Bit ,80GB/sec,1250 MHz,"
01-Oct-2012 ",No,GDDR5
GeForce GTX 650 MSI OC 1GB,Nvidia,,1024 MB ,128 Bit ,80GB/sec,1250 MHz,"
01-Sep-2012 ",No,GDDR5
GeForce GTX 650 Power Edition 1GB,Nvidia,,1024 MB ,128 Bit ,80GB/sec,1250 MHz,"
01-Sep-2012 ",No,GDDR5
GeForce GTX 650 Gigabyte OC 4GB Edition,Nvidia,,4096 MB ,128 Bit ,80GB/sec,1250 MHz,"
01-Sep-2012 ",No,GDDR5
GeForce GTX 650 MSI 1GB,Nvidia,,1024 MB ,128 Bit ,80GB/sec,1250 MHz,"
01-Sep-2012 ",No,GDDR5
GeForce GTX 650 Inno3D 1GB Edition,Nvidia,64 Watts,1024 MB ,128 Bit ,80GB/sec,1250 MHz,"
01-Sep-2012 ",No,GDDR5
GeForce GTX 650 Galaxy Green Edition,Nvidia,64 Watts,1024 MB ,128 Bit ,80GB/sec,1250 MHz,"
01-Sep-2012 ",No,GDDR5
GeForce GTX 650 EX OC 1GB,Nvidia,,1024 MB ,128 Bit ,80GB/sec,1250 MHz,"
01-Sep-2012 ",No,GDDR5
GeForce GTX 650 Gigabyte OC 2GB Edition,Nvidia,,2048 MB ,128 Bit ,80GB/sec,1250 MHz,"
01-Sep-2012 ",No,GDDR5
GeForce GTX 650 EVGA 1GB Edition,Nvidia,64 Watts,1024 MB ,128 Bit ,80GB/sec,1250 MHz,"
01-Sep-2012 ",No,GDDR5
GeForce GTX 650 Leadtek 1GB OC Edition,Nvidia,65 Watts,1024 MB ,128 Bit ,80GB/sec,1250 MHz,"
01-Sep-2012 ",No,GDDR5
GeForce GTX 650 Gigabyte OC 1GB Edition,Nvidia,,1024 MB ,128 Bit ,80GB/sec,1250 MHz,"
01-Sep-2012 ",No,GDDR5
GeForce GTX 650 EVGA SC 2GB Edition,Nvidia,64 Watts,2048 MB ,128 Bit ,80GB/sec,1250 MHz,"
01-Sep-2012 ",No,GDDR5
GeForce GTX 650 Galaxy GC Edition,Nvidia,84 Watts,1024 MB ,128 Bit ,80GB/sec,1250 MHz,"
01-Sep-2012 ",No,GDDR5
GeForce GTX 650 EVGA SC 1GB Edition,Nvidia,64 Watts,1024 MB ,128 Bit ,80GB/sec,1250 MHz,"
01-Sep-2012 ",No,GDDR5
GeForce GTX 650 Asus-E 2GB Edition,Nvidia,75 Watts,2048 MB ,128 Bit ,80GB/sec,1250 MHz,"
01-Oct-2012 ",No,GDDR5
GeForce GTX 650 DirectCU TOP 1GB Edition,Nvidia,150 Watts,1024 MB ,128 Bit ,81.6GB/sec,1275 MHz,"
01-Sep-2012 ",No,GDDR5
GeForce GTX 650 2GB,Nvidia,64 Watts,2048 MB ,128 Bit ,80GB/sec,1250 MHz,"
01-Sep-2012 ",No,GDDR5
GeForce GTX 650 Asus-E 1GB Edition,Nvidia,75 Watts,2048 MB ,128 Bit ,80GB/sec,1250 MHz,"
01-Oct-2012 ",No,GDDR5
GeForce GTX 650 1GB,Nvidia,64 Watts,1024 MB ,128 Bit ,80GB/sec,1250 MHz,"
01-Sep-2012 ",No,GDDR5
GeForce GT 640 Zotac Zone 2GB Edition,Nvidia,65 Watts,2048 MB ,128 Bit ,28.5GB/sec,891 MHz,"
08-Jun-2012 ",No,DDR3
GeForce GT 640 v3 Zotac 1GB Edition,Nvidia,49 Watts,1024 MB ,64 Bit ,40.1GB/sec,1252 MHz,"
29-May-2013 ",No,GDDR5
GeForce GT 640 v3 Zotac 2GB Edition,Nvidia,49 Watts,2048 MB ,64 Bit ,40.1GB/sec,1252 MHz,"
29-May-2013 ",No,GDDR5
GeForce GT 640 v3 Asus Low Profile 1GB Edition,Nvidia,49 Watts,1024 MB ,64 Bit ,40.1GB/sec,1252 MHz,"
29-May-2013 ",No,GDDR5
GeForce GT 640 v2,Nvidia,49 Watts,1024 MB ,64 Bit ,40GB/sec,1250 MHz,"
05-Jun-2012 ",No,GDDR5
GeForce GT 640 MSI V1 2GB Edition,Nvidia,65 Watts,2048 MB ,128 Bit ,25.9GB/sec,810 MHz,"
05-Jun-2012 ",No,DDR3
GeForce GT 640 v3,Nvidia,49 Watts,2048 MB ,64 Bit ,40.1GB/sec,1252 MHz,"
29-May-2013 ",No,GDDR5
GeForce GT 640 Zotac Synergy 2GB Edition,Nvidia,65 Watts,2048 MB ,128 Bit ,25.6GB/sec,800 MHz,"
05-Jun-2012 ",No,DDR3
GeForce GTX 645 (OEM),Nvidia,65 Watts,1024 MB ,128 Bit ,64GB/sec,1000 MHz,"
22-Apr-2013 ",No,GDDR5
GeForce GT 640 Gigabyte OC 2GB Edition,Nvidia,65 Watts,2048 MB ,128 Bit ,28.8GB/sec,900 MHz,"
05-Jun-2012 ",No,DDR3
GeForce GT 640 Galaxy GC 1GB Edition,Nvidia,65 Watts,1024 MB ,128 Bit ,28.5GB/sec,891 MHz,"
05-Jun-2012 ",No,DDR3
GeForce GT 640 EVGA 4GB Edition,Nvidia,65 Watts,4096 MB ,128 Bit ,21.3GB/sec,667 MHz,"
08-Jun-2012 ",No,DDR3
GeForce GT 640,Nvidia,65 Watts,2048 MB ,128 Bit ,28.5GB/sec,891 MHz,"
05-Jun-2012 ",No,DDR3
GeForce GT 640 Asus 2GB Edition,Nvidia,65 Watts,2048 MB ,128 Bit ,28.5GB/sec,891 MHz,"
08-Jun-2012 ",No,DDR3
GeForce GT 630 Zotac Synergy 1GB Edition,Nvidia,65 Watts,1024 MB ,128 Bit ,21.3GB/sec,667 MHz,"
15-May-2012 ",No,DDR3
GeForce GT 630 v3 Zotac Zone 4GB Edition,Nvidia,25 Watts,4096 MB ,64 Bit ,12.8GB/sec,800 MHz,"
29-May-2013 ",No,DDR3
GeForce GT 635 (OEM),Nvidia,35 Watts,2048 MB ,64 Bit ,16GB/sec,1001 MHz,"
01-Oct-2013 ",No,DDR3
GeForce GT 630 v4,Nvidia,50 Watts,2048 MB ,128 Bit ,29GB/sec,905 MHz,"
24-Apr-2012 ",No,DDR3
GeForce GT 630 v2,Nvidia,65 Watts,1024 MB ,128 Bit ,51.2GB/sec,800 MHz,"
15-May-2012 ",No,GDDR5
GeForce GT 630 v3 Asus Silent 2GB Edition,Nvidia,25 Watts,2048 MB ,64 Bit ,14.4GB/sec,900 MHz,"
29-May-2013 ",No,DDR3
GeForce GT 630 Zotac Synergy 2GB Edition,Nvidia,65 Watts,2048 MB ,128 Bit ,21.3GB/sec,667 MHz,"
15-May-2012 ",No,DDR3
GeForce GT 630 Palit 1GB Edition,Nvidia,65 Watts,1024 MB ,128 Bit ,22.4GB/sec,700 MHz,"
15-May-2012 ",No,DDR3
GeForce GT 630 MSI 4GB Edition,Nvidia,65 Watts,4096 MB ,128 Bit ,32GB/sec,1000 MHz,"
15-May-2012 ",No,DDR3
GeForce GT 630 Gigabyte 2GB Edition,Nvidia,65 Watts,2048 MB ,128 Bit ,25.6GB/sec,800 MHz,"
18-May-2012 ",No,DDR3
GeForce GT 630 v3,Nvidia,25 Watts,2048 MB ,64 Bit ,14.4GB/sec,900 MHz,"
29-May-2013 ",No,DDR3
GeForce GT 630 Zotac Synergy 4GB Edition,Nvidia,65 Watts,4096 MB ,128 Bit ,17.1GB/sec,533 MHz,"
15-May-2012 ",No,DDR3
GeForce GT 630 EVGA 1GB Edition,Nvidia,65 Watts,1024 MB ,128 Bit ,25.6GB/sec,800 MHz,"
15-May-2012 ",No,DDR3
GeForce GT 630 Palit 2GB Edition,Nvidia,65 Watts,2048 MB ,128 Bit ,17.1GB/sec,535 MHz,"
15-May-2012 ",No,DDR3
GeForce GT 620 Zotac Synergy 2GB Edition,Nvidia,49 Watts,2048 MB ,64 Bit ,8.5GB/sec,533 MHz,"
15-May-2012 ",No,DDR3
GeForce GT 620 Galaxy 2GB Edition,Nvidia,49 Watts,2048 MB ,64 Bit ,8GB/sec,500 MHz,"
15-May-2012 ",No,DDR3
GeForce GT 620 v2,Nvidia,30 Watts,1024 MB ,64 Bit ,14.4GB/sec,898 MHz,"
02-Apr-2012 ",No,DDR3
GeForce GT 620 PNY PCIe 1GB Edition,Nvidia,30 Watts,1024 MB ,64 Bit ,8.6GB/sec,535 MHz,"
01-May-2012 ",No,DDR3
GeForce GT 630,Nvidia,65 Watts,1024 MB ,128 Bit ,28.8GB/sec,900 MHz,"
15-May-2012 ",No,DDR3
GeForce GT 610 MSI Low Profile 2GB Edition,Nvidia,29 Watts,2048 MB ,64 Bit ,8GB/sec,500 MHz,"
14-May-2012 ",No,DDR3
GeForce GT 610 Zotac 2GB Synergy Edition,Nvidia,29 Watts,2048 MB ,64 Bit ,8.5GB/sec,533 MHz,"
02-Apr-2012 ",No,DDR3
GeForce GT 610 Palit 2GB Edition,Nvidia,29 Watts,2048 MB ,64 Bit ,8.6GB/sec,535 MHz,"
02-Apr-2012 ",No,DDR3
GeForce GT 620,Nvidia,49 Watts,1024 MB ,64 Bit ,14.4GB/sec,900 MHz,"
15-May-2012 ",No,DDR3
GeForce GT 610 Gigabyte 2GB Edition,Nvidia,29 Watts,2048 MB ,64 Bit ,10.7GB/sec,667 MHz,"
18-May-2012 ",No,DDR3
GeForce GT 610 Asus Silent 2GB Edition,Nvidia,29 Watts,2048 MB ,64 Bit ,9.6GB/sec,600 MHz,"
28-May-2012 ",No,DDR3
GeForce GT 610 v2,Nvidia,29 Watts,1024 MB ,64 Bit ,8GB/sec,500 MHz,"
09-Sep-2012 ",No,DDR3
GeForce 605 512MB,Nvidia,25 Watts,512 MB ,64 Bit ,14.4GB/sec,898 MHz,"
01-Apr-2012 ",No,DDR3
GeForce GT 610,Nvidia,29 Watts,1024 MB ,64 Bit ,14.4GB/sec,900 MHz,"
02-Apr-2012 ",No,DDR3
GeForce 605 1GB,Nvidia,25 Watts,1024 MB ,64 Bit ,14.4GB/sec,898 MHz,"
02-Apr-2012 ",No,DDR3
GeForce 3 Ti 200,Nvidia,,64 MB ,128 Bit ,3.2GB/sec,200 MHz,"
01-Oct-2001 ",No,DDR
GeForce GTX 285 SLI,Nvidia,408 Watts,2048 MB ,512 Bit ,318GB/sec,1242 MHz,"
01-Dec-2008 ",No,GDDR3
GeForce GTX 295,Nvidia,289 Watts,1792 MB ,448 Bit ,223.8GB/sec,999 MHz,"
08-Jan-2009 ",No,GDDR3
GeForce GTX 285,Nvidia,204 Watts,1024 MB ,512 Bit ,159GB/sec,1242 MHz,"
23-Dec-2008 ",No,GDDR3
GeForce GTX 275,Nvidia,219 Watts,896 MB ,448 Bit ,127GB/sec,1134 MHz,"
15-Jan-2009 ",No,GDDR3
GeForce GTX 295 Asus Mars ROG 4GB Edition,Nvidia,500 Watts,4096 MB ,512 Bit ,281.6GB/sec,1100 MHz,"
17-Jun-2009 ",No,GDDR3
GeForce GTX 280,Nvidia,236 Watts,1024 MB ,512 Bit ,141.7GB/sec,1107 MHz,"
16-Jun-2009 ",No,GDDR3
GeForce GTX 275 SLI,Nvidia,430 Watts,1792 MB ,448 Bit ,254GB/sec,1134 MHz,"
15-Jan-2009 ",No,GDDR3
GeForce 3,Nvidia,,64 MB ,128 Bit ,3.7GB/sec,230 MHz,"
27-Feb-2001 ",No,DDR
GeForce GTX 260 v3 Zotac AMP²! 896MB Edition,Nvidia,171 Watts,896 MB ,448 Bit ,117.6GB/sec,1050 MHz,"
16-Sep-2008 ",No,GDDR3
GeForce GTX 260 v3 Palit Sonic Platinum 896MB Edition,Nvidia,171 Watts,896 MB ,448 Bit ,123.2GB/sec,1100 MHz,"
27-Nov-2008 ",No,GDDR3
GeForce GTX 260 v4,Nvidia,182 Watts,1792 MB ,448 Bit ,112.9GB/sec,1008 MHz,"
08-Dec-2009 ",No,GDDR3
GeForce GTX 260 v3 Gainward GS 896MB Edition,Nvidia,171 Watts,896 MB ,448 Bit ,123.2GB/sec,1100 MHz,"
27-Nov-2008 ",No,GDDR3
GeForce GTX 260 v3 MSI OC v4 896MB Edition,Nvidia,171 Watts,896 MB ,448 Bit ,117.6GB/sec,1050 MHz,"
27-Nov-2008 ",No,GDDR3
GeForce GTX 260 v3,Nvidia,171 Watts,896 MB ,448 Bit ,111.9GB/sec,999 MHz,"
27-Nov-2008 ",No,GDDR3
GeForce GTS 250 Zotac ECO 1GB Edition,Nvidia,125 Watts,1024 MB ,256 Bit ,64GB/sec,1000 MHz,"
01-Sep-2009 ",No,GDDR3
GeForce GTX 260,Nvidia,182 Watts,896 MB ,448 Bit ,111.9GB/sec,999 MHz,"
16-Jun-2008 ",No,GDDR3
GeForce GTX 260 v2,Nvidia,182 Watts,896 MB ,448 Bit ,111.9GB/sec,999 MHz,"
16-Sep-2008 ",No,GDDR3
GeForce GTS 250 XFX Core 1GB Edition,Nvidia,150 Watts,1024 MB ,256 Bit ,64GB/sec,1000 MHz,"
04-Mar-2009 ",No,GDDR3
GeForce GTS 250 v2,Nvidia,140 Watts,512 MB ,256 Bit ,70.4GB/sec,1100 MHz,"
29-Jul-2008 ",No,GDDR3
GeForce GTS 250 v2 Gainward Deep Green 512MB Edition,Nvidia,110 Watts,512 MB ,256 Bit ,57.6GB/sec,900 MHz,"
29-Jul-2008 ",No,GDDR3
GeForce GTX 285 3-Way SLI,Nvidia,,3072 MB ,512 Bit ,476.9GB/sec,1242 MHz,"
01-Dec-2008 ",No,GDDR3
GeForce GTS 250,Nvidia,150 Watts,1024 MB ,256 Bit ,70.4GB/sec,1100 MHz,"
04-Mar-2009 ",No,GDDR3
GeForce GTS 240,Nvidia,120 Watts,1024 MB ,256 Bit ,70.4GB/sec,1100 MHz,"
01-Jul-2009 ",No,GDDR3
GeForce GT 220,Nvidia,58 Watts,1024 MB ,256 Bit ,44.8GB/sec,700 MHz,"
26-Jan-2010 ",No,GDDR3
GeForce GT 230 v2,Nvidia,75 Watts,1536 MB ,192 Bit ,24GB/sec,500 MHz,"
01-Oct-2009 ",No,DDR2
GeForce GT 220 v3,Nvidia,58 Watts,512 MB ,128 Bit ,32GB/sec,1000 MHz,"
12-Oct-2009 ",No,DDR2
GeForce GT 220 v2 Galaxy 1GB Edition,Nvidia,58 Watts,1024 MB ,128 Bit ,6.4GB/sec,400 MHz,"
12-Oct-2009 ",No,GDDR2
GeForce GT 230,Nvidia,75 Watts,512 MB ,256 Bit ,57.6GB/sec,900 MHz,"
12-Oct-2009 ",No,GDDR3
GeForce GT 220 v2 MSI 1GB Edition,Nvidia,58 Watts,1024 MB ,128 Bit ,6.4GB/sec,400 MHz,"
12-Oct-2009 ",No,GDDR2
GeForce GT 220 v2,Nvidia,58 Watts,1024 MB ,128 Bit ,25.3GB/sec,790 MHz,"
12-Oct-2009 ",No,GDDR3
GeForce 205,Nvidia,31 Watts,512 MB ,64 Bit ,6.4GB/sec,400 MHz,"
26-Nov-2009 ",No,DDR2
GeForce 210 1GB,Nvidia,31 Watts,1024 MB ,64 Bit ,8GB/sec,500 MHz,"
12-Oct-2009 ",No,DDR2
GeForce GTX 480 Point of View Edition,Nvidia,250 Watts,1536 MB ,384 Bit ,177.4GB/sec,924 MHz,"
01-Apr-2010 ",No,GDDR5
GeForce 210,Nvidia,31 Watts,512 MB ,64 Bit ,4GB/sec,500 MHz,"
01-Oct-2009 ",No,GDDR2
GeForce GTX 480 3-way SLI,Nvidia,750 Watts,3072 MB ,256 Bit ,354.8GB/sec,924 MHz,"
01-Mar-2010 ",No,GDDR5
GeForce GT 240,Nvidia,69 Watts,1024 MB ,128 Bit ,54.4GB/sec,850 MHz,"
01-Nov-2009 ",No,GDDR5
GeForce GTX 470 SLI,Nvidia,430 Watts,2560 MB ,320 Bit ,267.8GB/sec,837 MHz,"
01-Mar-2010 ",No,GDDR5
GeForce GTX 470 Gigabyte SOC 1.2GB Edition,Nvidia,215 Watts,1280 MB ,320 Bit ,133.9GB/sec,837 MHz,"
09-Jul-2010 ",No,GDDR5
GeForce GTX 480 MSI Lightning Edition,Nvidia,250 Watts,1536 MB ,384 Bit ,192GB/sec,1000 MHz,"
20-Sep-2010 ",No,GDDR5
GeForce GTX 480,Nvidia,250 Watts,1536 MB ,384 Bit ,177.4GB/sec,924 MHz,"
01-Mar-2010 ",No,GDDR5
GeForce GTX 470,Nvidia,215 Watts,1280 MB ,320 Bit ,133.9GB/sec,837 MHz,"
01-Mar-2010 ",No,GDDR5
GeForce GTX 465 MSI M2 Edition,Nvidia,,1024 MB ,256 Bit ,102.7GB/sec,802 MHz,"
01-Aug-2010 ",No,GDDR5
GeForce GTX 470 Golden Sample Edition,Nvidia,215 Watts,1280 MB ,320 Bit ,136GB/sec,850 MHz,"
01-Jun-2010 ",No,GDDR5
GeForce GTX 460 v2,Nvidia,160 Watts,1024 MB ,256 Bit ,128.3GB/sec,1002 MHz,"
24-Sep-2011 ",No,GDDR5
GeForce GTX 465,Nvidia,200 Watts,1024 MB ,256 Bit ,102.7GB/sec,802 MHz,"
01-May-2010 ",No,GDDR5
GeForce GTX 460 SLI,Nvidia,380 Watts,2048 MB ,256 Bit ,230.4GB/sec,900 MHz,"
01-Jul-2010 ",No,GDDR5
GeForce GTX 460 Point of View TGT Beast 1GB Edition,Nvidia,160 Watts,1024 MB ,256 Bit ,128.6GB/sec,1005 MHz,"
10-Sep-2010 ",No,GDDR5
GeForce GTX 460 SE,Nvidia,150 Watts,1024 MB ,256 Bit ,108.8GB/sec,850 MHz,"
01-Nov-2010 ",No,GDDR5
GeForce GTX 460 MSI OC v1 1GB Edition,Nvidia,160 Watts,1024 MB ,256 Bit ,115.2GB/sec,900 MHz,"
21-Sep-2010 ",No,GDDR5
GeForce GTX 460 Palit Sonic 1GB Edition,Nvidia,160 Watts,1024 MB ,256 Bit ,115.2GB/sec,900 MHz,"
12-Jul-2010 ",No,GDDR5
GeForce GTX 460 MSI Hawk v2 1GB Edition,Nvidia,160 Watts,1024 MB ,256 Bit ,124.8GB/sec,975 MHz,"
21-Sep-2010 ",No,GDDR5
GeForce GTX 460 PNY 1GB OC Edition,Nvidia,,1024 MB ,256 Bit ,118.4GB/sec,925 MHz,"
01-Aug-2010 ",No,GDDR5
GeForce GTX 460 MSI OC v2 1GB Edition,Nvidia,160 Watts,1024 MB ,256 Bit ,115.2GB/sec,900 MHz,"
21-Sep-2010 ",No,GDDR5
GeForce GTX 460 MSI Hawk v1 1GB Edition,Nvidia,160 Watts,1024 MB ,256 Bit ,115.2GB/sec,900 MHz,"
21-Sep-2010 ",No,GDDR5
GeForce GTX 460 Gainward Golden Sample 2GB Edition,Nvidia,180 Watts,2048 MB ,256 Bit ,115.2GB/sec,900 MHz,"
01-Jul-2010 ",No,GDDR5
GeForce GTX 460 Gigabyte OC 1GB Edition,Nvidia,160 Watts,1024 MB ,256 Bit ,115.2GB/sec,900 MHz,"
12-Jul-2010 ",No,GDDR5
GeForce GTX 460 Gainward GS 1GB Edition,Nvidia,160 Watts,1024 MB ,256 Bit ,115.2GB/sec,900 MHz,"
12-Jul-2010 ",No,GDDR5
GeForce GTX 460 Asus DirectCU TOP 1GB Edition,Nvidia,225 Watts,1024 MB ,256 Bit ,128GB/sec,1000 MHz,"
12-Aug-2010 ",No,GDDR5
GeForce GTX 460 EVGA Superclocked 1GB Edition,Nvidia,160 Watts,1024 MB ,256 Bit ,115.2GB/sec,900 MHz,"
12-Jul-2010 ",No,GDDR5
GeForce GTX 460 Asus DirectCU II 1GB Edition,Nvidia,160 Watts,1024 MB ,256 Bit ,115.2GB/sec,900 MHz,"
01-Jul-2010 ",No,GDDR5
GeForce GTS 450 v4 Point of View 1GB Edition,Nvidia,106 Watts,1024 MB ,128 Bit ,17.1GB/sec,533 MHz,"
11-Jul-2012 ",No,DDR3
GeForce GTX 460 768MB,Nvidia,150 Watts,768 MB ,192 Bit ,86.4GB/sec,900 MHz,"
12-Jul-2010 ",No,GDDR5
GeForce GTS 450 v4 Gainward 1GB Edition,Nvidia,96 Watts,1024 MB ,128 Bit ,22.4GB/sec,700 MHz,"
11-Jul-2012 ",No,DDR3
GeForce GTS 450 v4 Asus DirectCU Silent 1GB Edition,Nvidia,75 Watts,1024 MB ,128 Bit ,25.6GB/sec,800 MHz,"
11-Jul-2012 ",No,DDR3
GeForce GTS 450 v4 Palit 1GB Edition,Nvidia,96 Watts,1024 MB ,128 Bit ,22.4GB/sec,700 MHz,"
11-Jul-2012 ",No,DDR3
GeForce GTS 450 v4,Nvidia,106 Watts,1024 MB ,128 Bit ,22.4GB/sec,700 MHz,"
11-Jul-2012 ",No,DDR3
GeForce GTS 450 v4 Asus 1GB Edition,Nvidia,75 Watts,1024 MB ,128 Bit ,25.6GB/sec,800 MHz,"
11-Jul-2012 ",No,DDR3
GeForce GTS 450 v2,Nvidia,106 Watts,1536 MB ,192 Bit ,86.6GB/sec,902 MHz,"
11-Oct-2010 ",No,GDDR5
GeForce GTS 450 v3,Nvidia,106 Watts,2048 MB ,128 Bit ,57.7GB/sec,902 MHz,"
15-Mar-2011 ",No,GDDR5
GeForce GTS 450 Palit Sonic Platinum 1GB Edition,Nvidia,107 Watts,1024 MB ,128 Bit ,64GB/sec,1000 MHz,"
13-Sep-2010 ",No,GDDR5
GeForce GTS 450 Point of View 1GB Edition,Nvidia,106 Watts,1024 MB ,128 Bit ,57.7GB/sec,902 MHz,"
13-Sep-2010 ",No,GDDR5
GeForce GTS 450 PNY XLR8 Performance 1GB Edition,Nvidia,106 Watts,1024 MB ,128 Bit ,57.7GB/sec,902 MHz,"
15-Oct-2010 ",No,GDDR5
GeForce GTS 450 MSI Cyclone 1GB Edition,Nvidia,106 Watts,1024 MB ,128 Bit ,62.7GB/sec,980 MHz,"
13-Sep-2010 ",No,GDDR5
GeForce GTS 450 Gigabyte OC 1GB Edition,Nvidia,107 Watts,1024 MB ,128 Bit ,57.7GB/sec,902 MHz,"
13-Sep-2010 ",No,GDDR5
GeForce GTS 450 Galaxy GC 1GB Edition,Nvidia,106 Watts,1024 MB ,128 Bit ,59.1GB/sec,924 MHz,"
13-Sep-2010 ",No,GDDR5
GeForce GTS 450 Gainward 1GB Edition,Nvidia,106 Watts,1024 MB ,128 Bit ,57.7GB/sec,902 MHz,"
13-Sep-2010 ",No,GDDR5
GeForce GTS 450 EVGA FTW 1GB Edition,Nvidia,107 Watts,1024 MB ,128 Bit ,65.7GB/sec,1026 MHz,"
13-Sep-2010 ",No,GDDR5
GeForce GTS 450 EVGA SuperClocked 1GB Edition,Nvidia,107 Watts,1024 MB ,128 Bit ,60.8GB/sec,950 MHz,"
13-Sep-2010 ",No,GDDR5
GeForce GTS 450 EVGA 1GB Edition,Nvidia,106 Watts,1024 MB ,128 Bit ,57.7GB/sec,902 MHz,"
13-Sep-2010 ",No,GDDR5
GeForce GTS 450 Asus DirectCU 1GB Edition,Nvidia,106 Watts,1024 MB ,128 Bit ,57.7GB/sec,902 MHz,"
13-Sep-2010 ",No,GDDR5
GeForce GTS 450 Asus DirectCU OC 1GB Edition,Nvidia,106 Watts,1024 MB ,128 Bit ,60.8GB/sec,950 MHz,"
13-Sep-2010 ",No,GDDR5
GeForce GT 440 Zotac 1GB Edition,Nvidia,65 Watts,1024 MB ,128 Bit ,51.2GB/sec,800 MHz,"
01-Feb-2011 ",No,GDDR5
GeForce GTS 450,Nvidia,106 Watts,1024 MB ,128 Bit ,57.7GB/sec,902 MHz,"
03-Sep-2010 ",No,GDDR5
GeForce GTS 450 Asus DirectCU TOP 1GB Edition,Nvidia,106 Watts,1024 MB ,128 Bit ,64GB/sec,1000 MHz,"
13-Sep-2010 ",No,GDDR5
GeForce GT 440 v2 Inno3D 2GB Edition,Nvidia,65 Watts,1024 MB ,128 Bit ,21.3GB/sec,667 MHz,"
01-Mar-2011 ",No,DDR3
GeForce GT 440 v3,Nvidia,56 Watts,1536 MB ,192 Bit ,43.2GB/sec,900 MHz,"
01-Oct-2010 ",No,DDR3
GeForce GT 440 v2 Gigabyte OC 1GB Edition,Nvidia,65 Watts,1024 MB ,128 Bit ,28.8GB/sec,900 MHz,"
01-Mar-2011 ",No,DDR3
GeForce GT 440 v2 Zotac Synergy 2GB Edition,Nvidia,65 Watts,1024 MB ,128 Bit ,21.3GB/sec,667 MHz,"
01-Mar-2011 ",No,DDR3
GeForce GT 440 Palit 1GB Edition,Nvidia,65 Watts,1024 MB ,128 Bit ,51.2GB/sec,800 MHz,"
01-Feb-2011 ",No,GDDR5
GeForce GT 440 Gigabyte Turbo Cache 1GB Edition,Nvidia,65 Watts,1024 MB ,128 Bit ,51.2GB/sec,800 MHz,"
01-Feb-2011 ",No,GDDR5
GeForce GTX 460,Nvidia,160 Watts,1024 MB ,256 Bit ,115.2GB/sec,900 MHz,"
12-Jul-2010 ",No,GDDR5
GeForce GT 440 Gainward 1GB Edition,Nvidia,65 Watts,1024 MB ,128 Bit ,51.2GB/sec,800 MHz,"
01-Feb-2011 ",No,GDDR5
GeForce GT 440 Asus 1GB Edition,Nvidia,65 Watts,1024 MB ,128 Bit ,51.2GB/sec,800 MHz,"
01-Feb-2011 ",No,GDDR5
GeForce GT 440 v2,Nvidia,65 Watts,1024 MB ,128 Bit ,28.8GB/sec,900 MHz,"
01-Feb-2011 ",No,DDR3
GeForce GT 440,Nvidia,65 Watts,512 MB ,128 Bit ,51.2GB/sec,800 MHz,"
01-Feb-2011 ",No,GDDR5
GeForce GT 430 Zotac Synergy 2GB Edition,Nvidia,49 Watts,2048 MB ,128 Bit ,21.3GB/sec,667 MHz,"
01-Oct-2010 ",No,DDR3
GeForce GT 430 Zotac Synergy 4GB Edition,Nvidia,49 Watts,4096 MB ,128 Bit ,17.1GB/sec,533 MHz,"
01-Oct-2010 ",No,DDR3
GeForce GT 430 v2,Nvidia,60 Watts,2048 MB ,128 Bit ,28.8GB/sec,900 MHz,"
11-Oct-2010 ",No,DDR3
GeForce GT 430 MSI OC 2GB Edition,Nvidia,49 Watts,1024 MB ,128 Bit ,21.3GB/sec,667 MHz,"
01-Dec-2010 ",No,DDR3
GeForce GT 430 MSI Low Profile Single Fan OC 1GB Edition,Nvidia,49 Watts,1024 MB ,128 Bit ,29.6GB/sec,925 MHz,"
01-Dec-2010 ",No,DDR3
GeForce GT 430 MSI Low Profile Dual Fan OC 1GB Edition,Nvidia,49 Watts,1024 MB ,128 Bit ,32GB/sec,1000 MHz,"
01-Dec-2010 ",No,DDR3
GeForce GT 430 Gainward 1GB Edition,Nvidia,49 Watts,1024 MB ,128 Bit ,25.6GB/sec,800 MHz,"
01-Oct-2010 ",No,DDR3
GeForce GT 430 Inno3D 4GB Edition,Nvidia,49 Watts,4096 MB ,128 Bit ,21.3GB/sec,667 MHz,"
01-Dec-2010 ",No,DDR3
GeForce GT 430 Gigabyte OC 1GB Edition,Nvidia,49 Watts,1024 MB ,128 Bit ,28.8GB/sec,900 MHz,"
01-Nov-2010 ",No,DDR3
GeForce GT 430 EVGA 1GB Edition,Nvidia,49 Watts,1024 MB ,128 Bit ,25.6GB/sec,800 MHz,"
01-Oct-2010 ",No,DDR3
GeForce GT 430 AXLE 2GB Edition,Nvidia,50 Watts,2048 MB ,128 Bit ,16GB/sec,500 MHz,"
01-Jan-2011 ",No,DDR3
GeForce 405,Nvidia,25 Watts,1024 MB ,64 Bit ,12.6GB/sec,790 MHz,"
16-Sep-2011 ",No,DDR3
GeForce GT 420,Nvidia,50 Watts,2048 MB ,128 Bit ,28.8GB/sec,900 MHz,"
03-Sep-2010 ",No,DDR3
GeForce GT 420 Gigabyte Rev. 3.0 2GB Edition,Nvidia,50 Watts,2048 MB ,128 Bit ,25.6GB/sec,800 MHz,"
03-Sep-2010 ",No,DDR3
GeForce GT 430,Nvidia,49 Watts,1024 MB ,128 Bit ,28.8GB/sec,900 MHz,"
11-Oct-2010 ",No,DDR3
GeForce GTX 590 EVGA Classified Hydro Copper Edition,Nvidia,365 Watts,3072 MB ,384 Bit ,331.8GB/sec,864 MHz,"
24-Mar-2011 ",No,GDDR5
GeForce GTX 590 Mars II Asus Edition,Nvidia,499 Watts,3072 MB ,384 Bit ,384.8GB/sec,1002 MHz,"
01-Apr-2011 ",No,GDDR5
GeForce GTX 590 SLI,Nvidia,700 Watts,6144 MB ,384 Bit ,655.9GB/sec,854 MHz,"
24-Mar-2011 ",No,GDDR5
GeForce GTX 590,Nvidia,365 Watts,3072 MB ,384 Bit ,327.9GB/sec,854 MHz,"
24-Mar-2011 ",No,GDDR5
GeForce GTX 590 EVGA Classified Edition,Nvidia,365 Watts,3072 MB ,384 Bit ,331.8GB/sec,864 MHz,"
24-Mar-2011 ",No,GDDR5
GeForce GTX 580 Zotac AMP! Edition,Nvidia,255 Watts,1536 MB ,384 Bit ,196.8GB/sec,1025 MHz,"
01-Jan-2011 ",No,GDDR5
GeForce GTX 580 Twin Frozr II OC Edition,Nvidia,,1536 MB ,384 Bit ,196.6GB/sec,1024 MHz,"
01-Mar-2011 ",No,GDDR5
GeForce GTX 580 SLI,Nvidia,488 Watts,3072 MB ,384 Bit ,384.8GB/sec,1002 MHz,"
01-Nov-2010 ",No,GDDR5
GeForce GTX 580 Palit Dual Fan 3GB Edition,Nvidia,244 Watts,3072 MB ,384 Bit ,193GB/sec,1005 MHz,"
12-Jan-2011 ",No,GDDR5
GeForce GTX 580 Lightning Xtreme Edition,Nvidia,244 Watts,3072 MB ,384 Bit ,201.6GB/sec,1050 MHz,"
01-May-2011 ",No,GDDR5
GeForce GTX 580 Gigabyte UD rev 1.0 Edition,Nvidia,,1536 MB ,384 Bit ,192.4GB/sec,1002 MHz,"
01-Feb-2011 ",No,GDDR5
GeForce GTX 580 Galaxy Edition,Nvidia,,1536 MB ,384 Bit ,192.4GB/sec,1002 MHz,"
01-Nov-2010 ",No,GDDR5
GeForce GTX 580 Gainward Phantom 3GB,Nvidia,,3072 MB ,384 Bit ,193GB/sec,1005 MHz,"
09-Nov-2010 ",No,GDDR5
GeForce GTX 580 Gainward GOOD Edition,Nvidia,,1536 MB ,384 Bit ,193GB/sec,1005 MHz,"
01-May-2011 ",No,GDDR5
GeForce GTX 580 EVGA Superclocked Edition,Nvidia,244 Watts,1536 MB ,384 Bit ,194.5GB/sec,1013 MHz,"
01-Jan-2011 ",No,GDDR5
GeForce GTX 580 EVGA FTW Hydro Copper 2 1.5GB Edition,Nvidia,244 Watts,1536 MB ,384 Bit ,201.4GB/sec,1049 MHz,"
17-Jan-2011 ",No,GDDR5
GeForce GTX 580 EVGA CoD Black Ops 1.5GB Edition,Nvidia,244 Watts,1536 MB ,384 Bit ,194.5GB/sec,1013 MHz,"
09-Nov-2010 ",No,GDDR5
GeForce GTX 580 Asus DirectCU II Edition,Nvidia,244 Watts,1536 MB ,384 Bit ,192.4GB/sec,1002 MHz,"
01-Jan-2011 ",No,GDDR5
GeForce GTX 580 CUHC 3GB,Nvidia,244 Watts,3072 MB ,384 Bit ,202.2GB/sec,1053 MHz,"
01-Nov-2010 ",No,GDDR5
GeForce GTX 580 EVGA DS Superclocked 1.5GB Edition,Nvidia,244 Watts,1536 MB ,384 Bit ,194.5GB/sec,1013 MHz,"
22-Apr-2011 ",No,GDDR5
GeForce GTX 580 Asus Matrix Edition,Nvidia,,1536 MB ,384 Bit ,192.4GB/sec,1002 MHz,"
01-May-2011 ",No,GDDR5
GeForce GTX 580 EVGA Classified Ultra 3GB Edition,Nvidia,244 Watts,3072 MB ,384 Bit ,202.2GB/sec,1053 MHz,"
25-Nov-2011 ",No,GDDR5
GeForce GTX 580,Nvidia,244 Watts,1536 MB ,384 Bit ,192.4GB/sec,1002 MHz,"
09-Nov-2010 ",No,GDDR5
GeForce GTX 570 Sonic Edition,Nvidia,219 Watts,1280 MB ,320 Bit ,156GB/sec,975 MHz,"
01-Jun-2011 ",No,GDDR5
GeForce GTX 580 EVGA 3GB Edition,Nvidia,244 Watts,3072 MB ,384 Bit ,192.4GB/sec,1002 MHz,"
27-Jun-2011 ",No,GDDR5
GeForce GTX 570 SP Edition ,Nvidia,219 Watts,1280 MB ,320 Bit ,160GB/sec,1000 MHz,"
01-Dec-2010 ",No,GDDR5
GeForce GTX 570 SLI,Nvidia,410 Watts,2560 MB ,320 Bit ,304GB/sec,950 MHz,"
01-Dec-2010 ",No,GDDR5
GeForce GTX 570 MSI Power Edition,Nvidia,,1280 MB ,320 Bit ,152GB/sec,950 MHz,"
01-Apr-2011 ",No,GDDR5
GeForce GTX 570 MSI OC Power Edition,Nvidia,,1280 MB ,320 Bit ,160GB/sec,1000 MHz,"
01-Apr-2011 ",No,GDDR5
GeForce GTX 570 GS-GLH Edition,Nvidia,219 Watts,1280 MB ,320 Bit ,160GB/sec,1000 MHz,"
07-Dec-2010 ",No,GDDR5
GeForce GTX 570 Gigabyte SO Edition,Nvidia,,1280 MB ,320 Bit ,152GB/sec,950 MHz,"
01-May-2011 ",No,GDDR5
GeForce GTX 570 Gigabyte Edition,Nvidia,219 Watts,1280 MB ,320 Bit ,152GB/sec,950 MHz,"
01-Apr-2011 ",No,GDDR5
GeForce GTX 570 EVGA SC Edition,Nvidia,219 Watts,1280 MB ,320 Bit ,156GB/sec,975 MHz,"
01-Dec-2010 ",No,GDDR5
GeForce GTX 570 Gainward Phantom Edition,Nvidia,,1280 MB ,320 Bit ,156GB/sec,975 MHz,"
01-Jan-2011 ",No,GDDR5
GeForce GTX 570 Direct CU II Edition,Nvidia,,1280 MB ,320 Bit ,152GB/sec,950 MHz,"
01-Jul-2011 ",No,GDDR5
GeForce GTX 570 Gainward Golden Sample 1.2GB Edition,Nvidia,219 Watts,1280 MB ,320 Bit ,156GB/sec,975 MHz,"
07-Dec-2010 ",No,GDDR5
GeForce GTX 570,Nvidia,219 Watts,1280 MB ,320 Bit ,152GB/sec,950 MHz,"
07-Dec-2010 ",No,GDDR5
GeForce GTX 560 Zotac AMP! 1GB Edition,Nvidia,150 Watts,1024 MB ,256 Bit ,140.8GB/sec,1100 MHz,"
25-Jul-2011 ",No,GDDR5
GeForce GTX 560 Zotac 1GB Edition,Nvidia,150 Watts,1024 MB ,256 Bit ,128.3GB/sec,1002 MHz,"
17-May-2011 ",No,GDDR5
GeForce GTX 570 EVGA HD 2.5GB Edition,Nvidia,219 Watts,2560 MB ,320 Bit ,152GB/sec,950 MHz,"
01-Sep-2011 ",No,GDDR5
GeForce GTX 560 Ti Zotac OC Edition,Nvidia,,1024 MB ,256 Bit ,128.3GB/sec,1002 MHz,"
01-Feb-2011 ",No,GDDR5
GeForce GTX 560 Ti Zotac AMP! 1GB Edition,Nvidia,170 Watts,1024 MB ,256 Bit ,140.8GB/sec,1100 MHz,"
25-Jan-2011 ",No,GDDR5
GeForce GTX 560 Ti Twin Frozr II/OC 2GB,Nvidia,,2048 MB ,256 Bit ,192.3GB/sec,1502 MHz,"
01-May-2011 ",No,GDDR5
GeForce GTX 560 Ti Twin Frozr II 2GB,Nvidia,,2048 MB ,256 Bit ,128.3GB/sec,1002 MHz,"
01-May-2011 ",No,GDDR5
GeForce GTX 560 Ti Superclocked Edition,Nvidia,184 Watts,1024 MB ,256 Bit ,134.8GB/sec,1053 MHz,"
01-Mar-2011 ",No,GDDR5
GeForce GTX 560 Ti Sonic 1GB Edition,Nvidia,180 Watts,1024 MB ,256 Bit ,134.4GB/sec,1050 MHz,"
01-May-2012 ",No,GDDR5
GeForce GTX 560 Ti SLI,Nvidia,300 Watts,2048 MB ,256 Bit ,256.5GB/sec,1002 MHz,"
01-Jan-2011 ",No,GDDR5
GeForce GTX 560 Ti Inno3D OC Edition,Nvidia,,1024 MB ,256 Bit ,131.2GB/sec,1025 MHz,"
01-Jan-2011 ",No,GDDR5
GeForce GTX 560 Ti Twin Frozr II OC Edition,Nvidia,170 Watts,1024 MB ,256 Bit ,134.4GB/sec,1050 MHz,"
01-Feb-2011 ",No,GDDR5
GeForce GTX 560 Ti Phantom 1GB Edition,Nvidia,,1024 MB ,256 Bit ,131.2GB/sec,1025 MHz,"
01-Jan-2011 ",No,GDDR5
GeForce GTX 560 Ti PNY OC2 1GB,Nvidia,,1024 MB ,256 Bit ,134.8GB/sec,1053 MHz,"
01-Mar-2011 ",No,GDDR5
GeForce GTX 560 Ti Hawk Edition,Nvidia,170 Watts,1024 MB ,256 Bit ,134.4GB/sec,1050 MHz,"
09-Feb-2011 ",No,GDDR5
GeForce GTX 560 Ti Gigabyte OC 1GB Edition,Nvidia,,1024 MB ,256 Bit ,128GB/sec,1000 MHz,"
01-Jan-2011 ",No,GDDR5
GeForce GTX 560 Ti Golden Sample Edition,Nvidia,,1024 MB ,256 Bit ,134.4GB/sec,1050 MHz,"
01-Feb-2011 ",No,GDDR5
GeForce GTX 560 Ti EVGA 2GB Edition,Nvidia,170 Watts,2048 MB ,256 Bit ,128.3GB/sec,1002 MHz,"
10-Nov-2011 ",No,GDDR5
GeForce GTX 560 Ti Superclocked DS Edition,Nvidia,170 Watts,1024 MB ,256 Bit ,134.8GB/sec,1053 MHz,"
05-Nov-2011 ",No,GDDR5
GeForce GTX 560 Ti DirectCUII TOP 2GB,Nvidia,,2048 MB ,256 Bit ,128.3GB/sec,1002 MHz,"
25-Feb-2011 ",No,GDDR5
GeForce GTX 560 Ti SOC Edition,Nvidia,,1024 MB ,256 Bit ,146.6GB/sec,1145 MHz,"
01-Jan-2011 ",No,GDDR5
GeForce GTX 560 Ti DirectCUII TOP 1GB,Nvidia,,1024 MB ,256 Bit ,134.4GB/sec,1050 MHz,"
25-Feb-2011 ",No,GDDR5
GeForce GTX 560 Ti Gainward Phantom 2GB Edition,Nvidia,170 Watts,2048 MB ,256 Bit ,128.3GB/sec,1002 MHz,"
25-Jan-2011 ",No,GDDR5
GeForce GTX 560 Ti DirectCUII 1GB,Nvidia,,1024 MB ,256 Bit ,128GB/sec,1000 MHz,"
01-Feb-2011 ",No,GDDR5
GeForce GTX 560 Ti DirectCUII 2GB,Nvidia,,2048 MB ,256 Bit ,128.3GB/sec,1002 MHz,"
01-Feb-2011 ",No,GDDR5
GeForce GTX 560 Ti Crysis 2 Maximum Edition,Nvidia,,1024 MB ,256 Bit ,134.8GB/sec,1053 MHz,"
23-Mar-2011 ",No,GDDR5
GeForce GTX 560 Ti AMP,Nvidia,,1024 MB ,256 Bit ,140.8GB/sec,1100 MHz,"
08-Feb-2011 ",No,GDDR5
GeForce GTX 560 Sparkle Calibe DF 1GB Edition,Nvidia,150 Watts,1024 MB ,256 Bit ,143.6GB/sec,1122 MHz,"
19-May-2011 ",No,GDDR5
GeForce GTX 560 Ti,Nvidia,170 Watts,1024 MB ,256 Bit ,128.3GB/sec,1002 MHz,"
25-Jan-2011 ",No,GDDR5
GeForce GTX 560 Ti 448 Edition ,Nvidia,210 Watts,1280 MB ,256 Bit ,121.6GB/sec,950 MHz,"
29-Nov-2011 ",No,GDDR5
GeForce GTX 560 SE (OEM),Nvidia,150 Watts,1024 MB ,192 Bit ,91.9GB/sec,957 MHz,"
30-Mar-2012 ",No,GDDR5
GeForce GTX 560 Ti 448 MSI Twin Frozr III Power OC 1.2GB Edition,Nvidia,210 Watts,1280 MB ,256 Bit ,124.8GB/sec,975 MHz,"
29-Nov-2011 ",No,GDDR5
GeForce GTX 560 Gigabyte WindForce 2X Rev 3.0 1GB Edition,Nvidia,150 Watts,1024 MB ,256 Bit ,128.3GB/sec,1002 MHz,"
17-May-2011 ",No,GDDR5
GeForce GTX 560 Palit 2GB Edition,Nvidia,150 Watts,2048 MB ,256 Bit ,128.3GB/sec,1002 MHz,"
01-May-2011 ",No,GDDR5
GeForce GTX 560 MSI TwinFrozr II OC 1GB Edition,Nvidia,150 Watts,1024 MB ,256 Bit ,130.6GB/sec,1020 MHz,"
17-May-2011 ",No,GDDR5
GeForce GTX 560 Gigabyte WindForce 2X Rev 2.0 1GB Edition,Nvidia,150 Watts,1024 MB ,256 Bit ,128.3GB/sec,1002 MHz,"
17-May-2011 ",No,GDDR5
GeForce GTX 560 Gigabyte WindForce 2X Rev 1.0 1GB Edition,Nvidia,150 Watts,1024 MB ,256 Bit ,128.3GB/sec,1002 MHz,"
17-May-2011 ",No,GDDR5
GeForce GTX 560 Galaxy GC 2GB Edition,Nvidia,150 Watts,2048 MB ,256 Bit ,128.3GB/sec,1002 MHz,"
01-Dec-2011	 ",No,GDDR5
GeForce GTX 560 SLI,Nvidia,300 Watts,2048 MB ,256 Bit ,256.3GB/sec,1001 MHz,"
17-May-2011 ",No,GDDR5
GeForce GTX 560 EVGA Superclocked 2GB Edition,Nvidia,150 Watts,2048 MB ,256 Bit ,131.3GB/sec,1026 MHz,"
01-Jun-2011 ",No,GDDR5
GeForce GTX 560 Gainward Phantom 1GB Edition,Nvidia,150 Watts,1024 MB ,256 Bit ,129.3GB/sec,1010 MHz,"
28-Nov-2011 ",No,GDDR5
GeForce GTX 560 EVGA FTW+ 1GB Edition,Nvidia,150 Watts,1024 MB ,256 Bit ,137.9GB/sec,1077 MHz,"
15-Aug-2011 ",No,GDDR5
GeForce GTX 560 EVGA Superclocked 1GB Edition,Nvidia,150 Watts,1024 MB ,256 Bit ,131.3GB/sec,1026 MHz,"
17-May-2011 ",No,GDDR5
GeForce GTX 560 EVGA DS SSC 1GB Edition,Nvidia,150 Watts,1024 MB ,256 Bit ,133.1GB/sec,1040 MHz,"
02-Dec-2011 ",No,GDDR5
GeForce GTX 560 Club3D CoolStream Super OC 1GB Edition,Nvidia,176 Watts,1024 MB ,256 Bit ,131.3GB/sec,1026 MHz,"
17-May-2011 ",No,GDDR5
GeForce GTX 560 Asus DirectCU II TOP 1GB Edition,Nvidia,150 Watts,1024 MB ,256 Bit ,134.4GB/sec,1050 MHz,"
19-May-2011 ",No,GDDR5
GeForce GTX 560 EVGA 1GB Edition,Nvidia,150 Watts,1024 MB ,256 Bit ,128.3GB/sec,1002 MHz,"
17-May-2011 ",No,GDDR5
GeForce GTX 560 Asus DirectCU II OC 1GB Edition,Nvidia,150 Watts,1024 MB ,256 Bit ,134.4GB/sec,1050 MHz,"
17-May-2011 ",No,GDDR5
GeForce GTX 560 (OEM),Nvidia,150 Watts,1280 MB ,320 Bit ,128.3GB/sec,802 MHz,"
29-Nov-2011 ",No,GDDR5
GeForce GTX 560 ECS Black 1GB Edition,Nvidia,150 Watts,1024 MB ,256 Bit ,128.3GB/sec,1002 MHz,"
17-May-2011 ",No,GDDR5
GeForce GTX 560 Asus DirectCU 1GB Edition,Nvidia,150 Watts,1024 MB ,256 Bit ,128.3GB/sec,1002 MHz,"
17-May-2011 ",No,GDDR5
GeForce GTX 560 Gainward Golden Sample 1GB Edition,Nvidia,150 Watts,1024 MB ,256 Bit ,129.3GB/sec,1010 MHz,"
08-Sep-2011 ",No,GDDR5
GeForce GTX 555 (OEM),Nvidia,150 Watts,1024 MB ,192 Bit ,91.9GB/sec,957 MHz,"
01-May-2012 ",No,GDDR5
GeForce GTX 560,Nvidia,150 Watts,1024 MB ,256 Bit ,128.1GB/sec,1001 MHz,"
17-May-2011 ",No,GDDR5
GeForce GTX 550 Ti Zotac AMP! Edition,Nvidia,,1024 MB ,192 Bit ,105.6GB/sec,1100 MHz,"
01-Mar-2011 ",No,GDDR5
GeForce GTX 550 Ti WindForce Edition,Nvidia,,1024 MB ,192 Bit ,98.4GB/sec,1025 MHz,"
01-Sep-2011  ",No,GDDR5
GeForce GTX 550 Ti SLI,Nvidia,250 Watts,2048 MB ,192 Bit ,196.8GB/sec,1025 MHz,"
15-Mar-2011 ",No,GDDR5
GeForce GTX 550 Ti Zotac Edition,Nvidia,116 Watts,1024 MB ,192 Bit ,98.4GB/sec,1025 MHz,"
01-Mar-2011 ",No,GDDR5
GeForce GTX 550 Ti Palit Edition,Nvidia,116 Watts,1024 MB ,192 Bit ,98.4GB/sec,1025 MHz,"
01-Mar-2011 ",No,GDDR5
GeForce GTX 550 Ti M2D1 OC Edition,Nvidia,,1024 MB ,192 Bit ,103.2GB/sec,1075 MHz,"
01-May-2011 ",No,GDDR5
GeForce GTX 550 Ti DirectCU TOP Edition,Nvidia,,1024 MB ,192 Bit ,98.5GB/sec,1026 MHz,"
01-Mar-2011 ",No,GDDR5
GeForce GTX 550 Ti Sonic Edition,Nvidia,,1024 MB ,192 Bit ,105.6GB/sec,1100 MHz,"
01-Mar-2011 ",No,GDDR5
GeForce GTX 550 Ti Gigabyte OC Edition,Nvidia,,1024 MB ,192 Bit ,100.8GB/sec,1050 MHz,"
01-Jul-2011 ",No,GDDR5
GeForce GTX 550 Ti FPB,Nvidia,116 Watts,1024 MB ,192 Bit ,104.5GB/sec,1089 MHz,"
01-Mar-2011 ",No,GDDR5
GeForce GTX 550 Ti Gainward Edition,Nvidia,,1024 MB ,192 Bit ,98.4GB/sec,1025 MHz,"
01-Mar-2011 ",No,GDDR5
GeForce GTX 550 Ti EVGA SC Edition,Nvidia,,1024 MB ,192 Bit ,108.3GB/sec,1128 MHz,"
01-Mar-2011 ",No,GDDR5
GeForce GTX 550 Ti DirectCU Edition,Nvidia,,1024 MB ,192 Bit ,98.5GB/sec,1026 MHz,"
01-Mar-2011 ",No,GDDR5
GeForce GTX 550 Ti Golden Sample Edition,Nvidia,116 Watts,1024 MB ,192 Bit ,105.6GB/sec,1100 MHz,"
01-Mar-2011 ",No,GDDR5
GeForce GTX 550 Ti EVGA 2GB Edition,Nvidia,,2048 MB ,192 Bit ,96.2GB/sec,1002 MHz,"
01-Mar-2011 ",No,GDDR5
GeForce GTX 550 Ti Cyclone II OC Edition,Nvidia,,1024 MB ,192 Bit ,103.2GB/sec,1075 MHz,"
15-Mar-2011 ",No,GDDR5
GeForce GTX 550 Ti Asus M2D1 Edition,Nvidia,,1024 MB ,192 Bit ,98.4GB/sec,1025 MHz,"
01-May-2011 ",No,GDDR5
GeForce GTX 550 Ti Asus Edition SLI,Nvidia,250 Watts,2048 MB ,192 Bit ,196.8GB/sec,1025 MHz,"
15-Mar-2011 ",No,GDDR5
GeForce GTX 550 Ti Asus Edition,Nvidia,116 Watts,1024 MB ,192 Bit ,98.5GB/sec,1026 MHz,"
01-Mar-2011 ",No,GDDR5
GeForce GTX 550 Ti,Nvidia,116 Watts,1024 MB ,192 Bit ,98.4GB/sec,1025 MHz,"
15-Mar-2011 ",No,GDDR5
GeForce GT 545 3GB,Nvidia,70 Watts,3072 MB ,192 Bit ,38.4GB/sec,800 MHz,"
14-May-2011 ",No,DDR3
GeForce GT 545 1.5GB,Nvidia,70 Watts,1536 MB ,192 Bit ,38.4GB/sec,800 MHz,"
14-May-2011 ",No,DDR3
GeForce GT 520 Zotac Synergy 1GB Edition,Nvidia,29 Watts,1024 MB ,64 Bit ,8.5GB/sec,533 MHz,"
01-May-2011 ",No,DDR3
GeForce GT 545 (OEM),Nvidia,105 Watts,1024 MB ,128 Bit ,63.9GB/sec,999 MHz,"
14-May-2011 ",No,GDDR5
GeForce GT 520 v4,Nvidia,29 Watts,1024 MB ,64 Bit ,8GB/sec,500 MHz,"
20-Aug-2012 ",No,DDR3
GeForce GT 520 v3,Nvidia,29 Watts,2048 MB ,64 Bit ,14.4GB/sec,898 MHz,"
01-Feb-2012 ",No,DDR3
GeForce GT 520 Gigabyte 1GB Edition,Nvidia,29 Watts,1024 MB ,64 Bit ,10.7GB/sec,667 MHz,"
13-Apr-2011 ",No,DDR3
GeForce GT 530,Nvidia,50 Watts,1024 MB ,128 Bit ,28.8GB/sec,900 MHz,"
14-May-2011 ",No,DDR3
GeForce GT 520 v2,Nvidia,29 Watts,1024 MB ,64 Bit ,10.7GB/sec,667 MHz,"
01-Feb-2012 ",No,DDR3
GeForce GT 520,Nvidia,29 Watts,1024 MB ,64 Bit ,14.4GB/sec,900 MHz,"
13-Apr-2011 ",No,DDR3
GeForce GT 520 Asus Silent Low Profile 2GB Edition,Nvidia,29 Watts,2048 MB ,64 Bit ,9.6GB/sec,600 MHz,"
13-Jun-2013 ",No,DDR3
GeForce GTX 980 Zotac AMP! Omega 4GB Edition,Nvidia,170 Watts,4096 MB ,256 Bit ,230.4GB/sec,1800 MHz,"
19-Sep-2014 ",No,GDDR5
GeForce GT 520 Asus Silent Low Profile 1GB Edition,Nvidia,29 Watts,1024 MB ,64 Bit ,9.6GB/sec,600 MHz,"
13-Jun-2013 ",No,DDR3
GeForce GTX 980 Zotac AMP! Extreme 4GB Edition SLI,Nvidia,350 Watts,8192 MB ,256 Bit ,460.8GB/sec,1800 MHz,"
19-Sep-2014 ",No,GDDR5
GeForce GT 520 Gainward SilentFX 1GB Edition,Nvidia,29 Watts,1024 MB ,64 Bit ,8.6GB/sec,535 MHz,"
13-Jun-2013 ",No,DDR3
GeForce GTX 980 Zotac AMP! Extreme 4GB Edition,Nvidia,185 Watts,4096 MB ,256 Bit ,230.4GB/sec,1800 MHz,"
19-Sep-2014 ",No,GDDR5
GeForce GTX 980 Zotac 4GB Edition,Nvidia,165 Watts,4096 MB ,256 Bit ,224.4GB/sec,1753 MHz,"
19-Sep-2014 ",No,GDDR5
GeForce GTX 980 Zotac AMP! 4GB Edition,Nvidia,170 Watts,4096 MB ,256 Bit ,224.4GB/sec,1753 MHz,"
19-Sep-2014 ",No,GDDR5
GeForce 510,Nvidia,25 Watts,1024 MB ,64 Bit ,14.4GB/sec,898 MHz,"
29-Sep-2011 ",No,DDR3
GeForce GTX 980 Ti Zotac ArcticStorm 6GB Edition,Nvidia,250 Watts,6144 MB ,384 Bit ,336.6GB/sec,1753 MHz,"
02-Jun-2015 ",No,GDDR5
GeForce GTX 980 Ti Zotac AMP! 6GB Edition,Nvidia,250 Watts,6144 MB ,384 Bit ,336.6GB/sec,1753 MHz,"
02-Jun-2015 ",No,GDDR5
GeForce GTX 980 Ti Zotac AMP! Extreme 6GB Edition SLI,Nvidia,500 Watts,12288 MB ,384 Bit ,692.4GB/sec,1803 MHz,"
02-Jun-2015 ",No,GDDR5
GeForce GTX 980 Ti Zotac AMP! Extreme 6GB Edition,Nvidia,250 Watts,6144 MB ,384 Bit ,346.2GB/sec,1803 MHz,"
02-Jun-2015 ",No,GDDR5
GeForce GTX 980 Ti Zotac 6GB Edition,Nvidia,250 Watts,6144 MB ,384 Bit ,336.6GB/sec,1753 MHz,"
02-Jun-2015 ",No,GDDR5
GeForce GTX 980 Ti PNY XLR8 OC 6GB Edition,Nvidia,250 Watts,6144 MB ,384 Bit ,336.6GB/sec,1753 MHz,"
07-Jul-2015 ",No,GDDR5
GeForce GTX 980 Ti Palit Super JetStream 6GB Edition,Nvidia,280 Watts,6144 MB ,384 Bit ,336.6GB/sec,1753 MHz,"
15-Jun-2015 ",No,GDDR5
GeForce GTX 980 Ti Palit JetStream 6GB Edition,Nvidia,250 Watts,6144 MB ,384 Bit ,336.6GB/sec,1753 MHz,"
02-Jun-2015 ",No,GDDR5
GeForce GTX 980 Ti Palit 6GB Edition,Nvidia,250 Watts,6144 MB ,384 Bit ,336.6GB/sec,1753 MHz,"
02-Jun-2015 ",No,GDDR5
GeForce GTX 980 Ti MSI Gaming Golden 6GB Edition,Nvidia,250 Watts,6144 MB ,384 Bit ,340.6GB/sec,1774 MHz,"
01-Oct-2015 ",No,GDDR5
GeForce GTX 980 Ti MSI Sea Hawk 6GB Edition,Nvidia,250 Watts,6144 MB ,384 Bit ,340.6GB/sec,1774 MHz,"
26-Aug-2015 ",No,GDDR5
GeForce GTX 980 Ti MSI 6GB Edition,Nvidia,250 Watts,6144 MB ,384 Bit ,336.6GB/sec,1753 MHz,"
02-Jun-2015 ",No,GDDR5
GeForce GTX 980 Ti MSI Gaming 6GB Edition SLI,Nvidia,500 Watts,12288 MB ,384 Bit ,681.6GB/sec,1775 MHz,"
02-Jun-2015 ",No,GDDR5
GeForce GTX 980 Ti MSI Lightning 6GB Edition,Nvidia,250 Watts,6144 MB ,384 Bit ,340.6GB/sec,1774 MHz,"
26-Aug-2015 ",No,GDDR5
GeForce GTX 980 Ti MSI Armor 2X OC 6GB Edition,Nvidia,250 Watts,6144 MB ,384 Bit ,336.6GB/sec,1753 MHz,"
02-Jun-2015 ",No,GDDR5
GeForce GTX 980 Ti Inno3D iChill X4 Ultra 6GB Edition,Nvidia,280 Watts,6144 MB ,384 Bit ,345.6GB/sec,1800 MHz,"
02-Jun-2015 ",No,GDDR5
GeForce GTX 980 Ti Inno3D iChill X3 Ultra 6GB Edition,Nvidia,280 Watts,6144 MB ,384 Bit ,345.6GB/sec,1800 MHz,"
02-Jun-2015 ",No,GDDR5
GeForce GTX 980 Ti Gigabyte XTREME Water 6GB Edition,Nvidia,250 Watts,6144 MB ,384 Bit ,345.6GB/sec,1800 MHz,"
11-Nov-2015 ",No,GDDR5
GeForce GTX 980 Ti MSI Gaming 6GB Edition,Nvidia,250 Watts,6144 MB ,384 Bit ,340.8GB/sec,1775 MHz,"
02-Jun-2015 ",No,GDDR5
GeForce GTX 980 Ti Inno3D iChill Black 6GB Edition,Nvidia,290 Watts,6144 MB ,384 Bit ,349.4GB/sec,1820 MHz,"
02-Jun-2015 ",No,GDDR5
GeForce GTX 980 Ti Gigabyte XTREME 6GB Edition,Nvidia,250 Watts,6144 MB ,384 Bit ,345.6GB/sec,1800 MHz,"
 11-Nov-2015 ",No,GDDR5
GeForce GTX 980 Ti Gigabyte G1 Gaming 6GB Edition,Nvidia,250 Watts,6144 MB ,384 Bit ,336.6GB/sec,1753 MHz,"
02-Jun-2015 ",No,GDDR5
GeForce GTX 980 Ti Gigabyte 6GB Edition,Nvidia,250 Watts,6144 MB ,384 Bit ,336.6GB/sec,1753 MHz,"
02-Jun-2015 ",No,GDDR5
GeForce GTX 980 Ti Gigabyte WindForce 3X OC 6GB Edition,Nvidia,250 Watts,6144 MB ,384 Bit ,336.6GB/sec,1753 MHz,"
01-Sep-2015 ",No,GDDR5
GeForce GTX 980 Ti Gigabyte G1 Gaming 6GB Edition SLI,Nvidia,500 Watts,12288 MB ,384 Bit ,673.2GB/sec,1753 MHz,"
02-Jun-2015 ",No,GDDR5
GeForce GTX 980 Ti Galax HOF WaterCooled 6GB Edition,Nvidia,250 Watts,6144 MB ,384 Bit ,336.6GB/sec,1753 MHz,"
09-Jun-2015 ",No,GDDR5
GeForce GTX 980 Ti Gigabyte 6GB Edition SLI,Nvidia,500 Watts,12288 MB ,384 Bit ,673.2GB/sec,1753 MHz,"
02-Jun-2015 ",No,GDDR5
GeForce GTX 980 Ti EVGA Superclocked+ ACX 2.0+ 6GB Edition,Nvidia,250 Watts,6144 MB ,384 Bit ,336.6GB/sec,1753 MHz,"
02-Jun-2015 ",No,GDDR5
GeForce GTX 980 Ti Galax HOF 6GB Edition,Nvidia,250 Watts,6144 MB ,384 Bit ,336.6GB/sec,1753 MHz,"
02-Jun-2015 ",No,GDDR5
GeForce GTX 980 Ti EVGA Superclocked ACX 2.0+ 6GB Edition SLI,Nvidia,250 Watts,12288 MB ,384 Bit ,673.2GB/sec,1753 MHz,"
02-Jun-2015 ",No,GDDR5
GeForce GTX 980 Ti EVGA Superclocked ACX 2.0+ 6GB Edition,Nvidia,250 Watts,6144 MB ,384 Bit ,336.6GB/sec,1753 MHz,"
02-Jun-2015 ",No,GDDR5
GeForce GTX 980 Ti EVGA Superclocked 6GB Edition,Nvidia,250 Watts,6144 MB ,384 Bit ,336.6GB/sec,1753 MHz,"
02-Jun-2015 ",No,GDDR5
GeForce GTX 980 Ti EVGA Hydro Copper 6GB Edition,Nvidia,250 Watts,6144 MB ,384 Bit ,336.6GB/sec,1753 MHz,"
02-Jun-2015 ",No,GDDR5
GeForce GTX 980 Ti EVGA Classified ACX 2.0+ 6GB Edition SLI,Nvidia,600 Watts,12288 MB ,384 Bit ,673.2GB/sec,1753 MHz,"
02-Jun-2015 ",No,GDDR5
GeForce GTX 980 Ti Galax HOF LN2 6GB Edition,Nvidia,250 Watts,6144 MB ,384 Bit ,336.6GB/sec,1753 MHz,"
02-Jun-2015 ",No,GDDR5
GeForce GTX 980 Ti EVGA Kingpin 6GB Edition,Nvidia,300 Watts,6144 MB ,384 Bit ,340.6GB/sec,1774 MHz,"
21-Jul-2015 ",No,GDDR5
GeForce GTX 980 Ti EVGA Hybrid 6GB Edition,Nvidia,250 Watts,6144 MB ,384 Bit ,336.6GB/sec,1753 MHz,"
02-Jun-2015 ",No,GDDR5
GeForce GTX 980 Ti EVGA FTW ACX 2.0+ 6GB Edition,Nvidia,275 Watts,6144 MB ,384 Bit ,336.6GB/sec,1753 MHz,"
11-Sep-2015 ",No,GDDR5
GeForce GTX 980 Ti EVGA ACX 2.0+ 6GB Edition,Nvidia,250 Watts,6144 MB ,384 Bit ,336.6GB/sec,1753 MHz,"
02-Jun-2015 ",No,GDDR5
GeForce GTX 980 Ti Asus DirectCU III OC Strix Gaming 6GB Edition,Nvidia,375 Watts,6144 MB ,384 Bit ,345.6GB/sec,1800 MHz,"
02-Jun-2015 ",No,GDDR5
GeForce GTX 980 Ti EVGA Classified ACX 2.0+ 6GB Edition,Nvidia,300 Watts,6144 MB ,384 Bit ,336.6GB/sec,1753 MHz,"
02-Jun-2015 ",No,GDDR5
GeForce GTX 980 Ti EVGA 6GB Edition,Nvidia,250 Watts,6144 MB ,384 Bit ,336.6GB/sec,1753 MHz,"
02-Jun-2015 ",No,GDDR5
GeForce GTX 980 Ti Asus 6GB Edition,Nvidia,250 Watts,6144 MB ,384 Bit ,336.6GB/sec,1753 MHz,"
02-Jun-2015 ",No,GDDR5
GeForce GTX 980 Point of View 4GB Edition,Nvidia,165 Watts,4096 MB ,256 Bit ,224.4GB/sec,1753 MHz,"
19-Sep-2014 ",No,GDDR5
GeForce GTX 980 Ti Asus DirectCU III OC Strix Gaming 6GB SLI,Nvidia,750 Watts,12288 MB ,384 Bit ,691.2GB/sec,1800 MHz,"
02-Jun-2015 ",No,GDDR5
GeForce GTX 980 Ti 6GB SLI,Nvidia,500 Watts,12288 MB ,384 Bit ,673.2GB/sec,1753 MHz,"
02-Jun-2015 ",No,GDDR5
GeForce GTX 980 PNY XLR8 Pro OC 4GB Edition,Nvidia,180 Watts,4096 MB ,256 Bit ,224.4GB/sec,1753 MHz,"
01-Jan-2015 ",No,GDDR5
GeForce GTX 980 Palit Trio 4GB Edition,Nvidia,180 Watts,4096 MB ,256 Bit ,224.4GB/sec,1753 MHz,"
01-Jun-2015 ",No,GDDR5
GeForce GTX 980 Ti 6GB,Nvidia,250 Watts,6144 MB ,384 Bit ,336.6GB/sec,1753 MHz,"
01-Jun-2015 ",No,GDDR5
GeForce GTX 980 Palit Super JetStream 4GB Edition,Nvidia,180 Watts,4096 MB ,256 Bit ,230.4GB/sec,1800 MHz,"
19-Sep-2014 ",No,GDDR5
GeForce GTX 980 PNY 4GB Edition,Nvidia,165 Watts,4096 MB ,256 Bit ,224.4GB/sec,1753 MHz,"
19-Sep-2014 ",No,GDDR5
GeForce GTX 980 Palit JetStream 4GB Edition,Nvidia,180 Watts,4096 MB ,256 Bit ,224.4GB/sec,1753 MHz,"
19-Sep-2014 ",No,GDDR5
GeForce GTX 980 Palit 4GB Edition,Nvidia,180 Watts,4096 MB ,256 Bit ,224.4GB/sec,1753 MHz,"
19-Sep-2014 ",No,GDDR5
GeForce GTX 980 MSI OC v1 4GB Edition,Nvidia,165 Watts,4096 MB ,256 Bit ,224.4GB/sec,1753 MHz,"
19-Sep-2014 ",No,GDDR5
GeForce GTX 980 MSI Gaming 4GB Edition SLI,Nvidia,340 Watts,8192 MB ,256 Bit ,448.8GB/sec,1753 MHz,"
19-Sep-2014 ",No,GDDR5
GeForce GTX 980 MSI Gaming 4GB Edition 3-Way SLI,Nvidia,,12288 MB ,256 Bit ,673.2GB/sec,1753 MHz,"
19-Sep-2014 ",No,GDDR5
GeForce GTX 980 MSI Armor 2X OC 4GB Edition,Nvidia,165 Watts,4096 MB ,256 Bit ,224.4GB/sec,1753 MHz,"
19-Sep-2014 ",No,GDDR5
GeForce GTX 980 MSI Gaming 4GB Edition,Nvidia,165 Watts,4096 MB ,256 Bit ,224.4GB/sec,1753 MHz,"
19-Sep-2014 ",No,GDDR5
GeForce GTX 980 Leadtek Winfast Hurricane 4GB Edition,Nvidia,170 Watts,4096 MB ,256 Bit ,224.4GB/sec,1753 MHz,"
20-Oct-2014 ",No,GDDR5
GeForce GTX 980 Leadtek WinFast 4GB Edition,Nvidia,165 Watts,4096 MB ,256 Bit ,224.4GB/sec,1753 MHz,"
04-Nov-2014 ",No,GDDR5
GeForce GTX 980 Inno3D iChill HerculeZ X4 ABU 4GB Edition,Nvidia,165 Watts,4096 MB ,256 Bit ,230.4GB/sec,1800 MHz,"
19-Sep-2014 ",No,GDDR5
GeForce GTX 980 MSI 4GB Edition,Nvidia,180 Watts,4096 MB ,256 Bit ,224.4GB/sec,1753 MHz,"
19-Sep-2014 ",No,GDDR5
GeForce GTX 980 Gigabyte XTREME 4GB Edition,Nvidia,300 Watts,4096 MB ,256 Bit ,227.2GB/sec,1775 MHz,"
11-Nov-2015 ",No,GDDR5
GeForce GTX 980 Inno3D 4GB Edition,Nvidia,165 Watts,4096 MB ,256 Bit ,224.4GB/sec,1753 MHz,"
19-Sep-2014 ",No,GDDR5
GeForce GTX 980 Inno3D iChill HerculeZ X4 Air 4GB Edition,Nvidia,165 Watts,4096 MB ,256 Bit ,224.4GB/sec,1753 MHz,"
19-Sep-2014 ",No,GDDR5
GeForce GTX 980 Gigabyte G1 Gaming 4GB Edition SLI,Nvidia,,8192 MB ,256 Bit ,448.8GB/sec,1753 MHz,"
19-Sep-2014 ",No,GDDR5
GeForce GTX 980 Gigabyte WindForce 3X 4GB Edition,Nvidia,165 Watts,4096 MB ,256 Bit ,224.4GB/sec,1753 MHz,"
19-Sep-2014 ",No,GDDR5
GeForce GTX 980 Gigabyte G1 Gaming 4GB Edition,Nvidia,165 Watts,4096 MB ,256 Bit ,224.4GB/sec,1753 MHz,"
19-Sep-2014 ",No,GDDR5
GeForce GTX 980 Galax 4GB Edition,Nvidia,250 Watts,4096 MB ,256 Bit ,224.4GB/sec,1753 MHz,"
19-Sep-2014 ",No,GDDR5
GeForce GTX 980 EVGA Superclocked 4GB Edition SLI,Nvidia,,8192 MB ,256 Bit ,448.8GB/sec,1753 MHz,"
19-Sep-2014 ",No,GDDR5
GeForce GTX 980 EVGA Superclocked ACX 2.0 4GB Edition SLI,Nvidia,,8192 MB ,256 Bit ,448.8GB/sec,1753 MHz,"
19-Sep-2014 ",No,GDDR5
GeForce GTX 980 Galax SOC 4GB Edition,Nvidia,250 Watts,4096 MB ,256 Bit ,224.4GB/sec,1753 MHz,"
30-Sep-2014 ",No,GDDR5
GeForce GTX 980 Gainward 4GB Edition,Nvidia,165 Watts,4096 MB ,256 Bit ,224.4GB/sec,1753 MHz,"
19-Sep-2014 ",No,GDDR5
GeForce GTX 980 Galax HOF 4GB Edition,Nvidia,165 Watts,4096 MB ,256 Bit ,224.4GB/sec,1753 MHz,"
10-Nov-2014 ",No,GDDR5
GeForce GTX 980 EVGA Superclocked ACX 2.0 4GB Edition,Nvidia,165 Watts,4096 MB ,256 Bit ,224.4GB/sec,1753 MHz,"
19-Sep-2014 ",No,GDDR5
GeForce GTX 980 EVGA Hydro Copper 4GB Edition,Nvidia,165 Watts,4096 MB ,256 Bit ,224.4GB/sec,1753 MHz,"
19-Sep-2014 ",No,GDDR5
GeForce GTX 980 EVGA Superclocked 4GB Edition,Nvidia,165 Watts,4096 MB ,256 Bit ,224.4GB/sec,1753 MHz,"
19-Sep-2014 ",No,GDDR5
GeForce GTX 980 EVGA FTW ACX 2.0 4GB Edition,Nvidia,165 Watts,4096 MB ,256 Bit ,224.4GB/sec,1753 MHz,"
19-Sep-2014 ",No,GDDR5
GeForce GTX 980 EVGA Hybrid 4GB Edition,Nvidia,165 Watts,4096 MB ,256 Bit ,224.4GB/sec,1753 MHz,"
26-Mar-2015 ",No,GDDR5
GeForce GTX 980 EVGA 4GB Edition,Nvidia,165 Watts,4096 MB ,256 Bit ,224.4GB/sec,1753 MHz,"
19-Sep-2014 ",No,GDDR5
GeForce GTX 980 Asus Strix OC 4GB Edition SLI,Nvidia,,8192 MB ,256 Bit ,448.8GB/sec,1753 MHz,"
19-Sep-2014 ",No,GDDR5
GeForce GTX 980 EVGA ACX 2.0 4GB Edition,Nvidia,165 Watts,4096 MB ,256 Bit ,224.4GB/sec,1753 MHz,"
19-Sep-2014 ",No,GDDR5
GeForce GTX 980 EVGA Classified ACX 2.0 4GB Edition,Nvidia,165 Watts,4096 MB ,256 Bit ,224.4GB/sec,1753 MHz,"
01-Oct-2014 ",No,GDDR5
GeForce GTX 980 EVGA Classified Kingpin ACX 2.0+ 4GB Edition,Nvidia,165 Watts,4096 MB ,256 Bit ,224.4GB/sec,1753 MHz,"
06-Feb-2015 ",No,GDDR5
GeForce GTX 980 Asus Strix OC 4GB Edition,Nvidia,300 Watts,4096 MB ,256 Bit ,224.4GB/sec,1753 MHz,"
19-Sep-2014 ",No,GDDR5
GeForce GTX 980 Asus ROG Matrix Platinum 4GB Edition SLI,Nvidia,325 Watts,8192 MB ,256 Bit ,448.8GB/sec,1753 MHz,"
03-Dec-2014 ",No,GDDR5
GeForce GTX 980 EVGA Classified ACX 2.0 4GB Edition SLI,Nvidia,,8192 MB ,256 Bit ,448.8GB/sec,1753 MHz,"
01-Oct-2014 ",No,GDDR5
GeForce GTX 980 Asus 4GB Edition,Nvidia,225 Watts,4096 MB ,256 Bit ,224.4GB/sec,1753 MHz,"
19-Sep-2014 ",No,GDDR5
GeForce GTX 980 4GB SLI,Nvidia,350 Watts,8192 MB ,256 Bit ,448.8GB/sec,1753 MHz,"
19-Sep-2014 ",No,GDDR5
GeForce GTX 980 4GB 3-Way SLI,Nvidia,,12288 MB ,256 Bit ,673.2GB/sec,1753 MHz,"
19-Sep-2014 ",No,GDDR5
GeForce GTX 980 4GB,Nvidia,165 Watts,4096 MB ,256 Bit ,224.4GB/sec,1753 MHz,"
19-Sep-2014 ",No,GDDR5
GeForce GTX 970 Zotac AMP! Extreme Core 4GB Edition SLI,Nvidia,,8192 MB ,256 Bit ,460.8GB/sec,1800 MHz,"
19-Sep-2014 ",No,GDDR5
GeForce GTX 970 Zotac AMP! Omega 4GB Edition,Nvidia,160 Watts,4096 MB ,256 Bit ,225.4GB/sec,1761 MHz,"
19-Sep-2014 ",No,GDDR5
GeForce GTX 970 Zotac AMP! Omega Core 4GB Edition,Nvidia,148 Watts,4096 MB ,256 Bit ,224.4GB/sec,1753 MHz,"
19-Sep-2014 ",No,GDDR5
GeForce GTX 970 Zotac AMP! Extreme Core 4GB Edition,Nvidia,175 Watts,4096 MB ,256 Bit ,230.4GB/sec,1800 MHz,"
19-Sep-2014 ",No,GDDR5
GeForce GTX 970 Zotac AMP! Extreme 4GB Edition,Nvidia,175 Watts,4096 MB ,256 Bit ,230.4GB/sec,1800 MHz,"
19-Sep-2014 ",No,GDDR5
GeForce GTX 980 Asus ROG Poseidon 4GB Edition,Nvidia,300 Watts,4096 MB ,256 Bit ,224.4GB/sec,1753 MHz,"
10-Nov-2014 ",No,GDDR5
GeForce GTX 980 Asus ROG Matrix Gold 4GB Edition,Nvidia,375 Watts,4096 MB ,256 Bit ,224.4GB/sec,1753 MHz,"
31-Mar-2015 ",No,GDDR5
GeForce GTX 970 Zotac 4GB Edition SLI,Nvidia,,8192 MB ,256 Bit ,448.8GB/sec,1753 MHz,"
19-Sep-2014 ",No,GDDR5
GeForce GTX 970 PNY 4GB Edition,Nvidia,150 Watts,4096 MB ,256 Bit ,224.4GB/sec,1753 MHz,"
19-Sep-2014 ",No,GDDR5
GeForce GTX 970 Zotac AMP! Extreme 4GB Edition SLI,Nvidia,,8192 MB ,256 Bit ,460.8GB/sec,1800 MHz,"
19-Sep-2014 ",No,GDDR5
GeForce GTX 970 Point of View 4GB Edition,Nvidia,148 Watts,4096 MB ,256 Bit ,224.4GB/sec,1753 MHz,"
19-Sep-2014 ",No,GDDR5
GeForce GTX 970 Palit 4GB Edition,Nvidia,150 Watts,4096 MB ,256 Bit ,224.4GB/sec,1753 MHz,"
19-Sep-2014 ",No,GDDR5
GeForce GTX 970 Palit JetStream 4GB Edition,Nvidia,150 Watts,4096 MB ,256 Bit ,224.4GB/sec,1753 MHz,"
19-Sep-2014 ",No,GDDR5
GeForce GTX 970 MSI Gaming 100 ME 4GB Edition SLI,Nvidia,290 Watts,8192 MB ,256 Bit ,448.8GB/sec,1753 MHz,"
28-Jan-2015 ",No,GDDR5
GeForce GTX 970 MSI Gaming 4GB Edition,Nvidia,148 Watts,4096 MB ,256 Bit ,224.4GB/sec,1753 MHz,"
19-Sep-2014 ",No,GDDR5
GeForce GTX 970 MSI Gaming 4GB Edition SLI,Nvidia,296 Watts,8192 MB ,256 Bit ,224.4GB/sec,1753 MHz,"
19-Sep-2014 ",No,GDDR5
GeForce GTX 970 Zotac 4GB Edition,Nvidia,150 Watts,4096 MB ,256 Bit ,224.4GB/sec,1753 MHz,"
19-Sep-2014 ",No,GDDR5
GeForce GTX 970 MSI Gaming 100 ME 4GB Edition,Nvidia,145 Watts,4096 MB ,256 Bit ,224.4GB/sec,1753 MHz,"
28-Jan-2015 ",No,GDDR5
GeForce GTX 970 MSI Armor 2X OC 4GB Edition,Nvidia,148 Watts,4096 MB ,256 Bit ,224.4GB/sec,1753 MHz,"
19-Sep-2014 ",No,GDDR5
GeForce GTX 980 Asus ROG Matrix Platinum 4GB Edition,Nvidia,300 Watts,4096 MB ,256 Bit ,224.4GB/sec,1753 MHz,"
03-Dec-2014 ",No,GDDR5
GeForce GTX 970 MSI OC 4GB Edition,Nvidia,148 Watts,4096 MB ,256 Bit ,224.4GB/sec,1753 MHz,"
19-Sep-2014 ",No,GDDR5
GeForce GTX 970 Leadtek WinFast Hurricane 4GB Edition,Nvidia,150 Watts,4096 MB ,256 Bit ,224.4GB/sec,1753 MHz,"
20-Oct-2014 ",No,GDDR5
GeForce GTX 970 MSI Gaming Golden 4GB Edition,Nvidia,145 Watts,4096 MB ,256 Bit ,224.4GB/sec,1753 MHz,"
14-Nov-2014 ",No,GDDR5
GeForce GTX 970 Leadtek WinFast 4GB Edition,Nvidia,148 Watts,4096 MB ,256 Bit ,224.4GB/sec,1753 MHz,"
04-Nov-2014 ",No,GDDR5
GeForce GTX 970 Inno3D iChill HerculeZ X4 ABU 4GB Edition,Nvidia,145 Watts,4096 MB ,256 Bit ,230.4GB/sec,1800 MHz,"
19-Sep-2014 ",No,GDDR5
GeForce GTX 970 Inno3D HerculeZ X2 OC 4GB Edition,Nvidia,145 Watts,4096 MB ,256 Bit ,224.4GB/sec,1753 MHz,"
29-Sep-2014 ",No,GDDR5
GeForce GTX 970 KFA2 EXOC Sniper 4GB Edition,Nvidia,145 Watts,4096 MB ,256 Bit ,224.4GB/sec,1753 MHz,"
18-Jan-2016 ",No,GDDR5
GeForce GTX 970 Gigabyte WindForce 3X OC 4GB Edition,Nvidia,150 Watts,4096 MB ,256 Bit ,224.4GB/sec,1753 MHz,"
29-Sep-2014 ",No,GDDR5
GeForce GTX 970 Galax OC 4GB Edition,Nvidia,145 Watts,4096 MB ,256 Bit ,224.4GB/sec,1753 MHz,"
 19-Sep-2014 ",No,GDDR5
GeForce GTX 970 Gigabyte Twin Turbo OC 4GB Edition,Nvidia,148 Watts,4096 MB ,256 Bit ,224.4GB/sec,1753 MHz,"
28-Jul-2015 ",No,GDDR5
GeForce GTX 970 Gigabyte G1 Gaming 4GB Edition SLI,Nvidia,350 Watts,8192 MB ,256 Bit ,448.8GB/sec,1753 MHz,"
19-Sep-2014 ",No,GDDR5
GeForce GTX 970 Gigabyte Mini-ITX OC 4GB Edition,Nvidia,150 Watts,4096 MB ,256 Bit ,224.4GB/sec,1753 MHz,"
21-Oct-2014 ",No,GDDR5
GeForce GTX 970 Gigabyte G1 Gaming 4GB Edition,Nvidia,150 Watts,4096 MB ,256 Bit ,224.4GB/sec,1753 MHz,"
19-Sep-2014 ",No,GDDR5
GeForce GTX 970 Galax EXOC 4GB Black Edition,Nvidia,145 Watts,4096 MB ,256 Bit ,224.4GB/sec,1753 MHz,"
31-Oct-2014 ",No,GDDR5
GeForce GTX 970 Galax HOF 4GB Edition,Nvidia,165 Watts,4096 MB ,256 Bit ,224.4GB/sec,1753 MHz,"
10-Oct-2014 ",No,GDDR5
GeForce GTX 970 Gigabyte XTREME 4GB Edition,Nvidia,148 Watts,4096 MB ,256 Bit ,227.2GB/sec,1775 MHz,"
11-Nov-2015 ",No,GDDR5
GeForce GTX 970 Galax EXOC 4GB Black Edition SLI,Nvidia,,8192 MB ,256 Bit ,448.8GB/sec,1753 MHz,"
31-Oct-2014 ",No,GDDR5
GeForce GTX 970 Gainward Phantom Phoenix 4GB Edition,Nvidia,150 Watts,4096 MB ,256 Bit ,224.4GB/sec,1753 MHz,"
21-Aug-2015 ",No,GDDR5
GeForce GTX 970 Gainward Phantom 4GB Edition,Nvidia,150 Watts,4096 MB ,256 Bit ,224.4GB/sec,1753 MHz,"
19-Sep-2014 ",No,GDDR5
GeForce GTX 970 EVGA Superclocked ACX 2.0 4GB Edition SLI,Nvidia,,8192 MB ,256 Bit ,448.8GB/sec,1753 MHz,"
19-Sep-2014 ",No,GDDR5
GeForce GTX 970 EVGA Superclocked ACX 2.0 4GB Edition,Nvidia,150 Watts,4096 MB ,256 Bit ,224.4GB/sec,1753 MHz,"
19-Sep-2014 ",No,GDDR5
GeForce GTX 970 EVGA SSC ACX+ 2.0 4GB Edition SLI,Nvidia,,8192 MB ,256 Bit ,448.8GB/sec,1753 MHz,"
08-Jan-2015 ",No,GDDR5
GeForce GTX 970 EVGA SSC ACX 2.0 4GB Edition SLI,Nvidia,300 Watts,8192 MB ,256 Bit ,448.8GB/sec,1753 MHz,"
19-Sep-2014 ",No,GDDR5
GeForce GTX 970 EVGA Superclocked 4GB Edition,Nvidia,150 Watts,4096 MB ,256 Bit ,224.4GB/sec,1753 MHz,"
19-Sep-2014 ",No,GDDR5
GeForce GTX 970 EVGA SSC ACX+ 2.0 4GB Edition,Nvidia,145 Watts,4096 MB ,256 Bit ,224.4GB/sec,1753 MHz,"
08-Jan-2015 ",No,GDDR5
GeForce GTX 970 EVGA FTW+ ACX 2.0+ 4GB Edition,Nvidia,160 Watts,4096 MB ,256 Bit ,224.4GB/sec,1753 MHz,"
19-Sep-2014 ",No,GDDR5
GeForce GTX 970 EVGA FTW+ ACX 2.0+ 4GB Edition SLI,Nvidia,300 Watts,8192 MB ,256 Bit ,448.8GB/sec,1753 MHz,"
19-Sep-2014 ",No,GDDR5
GeForce GTX 970 EVGA SSC ACX 2.0 4GB Edition,Nvidia,150 Watts,4096 MB ,256 Bit ,224.4GB/sec,1753 MHz,"
19-Sep-2014 ",No,GDDR5
GeForce GTX 970 EVGA Superclocked ACX 4GB Edition,Nvidia,150 Watts,4096 MB ,256 Bit ,224.4GB/sec,1753 MHz,"
19-Sep-2014 ",No,GDDR5
GeForce GTX 970 Asus Turbo OC 4GB Edition,Nvidia,148 Watts,4096 MB ,256 Bit ,224.4GB/sec,1753 MHz,"
05-May-2015 ",No,GDDR5
GeForce GTX 970 EVGA ACX 4GB Edition,Nvidia,148 Watts,4096 MB ,256 Bit ,224.4GB/sec,1753 MHz,"
19-Sep-2014 ",No,GDDR5
GeForce GTX 970 Asus Strix OC 4GB Edition SLI,Nvidia,,8192 MB ,256 Bit ,448.8GB/sec,1753 MHz,"
19-Sep-2014 ",No,GDDR5
GeForce GTX 970 EVGA ACX 2.0 4GB Edition,Nvidia,148 Watts,4096 MB ,256 Bit ,224.4GB/sec,1753 MHz,"
19-Sep-2014 ",No,GDDR5
GeForce GTX 970 Asus Strix OC 4GB Edition,Nvidia,225 Watts,4096 MB ,256 Bit ,224.4GB/sec,1753 MHz,"
19-Sep-2014 ",No,GDDR5
GeForce GTX 970 EVGA FTW ACX 2.0 4GB Edition SLI,Nvidia,,4096 MB ,256 Bit ,448.8GB/sec,1753 MHz,"
19-Sep-2014 ",No,GDDR5
GeForce GTX 970 EVGA FTW ACX 2.0 4GB Edition,Nvidia,160 Watts,4096 MB ,256 Bit ,224.4GB/sec,1753 MHz,"
19-Sep-2014 ",No,GDDR5
GeForce GTX 970 EVGA 4GB Edition,Nvidia,148 Watts,4096 MB ,256 Bit ,224.4GB/sec,1753 MHz,"
19-Sep-2014 ",No,GDDR5
GeForce GTX 970 4GB SLI,Nvidia,325 Watts,8192 MB ,256 Bit ,448.8GB/sec,1753 MHz,"
19-Sep-2014 ",No,GDDR5
GeForce GTX 970 Asus DirectCU Mini OC 4GB Edition,Nvidia,148 Watts,4096 MB ,256 Bit ,224.4GB/sec,1753 MHz,"
01-Dec-2014 ",No,GDDR5
GeForce GTX 960 Zotac v2 2GB Edition,Nvidia,120 Watts,2048 MB ,128 Bit ,112.2GB/sec,1753 MHz,"
22-Jan-2015 ",No,GDDR5
GeForce GTX 960 Zotac AMP! v2 2GB Edition,Nvidia,120 Watts,2048 MB ,128 Bit ,112.2GB/sec,1753 MHz,"
22-Jan-2015 ",No,GDDR5
GeForce GTX 970 4GB,Nvidia,145 Watts,4096 MB ,256 Bit ,224.4GB/sec,1753 MHz,"
19-Sep-2014 ",No,GDDR5
GeForce GTX 960 Zotac 2GB Edition,Nvidia,120 Watts,2048 MB ,128 Bit ,112.2GB/sec,1753 MHz,"
22-Jan-2015 ",No,GDDR5
GeForce GTX 960 Zotac AMP! 2GB Edition,Nvidia,120 Watts,2048 MB ,128 Bit ,112.2GB/sec,1753 MHz,"
22-Jan-2015 ",No,GDDR5
GeForce GTX 960 Zotac 4GB Edition,Nvidia,120 Watts,4096 MB ,128 Bit ,112.2GB/sec,1753 MHz,"
11-Mar-2015 ",No,GDDR5
GeForce GTX 960 Ti 2GB [not released],Nvidia,140 Watts,2048 MB ,256 Bit ,224.4GB/sec,1753 MHz,"
31-Oct-2015 ",No,GDDR5
GeForce GTX 960 Point of View AMMO OC 2GB Edition,Nvidia,120 Watts,2048 MB ,128 Bit ,112.2GB/sec,1753 MHz,"
22-Jan-2015 ",No,GDDR5
GeForce GTX 960 Zotac AMP! 4GB Edition,Nvidia,120 Watts,4096 MB ,128 Bit ,112.2GB/sec,1753 MHz,"
11-Mar-2015 ",No,GDDR5
GeForce GTX 960 Ti 4GB [not released],Nvidia,140 Watts,4096 MB ,256 Bit ,224.4GB/sec,1753 MHz,"
31-Oct-2015 ",No,GDDR5
GeForce GTX 960 PNY 2GB Edition,Nvidia,120 Watts,2048 MB ,128 Bit ,112.2GB/sec,1753 MHz,"
22-Jan-2015 ",No,GDDR5
GeForce GTX 960 Palit Super JetStream 2GB Edition,Nvidia,120 Watts,2048 MB ,128 Bit ,115.2GB/sec,1800 MHz,"
22-Jan-2015 ",No,GDDR5
GeForce GTX 960 Palit JetStream 4GB Edition,Nvidia,120 Watts,4096 MB ,128 Bit ,112.2GB/sec,1753 MHz,"
20-Mar-2015 ",No,GDDR5
GeForce GTX 960 PNY XLR8 4GB Edition,Nvidia,120 Watts,4096 MB ,128 Bit ,112.2GB/sec,1753 MHz,"
10-Mar-2015 ",No,GDDR5
GeForce GTX 960 Palit JetStream 2GB Edition,Nvidia,120 Watts,2048 MB ,128 Bit ,115.2GB/sec,1800 MHz,"
22-Jan-2015 ",No,GDDR5
GeForce GTX 960 Palit 2GB Edition,Nvidia,120 Watts,2048 MB ,128 Bit ,112.2GB/sec,1753 MHz,"
22-Jan-2015 ",No,GDDR5
GeForce GTX 960 MSI OC 2GB Edition,Nvidia,120 Watts,2048 MB ,128 Bit ,112.2GB/sec,1753 MHz,"
22-Jan-2015 ",No,GDDR5
GeForce GTX 960 MSI Gaming 4GB Edition SLI,Nvidia,240 Watts,8192 MB ,128 Bit ,224.4GB/sec,1753 MHz,"
10-Mar-2015 ",No,GDDR5
GeForce GTX 960 MSI Gaming 2GB Edition,Nvidia,120 Watts,2048 MB ,128 Bit ,112.2GB/sec,1753 MHz,"
22-Jan-2015 ",No,GDDR5
GeForce GTX 960 MSI Gaming 4GB Edition,Nvidia,120 Watts,4096 MB ,128 Bit ,112.2GB/sec,1753 MHz,"
10-Mar-2015 ",No,GDDR5
GeForce GTX 960 MSI Tiger OC 4GB Edition,Nvidia,120 Watts,4096 MB ,128 Bit ,112.2GB/sec,1753 MHz,"
10-Mar-2015 ",No,GDDR5
GeForce GTX 960 MSI 2GB Edition,Nvidia,120 Watts,2048 MB ,128 Bit ,112.2GB/sec,1753 MHz,"
22-Jan-2015 ",No,GDDR5
GeForce GTX 780 Zotac OC Edition,Nvidia,250 Watts,3072 MB ,384 Bit ,288.4GB/sec,1502 MHz,"
23-May-2013 ",No,GDDR5
GeForce GTX 780 Zotac OC Edition SLI,Nvidia,450 Watts,6144 MB ,384 Bit ,576.8GB/sec,1502 MHz,"
23-May-2013 ",No,GDDR5
GeForce GTX 960 Inno3D HerculeZ X3 Air Boss Ultra 2GB Edition,Nvidia,160 Watts,2048 MB ,128 Bit ,115.2GB/sec,1800 MHz,"
22-Jan-2015 ",No,GDDR5
GeForce GTX 960 Inno3D HerculeZ 2X OC 4GB Edition,Nvidia,120 Watts,4096 MB ,128 Bit ,112.2GB/sec,1753 MHz,"
03-Mar-2015 ",No,GDDR5
GeForce GTX 960 MSI Gaming 100ME 2GB Edition,Nvidia,120 Watts,2048 MB ,128 Bit ,112.2GB/sec,1753 MHz,"
22-Jan-2015 ",No,GDDR5
GeForce GTX 780 Zotac AMP! Edition,Nvidia,300 Watts,3072 MB ,384 Bit ,298GB/sec,1552 MHz,"
23-Aug-2013 ",No,GDDR5
GeForce GTX 780 WindForce 3X OC Edition,Nvidia,,3072 MB ,384 Bit ,288.4GB/sec,1502 MHz,"
23-May-2013 ",No,GDDR5
GeForce GTX 780 Ti WindForce 3X OC Edition,Nvidia,250 Watts,3072 MB ,384 Bit ,336GB/sec,1750 MHz,"
21-Nov-2013 ",No,GDDR5
GeForce GTX 780 Ti Zotac AMP! Edition,Nvidia,250 Watts,3072 MB ,384 Bit ,345.6GB/sec,1800 MHz,"
27-Nov-2013 ",No,GDDR5
GeForce GTX 780 Ti Palit JetStream Edition,Nvidia,250 Watts,3072 MB ,384 Bit ,336GB/sec,1750 MHz,"
21-Nov-2013 ",No,GDDR5
GeForce GTX 780 Ti SLI,Nvidia,500 Watts,6144 MB ,384 Bit ,672GB/sec,1750 MHz,"
07-Nov-2013 ",No,GDDR5
GeForce GTX 780 Ti MSI Gaming 3GB Edition,Nvidia,250 Watts,3072 MB ,384 Bit ,336GB/sec,1750 MHz,"
12-Dec-2013 ",No,GDDR5
GeForce GTX 780 Ti Gigabyte GHz Edition,Nvidia,250 Watts,3072 MB ,384 Bit ,336GB/sec,1750 MHz,"
01-Dec-2013 ",No,GDDR5
GeForce GTX 780 Ti PNY XLR8 Enthusiast OC Edition,Nvidia,250 Watts,3072 MB ,384 Bit ,336GB/sec,1750 MHz,"
07-Nov-2013 ",No,GDDR5
GeForce GTX 780 Ti Galaxy HOF+ Edition,Nvidia,250 Watts,3072 MB ,384 Bit ,336GB/sec,1750 MHz,"
07-Nov-2013 ",No,GDDR5
GeForce GTX 780 Ti Gainward Phantom Edition,Nvidia,250 Watts,3072 MB ,384 Bit ,336GB/sec,1750 MHz,"
26-Nov-2013 ",No,GDDR5
GeForce GTX 780 Ti HerculeZ X3 Ultra Edition,Nvidia,250 Watts,3072 MB ,384 Bit ,345.6GB/sec,1800 MHz,"
07-Nov-2013 ",No,GDDR5
GeForce GTX 780 Ti EVGA SuperClocked w/ ACX Edition,Nvidia,250 Watts,3072 MB ,384 Bit ,336GB/sec,1750 MHz,"
07-Nov-2013 ",No,GDDR5
GeForce GTX 780 Ti EVGA Classified Kingpin Edition,Nvidia,250 Watts,3072 MB ,384 Bit ,336GB/sec,1750 MHz,"
12-Dec-2013 ",No,GDDR5
GeForce GTX 780 Ti EVGA DC w/ ACX Edition,Nvidia,250 Watts,3072 MB ,384 Bit ,336GB/sec,1750 MHz,"
01-Dec-2013 ",No,GDDR5
GeForce GTX 780 Ti EVGA SuperClocked Edition,Nvidia,250 Watts,3072 MB ,384 Bit ,336GB/sec,1750 MHz,"
07-Nov-2013 ",No,GDDR5
GeForce GTX 780 Ti DirectCU II OC Edition,Nvidia,250 Watts,3072 MB ,384 Bit ,336GB/sec,1750 MHz,"
21-Nov-2013 ",No,GDDR5
GeForce GTX 780 Ti,Nvidia,250 Watts,3072 MB ,384 Bit ,336GB/sec,1750 MHz,"
07-Nov-2013 ",No,GDDR5
GeForce GTX 780 Palit Super JetStream Edition,Nvidia,250 Watts,3072 MB ,384 Bit ,297.6GB/sec,1550 MHz,"
01-Sep-2013 ",No,GDDR5
GeForce GTX 780 Ti Asus ROG Matrix Platinum Edition,Nvidia,250 Watts,3072 MB ,384 Bit ,336GB/sec,1750 MHz,"
19-Mar-2014 ",No,GDDR5
GeForce GTX 960 Inno3D HerculeZ 1X 4GB Edition,Nvidia,120 Watts,4096 MB ,128 Bit ,112.2GB/sec,1753 MHz,"
03-Mar-2015 ",No,GDDR5
GeForce GTX 960 Gigabyte WindForce 2X OC 4GB Edition,Nvidia,120 Watts,4096 MB ,128 Bit ,112.2GB/sec,1753 MHz,"
05-Mar-2015 ",No,GDDR5
GeForce GTX 960 Inno3D HerculeZ 2X OC 2GB Edition,Nvidia,120 Watts,2048 MB ,128 Bit ,112.2GB/sec,1753 MHz,"
22-Jan-2015 ",No,GDDR5
GeForce GTX 960 Inno3D HerculeZ 1X 2GB Edition,Nvidia,120 Watts,2048 MB ,128 Bit ,112.2GB/sec,1753 MHz,"
22-Jan-2015 ",No,GDDR5
GeForce GTX 780 SLI,Nvidia,500 Watts,6144 MB ,384 Bit ,576.8GB/sec,1502 MHz,"
23-May-2013 ",No,GDDR5
GeForce GTX 960 Gigabyte OC 2GB Edition,Nvidia,120 Watts,2048 MB ,128 Bit ,112.2GB/sec,1753 MHz,"
29-Jun-2015 ",No,GDDR5
GeForce GTX 960 Gigabyte IX OC 2GB Edition,Nvidia,120 Watts,2048 MB ,128 Bit ,112.2GB/sec,1753 MHz,"
22-Jan-2015 ",No,GDDR5
GeForce GTX 960 Gigabyte G1 Gaming 2GB Edition,Nvidia,120 Watts,2048 MB ,128 Bit ,112.2GB/sec,1753 MHz,"
22-Jan-2015 ",No,GDDR5
GeForce GTX 960 Gigabyte WindForce 2X OC 2GB Edition,Nvidia,120 Watts,2048 MB ,128 Bit ,112.2GB/sec,1753 MHz,"
22-Jan-2015 ",No,GDDR5
GeForce GTX 960 Galax OC 2GB Edition,Nvidia,120 Watts,2048 MB ,128 Bit ,112.2GB/sec,1753 MHz,"
22-Jan-2015 ",No,GDDR5
GeForce GTX 960 Galax KFA2 EXOC 4GB Edition,Nvidia,120 Watts,4096 MB ,128 Bit ,112.2GB/sec,1753 MHz,"
22-Jan-2015 ",No,GDDR5
GeForce GTX 960 Galax KFA2 EXOC 2GB Edition,Nvidia,120 Watts,2048 MB ,128 Bit ,112.2GB/sec,1753 MHz,"
22-Jan-2015 ",No,GDDR5
GeForce GTX 960 Gigabyte G1 Gaming 4GB Edition,Nvidia,120 Watts,4096 MB ,128 Bit ,112.2GB/sec,1753 MHz,"
05-Mar-2015 ",No,GDDR5
GeForce GTX 960 Galax EXOC White 2GB Edition,Nvidia,120 Watts,2048 MB ,128 Bit ,112.2GB/sec,1753 MHz,"
05-May-2015 ",No,GDDR5
GeForce GTX 960 Gigabyte OC 4GB Edition,Nvidia,120 Watts,4096 MB ,128 Bit ,112.2GB/sec,1753 MHz,"
29-Jun-2015 ",No,GDDR5
GeForce GTX 960 Galax 2GB Edition,Nvidia,120 Watts,2048 MB ,128 Bit ,112.2GB/sec,1753 MHz,"
22-Jan-2015 ",No,GDDR5
GeForce GTX 960 Gainward Phantom GLH 2GB Edition,Nvidia,120 Watts,2048 MB ,128 Bit ,115.2GB/sec,1800 MHz,"
22-Jan-2015 ",No,GDDR5
GeForce GTX 960 Gainward Phantom 2GB Edition,Nvidia,120 Watts,2048 MB ,128 Bit ,115.2GB/sec,1800 MHz,"
22-Jan-2015 ",No,GDDR5
GeForce GTX 960 Galax EXOC 2GB Edition,Nvidia,120 Watts,2048 MB ,128 Bit ,112.2GB/sec,1753 MHz,"
22-Jan-2015 ",No,GDDR5
GeForce GTX 960 Gainward OC 2GB Edition,Nvidia,120 Watts,2048 MB ,128 Bit ,112.2GB/sec,1753 MHz,"
22-Jan-2015 ",No,GDDR5
GeForce GTX 960 Galax Gamer OC Mini Black 4GB Edition,Nvidia,120 Watts,4096 MB ,128 Bit ,112.2GB/sec,1753 MHz,"
22-Jan-2015 ",No,GDDR5
GeForce GTX 960 EVGA SuperSC ACX 2.0+ 4GB Edition,Nvidia,160 Watts,4096 MB ,128 Bit ,112.2GB/sec,1753 MHz,"
22-Jan-2015 ",No,GDDR5
GeForce GTX 960 EVGA Superclocked 2GB Edition,Nvidia,120 Watts,2048 MB ,128 Bit ,112.2GB/sec,1753 MHz,"
22-Jan-2015 ",No,GDDR5
GeForce GTX 780 MSI TwinFrozr Gaming OC Edition,Nvidia,,3072 MB ,384 Bit ,288.4GB/sec,1502 MHz,"
30-Aug-2013 ",No,GDDR5
GeForce GTX 780 Palit JetStream Edition,Nvidia,250 Watts,3072 MB ,384 Bit ,288.4GB/sec,1502 MHz,"
23-May-2013 ",No,GDDR5
GeForce GTX 960 EVGA SuperSC ACX 2.0+ 2GB Edition,Nvidia,120 Watts,2048 MB ,128 Bit ,112.2GB/sec,1753 MHz,"
22-Jan-2015 ",No,GDDR5
GeForce GTX 780 MSI Lightning Edition,Nvidia,,3072 MB ,384 Bit ,288.4GB/sec,1502 MHz,"
30-Aug-2013 ",No,GDDR5
GeForce GTX 780 Inno3D iChill HerculeZ X3 Ultra DHS Edition,Nvidia,265 Watts,3072 MB ,384 Bit ,297.6GB/sec,1550 MHz,"
01-Jan-2013 ",No,GDDR5
GeForce GTX 780 Inno3D HerculeZ 2000 Edition,Nvidia,250 Watts,3072 MB ,384 Bit ,288.4GB/sec,1502 MHz,"
23-May-2013 ",No,GDDR5
GeForce GTX 780 MSI Gaming 6GB Edition,Nvidia,250 Watts,6144 MB ,384 Bit ,288.4GB/sec,1502 MHz,"
10-Sep-2013 ",No,GDDR5
GeForce GTX 780 Inno3D Ice Dragon Edition,Nvidia,,3072 MB ,384 Bit ,298.2GB/sec,1553 MHz,"
01-Jun-2013 ",No,GDDR5
GeForce GTX 780 Gigabyte GHz Edition,Nvidia,,3072 MB ,384 Bit ,288.4GB/sec,1502 MHz,"
01-Jul-2013 ",No,GDDR5
GeForce GTX 780 Gainward Phantom GLH Edition,Nvidia,,3072 MB ,384 Bit ,288.4GB/sec,1502 MHz,"
30-Jun-2013 ",No,GDDR5
GeForce GTX 780 EVGA SC w/ ACX Edition SLI,Nvidia,500 Watts,6144 MB ,384 Bit ,576.8GB/sec,1502 MHz,"
23-May-2013 ",No,GDDR5
GeForce GTX 780 EVGA Dual FTW w/ ACX Edition,Nvidia,250 Watts,3072 MB ,384 Bit ,288.4GB/sec,1502 MHz,"
23-May-2013 ",No,GDDR5
GeForce GTX 780 Gainward Phantom Edition,Nvidia,,3072 MB ,384 Bit ,288.4GB/sec,1502 MHz,"
30-Aug-2013 ",No,GDDR5
GeForce GTX 780 EVGA SC w/ ACX 6GB Edition,Nvidia,250 Watts,6144 MB ,384 Bit ,288.4GB/sec,1502 MHz,"
 10-Sep-2013 ",No,GDDR5
GeForce GTX 780 EVGA Dual Classified w/ ACX Edition,Nvidia,250 Watts,3072 MB ,384 Bit ,288.4GB/sec,1502 MHz,"
23-May-2013 ",No,GDDR5
GeForce GTX 780 Asus Strix OC 6GB Edition,Nvidia,250 Watts,6144 MB ,384 Bit ,288.4GB/sec,1502 MHz,"
22-May-2014 ",No,GDDR5
GeForce GTX 780 EVGA SC w/ ACX Edition,Nvidia,250 Watts,3072 MB ,384 Bit ,288.4GB/sec,1502 MHz,"
23-May-2013 ",No,GDDR5
GeForce GTX 780 EVGA SC Edition,Nvidia,250 Watts,3072 MB ,384 Bit ,288.4GB/sec,1502 MHz,"
23-May-2013 ",No,GDDR5
GeForce GTX 780 DirectCU II Edition,Nvidia,,3072 MB ,384 Bit ,288.4GB/sec,1502 MHz,"
01-Jul-2013 ",No,GDDR5
GeForce GTX 780 DirectCU II OC Edition,Nvidia,,3072 MB ,384 Bit ,288.4GB/sec,1502 MHz,"
01-Jul-2013 ",No,GDDR5
GeForce GTX 960 EVGA FTW ACX 2.0+ 4GB Edition,Nvidia,120 Watts,4096 MB ,128 Bit ,112.2GB/sec,1753 MHz,"
22-Jan-2015 ",No,GDDR5
GeForce GTX 780 Galaxy HOF 3GB Edition,Nvidia,250 Watts,3072 MB ,384 Bit ,288.4GB/sec,1502 MHz,"
01-Sep-2013 ",No,GDDR5
GeForce GTX 960 EVGA ACX 2.0+ 4GB Edition,Nvidia,120 Watts,4096 MB ,128 Bit ,112.2GB/sec,1753 MHz,"
22-Jan-2015 ",No,GDDR5
GeForce GTX 960 EVGA FTW ACX 2.0+ 2GB Edition,Nvidia,120 Watts,2048 MB ,128 Bit ,112.2GB/sec,1753 MHz,"
22-Jan-2015 ",No,GDDR5
GeForce GTX 960 Asus Turbo OC 4GB Edition SLI,Nvidia,300 Watts,8192 MB ,128 Bit ,224.4GB/sec,1753 MHz,"
05-May-2015 ",No,GDDR5
GeForce GTX 960 Asus Turbo OC 2GB Edition,Nvidia,120 Watts,2048 MB ,128 Bit ,112.2GB/sec,1753 MHz,"
05-May-2015 ",No,GDDR5
GeForce GTX 960 Asus Turbo OC 4GB Edition,Nvidia,150 Watts,4096 MB ,128 Bit ,112.2GB/sec,1753 MHz,"
05-May-2015 ",No,GDDR5
GeForce GTX 960 Asus Strix DirectCU II OC 4GB Edition,Nvidia,150 Watts,4096 MB ,128 Bit ,112.2GB/sec,1753 MHz,"
22-Jan-2015 ",No,GDDR5
GeForce GTX 960 EVGA ACX 2.0+ 2GB Edition,Nvidia,120 Watts,2048 MB ,128 Bit ,112.2GB/sec,1753 MHz,"
22-Jan-2015 ",No,GDDR5
GeForce GTX 960 2GB,Nvidia,120 Watts,2048 MB ,128 Bit ,112.2GB/sec,1753 MHz,"
22-Jan-2015 ",No,GDDR5
GeForce GTX 780 Asus ROG POSEIDON Edition SLI,Nvidia,550 Watts,6144 MB ,384 Bit ,576.8GB/sec,1502 MHz,"
18-Dec-2013 ",No,GDDR5
GeForce GTX 960 2GB SLI,Nvidia,240 Watts,4096 MB ,128 Bit ,224.4GB/sec,1753 MHz,"
22-Jan-2015 ",No,GDDR5
GeForce GTX 960 Asus Strix DirectCU II OC 2GB Edition,Nvidia,120 Watts,2048 MB ,128 Bit ,115.2GB/sec,1800 MHz,"
22-Jan-2015 ",No,GDDR5
GeForce GTX 950 Zotac AMP! 2GB Edition,Nvidia,120 Watts,2048 MB ,128 Bit ,112.3GB/sec,1755 MHz,"
20-Aug-2015 ",No,GDDR5
GeForce GTX 950 Zotac 2GB Edition,Nvidia,120 Watts,2048 MB ,128 Bit ,105.7GB/sec,1652 MHz,"
20-Aug-2015 ",No,GDDR5
GeForce GTX 950 Zotac OC 2GB Edition,Nvidia,120 Watts,2048 MB ,128 Bit ,108.9GB/sec,1701 MHz,"
20-Aug-2015 ",No,GDDR5
GeForce GTX 950 PNY 2GB Edition,Nvidia,94 Watts,2048 MB ,128 Bit ,105.8GB/sec,1653 MHz,"
20-Aug-2015 ",No,GDDR5
GeForce GTX 950 Palit StormX 2GB Edition,Nvidia,150 Watts,2048 MB ,128 Bit ,105.8GB/sec,1653 MHz,"
20-Aug-2015 ",No,GDDR5
GeForce GTX 950 LP MSI OC v3 2GB Edition,Nvidia,75 Watts,2048 MB ,128 Bit ,105.8GB/sec,1653 MHz,"
01-Mar-2016 ",No,GDDR5
GeForce GTX 950 MSI Gaming 2GB Edition,Nvidia,100 Watts,2048 MB ,128 Bit ,106.4GB/sec,1663 MHz,"
20-Aug-2015 ",No,GDDR5
GeForce GTX 780 Asus DirectCU II OC Edition SLI,Nvidia,500 Watts,6144 MB ,768 Bit ,576.8GB/sec,1502 MHz,"
01-Jul-2013 ",No,GDDR5
GeForce GTX 780 6GB,Nvidia,250 Watts,6144 MB ,384 Bit ,288.4GB/sec,1502 MHz,"
10-Sep-2013 ",No,GDDR5
GeForce GTX 770 Zotac AMP! Edition,Nvidia,,2048 MB ,256 Bit ,230.4GB/sec,1800 MHz,"
30-Jun-2013 ",No,GDDR5
GeForce GTX 780,Nvidia,250 Watts,3072 MB ,384 Bit ,288.4GB/sec,1502 MHz,"
23-May-2013	 ",No,GDDR5
GeForce GTX 950 MSI Armor 2X OC 2GB Edition,Nvidia,90 Watts,2048 MB ,128 Bit ,105.8GB/sec,1653 MHz,"
20-Aug-2015 ",No,GDDR5
GeForce GTX 770 Zotac 2GB OC Edition,Nvidia,,2048 MB ,256 Bit ,224.4GB/sec,1753 MHz,"
30-Jun-2013 ",No,GDDR5
GeForce GTX 770 Zotac 4GB Edition,Nvidia,230 Watts,4096 MB ,256 Bit ,224.3GB/sec,1752 MHz,"
30-May-2013 ",No,GDDR5
GeForce GTX 770 WindForce 3X OC Edition,Nvidia,,2048 MB ,256 Bit ,224.3GB/sec,1752 MHz,"
30-May-2013 ",No,GDDR5
GeForce GTX 950 Palit StormX Dual OC 2GB Edition,Nvidia,90 Watts,2048 MB ,128 Bit ,105.8GB/sec,1653 MHz,"
20-Aug-2015 ",No,GDDR5
GeForce GTX 770 WindForce 3X OC 4GB Edition,Nvidia,,4096 MB ,256 Bit ,224.3GB/sec,1752 MHz,"
30-May-2013 ",No,GDDR5
GeForce GTX 770 WindForce 3X OC 4GB Edition SLI,Nvidia,500 Watts,8192 MB ,256 Bit ,448.5GB/sec,1752 MHz,"
30-May-2013 ",No,GDDR5
GeForce GTX 770 PNY XLR8 Enthusiast Edition,Nvidia,230 Watts,2048 MB ,256 Bit ,218GB/sec,1703 MHz,"
01-May-2013 ",No,GDDR5
GeForce GTX 770 PNY Enthusiast 4GB OC Edition,Nvidia,230 Watts,4096 MB ,256 Bit ,224.4GB/sec,1753 MHz,"
30-Aug-2013 ",No,GDDR5
GeForce GTX 770 SLI,Nvidia,400 Watts,4096 MB ,256 Bit ,448.5GB/sec,1752 MHz,"
30-May-2013 ",No,GDDR5
GeForce GTX 960 Asus Mini OC 2GB Edition,Nvidia,150 Watts,2048 MB ,128 Bit ,112.2GB/sec,1753 MHz,"
22-Jan-2015 ",No,GDDR5
GeForce GTX 950 MSI OC 2GB Edition,Nvidia,90 Watts,2048 MB ,128 Bit ,105.8GB/sec,1653 MHz,"
20-Aug-2015 ",No,GDDR5
GeForce GTX 770 MSI TwinFrozr Edition,Nvidia,229 Watts,2048 MB ,256 Bit ,224.4GB/sec,1753 MHz,"
18-Jun-2013 ",No,GDDR5
GeForce GTX 770 Palit JetStream 2GB Edition SLI,Nvidia,,4096 MB ,256 Bit ,448.5GB/sec,1752 MHz,"
30-May-2013 ",No,GDDR5
GeForce GTX 770 Palit JetStream 2GB Edition,Nvidia,,2048 MB ,256 Bit ,224.3GB/sec,1752 MHz,"
30-May-2013 ",No,GDDR5
GeForce GTX 770 Palit JetStream 4GB Edition,Nvidia,230 Watts,4096 MB ,256 Bit ,224.3GB/sec,1752 MHz,"
30-May-2013 ",No,GDDR5
GeForce GTX 770 MSI TwinFrozr 4GB Edition,Nvidia,229 Watts,4096 MB ,256 Bit ,224.4GB/sec,1753 MHz,"
18-Jun-2013 ",No,GDDR5
GeForce GTX 770 MSI Lightning Edition,Nvidia,280 Watts,2048 MB ,256 Bit ,224.4GB/sec,1753 MHz,"
18-Jun-2013 ",No,GDDR5
GeForce GTX 770 Inno3D iChill HerculeZ X3 Ultra 4GB Edition,Nvidia,256 Watts,4096 MB ,256 Bit ,230.4GB/sec,1800 MHz,"
22-Jun-2013 ",No,GDDR5
GeForce GTX 770 Leadtek Hurricane III Edition,Nvidia,230 Watts,4096 MB ,256 Bit ,224.3GB/sec,1752 MHz,"
30-May-2013 ",No,GDDR5
GeForce GTX 770 Inno3D iChill HerculeZ X3 Ultra 2GB Edition,Nvidia,244 Watts,2048 MB ,256 Bit ,230.4GB/sec,1800 MHz,"
22-Jun-2013 ",No,GDDR5
GeForce GTX 770 Inno3D HerculeZ 2000 2GB Edition,Nvidia,230 Watts,2048 MB ,256 Bit ,224.4GB/sec,1753 MHz,"
01-May-2013 ",No,GDDR5
GeForce GTX 770 Galaxy HOF 2GB Edition,Nvidia,230 Watts,2048 MB ,256 Bit ,224.4GB/sec,1753 MHz,"
01-Jun-2013 ",No,GDDR5
GeForce GTX 770 Gainward Phantom Edition,Nvidia,,2048 MB ,256 Bit ,224.3GB/sec,1752 MHz,"
01-Jun-2013 ",No,GDDR5
GeForce GTX 770 Gainward 2GB Edition,Nvidia,230 Watts,2048 MB ,256 Bit ,224.3GB/sec,1752 MHz,"
30-May-2013 ",No,GDDR5
GeForce GTX 770 EVGA W/ ACX Edition,Nvidia,250 Watts,2048 MB ,256 Bit ,218GB/sec,1703 MHz,"
01-Jun-2013 ",No,GDDR5
GeForce GTX 770 EVGA SC W/ ACX Edition SLI,Nvidia,500 Watts,4096 MB ,256 Bit ,436GB/sec,1703 MHz,"
01-Jun-2013 ",No,GDDR5
GeForce GTX 770 EVGA SC W/ ACX Edition,Nvidia,250 Watts,2048 MB ,256 Bit ,218GB/sec,1703 MHz,"
01-Jun-2013 ",No,GDDR5
GeForce GTX 770 Galaxy GC 2GB Edition,Nvidia,230 Watts,2048 MB ,256 Bit ,218GB/sec,1703 MHz,"
30-May-2013 ",No,GDDR5
GeForce GTX 770 EVGA Superclocked Edition,Nvidia,250 Watts,2048 MB ,256 Bit ,224.4GB/sec,1753 MHz,"
01-Jun-2013 ",No,GDDR5
GeForce GTX 770 EVGA Dual SC W/ ACX 4GB Edition,Nvidia,250 Watts,4096 MB ,256 Bit ,217.9GB/sec,1702 MHz,"
01-Jun-2013 ",No,GDDR5
GeForce GTX 770 EVGA SC Edition,Nvidia,250 Watts,2048 MB ,256 Bit ,218GB/sec,1703 MHz,"
01-Jun-2013 ",No,GDDR5
GeForce GTX 770 EVGA 4GB Classified Edition SLI,Nvidia,400 Watts,6144 MB ,256 Bit ,448.8GB/sec,1753 MHz,"
30-Jun-2013 ",No,GDDR5
GeForce GTX 950 LP 2GB,Nvidia,75 Watts,2048 MB ,128 Bit ,105.8GB/sec,1653 MHz,"
01-Mar-2016 ",No,GDDR5
GeForce GTX 770 EVGA 4GB Classified Edition,Nvidia,250 Watts,4096 MB ,256 Bit ,224.4GB/sec,1753 MHz,"
01-Jun-2013 ",No,GDDR5
GeForce GTX 780 Asus ROG POSEIDON Edition,Nvidia,300 Watts,3072 MB ,384 Bit ,288.4GB/sec,1502 MHz,"
18-Dec-2013 ",No,GDDR5
GeForce GTX 770 Gainward Phantom 4GB Edition,Nvidia,,4096 MB ,256 Bit ,224.3GB/sec,1752 MHz,"
01-Jun-2013 ",No,GDDR5
GeForce GTX 950 LP Asus 2GB Edition,Nvidia,75 Watts,2048 MB ,128 Bit ,105.8GB/sec,1653 MHz,"
06-Mar-2016 ",No,GDDR5
GeForce GTX 950 Inno3D iChill 2GB Edition,Nvidia,110 Watts,2048 MB ,128 Bit ,108.8GB/sec,1700 MHz,"
20-Aug-2015 ",No,GDDR5
GeForce GTX 950 LP MSI OC v2 2GB Edition,Nvidia,75 Watts,2048 MB ,128 Bit ,105.8GB/sec,1653 MHz,"
01-Mar-2016 ",No,GDDR5
GeForce GTX 950 Inno3D OC 2GB Edition,Nvidia,90 Watts,2048 MB ,128 Bit ,105.8GB/sec,1653 MHz,"
20-Aug-2015 ",No,GDDR5
GeForce GTX 950 Galax KFA2 OC 2GB Edition,Nvidia,90 Watts,2048 MB ,128 Bit ,105.8GB/sec,1653 MHz,"
20-Aug-2015 ",No,GDDR5
GeForce GTX 950 Inno3D iChill Ultra 2GB Edition,Nvidia,110 Watts,2048 MB ,128 Bit ,108.8GB/sec,1700 MHz,"
20-Aug-2015 ",No,GDDR5
GeForce GTX 950 Gigabyte WindForce 2X OC 2GB Edition,Nvidia,100 Watts,2048 MB ,128 Bit ,105.8GB/sec,1653 MHz,"
20-Aug-2015 ",No,GDDR5
GeForce GTX 950 Gigabyte OC 2GB Edition,Nvidia,100 Watts,2048 MB ,128 Bit ,105.8GB/sec,1653 MHz,"
20-Aug-2015 ",No,GDDR5
GeForce GTX 950 Gigabyte XTREME Gaming 2GB Edition,Nvidia,120 Watts,2048 MB ,128 Bit ,112GB/sec,1750 MHz,"
09-Sep-2015 ",No,GDDR5
GeForce GTX 950 EVGA Superclocked+ ACX 2.0 2GB Edition,Nvidia,110 Watts,2048 MB ,128 Bit ,105.8GB/sec,1653 MHz,"
20-Aug-2015 ",No,GDDR5
GeForce GTX 950 Galax KFA2 EX OC White 2GB Edition,Nvidia,90 Watts,2048 MB ,128 Bit ,107.7GB/sec,1683 MHz,"
20-Aug-2015 ",No,GDDR5
GeForce GTX 950 EVGA SSC ACX 2.0 2GB Edition,Nvidia,125 Watts,2048 MB ,128 Bit ,105.8GB/sec,1653 MHz,"
20-Aug-2015 ",No,GDDR5
GeForce GTX 950 Asus OC 2GB Edition,Nvidia,75 Watts,2048 MB ,128 Bit ,105.8GB/sec,1653 MHz,"
20-Aug-2015 ",No,GDDR5
GeForce GTX 950 EVGA Superclocked 2.0 2GB Edition,Nvidia,110 Watts,2048 MB ,128 Bit ,105.8GB/sec,1653 MHz,"
20-Aug-2015 ",No,GDDR5
GeForce GTX 950 Asus DirectCU II OC Strix Gaming 2GB Edition,Nvidia,150 Watts,2048 MB ,128 Bit ,105.8GB/sec,1653 MHz,"
20-Aug-2015 ",No,GDDR5
GeForce GTX 950 Gainward 2GB Edition,Nvidia,90 Watts,2048 MB ,128 Bit ,105.8GB/sec,1653 MHz,"
20-Aug-2015 ",No,GDDR5
GeForce GTX 950 Asus Mini 2GB Edition,Nvidia,150 Watts,2048 MB ,128 Bit ,105.8GB/sec,1653 MHz,"
20-Aug-2015 ",No,GDDR5
GeForce GTX 950 2GB SLI,Nvidia,180 Watts,4096 MB ,128 Bit ,211.6GB/sec,1653 MHz,"
20-Aug-2015 ",No,GDDR5
GeForce GTX 950 2GB,Nvidia,90 Watts,2048 MB ,128 Bit ,105.8GB/sec,1653 MHz,"
20-Aug-2015 ",No,GDDR5
GeForce GTX 770 DirectCU II 2GB OC Edition SLI,Nvidia,,4096 MB ,256 Bit ,448.8GB/sec,1753 MHz,"
30-May-2013 ",No,GDDR5
GeForce GT 940 2GB [not released],Nvidia,60 Watts,2048 MB ,128 Bit ,80GB/sec,1250 MHz,"
31-Oct-2016 ",No,GDDR5
GeForce GTX 760 Zotac OC Edition,Nvidia,170 Watts,2048 MB ,256 Bit ,192.3GB/sec,1502 MHz,"
25-Jun-2013 ",No,GDDR5
GeForce GTX 770,Nvidia,230 Watts,2048 MB ,256 Bit ,224.3GB/sec,1752 MHz,"
30-May-2013 ",No,GDDR5
GeForce GTX 950 EVGA FTW ACX 2.0 2GB Edition,Nvidia,125 Watts,2048 MB ,128 Bit ,105.8GB/sec,1653 MHz,"
20-Aug-2015 ",No,GDDR5
GeForce GTX 760 Zotac AMP! Edition,Nvidia,170 Watts,2048 MB ,256 Bit ,192.3GB/sec,1502 MHz,"
25-Jun-2013 ",No,GDDR5
GeForce GTX 770 DirectCU II 4GB OC Edition,Nvidia,230 Watts,4096 MB ,256 Bit ,224.4GB/sec,1753 MHz,"
30-May-2013 ",No,GDDR5
GeForce GTX 760 Zotac 2GB Edition,Nvidia,170 Watts,2048 MB ,256 Bit ,192.3GB/sec,1502 MHz,"
25-Jun-2013 ",No,GDDR5
GeForce GTX 760 Zotac 4GB Edition,Nvidia,170 Watts,4096 MB ,256 Bit ,192.3GB/sec,1502 MHz,"
25-Jun-2013 ",No,GDDR5
GeForce GTX 760 WindForce 3X OC Edition,Nvidia,170 Watts,2048 MB ,256 Bit ,192.3GB/sec,1502 MHz,"
25-Jun-2013 ",No,GDDR5
GeForce GTX 760 WindForce 3X OC 4GB Edition,Nvidia,170 Watts,4096 MB ,256 Bit ,192.3GB/sec,1502 MHz,"
25-Jun-2013 ",No,GDDR5
GeForce GTX 760 WinFast Dual Fan OC 2GB Edition,Nvidia,170 Watts,2048 MB ,256 Bit ,198.7GB/sec,1552 MHz,"
25-Jul-2013 ",No,GDDR5
GeForce GTX 760 WindForce 2X OC 2GB Edition,Nvidia,170 Watts,2048 MB ,256 Bit ,192.3GB/sec,1502 MHz,"
21-Apr-2014 ",No,GDDR5
GeForce GTX 770 MSI 2GB OC Edition,Nvidia,,2048 MB ,256 Bit ,224.4GB/sec,1753 MHz,"
18-Jul-2013 ",No,GDDR5
GeForce GTX 760 Ti (OEM),Nvidia,170 Watts,2048 MB ,256 Bit ,192.3GB/sec,1502 MHz,"
17-Oct-2013 ",No,GDDR5
GeForce GTX 760 WinFast Dual Fan OC 4GB Edition,Nvidia,170 Watts,4096 MB ,256 Bit ,198.7GB/sec,1552 MHz,"
25-Jul-2013 ",No,GDDR5
GeForce GTX 760 Palit JetStream 4GB Edition,Nvidia,170 Watts,4096 MB ,256 Bit ,198.4GB/sec,1550 MHz,"
25-Jun-2013 ",No,GDDR5
GeForce GTX 760 MSI TwinFrozr OC 2GB Edition,Nvidia,170 Watts,2048 MB ,256 Bit ,192.3GB/sec,1502 MHz,"
25-Jun-2013 ",No,GDDR5
GeForce GTX 760 MSI TwinFrozr Gaming Edition,Nvidia,170 Watts,2048 MB ,256 Bit ,192.3GB/sec,1502 MHz,"
25-Jun-2013 ",No,GDDR5
GeForce GTX 760 MSI TwinFrozr Gaming OC Edition,Nvidia,170 Watts,2048 MB ,256 Bit ,192.3GB/sec,1502 MHz,"
25-Jun-2013 ",No,GDDR5
GeForce GTX 770 Asus ROG Poseidon 2GB Edition,Nvidia,300 Watts,4096 MB ,256 Bit ,224.4GB/sec,1753 MHz,"
30-May-2013 ",No,GDDR5
GeForce GTX 760 MSI OC 2GB Edition,Nvidia,170 Watts,2048 MB ,256 Bit ,192.3GB/sec,1502 MHz,"
01-Jul-2013 ",No,GDDR5
GeForce GTX 760 MSI TwinFrozr Gaming OC 4GB Edition,Nvidia,170 Watts,4096 MB ,256 Bit ,192.3GB/sec,1502 MHz,"
25-Jun-2013 ",No,GDDR5
GeForce GTX 770 DirectCU II 2GB OC Edition,Nvidia,,2048 MB ,256 Bit ,224.4GB/sec,1753 MHz,"
30-May-2013 ",No,GDDR5
GeForce GTX 760 KFA2 EX OC 2GB Edition,Nvidia,170 Watts,2048 MB ,256 Bit ,192.3GB/sec,1502 MHz,"
25-Jun-2013 ",No,GDDR5
GeForce GTX 760 KFA2 EX OC 4GB Edition,Nvidia,170 Watts,4096 MB ,256 Bit ,192.3GB/sec,1502 MHz,"
25-Jun-2013 ",No,GDDR5
GeForce GTX 760 Gainward Phantom 4GB Edition,Nvidia,170 Watts,4096 MB ,256 Bit ,192.3GB/sec,1502 MHz,"
19-Oct-2013 ",No,GDDR5
GeForce GTX 760 Galaxy GC 2GB Edition,Nvidia,170 Watts,2048 MB ,256 Bit ,192.3GB/sec,1502 MHz,"
23-Jun-2013 ",No,GDDR5
GeForce GTX 760 EVGA W/ ACX 2GB Edition,Nvidia,170 Watts,2048 MB ,256 Bit ,192.3GB/sec,1502 MHz,"
25-Jun-2013 ",No,GDDR5
GeForce GTX 760 MSI Gaming ITX 2GB Edition,Nvidia,170 Watts,2048 MB ,256 Bit ,192.3GB/sec,1502 MHz,"
20-Nov-2013 ",No,GDDR5
GeForce GTX 760 Gainward Phantom 2GB Edition,Nvidia,170 Watts,2048 MB ,256 Bit ,198.4GB/sec,1550 MHz,"
25-Jun-2013 ",No,GDDR5
GeForce GTX 760 Gainward 2GB Edition,Nvidia,170 Watts,2048 MB ,256 Bit ,192.3GB/sec,1502 MHz,"
25-Jun-2013 ",No,GDDR5
GeForce GTX 760 Inno3D OC 2GB Edition,Nvidia,160 Watts,2048 MB ,256 Bit ,192.3GB/sec,1502 MHz,"
25-Jun-2013 ",No,GDDR5
GeForce GTX 760 EVGA SC W/ ACX 2GB Edition,Nvidia,170 Watts,2048 MB ,256 Bit ,192.3GB/sec,1502 MHz,"
25-Jun-2013 ",No,GDDR5
GeForce GTX 760 EVGA SC 2GB Edition,Nvidia,170 Watts,2048 MB ,256 Bit ,192.3GB/sec,1502 MHz,"
25-Jun-2013 ",No,GDDR5
GeForce GTX 760 EVGA SC W/ ACX 4GB Edition,Nvidia,170 Watts,4096 MB ,256 Bit ,192.3GB/sec,1502 MHz,"
25-Jun-2013 ",No,GDDR5
GeForce GTX 760 MSI Hawk Edition,Nvidia,170 Watts,2048 MB ,256 Bit ,192.3GB/sec,1502 MHz,"
25-Jun-2013 ",No,GDDR5
GeForce GTX 760 EVGA 4GB Edition,Nvidia,170 Watts,4096 MB ,256 Bit ,192.3GB/sec,1502 MHz,"
25-Jun-2013 ",No,GDDR5
GeForce GTX 760 PNY Enthusiast OC Edition,Nvidia,170 Watts,2048 MB ,256 Bit ,198.7GB/sec,1552 MHz,"
14-Sep-2013 ",No,GDDR5
GeForce GT 930 2GB [not released],Nvidia,35 Watts,2048 MB ,64 Bit ,16GB/sec,1000 MHz,"
31-Oct-2016 ",No,DDR3
GeForce GTX 760 Asus DirectCU II OC Edition,Nvidia,170 Watts,2048 MB ,256 Bit ,192.3GB/sec,1502 MHz,"
25-Jun-2013 ",No,GDDR5
GeForce GTX 760 EVGA Dual 4GB FTW w/ ACX Edition,Nvidia,170 Watts,4096 MB ,256 Bit ,192.3GB/sec,1502 MHz,"
25-Jun-2013 ",No,GDDR5
GeForce GTX 760 Asus DC Mini Edition,Nvidia,170 Watts,2048 MB ,256 Bit ,192.3GB/sec,1502 MHz,"
25-Sep-2013 ",No,GDDR5
GeForce GTX 760 Asus DirectCU II TOP SSU Edition,Nvidia,170 Watts,2048 MB ,256 Bit ,192.3GB/sec,1502 MHz,"
25-Jun-2013 ",No,GDDR5
GeForce GTX 760 Asus ROG MARS Edition,Nvidia,250 Watts,4096 MB ,256 Bit ,384.5GB/sec,1502 MHz,"
19-Nov-2013 ",No,GDDR5
GeForce GTX 760 3GB (OEM),Nvidia,130 Watts,3072 MB ,192 Bit ,134.4GB/sec,1400 MHz,"
27-Jul-2013 ",No,GDDR5
GeForce GTX 760 Asus ROG Striker Platinum Edition,Nvidia,170 Watts,4096 MB ,256 Bit ,192.3GB/sec,1502 MHz,"
19-Apr-2014 ",No,GDDR5
GeForce GTX 760 1.5GB (OEM),Nvidia,130 Watts,1536 MB ,192 Bit ,134.4GB/sec,1400 MHz,"
27-Jun-2013 ",No,GDDR5
GeForce GTX 750 Zotac 1GB Edition,Nvidia,55 Watts,1024 MB ,128 Bit ,80GB/sec,1250 MHz,"
18-Feb-2014 ",No,GDDR5
GeForce GTX 750 Zotac 2GB Edition,Nvidia,55 Watts,2048 MB ,128 Bit ,80GB/sec,1250 MHz,"
18-Feb-2014 ",No,GDDR5
GeForce GTX 750 Ti Zotac 1GB Edition,Nvidia,60 Watts,1024 MB ,128 Bit ,86.4GB/sec,1350 MHz,"
18-Feb-2014 ",No,GDDR5
GeForce GTX 750 Ti Zotac Thunderbolt 2GB Edition,Nvidia,90 Watts,2048 MB ,128 Bit ,96.1GB/sec,1502 MHz,"
18-Feb-2014 ",No,GDDR5
GeForce GTX 760,Nvidia,170 Watts,2048 MB ,256 Bit ,192.3GB/sec,1502 MHz,"
25-Jun-2013 ",No,GDDR5
GeForce GTX 750 Zotac Thunderbolt 1GB Edition,Nvidia,55 Watts,1024 MB ,128 Bit ,86.4GB/sec,1350 MHz,"
18-Feb-2014 ",No,GDDR5
GeForce GTX 750 Ti PNY Performance OC 2GB Edition,Nvidia,60 Watts,2048 MB ,128 Bit ,96.1GB/sec,1502 MHz,"
18-Feb-2014 ",No,GDDR5
GeForce GTX 750 Ti Zotac 2GB Edition,Nvidia,60 Watts,2048 MB ,128 Bit ,86.4GB/sec,1350 MHz,"
18-Feb-2014 ",No,GDDR5
GeForce GTX 750 Ti Zotac OC 2GB Edition,Nvidia,60 Watts,2048 MB ,128 Bit ,86.4GB/sec,1350 MHz,"
18-Feb-2014 ",No,GDDR5
GeForce GTX 750 Ti Palit StormX OC 2GB Edition,Nvidia,60 Watts,2048 MB ,128 Bit ,88GB/sec,1375 MHz,"
18-Feb-2014 ",No,GDDR5
GeForce GTX 750 Ti Palit StormX Dual 2GB Edition,Nvidia,90 Watts,2048 MB ,128 Bit ,96.1GB/sec,1502 MHz,"
18-Feb-2014 ",No,GDDR5
GeForce GTX 750 Ti MSI OC 2GB Edition,Nvidia,60 Watts,2048 MB ,128 Bit ,86.4GB/sec,1350 MHz,"
18-Feb-2014 ",No,GDDR5
GeForce GTX 750 Ti MSI OC v1 2GB Edition,Nvidia,60 Watts,2048 MB ,128 Bit ,86.4GB/sec,1350 MHz,"
01-May-2014 ",No,GDDR5
GeForce GTX 750 Ti Inno3D OC 2GB Edition,Nvidia,60 Watts,2048 MB ,128 Bit ,86.4GB/sec,1350 MHz,"
18-Feb-2014 ",No,GDDR5
GeForce GTX 750 Ti MSI Low Profile 2GB Edition,Nvidia,60 Watts,2048 MB ,128 Bit ,86.4GB/sec,1350 MHz,"
01-Nov-2014 ",No,GDDR5
GeForce GTX 750 Ti KFA2 OC 2GB Edition,Nvidia,60 Watts,2048 MB ,128 Bit ,86.4GB/sec,1350 MHz,"
18-Feb-2014 ",No,GDDR5
GeForce GTX 750 Ti Gigabyte WindForce 2X 2GB Black Edition,Nvidia,60 Watts,2048 MB ,128 Bit ,86.4GB/sec,1350 MHz,"
12-May-2014 ",No,GDDR5
GeForce GTX 750 Ti MSI Gaming 2GB Edition,Nvidia,60 Watts,2048 MB ,128 Bit ,86.4GB/sec,1350 MHz,"
18-Feb-2014 ",No,GDDR5
GeForce GTX 750 Ti Gigabyte WindForce 2X OC 4GB Edition,Nvidia,75 Watts,4096 MB ,128 Bit ,86.4GB/sec,1350 MHz,"
23-Jan-2015 ",No,GDDR5
GeForce GTX 750 Ti Gigabyte OC 2GB Edition,Nvidia,60 Watts,2048 MB ,128 Bit ,86.4GB/sec,1350 MHz,"
18-Feb-2014 ",No,GDDR5
GeForce GTX 750 Ti Gigabyte WindForce 2X OC 2GB Edition,Nvidia,60 Watts,2048 MB ,128 Bit ,86.4GB/sec,1350 MHz,"
18-Feb-2014 ",No,GDDR5
GeForce GTX 750 Ti Gigabyte OC 1GB Edition,Nvidia,75 Watts,2048 MB ,128 Bit ,86.4GB/sec,1350 MHz,"
18-Feb-2014 ",No,GDDR5
GeForce GTX 750 Ti Gigabyte Low Profile OC 2GB Edition,Nvidia,60 Watts,2048 MB ,128 Bit ,86.4GB/sec,1350 MHz,"
01-Sep-2014 ",No,GDDR5
GeForce GTX 750 Ti Galaxy OC 2GB Edition,Nvidia,60 Watts,2048 MB ,128 Bit ,86.4GB/sec,1350 MHz,"
18-Feb-2014 ",No,GDDR5
GeForce GTX 750 Ti Galaxy GC 2GB Edition,Nvidia,60 Watts,2048 MB ,128 Bit ,86.4GB/sec,1350 MHz,"
18-Feb-2014 ",No,GDDR5
GeForce GTX 760 SLI,Nvidia,350 Watts,4096 MB ,256 Bit ,384.5GB/sec,1502 MHz,"
25-Jun-2013 ",No,GDDR5
GeForce GTX 750 Ti Gainward Golden Sample 2GB Edition,Nvidia,90 Watts,2048 MB ,128 Bit ,96.1GB/sec,1502 MHz,"
18-Feb-2014 ",No,GDDR5
GeForce GTX 750 Ti EVGA FTW W/ ACX 2GB Edition,Nvidia,85 Watts,2048 MB ,128 Bit ,86.4GB/sec,1350 MHz,"
18-Feb-2014 ",No,GDDR5
GeForce GTX 750 Ti EVGA SuperClocked 2GB Edition,Nvidia,60 Watts,2048 MB ,128 Bit ,86.4GB/sec,1350 MHz,"
18-Feb-2014 ",No,GDDR5
GeForce GTX 750 Ti Gainward 2GB Edition,Nvidia,60 Watts,2048 MB ,128 Bit ,88GB/sec,1375 MHz,"
18-Feb-2014 ",No,GDDR5
GeForce GTX 750 Ti Asus Strix 2GB Edition,Nvidia,65 Watts,2048 MB ,128 Bit ,86.4GB/sec,1350 MHz,"
01-Aug-2014 ",No,GDDR5
GeForce GTX 750 Ti EVGA 2GB Edition,Nvidia,60 Watts,2048 MB ,128 Bit ,86.4GB/sec,1350 MHz,"
18-Feb-2014 ",No,GDDR5
GeForce GTX 750 Ti EVGA W/ ACX 2GB Edition,Nvidia,60 Watts,2048 MB ,128 Bit ,86.4GB/sec,1350 MHz,"
18-Feb-2014 ",No,GDDR5
GeForce GTX 750 Ti Asus 2GB Edition,Nvidia,60 Watts,2048 MB ,128 Bit ,86.4GB/sec,1350 MHz,"
18-Feb-2014 ",No,GDDR5
GeForce GTX 750 Ti Asus PH 2GB Edition,Nvidia,60 Watts,2048 MB ,128 Bit ,86.4GB/sec,1350 MHz,"
18-Feb-2014 ",No,GDDR5
GeForce GTX 750 Palit StormX OC 1GB Edition,Nvidia,55 Watts,1024 MB ,128 Bit ,81.6GB/sec,1275 MHz,"
18-Feb-2014 ",No,GDDR5
GeForce GTX 750 Ti,Nvidia,60 Watts,2048 MB ,128 Bit ,86.4GB/sec,1350 MHz,"
18-Feb-2014 ",No,GDDR5
GeForce GTX 750 Ti Asus OC 2GB Edition,Nvidia,150 Watts,2048 MB ,128 Bit ,86.4GB/sec,1350 MHz,"
18-Feb-2014 ",No,GDDR5
GeForce GTX 750 Sparkle 1GB Edition,Nvidia,55 Watts,1024 MB ,128 Bit ,80.2GB/sec,1253 MHz,"
18-Feb-2014 ",No,GDDR5
GeForce GTX 750 Ti Asus Strix OC 2GB Edition,Nvidia,65 Watts,2048 MB ,128 Bit ,86.4GB/sec,1350 MHz,"
18-Aug-2014 ",No,GDDR5
GeForce GTX 750 Palit KalmX 2GB Edition,Nvidia,55 Watts,2048 MB ,128 Bit ,80GB/sec,1250 MHz,"
15-Jul-2014 ",No,GDDR5
GeForce GTX 750 Palit StormX 2GB Edition,Nvidia,55 Watts,2048 MB ,128 Bit ,80GB/sec,1250 MHz,"
10-Mar-2014 ",No,GDDR5
GeForce GTX 750 MSI OC 2GB Edition,Nvidia,55 Watts,2048 MB ,128 Bit ,80.2GB/sec,1253 MHz,"
18-Feb-2014 ",No,GDDR5
GeForce GTX 750 Inno3D 2GB Edition,Nvidia,55 Watts,2048 MB ,128 Bit ,80GB/sec,1250 MHz,"
02-Mar-2014 ",No,GDDR5
GeForce GTX 750 MSI Gaming 2GB Edition,Nvidia,55 Watts,2048 MB ,128 Bit ,80.2GB/sec,1253 MHz,"
18-Feb-2014 ",No,GDDR5
GeForce GTX 750 MSI OC 1GB Edition,Nvidia,55 Watts,1024 MB ,128 Bit ,80.2GB/sec,1253 MHz,"
18-Feb-2014 ",No,GDDR5
GeForce GTX 750 Ti Asus Strix DirectCU II OC 4GB Edition,Nvidia,75 Watts,4096 MB ,128 Bit ,86.4GB/sec,1350 MHz,"
23-Jan-2015 ",No,GDDR5
GeForce GTX 760 Palit JetStream 2GB Edition,Nvidia,170 Watts,2048 MB ,256 Bit ,198.4GB/sec,1550 MHz,"
25-Jun-2013 ",No,GDDR5
GeForce GTX 750 Gigabyte OC 1GB Edition,Nvidia,,1024 MB ,128 Bit ,80.2GB/sec,1253 MHz,"
18-Feb-2014 ",No,GDDR5
GeForce GTX 750 EVGA Superclocked 1GB Edition,Nvidia,55 Watts,1024 MB ,128 Bit ,80.2GB/sec,1253 MHz,"
02-Mar-2014 ",No,GDDR5
GeForce GTX 750 Galaxy Slim OC 1GB Edition,Nvidia,55 Watts,1024 MB ,128 Bit ,80GB/sec,1250 MHz,"
10-Mar-2014 ",No,GDDR5
GeForce GTX 750 MSI Gaming 1GB Edition,Nvidia,55 Watts,1024 MB ,128 Bit ,80.2GB/sec,1253 MHz,"
18-Feb-2014 ",No,GDDR5
GeForce GTX 750 Gigabyte OC 2GB Edition,Nvidia,,2048 MB ,128 Bit ,80.2GB/sec,1253 MHz,"
18-Feb-2014 ",No,GDDR5
GeForce GTX 750 EVGA Superclocked 2GB Edition,Nvidia,55 Watts,2048 MB ,128 Bit ,80.2GB/sec,1253 MHz,"
02-Mar-2014 ",No,GDDR5
GeForce GTX 750 Gainward 1GB Edition,Nvidia,55 Watts,1024 MB ,128 Bit ,81.6GB/sec,1275 MHz,"
18-Feb-2014 ",No,GDDR5
GeForce GTX 750 Asus DirectCU Silent 2GB Edition,Nvidia,55 Watts,2048 MB ,128 Bit ,80GB/sec,1250 MHz,"
02-Mar-2014 ",No,GDDR5
GeForce GTX 750,Nvidia,55 Watts,1024 MB ,128 Bit ,80GB/sec,1250 MHz,"
18-Feb-2014 ",No,GDDR5
GeForce GTX 750 Asus 2GB OC Edition,Nvidia,55 Watts,2048 MB ,128 Bit ,80.2GB/sec,1253 MHz,"
18-Feb-2014 ",No,GDDR5
GeForce GTX 745 (OEM),Nvidia,55 Watts,4096 MB ,128 Bit ,28.8GB/sec,900 MHz,"
18-Feb-2014 ",No,DDR3
GeForce GTX 750 Asus 1GB OC Edition,Nvidia,55 Watts,1024 MB ,128 Bit ,80.2GB/sec,1253 MHz,"
18-Feb-2014 ",No,GDDR5
GeForce GTX 750 Gainward 2GB Edition,Nvidia,55 Watts,2048 MB ,128 Bit ,81.6GB/sec,1275 MHz,"
18-Feb-2014 ",No,GDDR5
GeForce GTX 750 EVGA 2GB Edition,Nvidia,55 Watts,2048 MB ,128 Bit ,80GB/sec,1250 MHz,"
02-Mar-2014 ",No,GDDR5
GeForce GT 740 v3 MSI 2GB Edition,Nvidia,64 Watts,2048 MB ,128 Bit ,80GB/sec,1250 MHz,"
14-Apr-2015 ",No,GDDR5
GeForce GT 740 v3 Asus Dust Proof Fan OC 2GB Edition,Nvidia,64 Watts,2048 MB ,128 Bit ,80GB/sec,1250 MHz,"
14-Apr-2015 ",No,GDDR5
GeForce GT 740 v2 Inno3D iChill HerculeZ 2000 1GB Edition,Nvidia,64 Watts,2048 MB ,128 Bit ,83.2GB/sec,1300 MHz,"
29-May-2014 ",No,GDDR5
GeForce GT 740 v3,Nvidia,64 Watts,1024 MB ,128 Bit ,80GB/sec,1250 MHz,"
14-Apr-2015 ",No,GDDR5
GeForce GT 740 v2 Inno3D HerculeZ OC 2GB Edition,Nvidia,64 Watts,2048 MB ,128 Bit ,80GB/sec,1250 MHz,"
29-May-2014 ",No,GDDR5
GeForce GT 740 v2 Gainward Golden Sample 2GB Edition,Nvidia,64 Watts,2048 MB ,128 Bit ,80GB/sec,1250 MHz,"
29-May-2014 ",No,GDDR5
GeForce GT 740 v2 Gainward Golden Sample 1GB Edition,Nvidia,64 Watts,1024 MB ,128 Bit ,80GB/sec,1250 MHz,"
29-May-2014 ",No,GDDR5
GeForce GT 740 v2 Gainward 2GB Edition,Nvidia,64 Watts,2048 MB ,128 Bit ,80GB/sec,1250 MHz,"
29-May-2014 ",No,GDDR5
GeForce GT 740 v2 Inno3D HerculeZ OC 1GB Edition,Nvidia,64 Watts,1024 MB ,128 Bit ,80GB/sec,1250 MHz,"
29-May-2014 ",No,GDDR5
GeForce GT 740 v2 Gigabyte OC 2GB Edition,Nvidia,64 Watts,2048 MB ,128 Bit ,80GB/sec,1250 MHz,"
29-May-2014 ",No,GDDR5
GeForce GT 740 v2 EVGA Superclocked 1GB Edition,Nvidia,64 Watts,1024 MB ,128 Bit ,80GB/sec,1250 MHz,"
29-May-2014 ",No,GDDR5
GeForce GT 740 v2 EVGA Superclocked 4GB Edition,Nvidia,64 Watts,4096 MB ,128 Bit ,80GB/sec,1250 MHz,"
29-May-2014 ",No,GDDR5
GeForce GT 740 v2 Gainward 1GB Edition,Nvidia,64 Watts,1024 MB ,128 Bit ,80GB/sec,1250 MHz,"
29-May-2014 ",No,GDDR5
GeForce GT 740 v2 EVGA FTW 2GB Edition,Nvidia,64 Watts,2048 MB ,128 Bit ,80GB/sec,1250 MHz,"
29-May-2014 ",No,GDDR5
GeForce GT 740 v2 EVGA Superclocked 2GB Edition,Nvidia,64 Watts,2048 MB ,128 Bit ,80GB/sec,1250 MHz,"
29-May-2014 ",No,GDDR5
GeForce GT 740 v2 Asus OC 1GB Edition,Nvidia,64 Watts,1024 MB ,128 Bit ,80GB/sec,1250 MHz,"
29-May-2014 ",No,GDDR5
GeForce GT 740 v2 EVGA FTW 1GB Edition,Nvidia,64 Watts,1024 MB ,128 Bit ,80GB/sec,1250 MHz,"
29-May-2014 ",No,GDDR5
GeForce GT 740 Gainward One-Slot Cooler 2GB Edition,Nvidia,64 Watts,2048 MB ,128 Bit ,28.5GB/sec,891 MHz,"
29-May-2014 ",No,DDR3
GeForce GT 740 Gainward One-Slot Cooler 1GB Edition,Nvidia,64 Watts,1024 MB ,128 Bit ,28.5GB/sec,891 MHz,"
29-May-2014 ",No,DDR3
GeForce GT 740 EVGA Superclocked SS 4GB Edition,Nvidia,64 Watts,4096 MB ,128 Bit ,21.3GB/sec,667 MHz,"
29-May-2014 ",No,DDR3
GeForce GT 740 EVGA Superclocked DS 4GB Edition,Nvidia,64 Watts,4096 MB ,128 Bit ,28.5GB/sec,891 MHz,"
29-May-2014 ",No,DDR3
GeForce GT 740 v2 Asus OC 2GB Edition,Nvidia,64 Watts,2048 MB ,128 Bit ,80GB/sec,1250 MHz,"
29-May-2014 ",No,GDDR5
GeForce GT 740 v2,Nvidia,64 Watts,1024 MB ,128 Bit ,80GB/sec,1250 MHz,"
29-May-2014 ",No,GDDR5
GeForce GT 740 EVGA Superclocked DS 2GB Edition,Nvidia,64 Watts,2048 MB ,128 Bit ,28.5GB/sec,891 MHz,"
29-May-2014 ",No,DDR3
GeForce GT 740 EVGA Superclocked SS 2GB Edition,Nvidia,64 Watts,2048 MB ,128 Bit ,21.3GB/sec,667 MHz,"
29-May-2014 ",No,DDR3
GeForce GT 740,Nvidia,64 Watts,2048 MB ,128 Bit ,28.8GB/sec,900 MHz,"
 29-May-2014 ",No,DDR3
GeForce GT 740 Asus 2GB Edition,Nvidia,64 Watts,2048 MB ,128 Bit ,28.5GB/sec,891 MHz,"
29-May-2014 ",No,DDR3
GeForce GT 730 v3 MSI 4GB Edition,Nvidia,49 Watts,4096 MB ,128 Bit ,16GB/sec,500 MHz,"
18-Jun-2014 ",No,DDR3
GeForce GT 730 v3 Palit 2GB Edition,Nvidia,49 Watts,2048 MB ,128 Bit ,28.8GB/sec,900 MHz,"
18-Jun-2014 ",No,DDR3
GeForce GT 730 v3 Zotac 4GB Edition,Nvidia,49 Watts,4096 MB ,128 Bit ,17.1GB/sec,533 MHz,"
18-Jun-2014 ",No,DDR3
GeForce GTX 750 Gigabyte OC Low Profile 2GB Edition,Nvidia,55 Watts,2048 MB ,128 Bit ,80.2GB/sec,1253 MHz,"
22-Jul-2014 ",No,GDDR5
GeForce GT 730 v3 Gigabyte 2GB Edition,Nvidia,49 Watts,2048 MB ,128 Bit ,28.8GB/sec,900 MHz,"
18-Jun-2014 ",No,DDR3
GeForce GT 730 v3 Inno3D 2GB Edition,Nvidia,49 Watts,2048 MB ,128 Bit ,21.3GB/sec,667 MHz,"
18-Jun-2014 ",No,DDR3
GeForce GT 730 v3 MSI 2GB Edition,Nvidia,49 Watts,2048 MB ,128 Bit ,21.3GB/sec,667 MHz,"
18-Jun-2014 ",No,DDR3
GeForce GT 730 v3 Biostar OC 2GB Edition,Nvidia,65 Watts,2048 MB ,128 Bit ,17.1GB/sec,533 MHz,"
18-Jun-2014 ",No,DDR3
GeForce GT 730 v3 Gainward 1GB Edition,Nvidia,49 Watts,1024 MB ,128 Bit ,28.8GB/sec,900 MHz,"
18-Jun-2014 ",No,DDR3
GeForce GT 730 v3 Asus 2GB Edition,Nvidia,75 Watts,2048 MB ,128 Bit ,28.8GB/sec,900 MHz,"
18-Jun-2014 ",No,DDR3
GeForce GT 730 v3 Asus 4GB Edition,Nvidia,49 Watts,4096 MB ,128 Bit ,28.8GB/sec,900 MHz,"
18-Jun-2014 ",No,DDR3
GeForce GT 730 v2 MSI OC 2GB Edition,Nvidia,49 Watts,2048 MB ,64 Bit ,40.1GB/sec,1253 MHz,"
18-Jun-2014 ",No,GDDR5
GeForce GT 730 v2 Zotac 2GB Edition,Nvidia,38 Watts,2048 MB ,64 Bit ,40GB/sec,1250 MHz,"
18-Jun-2014 ",No,GDDR5
GeForce GT 730 v2 Inno3D Low Profile 2GB Edition,Nvidia,38 Watts,2048 MB ,64 Bit ,40.1GB/sec,1253 MHz,"
18-Jun-2014 ",No,GDDR5
GeForce GT 730 v2 Zotac 1GB Edition,Nvidia,38 Watts,1024 MB ,64 Bit ,40.1GB/sec,1253 MHz,"
18-Jun-2014 ",No,GDDR5
GeForce GT 730 v2 MSI OC 1GB Edition,Nvidia,49 Watts,1024 MB ,64 Bit ,40.1GB/sec,1253 MHz,"
18-Jun-2014 ",No,GDDR5
GeForce GT 730 v2 Gigabyte Rev 1.0 2GB Edition,Nvidia,38 Watts,2048 MB ,64 Bit ,40GB/sec,1250 MHz,"
18-Jun-2014 ",No,GDDR5
GeForce GT 730 v2 Gigabyte OC 1GB Edition,Nvidia,49 Watts,1024 MB ,64 Bit ,40.1GB/sec,1253 MHz,"
15-Jun-2015 ",No,GDDR5
GeForce GT 730 Asus Silent 2GB Edition,Nvidia,23 Watts,2048 MB ,64 Bit ,14.4GB/sec,900 MHz,"
18-Jun-2014 ",No,DDR3
GeForce GT 730 v2,Nvidia,25 Watts,1024 MB ,64 Bit ,40GB/sec,1250 MHz,"
18-Jun-2014 ",No,GDDR5
GeForce GT 730 Asus Silent 1GB Edition,Nvidia,23 Watts,1024 MB ,64 Bit ,14.4GB/sec,900 MHz,"
18-Jun-2014 ",No,DDR3
GeForce GT 730 v2 Inno3D Low Profile 1GB Edition,Nvidia,38 Watts,1024 MB ,64 Bit ,40.1GB/sec,1253 MHz,"
18-Jun-2014 ",No,GDDR5
GeForce GT 730 v3,Nvidia,49 Watts,1024 MB ,128 Bit ,28.8GB/sec,900 MHz,"
18-Jun-2014 ",No,DDR3
GeForce GT 730 v2 Gigabyte Rev 2.0 2GB Edition,Nvidia,38 Watts,2048 MB ,64 Bit ,40GB/sec,1250 MHz,"
09-Dec-2014 ",No,GDDR5
GeForce GT 730 Afox Low Profile 4GB Edition,Nvidia,23 Watts,4096 MB ,64 Bit ,14.4GB/sec,902 MHz,"
18-Jun-2014 ",No,DDR3
GeForce GT 730 v2 EVGA Low Profile 2GB Edition,Nvidia,25 Watts,2048 MB ,64 Bit ,40GB/sec,1250 MHz,"
18-Jun-2014 ",No,GDDR5
GeForce GT 720 v2,Nvidia,19 Watts,1024 MB ,64 Bit ,40GB/sec,1250 MHz,"
27-Mar-2014 ",No,GDDR5
GeForce GT 720 v2 MSI 2GB Edition,Nvidia,19 Watts,2048 MB ,64 Bit ,40GB/sec,1250 MHz,"
 27-Mar-2014 ",No,GDDR5
GeForce GT 730,Nvidia,23 Watts,2048 MB ,64 Bit ,14.4GB/sec,900 MHz,"
18-Jun-2014 ",No,DDR3
GeForce2 Ultra,Nvidia,,64 MB ,128 Bit ,3.7GB/sec,230 MHz,"
14-Aug-2000 ",No,DDR
GeForce GT 710 v2,Nvidia,19 Watts,2048 MB ,64 Bit ,14.4GB/sec,900 MHz,"
26-Jan-2016 ",No,DDR3
GeForce GT 710,Nvidia,30 Watts,1024 MB ,64 Bit ,14.4GB/sec,898 MHz,"
22-Aug-2014 ",No,DDR3
GeForce GT 720,Nvidia,19 Watts,1024 MB ,64 Bit ,14.4GB/sec,900 MHz,"
27-Mar-2014 ",No,DDR3
GeForce 2 MX 64MB,Nvidia,4 Watts,64 MB ,128 Bit ,2.7GB/sec,166 MHz,"
28-Jun-2000 ",No,DDR
GeForce 2 MX 400 64MB,Nvidia,4 Watts,64 MB ,64 Bit ,1.3GB/sec,166 MHz,"
03-Mar-2001 ",No,DDR
GeForce GT 710 v2 EVGA Low Profile 2GB Edition,Nvidia,25 Watts,2048 MB ,64 Bit ,14.4GB/sec,900 MHz,"
26-Jan-2016 ",No,DDR3
GeForce2 Ti,Nvidia,,64 MB ,128 Bit ,3.2GB/sec,200 MHz,"
01-Nov-2001 ",No,DDR
GeForce2 GTS,Nvidia,,32 MB ,128 Bit ,2.7GB/sec,166 MHz,"
26-Apr-2000 ",No,DDR
GeForce FX 5700 Ultra,Nvidia,,256 MB ,128 Bit ,14.4GB/sec,450 MHz,"
23-Oct-2003 ",No,DDR2
GeForce 2 MX 100/200 32MB,Nvidia,,32 MB ,64 Bit ,1.3GB/sec,166 MHz,"
03-Mar-2001 ",No,DDR
GeForce FX 5900 Ultra,Nvidia,59 Watts,256 MB ,256 Bit ,13.6GB/sec,425 MHz,"
12-May-2003 ",No,DDR
GeForce FX 5700 VE,Nvidia,,256 MB ,128 Bit ,3.2GB/sec,200 MHz,"
02-Jan-2003 ",No,DDR
GeForce FX 5700,Nvidia,,256 MB ,128 Bit ,4GB/sec,250 MHz,"
01-Oct-2003 ",No,DDR
GeForce FX 5600 XT,Nvidia,,128 MB ,128 Bit ,3.2GB/sec,200 MHz,"
01-Mar-2003 ",No,DDR
GeForce FX 5500,Nvidia,,256 MB ,128 Bit ,3.2GB/sec,200 MHz,"
01-Mar-2004 ",No,DDR
GeForce FX 5700 LE,Nvidia,,128 MB ,128 Bit ,3.2GB/sec,200 MHz,"
01-Mar-2004 ",No,DDR
GeForce FX 5600 Ultra,Nvidia,,128 MB ,128 Bit ,5.6GB/sec,350 MHz,"
06-Mar-2003 ",No,DDR
GeForce FX 5200,Nvidia,,128 MB ,128 Bit ,3.2GB/sec,200 MHz,"
01-Mar-2003 ",No,DDR
GeForce4 Ti 4400,Nvidia,,128 MB ,128 Bit ,4.4GB/sec,275 MHz,"
06-Feb-2002 ",No,DDR
GeForce4 Ti 4600 ,Nvidia,,128 MB ,128 Bit ,5.2GB/sec,325 MHz,"
06-Feb-2002 ",No,DDR
GeForce GT 710 v2 EVGA Passive 2GB Edition,Nvidia,25 Watts,2048 MB ,64 Bit ,14.4GB/sec,900 MHz,"
26-Jan-2016 ",No,DDR3
GeForce4 MX 460,Nvidia,,128 MB ,128 Bit ,4.4GB/sec,275 MHz,"
06-Feb-2002 ",No,DDR
GeForce4 MX 420,Nvidia,,64 MB ,64 Bit ,1.3GB/sec,166 MHz,"
06-Feb-2002 ",No,DDR
GeForce 4 MX 440,Nvidia,,128 MB ,128 Bit ,3.2GB/sec,200 MHz,"
06-Feb-2002 ",No,DDR
GeForce4 Ti 4200,Nvidia,,128 MB ,64 Bit ,1.8GB/sec,222 MHz,"
16-Apr-2002 ",No,DDR
GeForce 4 MX 440 AGP 8X,Nvidia,,128 MB ,128 Bit ,4.4GB/sec,275 MHz,"
25-Sep-2002 ",No,DDR
GeForce 6800 GS,Nvidia,55 Watts,256 MB ,256 Bit ,32GB/sec,500 MHz,"
01-Dec-2005 ",No,GDDR3
GeForce 4 MX 4000,Nvidia,,128 MB ,64 Bit ,1.3GB/sec,166 MHz,"
14-Dec-2003 ",No,DDR
GeForce 6600 GT 256MB,Nvidia,,256 MB ,128 Bit ,16GB/sec,500 MHz,"
01-Nov-2004 ",No,GDDR3
GeForce 6800 GT Leadtek Edition,Nvidia,,256 MB ,256 Bit ,32GB/sec,500 MHz,"
01-May-2004 ",No,DDR3
GeForce 6600 LE,Nvidia,,256 MB ,128 Bit ,3.2GB/sec,200 MHz,"
30-Jan-2004 ",No,DDR
GeForce 6800 GT,Nvidia,67 Watts,256 MB ,256 Bit ,32GB/sec,500 MHz,"
08-Jun-2004 ",No,GDDR3
GeForce 6600 GT,Nvidia,48 Watts,128 MB ,128 Bit ,15.2GB/sec,475 MHz,"
01-Nov-2004 ",No,GDDR3
GeForce 6500,Nvidia,,256 MB ,128 Bit ,5.3GB/sec,333 MHz,"
02-Jan-2005 ",No,DDR
GeForce 6200 LE,Nvidia,,256 MB ,64 Bit ,2.1GB/sec,266 MHz,"
02-Jan-2005 ",No,DDR
GeForce2 Pro,Nvidia,,32 MB ,128 Bit ,3.2GB/sec,200 MHz,"
05-Dec-2000 ",No,DDR
GeForce 6600,Nvidia,28 Watts,256 MB ,128 Bit ,4.4GB/sec,275 MHz,"
02-Jan-2004 ",No,DDR
GeForce 6200 TurboCache,Nvidia,,128 MB ,64 Bit ,2.8GB/sec,350 MHz,"
02-Jan-2005 ",No,DDR
GeForce 6150 SE / nForce 430 64MB DDR3,Nvidia,,,64 Bit ,8.5GB/sec,533 MHz,"
01-Oct-2010 ",No,DDR3
GeForce 6150 LE,Nvidia,,,128 Bit ,,,"
11-Oct-2004 ",No,
GeForce 6150 SE nForce 430,Nvidia,,,128 Bit ,,,"
01-Jun-2006 ",No,DDR2
GeForce 6150 SE 256MB,Nvidia,,,128 Bit ,,,"
01-Jun-2006 ",No,DDR2
GeForce 6100 nForce 405,Nvidia,,,,,,"
20-Oct-2005 ",No,
GeForce 6100,Nvidia,,,128 Bit ,,,"
01-Nov-2005 ",No,DDR2
GeForce 6200,Nvidia,,256 MB ,128 Bit ,8.8GB/sec,275 MHz,"
02-Jan-2004 ",No,DDR2
