Manufacturer,Name,SLI_Crossfire,Release_Date,Release_Year,Max_Power_Watts,Memory_MB,Memory_Bus_Bit,Memory_Bandwidth_GBs,Memory_Speed_MHz,Res_Width,Res_Height
Nvidia,GeForce GTS 150,Yes,01-Mar-2009,2009.0,141.0,1024.0,256.0,64.0,1000.0,2560.0,1600.0
AMD,Radeon HD 2900 XT 512MB,Yes,14-May-2007,2007.0,215.0,512.0,512.0,106.0,828.0,2560.0,1600.0
AMD,Radeon HD 2900 Pro,Yes,07-Dec-2007,2007.0,200.0,512.0,256.0,51.2,800.0,2560.0,1600.0
AMD,Radeon HD 2600 XT,Yes,28-Jun-2007,2007.0,45.0,256.0,128.0,22.4,700.0,2560.0,1600.0
AMD,Radeon HD 2600 XT 256MB GDDR4,Yes,26-Jun-2007,2007.0,50.0,256.0,128.0,35.2,1100.0,2560.0,1600.0
AMD,Radeon HD 4890 Sapphire Vapor-X OC 2GB Edition,Yes,13-Jul-2009,2009.0,190.0,2048.0,256.0,134.4,1050.0,2560.0,1600.0
AMD,Radeon HD 2900 GT,Yes,06-Nov-2007,2007.0,150.0,256.0,256.0,51.2,800.0,2560.0,1600.0
AMD,FirePro D300,Yes,18-Jan-2014,2014.0,150.0,2048.0,256.0,160.0,1250.0,4096.0,2160.0
AMD,Radeon 7000 64mb,No,02-Jan-2001,2001.0,32.0,64.0,64.0,2.9,366.0,1600.0,1200.0
Nvidia,Tesla M2090,Yes,25-Jul-2011,2011.0,250.0,6144.0,384.0,177.6,925.0,2560.0,1600.0
Nvidia,Tesla K20,No,01-Nov-2012,2012.0,225.0,5120.0,320.0,168.0,1050.0,4096.0,2160.0
Nvidia,Tesla K40c,Yes,12-Nov-2013,2013.0,245.0,12288.0,384.0,288.4,1502.0,4096.0,2160.0
AMD,Radeon R7 250 v2 MSI OC 2GB + Radeon R7 7870K Dual,Yes,28-May-2015,2015.0,150.0,3072.0,128.0,57.6,900.0,2560.0,1600.0
Nvidia,Tesla K10,No,15-May-2012,2012.0,300.0,8192.0,512.0,320.0,1250.0,4096.0,2160.0
Nvidia,Tesla K20X,Yes,12-Nov-2012,2012.0,235.0,6144.0,384.0,249.6,1300.0,4096.0,2160.0
AMD,Radeon 9800 XT,No,01-Oct-2003,2003.0,60.0,256.0,256.0,23.4,730.0,2048.0,1536.0
Nvidia,Tesla C2070,No,01-Sep-2010,2010.0,238.0,6144.0,384.0,144.0,750.0,2560.0,1600.0
Nvidia,Tesla C2075,No,01-Jul-2011,2011.0,247.0,6144.0,384.0,144.0,750.0,2560.0,1600.0
Nvidia,Tesla C2050,No,01-May-2010,2010.0,238.0,3072.0,384.0,144.0,750.0,2560.0,1600.0
Nvidia,GeForce Titan XP,Yes,06-Apr-2017,2017.0,250.0,12288.0,96.0,547.2,1425.0,7680.0,4320.0
Nvidia,GeForce GTX Titan Zotac Edition,Yes,19-Feb-2013,2013.0,250.0,6144.0,384.0,288.4,1502.0,4096.0,2160.0
Nvidia,GeForce GTX Titan Z Palit 12GB Edition,Yes,28-May-2014,2014.0,375.0,12288.0,384.0,672.0,1750.0,4096.0,2160.0
Nvidia,GeForce GTX Titan Z EVGA Superclocked 12GB Edition,Yes,28-May-2014,2014.0,375.0,12288.0,384.0,672.0,1750.0,4096.0,2160.0
Nvidia,GeForce GTX Titan Z,Yes,28-May-2014,2014.0,375.0,12288.0,384.0,672.0,1750.0,4096.0,2160.0
Nvidia,GeForce GTX Titan Z EVGA Hydro Copper 12GB Edition,Yes,28-May-2014,2014.0,375.0,12288.0,384.0,672.0,1750.0,4096.0,2160.0
Nvidia,GeForce GTX Titan X EVGA Hybrid 12GB Edition,Yes,17-Mar-2015,2015.0,250.0,12288.0,384.0,336.6,1753.0,4096.0,2160.0
Nvidia,GeForce GTX Titan X SLI,Yes,17-Mar-2015,2015.0,450.0,24576.0,384.0,673.2,1753.0,4096.0,2160.0
Nvidia,GeForce GTX Titan X,Yes,17-Mar-2015,2015.0,250.0,12288.0,384.0,336.6,1753.0,4096.0,2160.0
Nvidia,GeForce GTX Titan X EVGA Superclocked 12GB Edition,Yes,17-Mar-2015,2015.0,250.0,12288.0,384.0,336.6,1753.0,4096.0,2160.0
Nvidia,GeForce GTX Titan WindForce 3X OC Edition,Yes,15-May-2013,2013.0,265.0,6144.0,384.0,288.4,1502.0,4096.0,2160.0
Nvidia,GeForce GTX Titan SLI,Yes,19-Feb-2013,2013.0,500.0,12288.0,384.0,576.8,1502.0,4096.0,2160.0
Nvidia,GeForce GTX Titan P 12GB [not released],Yes,17-Aug-2016,2016.0,300.0,12288.0,3072.0,384.0,500.0,7680.0,4320.0
Nvidia,GeForce GTX Titan Inno3D Edition,Yes,19-Feb-2013,2013.0,250.0,6144.0,384.0,288.4,1502.0,4096.0,2160.0
Nvidia,GeForce GTX Titan P 16GB [not released],Yes,17-Aug-2016,2016.0,375.0,16384.0,4096.0,512.0,500.0,7680.0,4320.0
Nvidia,GeForce GTX Titan Gigabyte Edition,Yes,19-Feb-2013,2013.0,250.0,6144.0,384.0,288.4,1502.0,4096.0,2160.0
Nvidia,GeForce GTX Titan iChill Accelero Hybrid Edition,Yes,15-Mar-2013,2013.0,265.0,6144.0,384.0,288.4,1502.0,4096.0,2160.0
Nvidia,GeForce GTX Titan Asus Edition,Yes,19-Feb-2013,2013.0,250.0,6144.0,384.0,288.4,1502.0,4096.0,2160.0
Nvidia,GeForce GTX Titan Black Edition,Yes,18-Feb-2014,2014.0,250.0,6144.0,384.0,336.0,1750.0,4096.0,2160.0
Nvidia,GeForce GTX Titan EVGA Edition,Yes,19-Feb-2013,2013.0,250.0,6144.0,384.0,288.4,1502.0,4096.0,2160.0
Nvidia,GeForce GTX Titan,Yes,19-Feb-2013,2013.0,250.0,6144.0,384.0,288.4,1502.0,4096.0,2160.0
AMD,Radeon 9800 Pro,No,01-Mar-2003,2003.0,47.0,128.0,256.0,44.8,700.0,2048.0,1536.0
AMD,Radeon 9600 PRO,No,01-Oct-2003,2003.0,18.0,128.0,128.0,4.8,300.0,2048.0,1536.0
AMD,FireGL V7200,No,24-Apr-2006,2006.0,450.0,256.0,256.0,41.6,650.0,2048.0,1536.0
AMD,FirePro W9100,Yes,26-Mar-2014,2014.0,290.0,16384.0,512.0,320.0,1250.0,4096.0,2160.0
AMD,FirePro W8000,Yes,14-Jun-2012,2012.0,225.0,4096.0,256.0,176.0,1375.0,4096.0,2160.0
AMD,FirePro W5000,Yes,01-Aug-2012,2012.0,75.0,2048.0,256.0,102.4,800.0,4096.0,2160.0
AMD,FirePro W9000,Yes,01-Aug-2012,2012.0,274.0,6144.0,384.0,264.0,1375.0,4096.0,2160.0
AMD,FirePro V8750,Yes,28-Jul-2009,2009.0,154.0,2048.0,256.0,115.2,900.0,2560.0,1600.0
AMD,FirePro W7000,Yes,13-Jun-2012,2012.0,150.0,4096.0,256.0,153.6,1200.0,4096.0,2160.0
AMD,FirePro V7900,Yes,24-May-2011,2011.0,150.0,2048.0,256.0,160.0,1250.0,2560.0,1600.0
AMD,FirePro W2100,No,12-Aug-2014,2014.0,26.0,2048.0,128.0,28.8,900.0,4096.0,2160.0
AMD,FirePro V8700,Yes,11-Sep-2008,2008.0,151.0,1024.0,256.0,108.8,850.0,2560.0,1600.0
AMD,FirePro V7800,Yes,26-Apr-2010,2010.0,138.0,2048.0,256.0,128.0,1000.0,2560.0,1600.0
AMD,FirePro V5900,Yes,24-May-2011,2011.0,75.0,2048.0,256.0,128.0,1000.0,2560.0,1600.0
AMD,FirePro V5800,Yes,26-Apr-2010,2010.0,74.0,1024.0,128.0,64.0,1000.0,4096.0,2160.0
AMD,FirePro V5700,No,08-Aug-2008,2008.0,56.0,512.0,128.0,28.8,900.0,2560.0,1600.0
AMD,FirePro V3750,No,11-Sep-2008,2008.0,48.0,256.0,128.0,22.4,700.0,2560.0,1600.0
AMD,FirePro S9150,Yes,01-Aug-2014,2014.0,235.0,16384.0,512.0,320.0,1250.0,4096.0,2160.0
AMD,FirePro S9050,Yes,01-Aug-2014,2014.0,225.0,12288.0,384.0,264.0,1375.0,4096.0,2160.0
AMD,FirePro V9800,Yes,01-Sep-2010,2010.0,250.0,4096.0,256.0,147.2,1150.0,2560.0,1600.0
AMD,FirePro S9000,Yes,01-Aug-2012,2012.0,225.0,6144.0,384.0,264.0,1375.0,4096.0,2160.0
AMD,FirePro S7000,No,01-Aug-2012,2012.0,150.0,4096.0,256.0,153.6,1200.0,4096.0,2160.0
AMD,FirePro D700,Yes,18-Jan-2014,2014.0,274.0,3072.0,384.0,264.0,1375.0,4096.0,2160.0
AMD,FirePro D500,Yes,18-Jan-2014,2014.0,175.0,3072.0,384.0,240.0,1250.0,4096.0,2160.0
AMD,FirePro V3900,No,01-Feb-2012,2012.0,75.0,1024.0,128.0,28.8,900.0,2560.0,1600.0
AMD,FireStream 9370,No,23-Jun-2010,2010.0,225.0,4096.0,256.0,153.6,1200.0,2560.0,1600.0
AMD,FirePro S10000,Yes,01-Nov-2012,2012.0,375.0,6144.0,384.0,240.0,1250.0,4096.0,2160.0
AMD,FireStream 9270,No,13-Nov-2008,2008.0,160.0,2048.0,256.0,108.8,850.0,2560.0,1600.0
AMD,FireStream 9350,No,01-Jun-2010,2010.0,150.0,2048.0,256.0,128.0,1000.0,2560.0,1600.0
AMD,FireStream 9170,No,08-Nov-2007,2007.0,105.0,2048.0,256.0,51.2,800.0,2560.0,1600.0
AMD,FireStream 9250,No,16-Jun-2008,2008.0,150.0,1024.0,256.0,63.6,993.0,2560.0,1600.0
AMD,Radeon HD 2400 Pro PCI-E,Yes,01-Jun-2007,2007.0,25.0,256.0,64.0,6.4,400.0,2560.0,1600.0
AMD,Radeon HD 2600 Pro,Yes,28-Jun-2007,2007.0,35.0,256.0,128.0,16.0,500.0,2560.0,1600.0
AMD,Radeon HD 2400 Pro,Yes,28-Jun-2007,2007.0,20.0,256.0,64.0,6.4,400.0,2560.0,1600.0
AMD,Radeon HD 4890 Sapphire Vapor-X OC 1GB Edition,Yes,18-May-2009,2009.0,190.0,1024.0,256.0,134.4,1050.0,2560.0,1600.0
AMD,Radeon HD 4890 Sapphire Toxic Atomic 1GB Edition,No,19-May-2009,2009.0,190.0,1024.0,256.0,134.4,1050.0,2560.0,1600.0
AMD,Radeon HD 2350 Pro,Yes,01-Jan-2007,2007.0,20.0,256.0,64.0,6.4,400.0,2560.0,1600.0
AMD,Radeon HD 4890 Sapphire OC 1GB Edition,Yes,02-Apr-2009,2009.0,190.0,1024.0,256.0,128.0,1000.0,2560.0,1600.0
AMD,Radeon HD 4870 X2,Yes,01-Apr-2009,2009.0,420.0,2048.0,512.0,230.4,900.0,2560.0,1600.0
AMD,Radeon HD 4890 Sapphire Toxic 1GB Edition,Yes,26-May-2009,2009.0,190.0,1024.0,256.0,134.4,1050.0,2560.0,1600.0
AMD,Radeon HD 4870 Sapphire Vapor-X 1GB Edition,Yes,07-Mar-2009,2009.0,150.0,1024.0,256.0,115.2,900.0,2560.0,1600.0
AMD,Radeon HD 4890,Yes,02-Apr-2009,2009.0,190.0,1024.0,256.0,124.8,975.0,2560.0,1600.0
AMD,Radeon HD 4870,Yes,01-Jun-2008,2008.0,150.0,512.0,256.0,115.2,900.0,2560.0,1600.0
AMD,Radeon HD 4870 PowerColor PCS+ 512MB Edition,Yes,25-Jun-2008,2008.0,150.0,512.0,256.0,121.6,950.0,2560.0,1600.0
AMD,Radeon HD 4850x2,Yes,01-Apr-2009,2009.0,250.0,2048.0,256.0,63.6,993.0,2560.0,1600.0
AMD,Radeon HD 4860,Yes,09-Sep-2009,2009.0,130.0,512.0,256.0,96.0,750.0,2560.0,1600.0
AMD,Radeon HD 4850 HIS iCooler IV 1GB Edition,Yes,01-Jun-2008,2008.0,110.0,1024.0,256.0,63.6,993.0,2560.0,1600.0
AMD,Radeon HD 4850 Gigabyte 512MB Edition,Yes,01-Oct-2011,2011.0,110.0,512.0,256.0,60.2,940.0,2560.0,1600.0
AMD,Radeon HD 4850,Yes,01-Jun-2008,2008.0,110.0,512.0,256.0,63.6,993.0,2560.0,1600.0
AMD,Radeon HD 4830 512MB,Yes,21-Oct-2008,2008.0,95.0,512.0,256.0,57.6,900.0,2560.0,1600.0
AMD,Radeon HD 4830 HIS Fan 512MB Edition,Yes,21-Oct-2008,2008.0,95.0,512.0,256.0,57.6,900.0,2560.0,1600.0
AMD,Radeon HD 4670 HIS IceQ 1GB Edition,Yes,01-Sep-2008,2008.0,59.0,1024.0,128.0,27.9,873.0,2560.0,1600.0
AMD,Radeon HD 4770 512MB,Yes,28-Apr-2009,2009.0,80.0,512.0,128.0,51.2,800.0,2560.0,1600.0
AMD,Radeon HD 4730,Yes,08-Jun-2009,2009.0,110.0,512.0,128.0,57.6,900.0,2560.0,1600.0
AMD,Radeon HD 4750,Yes,09-Sep-2009,2009.0,75.0,512.0,128.0,51.2,800.0,2560.0,1600.0
AMD,Radeon HD 4670 Gigabyte 1GB Edition,Yes,01-Nov-2009,2009.0,59.0,1024.0,128.0,25.6,800.0,2560.0,1600.0
AMD,Radeon HD 4670 AGP,Yes,17-Jul-2007,2007.0,59.0,1024.0,128.0,25.6,800.0,2560.0,1600.0
AMD,Radeon HD 4670 Asus 512MB Edition,Yes,09-Oct-2008,2008.0,59.0,512.0,128.0,32.1,1004.0,2560.0,1600.0
AMD,Radeon HD 4650 v2,Yes,10-Sep-2008,2008.0,48.0,1024.0,128.0,24.0,750.0,2560.0,1600.0
AMD,Radeon HD 4650 1GB,Yes,10-Sep-2008,2008.0,48.0,1024.0,128.0,22.4,700.0,2560.0,1600.0
AMD,Radeon HD 4670 1GB,Yes,10-Sep-2008,2008.0,59.0,1024.0,128.0,25.6,800.0,2560.0,1600.0
AMD,Radeon HD 4350 Asus Silent 512MB Edition,No,30-Sep-2008,2008.0,20.0,512.0,64.0,6.4,400.0,2560.0,1600.0
AMD,Radeon HD 4650,Yes,01-Sep-2008,2008.0,48.0,512.0,128.0,12.8,400.0,2560.0,1600.0
AMD,Radeon HD 4650 Asus Low Profile Edition,Yes,01-Sep-2008,2008.0,48.0,1024.0,128.0,12.8,400.0,2560.0,1600.0
AMD,Radeon HD 4550,Yes,01-Sep-2008,2008.0,25.0,256.0,64.0,12.8,800.0,2560.0,1600.0
AMD,Radeon HD 4350 1GB,Yes,30-Sep-2008,2008.0,20.0,1024.0,64.0,8.0,500.0,2560.0,1600.0
AMD,Radeon HD 4550 v2,No,30-Sep-2008,2008.0,25.0,512.0,64.0,12.8,800.0,2560.0,1600.0
AMD,Radeon HD 4670 512MB,Yes,10-Sep-2008,2008.0,59.0,512.0,128.0,25.6,800.0,2560.0,1600.0
AMD,Radeon HD 4350,Yes,30-Sep-2008,2008.0,20.0,512.0,64.0,6.4,400.0,2560.0,1600.0
Nvidia,GeForce GT 140,Yes,01-Mar-2009,2009.0,105.0,1024.0,256.0,57.6,900.0,2560.0,1600.0
Nvidia,GeForce GT 130,Yes,01-Mar-2009,2009.0,75.0,768.0,192.0,24.0,500.0,2048.0,1536.0
Nvidia,GeForce GT 120,Yes,01-Mar-2009,2009.0,50.0,512.0,128.0,16.0,500.0,2048.0,1536.0
AMD,Radeon HD 3870 X2,Yes,28-Jan-2008,2008.0,165.0,1024.0,256.0,57.6,900.0,2560.0,1600.0
AMD,Radeon HD 3870,Yes,19-Nov-2007,2007.0,106.0,512.0,256.0,72.1,1126.0,2560.0,1600.0
AMD,Radeon HD 3850 X2,Yes,04-Apr-2008,2008.0,140.0,1024.0,512.0,106.0,828.0,2560.0,1600.0
AMD,Radeon HD 3830,Yes,01-Apr-2008,2008.0,75.0,256.0,128.0,26.6,830.0,2560.0,1600.0
AMD,Radeon HD 3690,Yes,30-Jan-2008,2008.0,75.0,256.0,128.0,26.6,830.0,2560.0,1600.0
Nvidia,GeForce G 100,No,01-Mar-2009,2009.0,35.0,512.0,64.0,8.0,500.0,2560.0,1600.0
AMD,Radeon HD 3850,Yes,19-Nov-2007,2007.0,75.0,256.0,256.0,53.1,830.0,2560.0,1600.0
AMD,Radeon HD 3650,Yes,23-Jan-2008,2008.0,65.0,256.0,128.0,25.6,800.0,2560.0,1600.0
AMD,Radeon HD 3470,Yes,23-Jan-2008,2008.0,30.0,256.0,64.0,15.2,950.0,2560.0,1600.0
AMD,Radeon HD 3850 AGP,Yes,03-Jan-2008,2008.0,75.0,512.0,256.0,53.1,830.0,2560.0,1600.0
AMD,Radeon HD 3850 X3,Yes,10-Apr-2008,2008.0,145.0,1536.0,768.0,163.2,850.0,2560.0,1600.0
AMD,Radeon HD 3450,No,10-Dec-2007,2007.0,25.0,256.0,64.0,8.0,500.0,2560.0,1600.0
Intel,Iris Pro Graphics 6200 Mobile,No,02-Jun-2015,2015.0,47.0,128.0,128.0,29.9,933.0,4096.0,2304.0
Intel,Iris Pro Graphics 5200 Mobile,No,27-Jul-2013,2013.0,47.0,128.0,128.0,12.8,800.0,2560.0,1600.0
AMD,Radeon R9 M295X 4GB,Yes,23-Nov-2014,2014.0,125.0,4096.0,256.0,174.3,1362.0,4096.0,2160.0
AMD,Radeon R9 M395X 4GB,Yes,09-Jun-2015,2015.0,125.0,4096.0,256.0,160.0,1250.0,4096.0,2160.0
AMD,Radeon R9 M390 4GB,Yes,09-Jun-2015,2015.0,100.0,4096.0,256.0,153.6,1200.0,4096.0,2160.0
AMD,Radeon R9 M485X 4GB,Yes,13-May-2016,2016.0,125.0,4096.0,256.0,160.0,1250.0,4096.0,2160.0
AMD,Radeon R9 M390X 4GB,Yes,09-Jun-2015,2015.0,100.0,4096.0,256.0,160.0,1250.0,4096.0,2160.0
AMD,Radeon R9 M290X Crossfire,Yes,01-Jan-2014,2014.0,200.0,4096.0,256.0,307.2,1200.0,4096.0,2160.0
AMD,Mobility Radeon HD 5870 Crossfire,Yes,07-Jan-2010,2010.0,100.0,2048.0,128.0,128.0,1000.0,2560.0,1600.0
AMD,Mobility Radeon HD 565v,Yes,05-May-2010,2010.0,35.0,1024.0,128.0,25.6,800.0,2560.0,1600.0
AMD,Mobility Radeon HD 5870,Yes,07-Jan-2010,2010.0,50.0,1024.0,128.0,64.0,1000.0,2560.0,1600.0
AMD,Mobility Radeon HD 5850,Yes,07-Jan-2010,2010.0,39.0,1024.0,128.0,64.0,1000.0,2560.0,1600.0
AMD,Mobility Radeon HD 5830,Yes,07-Jan-2010,2010.0,24.0,1024.0,128.0,25.6,800.0,2560.0,1600.0
AMD,Radeon R9 M290X,Yes,09-Jan-2014,2014.0,100.0,4096.0,256.0,153.6,1200.0,4096.0,2160.0
AMD,Mobility Radeon HD 5730,No,07-Jan-2010,2010.0,26.0,1024.0,128.0,25.6,800.0,2560.0,1600.0
AMD,Mobility Radeon HD 5770,No,07-Jan-2010,2010.0,30.0,1024.0,128.0,51.2,800.0,2560.0,1600.0
AMD,Mobility Radeon HD 5650,No,07-Jan-2010,2010.0,15.0,1024.0,128.0,25.6,800.0,2560.0,1600.0
AMD,Mobility Radeon HD 5470,No,07-Jan-2010,2010.0,15.0,1024.0,64.0,12.8,800.0,2560.0,1600.0
AMD,Mobility Radeon HD 560v,Yes,05-May-2010,2010.0,35.0,1024.0,128.0,25.6,800.0,2560.0,1600.0
AMD,Mobility Radeon HD 550v,Yes,05-May-2010,2010.0,20.0,1024.0,128.0,19.2,600.0,2560.0,1600.0
AMD,Mobility Radeon HD 545v,No,05-May-2010,2010.0,15.0,1024.0,64.0,12.8,800.0,2560.0,1600.0
AMD,Mobility Radeon HD 5470 512MB,No,07-Jan-2010,2010.0,15.0,512.0,64.0,12.8,800.0,2560.0,1600.0
AMD,Mobility Radeon HD 530v,No,05-May-2010,2010.0,10.0,1024.0,64.0,9.6,600.0,2560.0,1600.0
AMD,Radeon HD 8970M Crossfire,Yes,01-May-2013,2013.0,200.0,4096.0,256.0,307.2,1200.0,2560.0,1600.0
AMD,Mobility Radeon HD 5145,No,07-Jan-2010,2010.0,15.0,1024.0,64.0,14.4,900.0,2560.0,1600.0
AMD,Mobility Radeon HD 5450,No,07-Jan-2010,2010.0,11.0,1024.0,64.0,12.8,800.0,2560.0,1600.0
AMD,Radeon HD 8970M,Yes,14-May-2013,2013.0,100.0,2048.0,256.0,153.6,1200.0,4096.0,2160.0
AMD,Mobility Radeon HD 540v,No,05-May-2010,2010.0,13.0,512.0,64.0,12.8,800.0,2560.0,1600.0
AMD,Mobility Radeon HD 5165,Yes,07-Jan-2010,2010.0,35.0,1024.0,128.0,28.8,900.0,2560.0,1600.0
AMD,Mobility Radeon HD 5430,No,07-Jan-2010,2010.0,7.0,1024.0,64.0,12.8,800.0,2560.0,1600.0
AMD,Mobility Radeon HD 5750,No,07-Jan-2010,2010.0,25.0,1024.0,128.0,51.2,800.0,2560.0,1600.0
AMD,Radeon HD 8870M,Yes,01-Apr-2013,2013.0,50.0,2048.0,128.0,72.0,1125.0,2560.0,1600.0
AMD,Radeon HD 8850M v2,Yes,01-Apr-2013,2013.0,45.0,2048.0,128.0,72.0,1125.0,4096.0,2160.0
AMD,Radeon HD 8790M,Yes,01-Apr-2013,2013.0,35.0,2048.0,128.0,64.0,1000.0,2560.0,1600.0
AMD,Radeon HD 8830M,Yes,01-Apr-2013,2013.0,35.0,2048.0,128.0,32.0,1000.0,2560.0,1600.0
AMD,Radeon HD 8770M,Yes,01-Apr-2013,2013.0,20.0,2048.0,128.0,72.0,1125.0,2560.0,1600.0
AMD,Radeon HD 8850M,Yes,01-Apr-2013,2013.0,45.0,2048.0,128.0,32.0,1000.0,4096.0,2160.0
AMD,Radeon HD 8750M,Yes,26-Feb-2013,2013.0,20.0,2048.0,128.0,64.0,1000.0,2560.0,1600.0
AMD,Radeon HD 8730M,Yes,01-Apr-2013,2013.0,15.0,1024.0,128.0,32.0,1000.0,4096.0,2160.0
AMD,Radeon HD 8750M v2,Yes,26-Feb-2013,2013.0,20.0,2048.0,128.0,28.8,900.0,2560.0,1600.0
AMD,Radeon HD 6970M,Yes,04-Jan-2011,2011.0,75.0,2048.0,256.0,115.2,900.0,1600.0,900.0
AMD,Radeon HD 6950M,Yes,04-Jan-2011,2011.0,50.0,1024.0,256.0,115.2,900.0,2560.0,1600.0
AMD,Radeon HD 6850M,No,04-Jan-2011,2011.0,50.0,1024.0,128.0,25.6,800.0,2560.0,1600.0
AMD,Radeon HD 6830M,No,04-Jan-2011,2011.0,39.0,2048.0,128.0,25.6,800.0,2560.0,1600.0
AMD,Radeon HD 6870M,Yes,04-Jan-2011,2011.0,50.0,1024.0,128.0,64.0,1000.0,2560.0,1600.0
AMD,Radeon HD 6770M 2GB,Yes,01-Jan-2011,2011.0,35.0,2048.0,128.0,51.2,800.0,2560.0,1600.0
AMD,Radeon HD 6990M,Yes,12-Jul-2011,2011.0,100.0,2048.0,256.0,115.2,900.0,2560.0,1600.0
AMD,Radeon HD 6770M,Yes,04-Jan-2011,2011.0,35.0,1024.0,128.0,51.2,800.0,2560.0,1600.0
AMD,Radeon HD 6570M,No,26-Nov-2010,2010.0,30.0,1024.0,128.0,51.2,800.0,2560.0,1600.0
AMD,Radeon HD 6730M,Yes,04-Jan-2011,2011.0,39.0,1024.0,128.0,25.6,800.0,2560.0,1600.0
AMD,Radeon HD 6630M,Yes,04-Jan-2011,2011.0,26.0,1024.0,128.0,25.6,800.0,2560.0,1600.0
AMD,Radeon HD 6550M,No,26-Nov-2010,2010.0,26.0,1024.0,128.0,25.6,800.0,2560.0,1600.0
AMD,Radeon HD 6470M,No,04-Jan-2011,2011.0,11.0,1024.0,64.0,12.8,800.0,2560.0,1600.0
AMD,Radeon HD 6490M,No,04-Jan-2011,2011.0,14.0,512.0,64.0,25.6,800.0,2560.0,1600.0
AMD,Radeon HD 6530M,No,26-Nov-2010,2010.0,26.0,1024.0,128.0,25.6,800.0,2560.0,1600.0
AMD,Radeon HD 6450M,No,04-Jan-2011,2011.0,11.0,1024.0,64.0,12.8,800.0,2560.0,1600.0
AMD,Radeon HD 6370M,No,26-Nov-2010,2010.0,11.0,1024.0,64.0,12.8,800.0,2560.0,1600.0
AMD,Radeon HD 6350M,No,26-Nov-2010,2010.0,7.0,1024.0,64.0,14.4,900.0,2560.0,1600.0
AMD,Radeon HD 6430M,No,04-Jan-2011,2011.0,11.0,1024.0,64.0,12.8,800.0,2560.0,1600.0
AMD,Radeon HD 6330M,No,26-Nov-2010,2010.0,7.0,1024.0,64.0,12.8,800.0,2560.0,1600.0
AMD,Radeon HD 7950M [not released],Yes,01-May-2012,2012.0,75.0,2048.0,256.0,128.0,1000.0,4096.0,2160.0
AMD,Radeon HD 7850M,Yes,24-Apr-2012,2012.0,40.0,2048.0,128.0,64.0,1000.0,2560.0,1600.0
AMD,Radeon HD 7870M,Yes,24-Apr-2012,2012.0,45.0,2048.0,128.0,64.0,1000.0,2560.0,1600.0
AMD,Radeon HD 7770M 2GB,No,24-Apr-2012,2012.0,32.0,2048.0,128.0,64.0,1000.0,2560.0,1600.0
AMD,Radeon HD 7970M,Yes,01-May-2012,2012.0,100.0,2048.0,256.0,153.6,1200.0,4096.0,2160.0
AMD,Radeon HD 7970M Crossfire,Yes,01-May-2012,2012.0,200.0,4096.0,256.0,307.2,1200.0,4096.0,2160.0
AMD,Radeon HD 7730M,Yes,23-Apr-2012,2012.0,25.0,2048.0,128.0,28.8,900.0,2560.0,1600.0
AMD,Radeon HD 7690M XT,Yes,07-Jan-2013,2013.0,25.0,1024.0,128.0,57.6,900.0,2560.0,1600.0
AMD,Radeon HD 7670M,No,07-Jan-2012,2012.0,20.0,1024.0,128.0,28.8,900.0,2560.0,1600.0
AMD,Radeon HD 7650M,Yes,07-Jan-2012,2012.0,20.0,1024.0,128.0,28.8,900.0,2560.0,1600.0
AMD,Radeon HD 7670M 2GB,Yes,07-Jan-2012,2012.0,20.0,2048.0,128.0,28.8,900.0,2560.0,1600.0
AMD,Radeon HD 7750M,Yes,24-Apr-2012,2012.0,28.0,1024.0,128.0,64.0,1000.0,2560.0,1600.0
AMD,Radeon HD 7770M,Yes,24-Apr-2012,2012.0,32.0,1024.0,128.0,64.0,1000.0,2560.0,1600.0
AMD,Radeon HD 7690M,Yes,25-Dec-2011,2011.0,20.0,1024.0,128.0,28.8,900.0,2560.0,1600.0
AMD,Radeon HD 7630M,No,07-Jan-2012,2012.0,20.0,1024.0,128.0,25.6,800.0,2560.0,1600.0
AMD,Radeon HD 7610M,No,07-Jan-2012,2012.0,20.0,1024.0,128.0,25.6,800.0,2560.0,1600.0
AMD,Radeon HD 7550M v2,Yes,07-Jan-2012,2012.0,14.0,1024.0,64.0,25.6,800.0,2560.0,1600.0
AMD,Radeon HD 7590M,Yes,07-Jan-2012,2012.0,18.0,1024.0,64.0,25.6,800.0,2560.0,1600.0
AMD,Radeon HD 7510M,No,07-Jan-2012,2012.0,11.0,1024.0,64.0,12.8,800.0,2560.0,1600.0
AMD,Radeon HD 7530M,No,07-Jan-2012,2012.0,11.0,1024.0,64.0,14.4,900.0,2560.0,1600.0
AMD,Radeon HD 7550M,Yes,07-Jan-2012,2012.0,14.0,2048.0,64.0,14.4,900.0,2560.0,1600.0
AMD,Radeon HD 7570M,Yes,07-Jan-2012,2012.0,13.0,1024.0,64.0,25.6,800.0,2560.0,1600.0
AMD,Radeon HD 7430M,No,07-Jan-2012,2012.0,7.0,1024.0,64.0,14.4,900.0,2560.0,1600.0
AMD,Radeon HD 7450M,No,07-Jan-2012,2012.0,7.0,1024.0,64.0,14.4,900.0,2560.0,1600.0
AMD,Radeon HD 7470M,No,07-Jan-2012,2012.0,7.0,512.0,64.0,14.4,900.0,2560.0,1600.0
AMD,Radeon HD 7490M,No,07-Jan-2012,2012.0,9.0,1024.0,64.0,30.4,950.0,2560.0,1600.0
AMD,Radeon HD 7370M,No,07-Jan-2012,2012.0,11.0,1024.0,64.0,12.8,800.0,2560.0,1600.0
AMD,Radeon HD 7350M,No,07-Jan-2012,2012.0,7.0,1024.0,64.0,14.4,900.0,2560.0,1600.0
AMD,Radeon HD 7330M,No,07-Jan-2012,2012.0,5.0,1024.0,64.0,12.8,800.0,2560.0,1600.0
AMD,Radeon R9 M280X [not released],Yes,01-Jun-2014,2014.0,75.0,2048.0,128.0,64.0,1000.0,4096.0,2160.0
AMD,Radeon R9 M275X,Yes,09-Mar-2014,2014.0,50.0,2048.0,128.0,64.0,1000.0,4096.0,2160.0
AMD,Radeon R9 M265X,Yes,09-Jan-2014,2014.0,35.0,2048.0,128.0,64.0,1000.0,4096.0,2160.0
AMD,Radeon R9 M275 [not released],Yes,09-Mar-2014,2014.0,50.0,2048.0,128.0,64.0,1000.0,4096.0,2160.0
AMD,Radeon R9 M270X,Yes,01-Jun-2014,2014.0,50.0,2048.0,128.0,64.0,1000.0,4096.0,2160.0
AMD,Radeon R7 M260X,No,09-Jan-2014,2014.0,35.0,2048.0,128.0,64.0,1000.0,4096.0,2160.0
AMD,Radeon R7 M265,Yes,09-Jan-2014,2014.0,35.0,2048.0,128.0,32.0,1000.0,4096.0,2160.0
AMD,Radeon R7 M260,No,11-Jun-2014,2014.0,35.0,2048.0,64.0,16.0,1000.0,4096.0,2160.0
AMD,Radeon R7 M260 v2,No,09-Jan-2014,2014.0,35.0,4096.0,128.0,28.8,900.0,4096.0,2160.0
AMD,Radeon R7 M270,Yes,09-Jan-2014,2014.0,30.0,4096.0,128.0,32.0,1000.0,4096.0,2160.0
AMD,Radeon R5 M255,No,12-Oct-2014,2014.0,20.0,4096.0,64.0,16.0,1000.0,2560.0,1600.0
AMD,Radeon R5 M220,No,01-Nov-2013,2013.0,17.0,1024.0,64.0,14.4,900.0,2560.0,1600.0
AMD,Radeon R5 M210,No,01-Nov-2013,2013.0,13.0,1024.0,64.0,14.4,900.0,2560.0,1600.0
AMD,Radeon R5 M230,No,01-Jan-2014,2014.0,20.0,4096.0,64.0,16.0,1000.0,2560.0,1600.0
AMD,Radeon R9 M385 4GB,Yes,09-Jun-2015,2015.0,75.0,4096.0,128.0,88.0,1375.0,4096.0,2160.0
AMD,Radeon R9 M380 4GB,Yes,09-Jun-2015,2015.0,75.0,4096.0,128.0,96.0,1500.0,4096.0,2160.0
AMD,Radeon R9 M385X 4GB,Yes,09-Jun-2015,2015.0,75.0,4096.0,128.0,96.0,1500.0,4096.0,2160.0
AMD,Radeon R9 M375X 4GB,Yes,09-Jun-2015,2015.0,75.0,4096.0,128.0,72.0,1125.0,4096.0,2160.0
AMD,Radeon R9 M360 4GB,Yes,09-Jun-2015,2015.0,50.0,4096.0,128.0,64.0,1000.0,4096.0,2160.0
AMD,Radeon R9 M365X 4GB,Yes,09-Jun-2015,2015.0,50.0,4096.0,128.0,64.0,1000.0,4096.0,2160.0
AMD,Radeon R7 M340 2GB,No,05-May-2015,2015.0,25.0,2048.0,64.0,16.0,1000.0,2560.0,1600.0
AMD,Radeon R9 M375 2GB,Yes,05-May-2015,2015.0,75.0,2048.0,128.0,35.2,1100.0,4096.0,2160.0
AMD,Radeon R7 M360 2GB,No,05-May-2015,2015.0,50.0,2048.0,64.0,17.6,1100.0,4096.0,2160.0
AMD,Radeon R7 M360 4GB,No,05-May-2015,2015.0,50.0,4096.0,64.0,17.6,1100.0,4096.0,2160.0
AMD,Radeon R5 M335 2GB,No,21-Oct-2015,2015.0,25.0,2048.0,64.0,17.6,1100.0,2560.0,1600.0
AMD,Radeon R5 M330 2GB,No,05-May-2015,2015.0,25.0,2048.0,64.0,16.0,1000.0,2560.0,1600.0
AMD,Radeon R5 M320 2GB,No,05-May-2015,2015.0,20.0,2048.0,64.0,16.0,1000.0,2560.0,1600.0
AMD,Radeon R5 M330 4GB,No,05-May-2015,2015.0,25.0,4096.0,64.0,16.0,1000.0,2560.0,1600.0
AMD,Radeon R9 M470 4GB,Yes,13-May-2016,2016.0,75.0,4096.0,128.0,88.0,1375.0,4096.0,2160.0
AMD,Radeon R9 M470X 4GB,Yes,13-May-2016,2016.0,75.0,4096.0,128.0,96.0,1500.0,4096.0,2160.0
AMD,Radeon R5 M335 4GB,No,21-Oct-2015,2015.0,25.0,4096.0,64.0,17.6,1100.0,4096.0,2160.0
AMD,Mobility Radeon HD 3870 x2,No,01-Sep-2008,2008.0,110.0,1024.0,256.0,108.8,1700.0,2560.0,1600.0
AMD,Mobility Radeon HD 4870,No,09-Jan-2009,2009.0,65.0,1024.0,256.0,89.6,700.0,2560.0,1600.0
AMD,Mobility Radeon HD 4870 x2,No,09-Jan-2009,2009.0,130.0,2048.0,512.0,179.2,700.0,2560.0,1600.0
Nvidia,Quadro NVS 300M,No,24-May-2006,2006.0,16.0,512.0,128.0,16.0,500.0,1600.0,1200.0
Nvidia,Quadro NVS 320M,No,09-Jun-2007,2007.0,20.0,512.0,128.0,22.4,700.0,1600.0,1200.0
Nvidia,Quadro NVS 160M,No,15-Aug-2008,2008.0,12.0,256.0,64.0,11.2,700.0,1920.0,1200.0
Nvidia,Quadro NVS 150M,No,15-Aug-2008,2008.0,10.0,256.0,64.0,11.2,700.0,1680.0,1050.0
Nvidia,NVS 5400M,No,01-Jun-2012,2012.0,35.0,2048.0,128.0,28.8,900.0,2560.0,1600.0
AMD,Mobility Radeon 7500 64MB,No,01-Dec-2001,2001.0,27.0,64.0,64.0,1.6,200.0,2048.0,1536.0
Nvidia,GeForce 9800M GTS,No,01-Jul-2008,2008.0,75.0,1024.0,256.0,51.2,800.0,2560.0,1600.0
Nvidia,GeForce 9800M GTX SLI,Yes,01-Jul-2008,2008.0,150.0,2048.0,256.0,102.4,800.0,2560.0,1600.0
Nvidia,GeForce 9800M GT SLI,Yes,01-Jul-2008,2008.0,130.0,1024.0,256.0,102.4,800.0,2560.0,1600.0
Nvidia,GeForce 9800M GTS SLI,Yes,01-Jul-2008,2008.0,150.0,2048.0,256.0,102.4,800.0,2560.0,1600.0
Nvidia,GeForce 9800M GTX,Yes,01-Jul-2008,2008.0,75.0,1024.0,256.0,51.2,800.0,2560.0,1600.0
Nvidia,GeForce 9800M GS,No,02-Jan-2008,2008.0,60.0,512.0,256.0,51.2,800.0,2560.0,1600.0
Nvidia,GeForce 9700M GT,No,01-Jul-2008,2008.0,45.0,512.0,128.0,25.6,800.0,2560.0,1600.0
Nvidia,GeForce 9800M GT,Yes,01-Jul-2008,2008.0,65.0,512.0,256.0,51.2,800.0,2560.0,1600.0
Nvidia,GeForce 9650M GS,No,02-Jan-2008,2008.0,29.0,512.0,128.0,25.6,800.0,2560.0,1600.0
Nvidia,GeForce 9700M GTS,No,01-Jul-2008,2008.0,60.0,512.0,256.0,51.2,800.0,2560.0,1600.0
Nvidia,GeForce 9600M GT,Yes,02-Jan-2008,2008.0,23.0,1024.0,128.0,25.6,800.0,2560.0,1600.0
Nvidia,GeForce 9650M GT,Yes,19-Aug-2008,2008.0,23.0,1024.0,128.0,25.6,800.0,2560.0,1600.0
Nvidia,GeForce 9500M GS,No,01-Feb-2008,2008.0,20.0,512.0,128.0,22.4,700.0,2560.0,1600.0
Nvidia,GeForce 9600M GS,No,03-Jun-2008,2008.0,20.0,1024.0,128.0,25.6,800.0,2560.0,1600.0
Nvidia,GeForce 9500M G,Yes,03-Jun-2008,2008.0,20.0,1024.0,128.0,25.6,800.0,2560.0,1600.0
Nvidia,GeForce 9300M GS,Yes,02-Jan-2008,2008.0,13.0,256.0,64.0,11.2,700.0,2560.0,1600.0
Nvidia,GeForce 9300M G,No,02-Jan-2008,2008.0,13.0,256.0,64.0,9.6,600.0,2560.0,1600.0
Nvidia,GeForce 9200M GS,No,03-Jun-2008,2008.0,13.0,256.0,64.0,11.2,700.0,2560.0,1600.0
Nvidia,Quadro FX 770M,No,14-Aug-2008,2008.0,35.0,512.0,128.0,25.6,800.0,2560.0,1600.0
Nvidia,Quadro FX 3700M,No,14-Aug-2008,2008.0,75.0,1024.0,256.0,51.2,800.0,2560.0,1600.0
Nvidia,Quadro FX 570M,No,01-Jun-2007,2007.0,45.0,512.0,128.0,22.4,700.0,2560.0,1600.0
Nvidia,Quadro FX 380M,No,07-Jan-2010,2010.0,25.0,512.0,64.0,12.8,800.0,2560.0,1600.0
Nvidia,Quadro FX 360M,No,09-May-2007,2007.0,17.0,256.0,64.0,9.6,600.0,2560.0,1600.0
Nvidia,Quadro FX 3600M,No,23-Feb-2008,2008.0,70.0,1024.0,256.0,51.2,800.0,2560.0,1600.0
Nvidia,Quadro FX 2800M,No,01-Dec-2009,2009.0,75.0,1024.0,256.0,64.0,1000.0,2560.0,1600.0
Nvidia,Quadro FX 350M,No,31-Mar-2006,2006.0,15.0,256.0,64.0,5.6,350.0,2560.0,1600.0
Nvidia,Quadro FX 3500M,No,01-Mar-2007,2007.0,45.0,512.0,256.0,44.8,700.0,2560.0,1600.0
Nvidia,Quadro FX 2500M,No,29-Sep-2005,2005.0,45.0,1024.0,256.0,38.4,600.0,2560.0,1600.0
Nvidia,Quadro FX 1700M,No,01-Oct-2008,2008.0,50.0,512.0,128.0,25.6,800.0,2560.0,1600.0
Nvidia,Quadro K610M,Yes,23-Jul-2013,2013.0,30.0,1024.0,64.0,20.8,650.0,4096.0,2160.0
Nvidia,Quadro FX 1500M,No,18-Apr-2006,2006.0,45.0,512.0,256.0,32.0,500.0,2560.0,1600.0
Nvidia,Quadro FX 2700M,No,14-Aug-2008,2008.0,65.0,512.0,256.0,51.2,800.0,2560.0,1600.0
Nvidia,Quadro K5100M,No,23-Jul-2013,2013.0,100.0,8192.0,256.0,115.5,902.0,4096.0,2160.0
Nvidia,Quadro K4000M,No,01-Jun-2012,2012.0,100.0,4096.0,256.0,89.6,700.0,4096.0,2160.0
Nvidia,Quadro K5000M,No,01-Aug-2012,2012.0,100.0,4096.0,256.0,96.0,750.0,4096.0,2160.0
Nvidia,Quadro K3000M,No,01-Jun-2012,2012.0,75.0,2048.0,256.0,89.6,700.0,4096.0,2160.0
Nvidia,Quadro K2000M,No,01-Jun-2012,2012.0,55.0,2048.0,128.0,28.8,900.0,4096.0,2160.0
Nvidia,Quadro K1100M,No,23-Jul-2013,2013.0,45.0,2048.0,128.0,44.8,700.0,4096.0,2160.0
Nvidia,Quadro K3100M,Yes,23-Jul-2013,2013.0,75.0,4096.0,256.0,102.4,800.0,4096.0,2160.0
Nvidia,Quadro K1000M,No,01-Jun-2012,2012.0,45.0,2048.0,128.0,28.8,900.0,4096.0,2160.0
Nvidia,Quadro 2000M,No,13-Jan-2011,2011.0,55.0,2048.0,128.0,28.8,900.0,2560.0,1600.0
Nvidia,Quadro FX 1600M,No,01-Jun-2007,2007.0,50.0,512.0,128.0,25.6,800.0,2560.0,1600.0
Nvidia,NVS 5100M,No,07-Jan-2010,2010.0,35.0,1024.0,128.0,25.6,800.0,2560.0,1600.0
Nvidia,NVS 3100M,No,07-Jan-2010,2010.0,14.0,512.0,64.0,12.8,800.0,2560.0,1600.0
Nvidia,Quadro NVS 140M 256MB GDDR3,No,05-Sep-2007,2007.0,10.0,256.0,64.0,11.2,700.0,1600.0,1200.0
Nvidia,Quadro NVS 140M 128MB GDDR2,No,05-Sep-2007,2007.0,10.0,128.0,64.0,11.2,700.0,1600.0,1200.0
Nvidia,NVS 2100M,No,07-Jan-2010,2010.0,14.0,512.0,64.0,12.8,800.0,2560.0,1600.0
Nvidia,Quadro NVS 135M,No,09-May-2007,2007.0,10.0,256.0,64.0,9.6,600.0,1600.0,1200.0
Nvidia,Quadro NVS 130M,No,09-May-2007,2007.0,10.0,256.0,64.0,11.2,700.0,1600.0,1200.0
Nvidia,Quadro NVS 120M,No,01-Jun-2006,2006.0,10.0,512.0,64.0,11.2,700.0,1600.0,1200.0
AMD,Radeon R8 M365DX,No,03-Jun-2015,2015.0,85.0,2048.0,192.0,86.4,1800.0,4096.0,2160.0
AMD,Radeon HD 8550G + HD 8750M Dual,No,01-Aug-2013,2013.0,50.0,2048.0,128.0,25.6,800.0,2560.0,1600.0
AMD,Radeon HD 8210G + HD 8570M Dual,No,01-Aug-2013,2013.0,50.0,1024.0,64.0,16.0,1000.0,2560.0,1600.0
AMD,Mobility Radeon HD 4550,No,01-Jan-2010,2010.0,12.0,512.0,64.0,11.2,700.0,2560.0,1600.0
AMD,Mobility Radeon HD 4650,No,09-Jan-2009,2009.0,20.0,512.0,128.0,25.6,800.0,2560.0,1600.0
AMD,Mobility Radeon HD 4850,No,09-Jan-2009,2009.0,55.0,1024.0,256.0,54.4,850.0,2560.0,1600.0
AMD,Mobility Radeon HD 4530,No,09-Jan-2009,2009.0,10.0,512.0,64.0,11.2,700.0,2560.0,1600.0
AMD,Mobility Radeon HD 4570,No,09-Jan-2009,2009.0,14.0,512.0,64.0,12.8,800.0,2560.0,1600.0
AMD,Mobility Radeon HD 4670 512MB,No,09-Jan-2009,2009.0,29.0,512.0,128.0,25.6,800.0,2560.0,1600.0
AMD,Mobility Radeon HD 4350,No,09-Jan-2009,2009.0,12.0,512.0,64.0,9.6,600.0,2560.0,1600.0
AMD,FirePro W4170M,Yes,28-Apr-2014,2014.0,50.0,2048.0,128.0,72.0,1125.0,4096.0,2160.0
AMD,FirePro M6100,Yes,16-Oct-2013,2013.0,75.0,2048.0,128.0,72.0,1125.0,4096.0,2160.0
AMD,FirePro M5100,Yes,16-Oct-2013,2013.0,50.0,2048.0,128.0,72.0,1125.0,4096.0,2160.0
AMD,FirePro M4000,Yes,27-Jun-2012,2012.0,33.0,2048.0,128.0,64.0,1000.0,4096.0,2160.0
AMD,Mobility Radeon HD 4330,No,09-Jan-2009,2009.0,7.0,512.0,64.0,9.6,600.0,2560.0,1600.0
AMD,Mobility Radeon HD 3870,Yes,04-Jun-2008,2008.0,55.0,512.0,256.0,54.4,850.0,2560.0,1600.0
AMD,Mobility Radeon HD 3670,No,07-Jan-2008,2008.0,30.0,512.0,128.0,25.6,800.0,2560.0,1600.0
AMD,Mobility Radeon HD 3650,No,07-Jan-2008,2008.0,30.0,512.0,128.0,22.4,700.0,2560.0,1600.0
AMD,Mobility Radeon HD 3850,No,04-Jun-2008,2008.0,45.0,512.0,256.0,48.0,750.0,2560.0,1600.0
AMD,Mobility Radeon HD 3470,No,07-Jan-2008,2008.0,12.0,256.0,64.0,12.8,800.0,2560.0,1600.0
AMD,Mobility Radeon HD 3430,No,25-Jul-2008,2008.0,10.0,256.0,64.0,11.2,700.0,2560.0,1600.0
AMD,Mobility Radeon HD 3450,No,07-Jan-2008,2008.0,12.0,256.0,64.0,11.2,700.0,2560.0,1600.0
AMD,Mobility Radeon HD 3410,No,25-Jul-2008,2008.0,8.0,256.0,64.0,11.2,700.0,2560.0,1600.0
Nvidia,GeForce 8800M GTX,Yes,01-Nov-2007,2007.0,65.0,512.0,256.0,51.2,800.0,2560.0,1600.0
Nvidia,GeForce 8800M GTX SLI,Yes,01-Nov-2007,2007.0,130.0,2048.0,256.0,204.8,800.0,2560.0,1600.0
Nvidia,GeForce 8800M GTS,No,01-Nov-2007,2007.0,50.0,512.0,256.0,51.2,800.0,2560.0,1600.0
Nvidia,GeForce Go 6800 ultra,No,01-Feb-2005,2005.0,89.0,256.0,256.0,35.2,550.0,2048.0,1536.0
Nvidia,GeForce GTX 880M 8GB,Yes,12-Mar-2014,2014.0,122.0,8192.0,256.0,160.0,1250.0,4096.0,2160.0
Nvidia,GeForce Go 7900 GTX,Yes,01-Apr-2006,2006.0,45.0,512.0,256.0,38.4,600.0,2560.0,1600.0
Nvidia,GeForce Go 7800 GTX,Yes,01-Oct-2005,2005.0,65.0,512.0,256.0,35.2,550.0,2560.0,1600.0
Nvidia,GeForce Go 7950 GTX,Yes,01-Oct-2006,2006.0,45.0,512.0,256.0,44.8,700.0,2560.0,1600.0
Nvidia,GeForce GTX 880M SLI,Yes,12-Mar-2014,2014.0,200.0,16384.0,256.0,320.0,1250.0,4096.0,2160.0
Nvidia,GeForce GTX 485M SLI,Yes,01-Jan-2011,2011.0,200.0,4096.0,256.0,192.0,750.0,2560.0,1600.0
Nvidia,GeForce GTX 880M 4GB,Yes,12-Mar-2014,2014.0,122.0,4096.0,256.0,160.0,1250.0,4096.0,2160.0
Nvidia,GeForce Go 7900 GS,Yes,01-Apr-2006,2006.0,20.0,512.0,256.0,32.0,500.0,2560.0,1600.0
Nvidia,GeForce GTS 160M,Yes,02-Mar-2009,2009.0,60.0,1024.0,256.0,51.2,800.0,2560.0,1600.0
Nvidia,GeForce GTX 580M SLI,Yes,01-Jun-2011,2011.0,200.0,4096.0,256.0,192.0,750.0,2560.0,1600.0
Nvidia,GeForce GTX 560M SLI,Yes,01-May-2011,2011.0,150.0,3072.0,192.0,120.0,625.0,2560.0,1600.0
Nvidia,GeForce GTX 570M,Yes,28-Jun-2011,2011.0,75.0,1536.0,192.0,72.0,750.0,2560.0,1600.0
Nvidia,GeForce GT 555M 3GB,No,05-Jan-2011,2011.0,35.0,3072.0,192.0,43.2,900.0,2560.0,1600.0
Nvidia,GeForce GTX 580M,Yes,28-Jun-2011,2011.0,100.0,2048.0,256.0,96.0,750.0,2560.0,1600.0
Nvidia,GeForce GT 555M v2,No,15-Jun-2011,2011.0,35.0,1024.0,128.0,50.2,784.0,2560.0,1600.0
Nvidia,GeForce GTX 560M,Yes,30-May-2011,2011.0,75.0,1536.0,192.0,60.0,625.0,2560.0,1600.0
Nvidia,GeForce GT 555M v3,No,26-Mar-2012,2012.0,35.0,2048.0,128.0,28.8,900.0,2560.0,1600.0
Nvidia,GeForce GT 550M 2GB,No,06-Jan-2011,2011.0,35.0,2048.0,128.0,28.8,900.0,2560.0,1600.0
Nvidia,GeForce GT 540M,No,06-Jan-2011,2011.0,35.0,1024.0,128.0,28.8,900.0,2560.0,1600.0
Nvidia,GeForce GT 555M,No,05-Jan-2011,2011.0,35.0,1536.0,192.0,43.2,900.0,2560.0,1600.0
Nvidia,GeForce GT 540M 2GB,No,01-Jan-2011,2011.0,35.0,2048.0,128.0,28.8,900.0,2560.0,1600.0
Nvidia,GeForce GT 550M,No,05-Jan-2011,2011.0,35.0,1024.0,128.0,28.8,900.0,2560.0,1600.0
Nvidia,GeForce GT 525M,No,05-Jan-2011,2011.0,23.0,1024.0,128.0,28.8,900.0,2560.0,1600.0
Nvidia,GeForce GT 525M 2GB,No,01-Jan-2011,2011.0,25.0,2048.0,128.0,28.8,900.0,2560.0,1600.0
Nvidia,GeForce GT 520M v2,No,05-Jan-2011,2011.0,12.0,1024.0,64.0,12.8,800.0,2560.0,1600.0
Nvidia,GeForce GT 520M,No,05-Jan-2011,2011.0,12.0,1024.0,64.0,12.8,800.0,2560.0,1600.0
Nvidia,GeForce GTX 280M,Yes,01-Mar-2009,2009.0,75.0,1024.0,256.0,60.8,950.0,2560.0,1600.0
Nvidia,GeForce GTX 285M,Yes,01-Feb-2010,2010.0,75.0,1024.0,256.0,64.0,1000.0,2560.0,1600.0
Nvidia,GeForce GT 520MX,No,30-May-2011,2011.0,20.0,1024.0,64.0,14.4,900.0,2560.0,1600.0
Nvidia,GeForce GTX 260M,Yes,01-Mar-2009,2009.0,65.0,1024.0,256.0,60.8,950.0,2560.0,1600.0
Nvidia,GeForce GTX 260M SLI,Yes,01-Mar-2009,2009.0,130.0,2048.0,256.0,121.6,950.0,2560.0,1600.0
Nvidia,GeForce GTS 260M,Yes,01-Jun-2009,2009.0,38.0,1024.0,128.0,57.6,900.0,2560.0,1600.0
Nvidia,GeForce GTS 250M,Yes,01-Jun-2009,2009.0,28.0,1024.0,128.0,51.2,800.0,2560.0,1600.0
Nvidia,GeForce GTX 280M SLI,Yes,01-Mar-2009,2009.0,150.0,2048.0,256.0,121.6,950.0,2560.0,1600.0
Nvidia,GeForce GTX 1070M,No,01-Sep-2016,2016.0,150.0,8192.0,256.0,256.3,2002.0,7680.0,4320.0
Nvidia,GeForce GTX 1050M Ti 4GB,No,18-Oct-2016,2016.0,75.0,4096.0,128.0,112.1,1752.0,7680.0,4320.0
Nvidia,GeForce GT 240M,No,01-Jun-2009,2009.0,23.0,1024.0,128.0,25.6,800.0,2560.0,1600.0
Nvidia,GeForce GTX 1080 Ti Mobile,Yes,05-Mar-2017,2017.0,220.0,11264.0,352.0,484.4,1376.0,7680.0,4320.0
Nvidia,GeForce GTX 1050M,No,01-Nov-2016,2016.0,75.0,2048.0,128.0,112.1,1752.0,7680.0,4320.0
Nvidia,GeForce G 210M,No,02-Jan-2009,2009.0,14.0,512.0,64.0,12.8,800.0,2560.0,1600.0
Nvidia,GeForce GT 230M,No,15-Jun-2009,2009.0,23.0,1024.0,128.0,25.6,800.0,2560.0,1600.0
Nvidia,GeForce GTX 1060M,No,01-Sep-2016,2016.0,120.0,6144.0,192.0,192.2,2002.0,7680.0,4320.0
Nvidia,GeForce GTX 285M SLI,Yes,01-Feb-2010,2010.0,150.0,2048.0,128.0,65.3,1020.0,2560.0,1600.0
Nvidia,GeForce GT 130M,Yes,08-Jan-2009,2009.0,23.0,1024.0,128.0,25.6,800.0,2560.0,1600.0
Nvidia,GeForce GTS 150M,Yes,02-Mar-2009,2009.0,45.0,1024.0,256.0,64.0,1000.0,2560.0,1600.0
Nvidia,GeForce GT 220M,No,16-Aug-2009,2009.0,14.0,1024.0,128.0,25.6,800.0,2560.0,1600.0
Nvidia,GeForce G 103M,No,01-Sep-2009,2009.0,14.0,512.0,64.0,8.0,500.0,2560.0,1600.0
Nvidia,GeForce G 105M,No,08-Jan-2009,2009.0,14.0,512.0,64.0,11.2,700.0,2560.0,1600.0
Nvidia,GeForce GTX 485M,Yes,05-Jan-2011,2011.0,100.0,2048.0,256.0,96.0,750.0,2560.0,1600.0
Nvidia,GeForce GTX 480M,Yes,25-May-2010,2010.0,100.0,2048.0,256.0,76.8,600.0,2560.0,1600.0
Nvidia,GeForce GTX 480M SLI,Yes,01-May-2010,2010.0,200.0,4096.0,256.0,153.6,600.0,2560.0,1600.0
Nvidia,GeForce GTX 470M SLI,Yes,01-Sep-2010,2010.0,150.0,3072.0,192.0,120.0,625.0,2560.0,1600.0
Nvidia,GeForce GTX 470M,Yes,03-Sep-2010,2010.0,75.0,1536.0,192.0,60.0,625.0,2560.0,1600.0
Nvidia,GeForce GT 445M v2,No,03-Sep-2010,2010.0,35.0,1024.0,128.0,40.0,625.0,2560.0,1600.0
Nvidia,GeForce G 110M,No,08-Jan-2009,2009.0,14.0,1024.0,64.0,11.2,700.0,2560.0,1600.0
Nvidia,GeForce GT 445M,No,03-Sep-2010,2010.0,35.0,3072.0,192.0,38.4,800.0,2560.0,1600.0
Nvidia,GeForce GTX 460M SLI,Yes,01-Sep-2010,2010.0,100.0,3072.0,192.0,120.0,625.0,2560.0,1600.0
Nvidia,GeForce GT 435M v2,No,15-Jan-2011,2011.0,35.0,1024.0,128.0,25.6,800.0,2560.0,1600.0
Nvidia,GeForce GT 435M,No,03-Sep-2010,2010.0,35.0,1024.0,128.0,25.6,800.0,2560.0,1600.0
Nvidia,GeForce GT 425M,No,03-Sep-2010,2010.0,23.0,1024.0,128.0,25.6,800.0,1600.0,1200.0
Nvidia,GeForce GTX 460M,Yes,03-Sep-2010,2010.0,50.0,1536.0,192.0,60.0,625.0,2560.0,1600.0
Nvidia,GeForce GTX 870M 6GB,Yes,12-Mar-2014,2014.0,100.0,6144.0,192.0,120.0,1250.0,4096.0,2160.0
Nvidia,GeForce GTX 1080M,No,01-Sep-2016,2016.0,180.0,8192.0,256.0,320.3,1251.0,7680.0,4320.0
Nvidia,GeForce 410M,No,05-Jan-2011,2011.0,12.0,1024.0,64.0,12.8,800.0,2560.0,1600.0
Nvidia,GeForce GT 420M,No,03-Sep-2010,2010.0,23.0,512.0,128.0,25.6,800.0,2560.0,1600.0
Nvidia,GeForce GT 415M,No,03-Sep-2010,2010.0,12.0,512.0,128.0,25.6,800.0,2560.0,1600.0
Nvidia,GeForce GTX 860M 4GB,No,12-Mar-2014,2014.0,50.0,4096.0,128.0,80.0,1250.0,4096.0,2160.0
Nvidia,Geforce 405M,No,10-May-2012,2012.0,14.0,512.0,64.0,12.8,800.0,2560.0,1600.0
Nvidia,GeForce GTX 850M v2 2GB,No,12-Mar-2014,2014.0,45.0,2048.0,128.0,80.2,1253.0,4096.0,2160.0
Nvidia,GeForce GTX 850M 4GB,Yes,12-Mar-2014,2014.0,45.0,4096.0,128.0,32.0,1000.0,4096.0,2160.0
Nvidia,GeForce GTX 860M 2GB SLI,Yes,12-Mar-2014,2014.0,120.0,4096.0,128.0,160.4,1253.0,4096.0,2160.0
Nvidia,GeForce 840M 4GB,No,12-Mar-2014,2014.0,33.0,2048.0,64.0,16.0,1001.0,4096.0,2160.0
Nvidia,GeForce GTS 360M,Yes,07-Jan-2010,2010.0,38.0,1024.0,128.0,57.6,900.0,2560.0,1600.0
Nvidia,GeForce 820M 2GB,No,27-Nov-2013,2013.0,15.0,2048.0,64.0,14.4,900.0,2560.0,1600.0
Nvidia,GeForce GTS 350M,Yes,07-Jan-2010,2010.0,28.0,1024.0,128.0,51.2,800.0,2560.0,1600.0
Nvidia,GeForce GT 335M,Yes,07-Jan-2010,2010.0,28.0,1024.0,128.0,34.1,1066.0,2560.0,1600.0
Nvidia,GeForce 840M 2GB,No,12-Mar-2014,2014.0,33.0,2048.0,64.0,16.0,1001.0,4096.0,2160.0
Nvidia,GeForce GT 330M,No,10-Jan-2010,2010.0,23.0,1024.0,128.0,34.1,1066.0,2560.0,1600.0
Nvidia,GeForce GT 325M,No,10-Jan-2010,2010.0,23.0,1024.0,128.0,34.1,1066.0,2560.0,1600.0
Nvidia,GeForce 825M 2GB,No,27-Jan-2014,2014.0,33.0,2048.0,64.0,14.4,900.0,4096.0,2160.0
Nvidia,GeForce GT 320M,No,21-Jan-2010,2010.0,14.0,1024.0,128.0,25.3,790.0,2560.0,1600.0
Nvidia,GeForce GTX 850M 2GB,Yes,12-Mar-2014,2014.0,45.0,2048.0,128.0,32.0,1000.0,4096.0,2160.0
Nvidia,GeForce 310M,No,10-Jan-2010,2010.0,14.0,512.0,64.0,12.6,790.0,2560.0,1600.0
Nvidia,GeForce 315M,No,05-Jan-2011,2011.0,14.0,512.0,64.0,12.6,790.0,2560.0,1600.0
Nvidia,GeForce GTX 870M 3GB,Yes,12-Mar-2014,2014.0,100.0,3072.0,192.0,120.0,1250.0,4096.0,2160.0
Nvidia,GeForce 820M 1GB,No,27-Nov-2013,2013.0,15.0,1024.0,64.0,14.4,900.0,2560.0,1600.0
Nvidia,GeForce 305M,Yes,10-Jan-2010,2010.0,14.0,512.0,64.0,11.2,700.0,2560.0,1600.0
Nvidia,GeForce GTX 675MX Mac Edition,Yes,01-Apr-2013,2013.0,100.0,1024.0,256.0,160.0,1250.0,4096.0,2160.0
Nvidia,GeForce GTX 680M,Yes,05-Jun-2012,2012.0,100.0,4096.0,256.0,115.2,900.0,4096.0,2160.0
Nvidia,GeForce GTX 675MX,Yes,01-Oct-2012,2012.0,100.0,2048.0,256.0,115.2,900.0,4096.0,2160.0
Nvidia,GeForce GTX 680MX,Yes,23-Oct-2012,2012.0,122.0,2048.0,256.0,160.0,1250.0,4096.0,2160.0
Nvidia,GeForce GTX 680M SLI,Yes,01-Jun-2012,2012.0,200.0,4096.0,256.0,230.4,900.0,4096.0,2160.0
Nvidia,GeForce GTX 675M,Yes,22-Mar-2012,2012.0,100.0,2048.0,256.0,96.0,750.0,2560.0,1600.0
Nvidia,GeForce GTX 675M SLI,Yes,22-Mar-2012,2012.0,200.0,4096.0,256.0,192.0,750.0,2560.0,1600.0
Nvidia,GeForce GTX 860M 2GB,Yes,12-Mar-2014,2014.0,60.0,2048.0,128.0,80.2,1253.0,4096.0,2160.0
Nvidia,GeForce GTX 670MX SLI,Yes,01-Oct-2012,2012.0,150.0,6144.0,192.0,134.4,700.0,4096.0,2160.0
Nvidia,GeForce 310M v2,No,10-Jan-2010,2010.0,14.0,1024.0,64.0,10.7,667.0,2560.0,1600.0
Nvidia,GeForce GTX 670M,Yes,22-Mar-2012,2012.0,75.0,1536.0,192.0,72.0,750.0,2560.0,1600.0
Nvidia,GeForce GTX 670M 3GB,Yes,01-Mar-2012,2012.0,75.0,3072.0,192.0,72.0,750.0,2560.0,1600.0
Nvidia,GeForce GTX 670MX,Yes,01-Oct-2012,2012.0,75.0,3072.0,192.0,67.2,700.0,4096.0,2160.0
Nvidia,GeForce GTX 660M,Yes,22-Mar-2012,2012.0,50.0,2048.0,128.0,64.0,1000.0,4096.0,2160.0
Nvidia,GeForce GT 650M v2 SLI,Yes,22-Mar-2012,2012.0,90.0,4096.0,128.0,128.0,1000.0,4096.0,2160.0
Nvidia,GeForce GT 650M Mac 1GB Edition,Yes,12-Jul-2012,2012.0,45.0,1024.0,128.0,80.3,1254.0,4096.0,2160.0
Nvidia,GeForce GT 645M,No,01-Oct-2012,2012.0,32.0,2048.0,128.0,28.8,900.0,4096.0,2160.0
Nvidia,GeForce GT 640M LE v2,No,05-May-2012,2012.0,32.0,2048.0,128.0,50.2,785.0,2560.0,1600.0
Nvidia,GeForce GT 640M LE,No,22-Mar-2012,2012.0,20.0,1024.0,128.0,28.8,900.0,4096.0,2160.0
Nvidia,GeForce GT 650M,No,22-Mar-2012,2012.0,45.0,1024.0,128.0,28.8,900.0,4096.0,2160.0
Nvidia,GeForce GT 640M,No,22-Mar-2012,2012.0,32.0,2048.0,128.0,28.8,900.0,4096.0,2160.0
Nvidia,GeForce GT 635M v3,No,06-Mar-2012,2012.0,35.0,2048.0,128.0,28.8,900.0,2560.0,1600.0
Nvidia,GeForce GT 635M v2,No,22-Mar-2012,2012.0,33.0,1024.0,128.0,28.8,900.0,2560.0,1600.0
Nvidia,GeForce GT 630M,No,22-Mar-2012,2012.0,33.0,1024.0,128.0,28.8,900.0,2560.0,1600.0
Nvidia,GeForce GT 625M,No,01-Oct-2012,2012.0,15.0,2048.0,64.0,14.4,900.0,2560.0,1600.0
Nvidia,GeForce GT 620M v2,No,23-Aug-2012,2012.0,25.0,1024.0,128.0,28.8,900.0,2560.0,1600.0
Nvidia,GeForce GT 630M v3,No,22-Mar-2012,2012.0,35.0,2048.0,128.0,28.8,900.0,2560.0,1600.0
Nvidia,GeForce GT 620M,No,22-Mar-2012,2012.0,15.0,1024.0,64.0,14.4,900.0,2560.0,1600.0
Nvidia,GeForce 610M v5,No,07-Dec-2011,2011.0,20.0,2048.0,64.0,12.8,800.0,2560.0,1600.0
Nvidia,GeForce GT 630M v2,No,22-Mar-2012,2012.0,33.0,2048.0,128.0,57.6,900.0,2560.0,1600.0
Nvidia,GeForce 830M 2GB,No,12-Mar-2014,2014.0,25.0,2048.0,64.0,14.4,900.0,4096.0,2160.0
Nvidia,GeForce 610M v4,No,01-Dec-2011,2011.0,20.0,1024.0,64.0,14.4,900.0,2560.0,1600.0
Nvidia,GeForce 610M v3,No,01-Dec-2011,2011.0,12.0,1024.0,64.0,14.4,900.0,2560.0,1600.0
Nvidia,GeForce 610M v2,No,01-Dec-2011,2011.0,12.0,1024.0,64.0,14.4,900.0,2560.0,1600.0
Nvidia,GeForce GTX 780M SLI,Yes,30-May-2013,2013.0,200.0,8192.0,256.0,320.0,1250.0,4096.0,2160.0
Nvidia,GeForce GTX 780M,Yes,30-May-2013,2013.0,122.0,4096.0,256.0,160.0,1250.0,4096.0,2160.0
Nvidia,GeForce GTX 770M SLI,Yes,30-May-2013,2013.0,150.0,4096.0,192.0,192.0,1000.0,4096.0,2160.0
Nvidia,GeForce GTX 770M,Yes,30-May-2013,2013.0,75.0,3072.0,192.0,96.2,1002.0,4096.0,2160.0
Nvidia,GeForce GT 635M,No,06-Mar-2012,2012.0,35.0,2048.0,128.0,28.8,900.0,2560.0,1600.0
Nvidia,GeForce GTX 765M SLI,Yes,30-May-2013,2013.0,125.0,4096.0,128.0,128.0,1000.0,4096.0,2160.0
Nvidia,GeForce GTX 775M Mac Edition,Yes,08-Nov-2013,2013.0,100.0,2048.0,256.0,115.2,900.0,4096.0,2160.0
Nvidia,GeForce GTX 760M SLI,Yes,30-May-2013,2013.0,100.0,4096.0,128.0,128.0,1000.0,4096.0,2160.0
Nvidia,GeForce GTX 765M,Yes,30-May-2013,2013.0,65.0,2048.0,128.0,64.1,1002.0,4096.0,2160.0
Nvidia,GeForce GT 755M SLI,Yes,25-Jun-2013,2013.0,100.0,4096.0,128.0,172.8,1350.0,4096.0,2160.0
Nvidia,GeForce GTX 760M,Yes,30-May-2013,2013.0,55.0,2048.0,128.0,64.1,1002.0,4096.0,2160.0
Nvidia,GeForce GT 750M v3,Yes,09-Jan-2013,2013.0,50.0,2048.0,128.0,28.8,900.0,4096.0,2160.0
Nvidia,GeForce GT 750M Mac Edition,Yes,08-Nov-2013,2013.0,50.0,2048.0,128.0,80.2,1253.0,4096.0,2160.0
Nvidia,GeForce GT 750M SLI,Yes,01-Apr-2013,2013.0,80.0,4096.0,128.0,160.0,1250.0,4096.0,2160.0
Nvidia,GeForce GT 750M,Yes,09-Jan-2013,2013.0,50.0,2048.0,128.0,28.8,900.0,4096.0,2160.0
Nvidia,GeForce GT 750M 2GB GDDR5,No,09-Jan-2013,2013.0,50.0,2048.0,128.0,64.0,1000.0,4096.0,2160.0
Nvidia,GeForce GT 745M v2,No,01-Apr-2013,2013.0,45.0,2048.0,128.0,28.8,900.0,4096.0,2160.0
Nvidia,GeForce GT 740M v2,No,01-Apr-2013,2013.0,45.0,2048.0,128.0,28.8,900.0,4096.0,2160.0
Nvidia,GeForce GT 745M,No,01-Apr-2013,2013.0,45.0,2048.0,128.0,28.8,900.0,4096.0,2160.0
Nvidia,GeForce GT 755M,No,25-Jun-2013,2013.0,50.0,2048.0,128.0,86.4,1350.0,4096.0,2160.0
Nvidia,GeForce GT 740M 64-bit Edition,Yes,20-Jun-2013,2013.0,33.0,2048.0,64.0,14.4,900.0,4096.0,2160.0
Nvidia,GeForce GT 740M,No,01-Apr-2013,2013.0,45.0,2048.0,128.0,28.8,900.0,4096.0,2160.0
Nvidia,GeForce GT 730M v2,No,06-Mar-2014,2014.0,33.0,2048.0,128.0,28.8,900.0,4096.0,2160.0
Nvidia,GeForce GT 730M,No,20-Jan-2013,2013.0,33.0,2048.0,128.0,28.8,900.0,4096.0,2160.0
Nvidia,GeForce GT 720M 2GB,No,01-Apr-2013,2013.0,33.0,2048.0,64.0,14.4,900.0,2560.0,1600.0
Nvidia,GeForce GT 735M,No,01-Apr-2013,2013.0,17.0,2048.0,64.0,14.4,900.0,4096.0,2160.0
Nvidia,GeForce 710M,No,09-Jan-2013,2013.0,15.0,1024.0,64.0,14.4,900.0,2560.0,1600.0
Nvidia,GeForce GT 720M,No,01-Apr-2013,2013.0,33.0,1024.0,64.0,14.4,900.0,2560.0,1600.0
Nvidia,GeForce GT 650M v2,Yes,22-Mar-2012,2012.0,45.0,2048.0,128.0,64.0,1000.0,4096.0,2160.0
Nvidia,GeForce GTX 980M 8GB SLI,Yes,07-Oct-2014,2014.0,200.0,16384.0,256.0,320.8,1253.0,4096.0,2160.0
Nvidia,GeForce GTX 980MX 8GB,Yes,01-Jun-2016,2016.0,122.0,8192.0,256.0,160.4,1253.0,4096.0,2160.0
Nvidia,GeForce GTX 980M 8GB,Yes,07-Oct-2014,2014.0,100.0,8192.0,256.0,160.4,1253.0,4096.0,2160.0
Nvidia,GeForce GTX 980M 4GB,Yes,07-Oct-2014,2014.0,100.0,4096.0,256.0,160.4,1253.0,4096.0,2160.0
Nvidia,GeForce GTX 970MX 3GB,Yes,01-Jun-2016,2016.0,75.0,3072.0,192.0,120.3,1253.0,4096.0,2160.0
Nvidia,GeForce GTX 970M 6GB SLI,Yes,07-Oct-2014,2014.0,150.0,12288.0,192.0,240.6,1253.0,4096.0,2160.0
Nvidia,GeForce GTX 970M 3GB,Yes,07-Oct-2014,2014.0,81.0,3072.0,192.0,120.3,1253.0,4096.0,2160.0
Nvidia,GeForce GTX 970M 6GB,Yes,07-Oct-2014,2014.0,81.0,6144.0,192.0,120.3,1253.0,4096.0,2160.0
Nvidia,GeForce GTX 965M 4GB SLI,Yes,07-Jan-2015,2015.0,100.0,4096.0,128.0,160.0,1250.0,4096.0,2160.0
Nvidia,GeForce GTX 980 4GB,Yes,22-Sep-2015,2015.0,165.0,4096.0,256.0,224.0,1750.0,4096.0,2160.0
Nvidia,GeForce GTX 960M 4GB,Yes,12-Mar-2015,2015.0,50.0,4096.0,128.0,80.2,1253.0,4096.0,2160.0
Nvidia,GeForce GTX 965M 4GB,Yes,07-Jan-2015,2015.0,50.0,4096.0,128.0,80.0,1250.0,4096.0,2160.0
Nvidia,GeForce GTX 960M 2GB,No,12-Mar-2015,2015.0,50.0,2048.0,128.0,80.2,1253.0,4096.0,2160.0
Nvidia,GeForce 610M,No,01-Dec-2011,2011.0,20.0,1024.0,64.0,14.4,900.0,2560.0,1600.0
Nvidia,GeForce GTX 950M v2 2GB,No,12-Mar-2015,2015.0,50.0,2048.0,128.0,32.0,1000.0,4096.0,2160.0
Nvidia,GeForce 940MX 2GB,No,01-Mar-2016,2016.0,25.0,2048.0,64.0,16.0,1001.0,4096.0,2160.0
Nvidia,GeForce 945M 2GB,No,27-Oct-2015,2015.0,40.0,2048.0,128.0,32.0,1000.0,4096.0,2160.0
Nvidia,GeForce GTX 950M v2 4GB,No,12-Mar-2015,2015.0,50.0,4096.0,128.0,28.8,900.0,4096.0,2160.0
Nvidia,GeForce GTX 965M 2GB,Yes,07-Jan-2015,2015.0,70.0,2048.0,128.0,80.0,1250.0,4096.0,2160.0
Nvidia,GeForce 705M 1GB,No,01-Jun-2013,2013.0,15.0,1024.0,64.0,14.4,900.0,2560.0,1600.0
Nvidia,GeForce 930MX 2GB,No,01-Mar-2016,2016.0,25.0,2048.0,64.0,40.0,1250.0,4096.0,2160.0
Nvidia,GeForce GTX 950M 2GB,Yes,12-Mar-2015,2015.0,50.0,2048.0,128.0,80.0,1250.0,4096.0,2160.0
Nvidia,GeForce 940M 2GB,No,13-Mar-2015,2015.0,30.0,2048.0,64.0,16.0,1000.0,4096.0,2160.0
Nvidia,GeForce 920MX 2GB,No,01-Mar-2016,2016.0,25.0,2048.0,64.0,36.0,1125.0,4096.0,2160.0
Nvidia,GeForce 930M 2GB,No,13-Mar-2015,2015.0,25.0,2048.0,64.0,14.4,900.0,4096.0,2160.0
Nvidia,GeForce 940M 4GB,No,13-Mar-2015,2015.0,25.0,4096.0,64.0,16.0,1000.0,4096.0,2160.0
Nvidia,GeForce 920M 4GB,No,13-Mar-2015,2015.0,25.0,4096.0,64.0,14.4,900.0,4096.0,2160.0
Nvidia,GeForce 910M 2GB,No,27-Jul-2015,2015.0,25.0,2048.0,64.0,14.4,900.0,4096.0,2160.0
Nvidia,GeForce 920M 2GB,No,13-Mar-2015,2015.0,25.0,2048.0,64.0,14.4,900.0,4096.0,2160.0
Nvidia,GeForce Go 7800,No,01-Mar-2006,2006.0,35.0,256.0,256.0,35.2,550.0,2560.0,1600.0
Nvidia,GeForce 920M 1GB,No,13-Mar-2015,2015.0,25.0,1024.0,64.0,14.4,900.0,4096.0,2160.0
Nvidia,GeForce 8700M GT 256MB,Yes,01-Jun-2007,2007.0,29.0,256.0,128.0,25.6,800.0,2560.0,1600.0
Nvidia,GeForce 8600M GT 512MB,Yes,01-Jun-2007,2007.0,20.0,512.0,128.0,22.4,700.0,2560.0,1600.0
Nvidia,GeForce 8600M GT,Yes,01-Jun-2007,2007.0,20.0,256.0,128.0,22.4,700.0,2560.0,1600.0
Nvidia,GeForce 8400M GS,No,01-May-2007,2007.0,11.0,256.0,64.0,9.6,600.0,2560.0,1600.0
Nvidia,GeForce 8600M GS,No,01-Jun-2007,2007.0,18.0,512.0,128.0,22.4,700.0,2560.0,1600.0
Nvidia,GeForce 8400M G,No,01-May-2007,2007.0,10.0,256.0,64.0,9.6,600.0,2560.0,1600.0
Nvidia,GeForce 8400M GT,No,01-May-2007,2007.0,14.0,512.0,128.0,19.2,600.0,2560.0,1600.0
AMD,Radeon RX Vega 64 Nano 8GB,Yes,30-Sep-2017,2017.0,200.0,8192.0,512.0,256.0,500.0,3840.0,2160.0
AMD,Radeon RX Vega 64 Liquid 8GB,Yes,30-Jul-2017,2017.0,375.0,8192.0,512.0,256.0,500.0,7680.0,4320.0
AMD,Radeon R9 295X2 Crossfire,Yes,08-Apr-2014,2014.0,750.0,16384.0,512.0,1280.0,1250.0,4096.0,2160.0
AMD,Radeon R9 295X2 XFX Hydra 8GB Edition,Yes,29-Apr-2014,2014.0,500.0,8192.0,512.0,640.0,1250.0,4096.0,2160.0
AMD,Radeon R9 295X2,Yes,29-Apr-2014,2014.0,500.0,8192.0,512.0,640.0,1250.0,4096.0,2160.0
AMD,Radeon R9 290X XFX Double Dissipation 8GB Edition,Yes,07-Nov-2014,2014.0,290.0,8192.0,512.0,352.0,1375.0,4096.0,2160.0
AMD,Radeon R9 Nano 4GB,Yes,27-Aug-2015,2015.0,175.0,4096.0,4096.0,512.0,500.0,4096.0,2160.0
AMD,Radeon R9 290X XFX Core 4GB Edition,Yes,24-Oct-2013,2013.0,290.0,4096.0,512.0,320.0,1250.0,4096.0,2160.0
AMD,Radeon R9 FURY X 4GB Crossfire,Yes,24-Jun-2015,2015.0,500.0,8192.0,4096.0,1024.0,500.0,4096.0,2160.0
AMD,Radeon R9 FURY Sapphire Tri-X 4GB Edition,Yes,10-Jul-2015,2015.0,375.0,4096.0,4096.0,512.0,500.0,4096.0,2160.0
AMD,Radeon R9 FURY X 4GB,Yes,24-Jun-2015,2015.0,275.0,4096.0,4096.0,512.0,500.0,4096.0,2160.0
AMD,Radeon R9 FURY 4GB,Yes,10-Jul-2015,2015.0,275.0,4096.0,4096.0,512.0,500.0,4096.0,2160.0
AMD,Radeon R9 390X XFX Double Dissipation Black 8GB Edition,Yes,18-Jun-2015,2015.0,300.0,8192.0,512.0,384.0,1500.0,4096.0,2160.0
AMD,Radeon R9 390X PowerColor PCS+ 8GB Edition,Yes,18-Jun-2015,2015.0,300.0,8192.0,512.0,384.0,1500.0,4096.0,2160.0
AMD,Radeon R9 390X XFX Double Dissipation 8GB Edition,Yes,18-Jun-2015,2015.0,275.0,8192.0,512.0,384.0,1500.0,4096.0,2160.0
AMD,Radeon R9 390X Sapphire Tri-X 8GB Edition,Yes,18-Jun-2015,2015.0,375.0,8192.0,512.0,384.0,1500.0,4096.0,2160.0
AMD,Radeon R9 390X Sapphire Tri-X w/ Back Plate 8GB Edition,Yes,18-Jun-2015,2015.0,375.0,8192.0,512.0,384.0,1500.0,4096.0,2160.0
AMD,Radeon R9 390X Sapphire Nitro w/ Back Plate 8GB Edition,Yes,18-Jun-2015,2015.0,375.0,8192.0,512.0,384.0,1500.0,4096.0,2160.0
AMD,Radeon R9 390X HIS IceQ X² OC 8GB Edition,Yes,18-Jun-2015,2015.0,300.0,8192.0,512.0,384.0,1500.0,4096.0,2160.0
AMD,Radeon R9 390X MSI Gaming 8GB Edition,Yes,18-Jun-2015,2015.0,300.0,8192.0,512.0,390.4,1525.0,4096.0,2160.0
AMD,Radeon R9 390X PowerColor Devil 8GB Edition,Yes,13-Aug-2015,2015.0,275.0,8192.0,512.0,390.4,1525.0,4096.0,2160.0
AMD,Radeon R9 390X Gigabyte G1 Gaming 8GB Edition,Yes,18-Jun-2015,2015.0,300.0,8192.0,512.0,384.0,1500.0,4096.0,2160.0
AMD,Radeon R9 390X Crossfire,Yes,18-Jun-2015,2015.0,550.0,16384.0,512.0,768.0,1500.0,4096.0,2160.0
AMD,Radeon R9 390X Asus DirectCU III Strix Gaming OC 8GB Edition,Yes,18-Jun-2015,2015.0,375.0,8192.0,512.0,384.0,1500.0,4096.0,2160.0
AMD,Radeon R9 390X Club3D royalQueen OC 8GB Edition,Yes,18-Jun-2015,2015.0,300.0,8192.0,512.0,384.0,1500.0,4096.0,2160.0
AMD,Radeon R9 390 XFX Double Dissipation 8GB Edition,Yes,18-Jun-2015,2015.0,275.0,8192.0,512.0,384.0,1500.0,4096.0,2160.0
AMD,Radeon R9 390X,Yes,18-Jun-2015,2015.0,275.0,8192.0,512.0,384.0,1500.0,4096.0,2160.0
AMD,Radeon R9 390 PowerColor PCS+ 8GB Edition,Yes,18-Jun-2015,2015.0,300.0,8192.0,512.0,384.0,1500.0,4096.0,2160.0
AMD,Radeon R9 390X Asus DirectCU II 8GB Edition,Yes,18-Jun-2015,2015.0,275.0,8192.0,512.0,384.0,1500.0,4096.0,2160.0
AMD,Radeon R9 390 Sapphire Nitro 8GB Edition,Yes,18-Jun-2015,2015.0,375.0,8192.0,512.0,384.0,1500.0,4096.0,2160.0
AMD,Radeon R9 390 Sapphire Nitro w/ Back Plate 8GB Edition,Yes,16-Sep-2015,2015.0,375.0,8192.0,512.0,384.0,1500.0,4096.0,2160.0
AMD,Radeon R9 390 Gigabyte G1 Gaming 8GB Edition,Yes,18-Jun-2015,2015.0,275.0,8192.0,512.0,384.0,1500.0,4096.0,2160.0
AMD,Radeon R9 390 MSI Gaming 8GB Edition,Yes,18-Jun-2015,2015.0,275.0,8192.0,512.0,390.4,1525.0,4096.0,2160.0
AMD,Radeon R9 390 Crossfire,Yes,18-Jun-2015,2015.0,550.0,16384.0,512.0,768.0,1500.0,4096.0,2160.0
AMD,Radeon R9 390 PowerColor Devil 13 Dual Core 16GB Edition,Yes,03-Sep-2015,2015.0,580.0,16384.0,512.0,691.2,1350.0,4096.0,2160.0
AMD,Radeon R9 390 Asus DirectCU III OC Strix Gaming 8GB Edition,Yes,18-Jun-2015,2015.0,300.0,8192.0,512.0,384.0,1500.0,4096.0,2160.0
AMD,Radeon R9 380X XFX Double Dissipation Black OC 4GB Edition,Yes,19-Nov-2015,2015.0,225.0,4096.0,256.0,185.6,1450.0,4096.0,2160.0
AMD,Radeon R9 390 Gigabyte G1 Gaming 8GB Edition Crossfire,Yes,18-Jun-2015,2015.0,550.0,16384.0,512.0,768.0,1500.0,4096.0,2160.0
AMD,Radeon R9 380X XFX Double Dissipation XXX OC 4GB Edition,Yes,19-Nov-2015,2015.0,190.0,4096.0,256.0,182.4,1425.0,4096.0,2160.0
AMD,Radeon R9 390,Yes,18-Jun-2015,2015.0,275.0,8192.0,512.0,384.0,1500.0,4096.0,2160.0
AMD,Radeon R9 390 Club3D royalQueen OC 8GB Edition,Yes,18-Jun-2015,2015.0,300.0,8192.0,512.0,384.0,1500.0,4096.0,2160.0
AMD,Radeon R9 380X Sapphire Nitro 4GB Edition,Yes,19-Nov-2015,2015.0,225.0,4096.0,256.0,192.0,1500.0,4096.0,2160.0
AMD,Radeon R9 380X HIS IceQ X² Turbo 4GB Edition,Yes,19-Nov-2015,2015.0,190.0,4096.0,256.0,182.4,1425.0,4096.0,2160.0
AMD,Radeon R9 390 Asus DirectCU II 8GB Edition,Yes,18-Jun-2015,2015.0,300.0,8192.0,512.0,384.0,1500.0,4096.0,2160.0
AMD,Radeon R9 380X HIS IceQ X² OC 4GB Edition,Yes,19-Nov-2015,2015.0,190.0,4096.0,256.0,182.4,1425.0,4096.0,2160.0
AMD,Radeon R9 380X PowerColor PCS+ Myst. 4GB Edition,Yes,19-Nov-2015,2015.0,225.0,4096.0,256.0,188.8,1475.0,4096.0,2160.0
AMD,Radeon R9 380X Gigabyte Gaming G1 4GB Edition,Yes,19-Nov-2015,2015.0,190.0,4096.0,256.0,182.4,1425.0,4096.0,2160.0
AMD,Radeon R9 380X Asus DirectCU II Strix Gaming 4GB Edition,Yes,19-Nov-2015,2015.0,190.0,4096.0,256.0,182.4,1425.0,4096.0,2160.0
AMD,Radeon R9 380X,Yes,19-Nov-2015,2015.0,190.0,4096.0,256.0,182.4,1425.0,4096.0,2160.0
AMD,Radeon R9 380 Sapphire ITX Compact OC 2GB Edition,Yes,18-Jun-2015,2015.0,225.0,2048.0,256.0,176.0,1375.0,4096.0,2160.0
AMD,Radeon R9 380X Asus DirectCU II OC Strix Gaming 4GB Edition,Yes,19-Nov-2015,2015.0,190.0,4096.0,256.0,182.4,1425.0,4096.0,2160.0
AMD,Radeon R9 380 XFX Double Dissipation 4GB Edition,Yes,18-Jun-2015,2015.0,190.0,4096.0,256.0,182.4,1425.0,4096.0,2160.0
AMD,Radeon R9 380 PowerColor PCS+ 2GB Edition,Yes,18-Jun-2015,2015.0,190.0,2048.0,256.0,188.8,1475.0,4096.0,2160.0
AMD,Radeon R9 380 PowerColor PCS+ 4GB Edition,Yes,18-Jun-2015,2015.0,190.0,4096.0,256.0,188.8,1475.0,4096.0,2160.0
AMD,Radeon R9 380 Sapphire Nitro 4GB Edition,Yes,18-Jun-2015,2015.0,225.0,4096.0,256.0,185.6,1450.0,4096.0,2160.0
AMD,Radeon R9 380 HIS IceQ X² OC 4GB Edition,Yes,18-Jun-2015,2015.0,190.0,4096.0,256.0,182.4,1425.0,4096.0,2160.0
AMD,Radeon R9 380 Sapphire Dual-X OC 2GB Edition,Yes,18-Jun-2015,2015.0,225.0,2048.0,256.0,176.0,1375.0,4096.0,2160.0
AMD,Radeon R9 380 MSI OC 2GB Edition,Yes,18-Jun-2015,2015.0,190.0,2048.0,256.0,176.0,1375.0,4096.0,2160.0
AMD,Radeon R9 380 MSI Gaming 4GB Edition,Yes,18-Jun-2015,2015.0,190.0,4096.0,256.0,185.6,1450.0,4096.0,2160.0
AMD,Radeon R9 380 HIS IceQ X² 4GB Edition,Yes,18-Jun-2015,2015.0,190.0,4096.0,256.0,182.4,1425.0,4096.0,2160.0
AMD,Radeon R9 380 Gigabyte WindForce 2X OC (rev 1.0) 2GB Edition,Yes,18-Jun-2015,2015.0,190.0,2048.0,256.0,176.0,1375.0,4096.0,2160.0
AMD,Radeon R9 380 MSI Gaming 2GB Edition,Yes,18-Jun-2015,2015.0,190.0,2048.0,256.0,179.2,1400.0,4096.0,2160.0
AMD,Radeon R9 380 Crossfire,Yes,18-Jun-2015,2015.0,400.0,4096.0,256.0,352.0,1375.0,4096.0,2160.0
AMD,Radeon R9 380 Gigabyte G1 Gaming 4GB Edition,Yes,18-Jun-2015,2015.0,190.0,4096.0,256.0,182.4,1425.0,4096.0,2160.0
AMD,Radeon R9 380 (OEM),Yes,07-May-2015,2015.0,190.0,2048.0,256.0,176.0,1375.0,4096.0,2160.0
AMD,Radeon R9 380 Club3D royalQueen OC 4GB Edition,Yes,18-Jun-2015,2015.0,190.0,4096.0,256.0,188.8,1475.0,4096.0,2160.0
AMD,Radeon R9 380 Asus DirectCU II OC Strix Gaming 2GB Edition,Yes,18-Jun-2015,2015.0,190.0,2048.0,256.0,176.0,1375.0,4096.0,2160.0
AMD,Radeon R9 370 (OEM),Yes,07-May-2015,2015.0,150.0,2048.0,256.0,179.2,1400.0,4096.0,2160.0
AMD,Radeon R7 370 Sapphire Nitro 4GB Edition Crossfire,Yes,18-Jun-2015,2015.0,300.0,8192.0,256.0,358.4,1400.0,4096.0,2160.0
AMD,Radeon R9 370X,Yes,27-Aug-2015,2015.0,180.0,2048.0,256.0,179.2,1400.0,4096.0,2160.0
AMD,Radeon R9 380,Yes,18-Jun-2015,2015.0,190.0,2048.0,256.0,176.0,1375.0,4096.0,2160.0
AMD,Radeon R7 370 Sapphire Nitro 2GB Edition,Yes,18-Jun-2015,2015.0,150.0,2048.0,256.0,179.2,1400.0,4096.0,2160.0
AMD,Radeon R7 370 MSI Gaming 4GB Edition Crossfire,Yes,18-Jun-2015,2015.0,220.0,8192.0,256.0,364.8,1425.0,4096.0,2160.0
AMD,Radeon R7 370 Sapphire Dual-X OC 2GB Edition,Yes,18-Jun-2015,2015.0,150.0,2048.0,256.0,179.2,1400.0,4096.0,2160.0
AMD,Radeon R7 370 Sapphire Nitro 4GB Edition,Yes,18-Jun-2015,2015.0,150.0,4096.0,256.0,179.2,1400.0,4096.0,2160.0
AMD,Radeon R7 370 MSI OC 2GB Edition,Yes,18-Jun-2015,2015.0,110.0,2048.0,256.0,179.2,1400.0,4096.0,2160.0
AMD,Radeon R7 370 PowerColor PCS+ 2GB Edition,Yes,18-Jun-2015,2015.0,110.0,2048.0,256.0,182.4,1425.0,4096.0,2160.0
AMD,Radeon R9 380 Asus DirectCU II OC Strix Gaming 4GB Edition,Yes,18-Jun-2015,2015.0,190.0,4096.0,256.0,176.0,1375.0,4096.0,2160.0
AMD,Radeon R7 370 MSI Gaming 4GB Edition,Yes,18-Jun-2015,2015.0,110.0,4096.0,256.0,182.4,1425.0,4096.0,2160.0
AMD,Radeon R9 360 (OEM),Yes,07-May-2015,2015.0,85.0,2048.0,128.0,104.0,1625.0,4096.0,2160.0
AMD,Radeon R7 370 MSI Gaming 2GB Edition,Yes,18-Jun-2015,2015.0,110.0,2048.0,256.0,182.4,1425.0,4096.0,2160.0
AMD,Radeon R7 370 Crossfire,Yes,18-Jun-2015,2015.0,225.0,4096.0,256.0,358.4,1400.0,4096.0,2160.0
AMD,Radeon R7 370 Asus DirectCU II OC Strix Gaming 4GB Edition,Yes,18-Jun-2015,2015.0,150.0,4096.0,256.0,179.2,1400.0,4096.0,2160.0
AMD,Radeon R7 360X [not released],Yes,30-Oct-2015,2015.0,120.0,2048.0,128.0,104.0,1625.0,2560.0,1600.0
AMD,Radeon R7 370 Gigabyte WindForce 2X OC (Rev 1.0) 2GB Edition,Yes,18-Jun-2015,2015.0,110.0,2048.0,256.0,179.2,1400.0,4096.0,2160.0
AMD,Radeon R7 370 Asus DirectCU II OC Strix Gaming 2GB Edition,Yes,18-Jun-2015,2015.0,150.0,2048.0,256.0,179.2,1400.0,4096.0,2160.0
AMD,Radeon R7 370,Yes,18-Jun-2015,2015.0,110.0,2048.0,256.0,179.2,1400.0,4096.0,2160.0
AMD,Radeon R7 360 v2 Sapphire Nitro 2GB Edition,Yes,18-Jun-2015,2015.0,150.0,2048.0,128.0,104.0,1625.0,4096.0,2160.0
AMD,Radeon R7 360 v3,Yes,18-Jun-2015,2015.0,100.0,2048.0,128.0,112.0,1750.0,4096.0,2160.0
AMD,Radeon R7 360 XFX Double Dissipation Best Buy 2GB Edition,Yes,18-Jun-2015,2015.0,100.0,2048.0,128.0,96.0,1500.0,4096.0,2160.0
AMD,Radeon R7 360 v2 MSI OC 2GB Edition,Yes,18-Jun-2015,2015.0,100.0,2048.0,128.0,104.0,1625.0,4096.0,2160.0
AMD,Radeon R7 360 XFX Double Dissipation 2GB Edition,Yes,18-Jun-2015,2015.0,100.0,2048.0,128.0,96.0,1500.0,4096.0,2160.0
AMD,Radeon R7 360 v2 PowerColor OC 2GB Edition,Yes,18-Jun-2015,2015.0,100.0,2048.0,128.0,105.6,1650.0,4096.0,2160.0
AMD,Radeon R7 360 XFX Core 2GB Edition,Yes,18-Jun-2015,2015.0,100.0,2048.0,128.0,96.0,1500.0,4096.0,2160.0
AMD,Radeon R7 360 v2 HIS iCooler 2GB Edition,Yes,18-Jun-2015,2015.0,100.0,2048.0,128.0,104.0,1625.0,4096.0,2160.0
AMD,Radeon R7 360 Sapphire OC 2GB Edition,Yes,18-Jun-2015,2015.0,150.0,2048.0,128.0,96.0,1500.0,4096.0,2160.0
AMD,Radeon R7 360 v2 Gigabyte OC 2GB Edition,Yes,18-Jun-2015,2015.0,150.0,2048.0,128.0,104.0,1625.0,4096.0,2160.0
AMD,Radeon R7 360 Crossfire,Yes,18-Jun-2015,2015.0,200.0,4096.0,128.0,192.0,1500.0,2560.0,1600.0
AMD,Radeon R7 360 HIS GREEN iCooler OC 2GB Edition,Yes,09-Mar-2016,2016.0,50.0,2048.0,128.0,96.0,1500.0,4096.0,2160.0
AMD,Radeon R7 360 v2 Asus OC 2GB Edition,Yes,18-Jun-2015,2015.0,100.0,2048.0,128.0,104.0,1625.0,4096.0,2160.0
AMD,Radeon R7 340 (OEM),No,05-May-2015,2015.0,50.0,2048.0,128.0,28.8,900.0,2560.0,1600.0
AMD,Radeon R7 360 v2,Yes,18-Jun-2015,2015.0,100.0,2048.0,128.0,104.0,1625.0,4096.0,2160.0
AMD,Radeon R5 340 (OEM),No,05-May-2015,2015.0,65.0,2048.0,128.0,72.0,1125.0,4096.0,2160.0
AMD,Radeon R5 330 (OEM),No,05-May-2015,2015.0,50.0,2048.0,128.0,28.8,900.0,4096.0,2160.0
AMD,Radeon R7 360,Yes,18-Jun-2015,2015.0,75.0,2048.0,128.0,96.0,1500.0,4096.0,2160.0
AMD,Radeon R7 350 [not released],Yes,01-Sep-2015,2015.0,65.0,2048.0,128.0,73.6,1150.0,2560.0,1600.0
AMD,Radeon R9 290X XFX Black Edition,Yes,01-Dec-2013,2013.0,300.0,4096.0,512.0,320.0,1250.0,4096.0,2160.0
AMD,Radeon Pro Duo 8GB [not released],Yes,26-Apr-2016,2016.0,350.0,8192.0,4096.0,1024.0,500.0,4096.0,2160.0
AMD,Radeon R9 290X Sapphire Vapor-X 8GB Edition,Yes,07-Nov-2014,2014.0,290.0,8192.0,512.0,352.0,1375.0,4096.0,2160.0
AMD,Radeon R9 290X Sapphire Vapor-X Tri-X OC 4GB Edition,Yes,29-Apr-2014,2014.0,290.0,4096.0,512.0,361.0,1410.0,4096.0,2160.0
AMD,Radeon R9 290X Sapphire Tri-X OC Edition,Yes,01-Dec-2013,2013.0,290.0,4096.0,512.0,332.8,1300.0,4096.0,2160.0
AMD,Radeon R7 350 (OEM),No,05-May-2015,2015.0,65.0,1024.0,128.0,73.6,1150.0,2560.0,1600.0
AMD,Radeon R9 290X PowerColor PCS+ 4GB Edition,Yes,07-Jan-2014,2014.0,290.0,4096.0,512.0,345.6,1350.0,4096.0,2160.0
AMD,Radeon R9 290X MSI Lightning Edition,Yes,01-Mar-2014,2014.0,290.0,4096.0,512.0,320.0,1250.0,4096.0,2160.0
AMD,Radeon R9 290X MSI Gaming Edition Crossfire,Yes,01-Dec-2013,2013.0,580.0,8192.0,512.0,640.0,1250.0,4096.0,2160.0
AMD,Radeon R9 290X MSI Gaming Edition,Yes,01-Dec-2013,2013.0,290.0,4096.0,512.0,320.0,1250.0,4096.0,2160.0
AMD,Radeon R9 290X MSI Gaming 8GB Edition,Yes,06-Nov-2014,2014.0,290.0,8192.0,512.0,320.0,1250.0,4096.0,2160.0
AMD,Radeon R9 290X Club3D royalKing Edition,Yes,24-Oct-2013,2013.0,250.0,4096.0,512.0,320.0,1250.0,4096.0,2160.0
AMD,Radeon R9 290X Crossfire,Yes,24-Oct-2013,2013.0,500.0,8192.0,512.0,640.0,1250.0,4096.0,2160.0
AMD,Radeon R9 290X Asus DirectCU II OC Edition Crossfire,Yes,01-Dec-2013,2013.0,600.0,8192.0,512.0,691.2,1350.0,4096.0,2160.0
AMD,Radeon R9 290X Asus DirectCU II OC Edition,Yes,19-Dec-2013,2013.0,300.0,4096.0,512.0,345.6,1350.0,4096.0,2160.0
AMD,Radeon R9 290X Gigabyte WindForce 3X OC Edition,Yes,01-Dec-2013,2013.0,290.0,4096.0,512.0,320.0,1250.0,4096.0,2160.0
AMD,Radeon R9 290X,Yes,24-Oct-2013,2013.0,290.0,4096.0,512.0,320.0,1250.0,4096.0,2160.0
AMD,Radeon R9 290X Asus ROG Matrix Platinum Edition,Yes,19-Mar-2014,2014.0,375.0,4096.0,512.0,345.6,1350.0,4096.0,2160.0
AMD,Radeon R9 290 XFX Black Edition,Yes,05-Nov-2013,2013.0,250.0,4096.0,512.0,320.0,1250.0,4096.0,2160.0
AMD,Radeon R9 290X Asus DirectCU II Edition,Yes,06-Jan-2014,2014.0,300.0,4096.0,512.0,320.0,1250.0,4096.0,2160.0
AMD,Radeon R9 290 Sapphire Vapor-X OC Edition,Yes,05-Apr-2014,2014.0,275.0,4096.0,512.0,358.4,1400.0,4096.0,2160.0
AMD,Radeon R9 290 XFX Double Dissipation Edition,Yes,20-Dec-2013,2013.0,250.0,4096.0,512.0,320.0,1250.0,4096.0,2160.0
AMD,Radeon R9 290 VTX3D X-Edition,Yes,05-Nov-2013,2013.0,250.0,4096.0,512.0,320.0,1250.0,4096.0,2160.0
AMD,Radeon R9 290 Sapphire Tri-X OC Edition,Yes,05-Dec-2013,2013.0,275.0,4096.0,512.0,332.8,1300.0,4096.0,2160.0
AMD,Radeon R9 290 PowerColor OC Edition,Yes,05-Nov-2013,2013.0,250.0,4096.0,512.0,320.0,1250.0,4096.0,2160.0
AMD,Radeon R9 290 MSI Gaming Edition,Yes,23-Dec-2013,2013.0,275.0,4096.0,512.0,320.0,1250.0,4096.0,2160.0
AMD,Radeon R9 290 Sapphire Tri-X OC Edition Crossfire,Yes,05-Dec-2013,2013.0,550.0,8192.0,512.0,665.6,1300.0,4096.0,2160.0
AMD,Radeon R9 290 Sapphire BF4 Edition,Yes,05-Nov-2013,2013.0,275.0,4096.0,512.0,320.0,1250.0,4096.0,2160.0
AMD,Radeon R9 290 PowerColor PCS+ Edition,Yes,13-Jan-2014,2014.0,275.0,4096.0,512.0,345.6,1350.0,4096.0,2160.0
AMD,Radeon R9 290 Gigabyte WindForce 3X OC Edition,Yes,05-Dec-2013,2013.0,275.0,4096.0,512.0,320.0,1250.0,4096.0,2160.0
AMD,Radeon R9 290 Club3D royalAce 4GB Edition,Yes,05-Nov-2013,2013.0,275.0,4096.0,512.0,320.0,1250.0,4096.0,2160.0
AMD,Radeon R9 290 Club3D royalKing 4GB Edition,Yes,05-Nov-2013,2013.0,250.0,4096.0,512.0,320.0,1250.0,4096.0,2160.0
AMD,Radeon R9 290 Asus DirectCU II OC Edition,Yes,17-Jan-2014,2014.0,275.0,4096.0,512.0,320.0,1250.0,4096.0,2160.0
AMD,Radeon R9 285 Sapphire ITX Compact OC 2GB Edition,Yes,02-Sep-2014,2014.0,190.0,2048.0,256.0,179.2,1400.0,4096.0,2160.0
AMD,Radeon R9 285 XFX Double D 2GB Edition,Yes,02-Sep-2014,2014.0,190.0,2048.0,256.0,176.0,1375.0,4096.0,2160.0
AMD,Radeon R9 290 Crossfire,Yes,05-Nov-2013,2013.0,550.0,8192.0,512.0,640.0,1250.0,4096.0,2160.0
AMD,Radeon R9 285 Sapphire Dual-X 2GB Edition,Yes,02-Sep-2014,2014.0,190.0,2048.0,256.0,176.0,1375.0,4096.0,2160.0
AMD,Radeon R9 290,Yes,05-Nov-2013,2013.0,275.0,4096.0,512.0,320.0,1250.0,4096.0,2160.0
AMD,Radeon R9 285 Sapphire ITX Compact 2GB Edition,Yes,02-Sep-2014,2014.0,190.0,2048.0,256.0,176.0,1375.0,4096.0,2160.0
AMD,Radeon R9 285 Sapphire Dual-X OC 2GB Edition,Yes,01-Sep-2014,2014.0,190.0,2048.0,256.0,179.2,1400.0,4096.0,2160.0
AMD,Radeon R9 285 Club3D royalQueen 2GB Edition,Yes,02-Sep-2014,2014.0,190.0,2048.0,256.0,176.0,1375.0,4096.0,2160.0
AMD,Radeon R9 285 PowerColor TurboDuo OC 2GB Edition,Yes,02-Sep-2014,2014.0,190.0,2048.0,256.0,176.0,1375.0,4096.0,2160.0
AMD,Radeon R9 285 MSI Gaming 2GB Edition,Yes,02-Sep-2014,2014.0,190.0,2048.0,256.0,179.2,1400.0,4096.0,2160.0
AMD,Radeon R9 285 Asus Strix OC 2GB Edition,Yes,02-Sep-2014,2014.0,190.0,2048.0,256.0,179.2,1400.0,4096.0,2160.0
AMD,Radeon R9 285 2GB,Yes,02-Sep-2014,2014.0,190.0,2048.0,256.0,176.0,1375.0,4096.0,2160.0
AMD,Radeon R9 280X XFX Double D 3GB Edition,Yes,08-Oct-2013,2013.0,250.0,3072.0,384.0,288.0,1500.0,4096.0,2160.0
AMD,Radeon R9 280X XFX Double D Black Edition,Yes,09-Oct-2013,2013.0,250.0,3072.0,384.0,297.6,1550.0,4096.0,2160.0
AMD,Radeon R9 285 Gigabyte WindForce 2X OC 2GB Edition,Yes,02-Sep-2014,2014.0,190.0,2048.0,256.0,179.2,1400.0,4096.0,2160.0
AMD,Radeon R9 280X VisionTek 3GB Edition,Yes,08-Oct-2013,2013.0,250.0,3072.0,384.0,288.0,1500.0,4096.0,2160.0
AMD,Radeon R9 280X Sapphire Vapor-X 3GB OC Edition Crossfire,Yes,08-Oct-2013,2013.0,500.0,6144.0,384.0,595.2,1550.0,4096.0,2160.0
AMD,Radeon R9 280X Sapphire TRI-X OC 3GB Edition,Yes,20-Dec-2013,2013.0,250.0,3072.0,384.0,288.0,1500.0,4096.0,2160.0
AMD,Radeon R9 280X Sapphire Vapor-X 3GB TRI-X OC Edition,Yes,01-Mar-2014,2014.0,250.0,3072.0,384.0,288.0,1500.0,4096.0,2160.0
AMD,Radeon R9 280X Sapphire Toxic 3GB OC Edition,Yes,08-Oct-2013,2013.0,250.0,3072.0,384.0,307.2,1600.0,4096.0,2160.0
AMD,Radeon R9 280X MSI Gaming 6GB Edition,Yes,08-Mar-2014,2014.0,250.0,6144.0,384.0,288.0,1500.0,4096.0,2160.0
AMD,Radeon R9 280X Sapphire Dual-X 3GB OC Edition,Yes,08-Oct-2013,2013.0,250.0,3072.0,384.0,288.0,1500.0,4096.0,2160.0
AMD,Radeon R9 280X Sapphire Vapor-X 3GB OC Edition,Yes,08-Oct-2013,2013.0,250.0,3072.0,384.0,297.6,1550.0,4096.0,2160.0
AMD,Radeon R9 280X MSI Gaming 3GB Edition,Yes,08-Oct-2013,2013.0,250.0,3072.0,384.0,288.0,1500.0,4096.0,2160.0
AMD,Radeon R9 280X HIS iPower IceQ X² Edition,Yes,08-Oct-2013,2013.0,250.0,3072.0,384.0,288.0,1500.0,4096.0,2160.0
AMD,Radeon R9 280X PowerColor TurboDuo 3GB OC Edition,Yes,05-Dec-2013,2013.0,250.0,3072.0,384.0,288.0,1500.0,4096.0,2160.0
AMD,Radeon R9 280X Gigabyte 3GB OC Edition,Yes,09-Oct-2013,2013.0,250.0,3072.0,384.0,288.0,1500.0,4096.0,2160.0
AMD,Radeon R9 280X Matrix Platinum 3GB Edition,Yes,08-Oct-2013,2013.0,375.0,3072.0,384.0,307.2,1600.0,4096.0,2160.0
AMD,Radeon R9 280X Club3D royalKing Edition,Yes,08-Oct-2013,2013.0,280.0,3072.0,384.0,288.0,1500.0,4096.0,2160.0
AMD,Radeon R9 280X Crossfire,Yes,01-Oct-2013,2013.0,550.0,6144.0,384.0,576.0,1500.0,4096.0,2160.0
AMD,Radeon R9 280X DirectCU II TOP 3GB Edition,Yes,09-Oct-2013,2013.0,250.0,3072.0,384.0,307.2,1600.0,4096.0,2160.0
AMD,Radeon R9 280X Club3D royalQueen Edition,Yes,08-Oct-2013,2013.0,280.0,3072.0,384.0,288.0,1500.0,4096.0,2160.0
AMD,Radeon R9 280X Asus Matrix 3GB Edition,Yes,08-Oct-2013,2013.0,250.0,3072.0,384.0,288.0,1500.0,4096.0,2160.0
AMD,Radeon R9 280 XFX Double D Black 3GB Edition,Yes,04-Mar-2014,2014.0,200.0,3072.0,384.0,249.6,1300.0,4096.0,2160.0
AMD,Radeon R9 280 PowerColor TurboDuo OC 3GB Edition,Yes,04-Mar-2014,2014.0,200.0,3072.0,384.0,240.0,1250.0,4096.0,2160.0
AMD,Radeon R9 280 HIS IceQ OC 3GB Edition,Yes,04-Mar-2014,2014.0,200.0,3072.0,384.0,240.0,1250.0,4096.0,2160.0
AMD,Radeon R9 280 Gigabyte WindForce 3X OC 3GB Edition,Yes,17-Mar-2014,2014.0,225.0,3072.0,384.0,240.0,1250.0,4096.0,2160.0
AMD,Radeon R9 280 MSI Gaming 3GB Edition,Yes,11-Mar-2014,2014.0,200.0,3072.0,384.0,240.0,1250.0,4096.0,2160.0
AMD,Radeon R9 280 Club3D royalKing 3GB Edition,Yes,04-Mar-2014,2014.0,200.0,3072.0,384.0,240.0,1250.0,4096.0,2160.0
AMD,Radeon R9 280 Asus DirectCU II TOP 3GB Edition,Yes,04-Mar-2014,2014.0,200.0,3072.0,384.0,249.6,1300.0,4096.0,2160.0
AMD,Radeon R9 280 Sapphire Dual-X OC 3GB Edition,Yes,04-Mar-2014,2014.0,200.0,3072.0,384.0,240.0,1250.0,4096.0,2160.0
AMD,Radeon R9 280X,Yes,08-Oct-2013,2013.0,250.0,3072.0,384.0,288.0,1500.0,4096.0,2160.0
AMD,Radeon R9 280 Crossfire,Yes,04-Mar-2014,2014.0,400.0,6144.0,384.0,480.0,1250.0,4096.0,2160.0
AMD,Radeon R9 270X XFX Double D 4GB Edition,Yes,08-Oct-2013,2013.0,180.0,4096.0,256.0,179.2,1400.0,4096.0,2160.0
AMD,Radeon R9 270X XFX Double D Black Edition,Yes,08-Oct-2013,2013.0,180.0,2048.0,256.0,185.6,1450.0,4096.0,2160.0
AMD,Radeon R9 270X Sapphire Vapor-X 2GB OC Edition,Yes,08-Oct-2013,2013.0,180.0,2048.0,256.0,185.6,1450.0,4096.0,2160.0
AMD,Radeon R9 270X VTX3D v2 2GB X-Edition,Yes,19-Dec-2013,2013.0,180.0,2048.0,256.0,179.2,1400.0,4096.0,2160.0
AMD,Radeon R9 270X Sapphire Toxic 2GB OC Edition,Yes,08-Oct-2013,2013.0,180.0,2048.0,256.0,192.0,1500.0,4096.0,2160.0
AMD,Radeon R9 270X Sapphire Dual-X 4GB OC Edition,Yes,08-Oct-2013,2013.0,180.0,4096.0,256.0,179.2,1400.0,4096.0,2160.0
AMD,Radeon R9 270X Sapphire Dual-X 2GB OC Edition,Yes,08-Oct-2013,2013.0,180.0,2048.0,256.0,179.2,1400.0,4096.0,2160.0
AMD,Radeon R9 280,Yes,04-Mar-2014,2014.0,200.0,3072.0,384.0,240.0,1250.0,4096.0,2160.0
AMD,Radeon R9 270X Sapphire Black Diamond 2GB Edition,Yes,21-Apr-2014,2014.0,180.0,2048.0,256.0,192.0,1500.0,4096.0,2160.0
AMD,Radeon R9 270X PowerColor PCS+ Edition,Yes,26-Nov-2013,2013.0,180.0,2048.0,256.0,182.4,1425.0,4096.0,2160.0
AMD,Radeon R9 270X MSI Hawk Edition,Yes,09-Oct-2013,2013.0,180.0,2048.0,256.0,179.2,1400.0,4096.0,2160.0
AMD,Radeon R9 270X PowerColor 2GB OC TurboDuo Edition,Yes,08-Oct-2013,2013.0,180.0,2048.0,256.0,179.2,1400.0,4096.0,2160.0
AMD,Radeon R9 270X PowerColor Devil Edition,Yes,31-Oct-2013,2013.0,180.0,2048.0,256.0,179.2,1400.0,4096.0,2160.0
AMD,Radeon R9 270X MSI Gaming 2GB Edition Crossfire,Yes,09-Oct-2013,2013.0,180.0,4096.0,256.0,358.4,1400.0,4096.0,2160.0
AMD,Radeon R9 270X PowerColor 2GB OC Edition,Yes,08-Oct-2013,2013.0,180.0,2048.0,256.0,179.2,1400.0,4096.0,2160.0
AMD,Radeon R9 270X MSI Gaming ITX 2GB Edition,Yes,06-May-2014,2014.0,180.0,2048.0,256.0,179.2,1400.0,4096.0,2160.0
AMD,Radeon R9 270X HIS IceQ X2 Turbo Edition,Yes,09-Oct-2013,2013.0,180.0,2048.0,256.0,179.2,1400.0,4096.0,2160.0
AMD,Radeon R9 270X Gigabyte 4GB OC Edition Crossfire,Yes,09-Oct-2013,2013.0,180.0,8192.0,256.0,358.4,1400.0,4096.0,2160.0
AMD,Radeon R9 270X MSI Gaming 2GB Edition,Yes,09-Oct-2013,2013.0,180.0,2048.0,256.0,179.2,1400.0,4096.0,2160.0
AMD,Radeon R9 270X Club3D royalQueen Edition,Yes,08-Oct-2013,2013.0,175.0,2048.0,256.0,179.2,1400.0,4096.0,2160.0
AMD,Radeon R9 270X Gigabyte 4GB OC Edition,Yes,09-Oct-2013,2013.0,180.0,4096.0,256.0,179.2,1400.0,4096.0,2160.0
AMD,Radeon R9 270X Gigabyte 2GB OC Edition,Yes,09-Oct-2013,2013.0,180.0,2048.0,256.0,179.2,1400.0,4096.0,2160.0
AMD,Radeon R9 270X,Yes,08-Oct-2013,2013.0,180.0,2048.0,256.0,179.2,1400.0,4096.0,2160.0
AMD,Radeon R9 270X Asus DirectCU II 4GB Edition,Yes,09-Oct-2013,2013.0,225.0,4096.0,256.0,179.2,1400.0,4096.0,2160.0
AMD,Radeon R9 270X Crossfire,Yes,08-Oct-2013,2013.0,360.0,4096.0,256.0,358.4,1400.0,4096.0,2160.0
AMD,Radeon R9 270 XFX Double D 2GB Edition,Yes,13-Nov-2013,2013.0,150.0,2048.0,256.0,179.2,1400.0,4096.0,2160.0
AMD,Radeon R9 270X MSI Gaming 4GB Edition,Yes,09-Oct-2013,2013.0,180.0,4096.0,256.0,179.2,1400.0,4096.0,2160.0
AMD,Radeon R9 270 MSI Gaming 2GB Edition,Yes,13-Nov-2013,2013.0,175.0,2048.0,256.0,179.2,1400.0,4096.0,2160.0
AMD,Radeon R9 270 v2,Yes,13-Mar-2015,2015.0,150.0,2048.0,256.0,179.2,1400.0,4096.0,2160.0
AMD,Radeon R9 270 DirectCU II OC Edition,Yes,13-Nov-2013,2013.0,175.0,2048.0,256.0,179.2,1400.0,4096.0,2160.0
AMD,Radeon R9 270 HIS IceQ X² Turbo Edition,Yes,13-Nov-2013,2013.0,175.0,2048.0,256.0,179.2,1400.0,4096.0,2160.0
AMD,Radeon R9 270 HIS iCooler 2GB Edition,Yes,13-Nov-2013,2013.0,150.0,2048.0,256.0,179.2,1400.0,4096.0,2160.0
AMD,Radeon R9 270 Gigabyte WindForce 2X OC Edition,Yes,13-Nov-2013,2013.0,175.0,2048.0,256.0,179.2,1400.0,4096.0,2160.0
AMD,Radeon R9 270 Crossfire,Yes,13-Nov-2013,2013.0,300.0,4096.0,256.0,358.4,1400.0,4096.0,2160.0
AMD,Radeon R9 270X DirectCU II TOP 2GB Edition,Yes,08-Oct-2013,2013.0,180.0,2048.0,256.0,179.2,1400.0,4096.0,2160.0
AMD,Radeon R9 270 HIS IceQ XÂ² 2GB Edition,Yes,13-Nov-2013,2013.0,150.0,2048.0,256.0,179.2,1400.0,4096.0,2160.0
AMD,Radeon R9 270 Club3D 14Series Edition Crossfire,Yes,18-Dec-2013,2013.0,300.0,4096.0,256.0,358.4,1400.0,4096.0,2160.0
AMD,Radeon R9 270 Club3D '14Series Edition,Yes,18-Dec-2013,2013.0,146.0,2048.0,256.0,179.2,1400.0,4096.0,2160.0
AMD,Radeon R9 260 (OEM),Yes,21-Dec-2013,2013.0,115.0,2048.0,128.0,104.0,1625.0,4096.0,2160.0
AMD,Radeon R9 270,Yes,13-Nov-2013,2013.0,150.0,2048.0,256.0,179.2,1400.0,4096.0,2160.0
AMD,Radeon R7 265 Sapphire Dual-X 2GB Edition,Yes,13-Feb-2014,2014.0,150.0,2048.0,256.0,179.2,1400.0,4096.0,2160.0
AMD,Radeon R7 265 Gigabyte WindForce 2X OC 2GB Edition,Yes,18-Mar-2014,2014.0,150.0,2048.0,256.0,179.2,1400.0,4096.0,2160.0
AMD,Radeon R7 265 Asus DirectCU II 2GB Edition,Yes,13-Feb-2014,2014.0,150.0,2048.0,256.0,179.2,1400.0,4096.0,2160.0
AMD,Radeon R7 265 Crossfire,Yes,13-Feb-2014,2014.0,300.0,4096.0,256.0,358.4,1400.0,4096.0,2160.0
AMD,Radeon R7 265 PowerColor TurboDuo OC 2GB Edition,Yes,19-Mar-2014,2014.0,150.0,2048.0,256.0,179.2,1400.0,4096.0,2160.0
AMD,Radeon R7 260X XFX Double D 2GB Edition,Yes,08-Oct-2013,2013.0,115.0,2048.0,128.0,102.4,1600.0,4096.0,2160.0
AMD,Radeon R9 270 Club3D royalQueen Edition,Yes,13-Nov-2013,2013.0,146.0,2048.0,256.0,179.2,1400.0,4096.0,2160.0
AMD,Radeon R7 265,Yes,13-Feb-2014,2014.0,150.0,2048.0,256.0,179.2,1400.0,4096.0,2160.0
AMD,Radeon R7 260X VisionTek OC 2GB Edition,Yes,08-Oct-2013,2013.0,115.0,2048.0,128.0,105.6,1650.0,4096.0,2160.0
AMD,Radeon R7 265 MSI OC 2GB Edition,Yes,13-Feb-2014,2014.0,150.0,2048.0,256.0,179.2,1400.0,4096.0,2160.0
ATI,Radeon RX 480 XFX Triple X OC 8GB,No,29-Jun-2016,2016.0,150.0,8192.0,256.0,256.0,2000.0,4096.0,2160.0
AMD,Radeon R7 260X v3 Sapphire 2GB Edition,Yes,05-Feb-2015,2015.0,85.0,2048.0,128.0,80.0,1250.0,4096.0,3112.0
ATI,Radeon RX 480 XFX GTR Hard Swap Black Edition 8GB,No,29-Jul-2016,2016.0,150.0,8192.0,256.0,256.0,2000.0,4096.0,2160.0
ATI,Radeon RX 480 XFX RS Hard Swap 4GB,No,29-Jun-2016,2016.0,150.0,4096.0,256.0,224.0,1750.0,4096.0,2160.0
ATI,Radeon RX 480 XFX RS Hard Swap Triple X 8GB,No,29-Jul-2016,2016.0,150.0,8192.0,256.0,256.0,2000.0,4096.0,2160.0
AMD,Radeon R7 260X v3 PowerColor OC v4 2GB Edition,Yes,08-Oct-2013,2013.0,85.0,2048.0,128.0,80.0,1250.0,4096.0,2160.0
AMD,Radeon R7 260X v3 PowerColor OC v3 2GB Edition,Yes,08-Oct-2013,2013.0,85.0,2048.0,128.0,80.0,1250.0,4096.0,2160.0
AMD,Radeon R7 260X v3 Gigabyte OC Rev. 3.0 2GB Edition,Yes,05-Feb-2015,2015.0,85.0,2048.0,128.0,80.0,1250.0,4096.0,3112.0
AMD,Radeon R7 265 Sapphire Dual-X 2GB Edition Crossfire,Yes,13-Feb-2014,2014.0,300.0,4096.0,256.0,358.4,1400.0,4096.0,2160.0
AMD,Radeon R7 260X v3 MSI OC 2GB Edition,Yes,05-Feb-2015,2015.0,85.0,2048.0,128.0,80.0,1250.0,4096.0,3112.0
AMD,Radeon R7 260X v3 Asus OC 2GB Edition,Yes,08-Oct-2013,2013.0,85.0,2048.0,128.0,80.0,1250.0,4096.0,3112.0
AMD,Radeon R7 260X v3,Yes,05-Feb-2015,2015.0,85.0,2048.0,128.0,80.0,1250.0,4096.0,3112.0
AMD,Radeon R7 260X v2 XFX Core 1GB Edition,Yes,08-Oct-2013,2013.0,105.0,1024.0,128.0,102.4,1600.0,4096.0,2160.0
AMD,Radeon R7 260X v2 XFX Core 2GB Edition,Yes,08-Oct-2013,2013.0,105.0,2048.0,128.0,102.4,1600.0,4096.0,2160.0
AMD,Radeon R7 260X v2 Sapphire OC 2GB Edition,Yes,20-Dec-2013,2013.0,105.0,2048.0,128.0,96.0,1500.0,4096.0,2160.0
AMD,Radeon R7 260X v2 Sapphire iCafe Gaming OC 2GB Edition,Yes,28-Feb-2015,2015.0,105.0,2048.0,128.0,96.0,1500.0,4096.0,2160.0
AMD,Radeon R7 260X v2 MSI OC v2 2GB Edition,Yes,08-Oct-2013,2013.0,105.0,2048.0,128.0,96.0,1500.0,4096.0,2160.0
AMD,Radeon R7 260X v2 MSI OC v1 2GB Edition,Yes,08-Oct-2013,2013.0,105.0,2048.0,128.0,96.0,1500.0,4096.0,2160.0
AMD,Radeon R7 260X v2 MSI OC 1GB Edition,Yes,08-Oct-2013,2013.0,105.0,1024.0,128.0,96.0,1500.0,4096.0,2160.0
AMD,Radeon R7 260X v2 HIS iPower IceQ X² Turbo 1GB Edition,Yes,31-Oct-2013,2013.0,105.0,1024.0,128.0,102.4,1600.0,4096.0,2160.0
AMD,Radeon R7 260X v2 MSI 1GB Edition,Yes,08-Oct-2013,2013.0,105.0,1024.0,128.0,96.0,1500.0,4096.0,2160.0
AMD,Radeon R7 260X v2 HIS iPower IceQ X² 2GB Edition,Yes,09-Oct-2013,2013.0,105.0,2048.0,128.0,96.0,1500.0,4096.0,2160.0
AMD,Radeon R7 260X v2 PowerColor OC 1GB Edition,Yes,08-Oct-2013,2013.0,105.0,1024.0,128.0,96.0,1500.0,4096.0,2160.0
AMD,Radeon R7 260X v2 MSI OC 2GB Edition,Yes,08-Oct-2013,2013.0,105.0,2048.0,128.0,96.0,1500.0,4096.0,2160.0
AMD,Radeon R7 260X v2 Sapphire OC 1GB Edition,Yes,26-Dec-2013,2013.0,105.0,1024.0,128.0,96.0,1500.0,4096.0,2160.0
AMD,Radeon R7 260X v2 HIS iCooler 2GB Edition,Yes,08-Oct-2013,2013.0,105.0,2048.0,128.0,96.0,1500.0,4096.0,2160.0
AMD,Radeon R7 260X v2 HIS iCooler 1GB Edition,Yes,31-Oct-2013,2013.0,105.0,1024.0,128.0,96.0,1500.0,4096.0,2160.0
AMD,Radeon R7 260X v2 Gigabyte OC 1GB Edition,Yes,26-Dec-2013,2013.0,105.0,1024.0,128.0,96.0,1500.0,4096.0,2160.0
AMD,Radeon R7 260X v2 Asus DirectCU II OC 1GB Edition,Yes,08-Oct-2013,2013.0,105.0,1024.0,128.0,102.4,1600.0,4096.0,2160.0
AMD,Radeon R7 260X v2,Yes,08-Oct-2013,2013.0,105.0,1024.0,128.0,96.0,1500.0,4096.0,2160.0
AMD,Radeon R7 260X PowerColor TurboDuo OC 2GB Edition,Yes,08-Oct-2013,2013.0,115.0,2048.0,128.0,105.6,1650.0,4096.0,2160.0
AMD,Radeon R7 260X MSI 2GB Edition,Yes,08-Oct-2013,2013.0,115.0,2048.0,128.0,104.0,1625.0,4096.0,2160.0
AMD,Radeon R7 260X Gigabyte 2GB OC Rev. 2.0 Edition,Yes,09-Oct-2013,2013.0,115.0,2048.0,128.0,104.0,1625.0,4096.0,2160.0
AMD,Radeon R7 260X Gigabyte 2GB OC Rev. 1.0 Edition,Yes,09-Oct-2013,2013.0,115.0,2048.0,128.0,104.0,1625.0,4096.0,2160.0
AMD,Radeon R7 260X Sapphire 2GB OC Edition,Yes,08-Oct-2013,2013.0,120.0,2048.0,128.0,105.6,1650.0,4096.0,2160.0
AMD,Radeon R7 260X Asus DirectCU II OC Edition,Yes,08-Oct-2013,2013.0,115.0,2048.0,128.0,112.0,1750.0,4096.0,2160.0
AMD,Radeon R7 260X MSI 2GB OC Edition,Yes,08-Oct-2013,2013.0,115.0,2048.0,128.0,104.0,1625.0,4096.0,2160.0
AMD,Radeon R7 260X Club3D royalKing Edition,Yes,08-Oct-2013,2013.0,105.0,2048.0,128.0,105.6,1650.0,4096.0,2160.0
AMD,Radeon R7 260X Crossfire,Yes,01-Oct-2013,2013.0,230.0,4096.0,128.0,208.0,1625.0,2560.0,1600.0
AMD,Radeon R7 260X Asus DirectCU II 2GB Edition,Yes,08-Oct-2013,2013.0,115.0,2048.0,128.0,104.0,1625.0,4096.0,2160.0
AMD,Radeon R7 260X,Yes,08-Oct-2013,2013.0,115.0,2048.0,128.0,104.0,1625.0,4096.0,2160.0
ATI,Radeon RX 480 XFX Black Edition 8GB,No,29-Jun-2016,2016.0,150.0,8192.0,256.0,256.0,2000.0,4096.0,2160.0
ATI,Radeon RX 480 XFX 4GB,No,29-Jun-2016,2016.0,150.0,4096.0,256.0,224.0,1750.0,4096.0,2160.0
ATI,Radeon RX 480 Sapphire Nitro+ 8GB,No,29-Jul-2016,2016.0,150.0,8192.0,256.0,256.0,2000.0,3840.0,2160.0
ATI,Radeon RX 480 Sapphire NITRO+ 4GB,No,29-Jun-2016,2016.0,150.0,4096.0,256.0,224.0,1750.0,4096.0,2160.0
ATI,Radeon RX 480 Sapphire 4GB,No,29-Jun-2016,2016.0,150.0,4096.0,256.0,224.0,1750.0,4096.0,2160.0
ATI,Radeon RX 480 PowerColour 8GB,No,29-Jun-2016,2016.0,150.0,8192.0,256.0,256.0,2000.0,7680.0,4320.0
ATI,Radeon RX 480 PowerColor Red Dragon 4GB,No,01-Jun-2016,2016.0,120.0,4096.0,256.0,224.0,1750.0,4096.0,2160.0
ATI,Radeon RX 480 PowerColor Red Dragon 8GB,No,29-Jul-2016,2016.0,150.0,8192.0,256.0,256.0,2000.0,7680.0,4320.0
ATI,Radeon RX 480 PowerColor Red Devil 8GB,No,29-Jul-2016,2016.0,150.0,8192.0,256.0,256.0,2000.0,4096.0,2160.0
ATI,Radeon RX 480 Sapphire 8GB,No,29-Jun-2016,2016.0,150.0,8192.0,256.0,256.0,2000.0,7680.0,4320.0
ATI,Radeon RX 480 PowerColor 4GB,No,29-Jun-2016,2016.0,150.0,4096.0,256.0,224.0,1750.0,4096.0,2160.0
ATI,Radeon RX 480 MSI GAMING 4G,No,29-Jun-2016,2016.0,150.0,4096.0,256.0,224.0,1750.0,4096.0,2160.0
ATI,Radeon RX 480 MSI Gaming 8GB,No,15-Aug-2016,2016.0,150.0,8192.0,256.0,256.0,2000.0,4096.0,2160.0
ATI,Radeon RX 480 MSI GAMING X 4G,No,29-Jun-2016,2016.0,150.0,4096.0,256.0,224.0,1750.0,4096.0,2160.0
ATI,Radeon RX 480 MSI Gaming X 8GB,No,15-Aug-2016,2016.0,150.0,8192.0,256.0,256.0,2000.0,4096.0,2160.0
ATI,Radeon RX 480 MSI Armor OC 8GB,No,Unknown Release Date,,150.0,8192.0,256.0,256.0,2000.0,4096.0,2160.0
ATI,Radeon RX 480 MSI Armor OC 4GB,No,Unknown Release Date,,120.0,4096.0,256.0,224.0,1750.0,4096.0,2160.0
ATI,Radeon RX 480 HIS IceQ X² Roaring Turbo GB,No,29-Jun-2016,2016.0,150.0,8192.0,256.0,256.0,2000.0,5120.0,2160.0
AMD,Radeon R7 260,Yes,17-Dec-2013,2013.0,95.0,2048.0,128.0,96.0,1500.0,4096.0,2160.0
ATI,Radeon RX 480 MSI 8GB,No,29-Jun-2016,2016.0,150.0,8192.0,256.0,256.0,2000.0,7680.0,4320.0
ATI,Radeon RX 480 MSI Armor 4GB,No,Unknown Release Date,,120.0,4096.0,256.0,224.0,1750.0,4096.0,2160.0
AMD,Radeon R7 260 MSI 1GB OC Edition,Yes,20-Jan-2014,2014.0,95.0,1024.0,128.0,96.0,1500.0,4096.0,2160.0
ATI,Radeon RX 480 MSI 4GB,No,01-Jun-2016,2016.0,120.0,4096.0,256.0,224.0,1750.0,4096.0,2160.0
AMD,Radeon R7 250X Sapphire 1GB Edition,Yes,13-Feb-2014,2014.0,80.0,1024.0,128.0,72.0,1125.0,4096.0,2160.0
ATI,Radeon RX 480 HIS IceQ X² Roaring Turbo 8GB,No,29-Jun-2016,2016.0,150.0,8192.0,256.0,256.0,2000.0,4096.0,2160.0
AMD,Radeon R7 250X Sapphire Vapor-X OC Edition,Yes,13-Feb-2014,2014.0,80.0,1024.0,128.0,83.2,1300.0,4096.0,2160.0
AMD,Radeon R7 250X PowerColor 1GB Edition,Yes,13-Feb-2014,2014.0,80.0,1024.0,128.0,72.0,1125.0,4096.0,2160.0
AMD,Radeon R7 250X Gigabyte OC 1GB Edition,Yes,13-Feb-2014,2014.0,80.0,1024.0,128.0,72.0,1125.0,4096.0,2160.0
AMD,Radeon R7 250X MSI 1GB Edition,Yes,13-Feb-2014,2014.0,83.0,1024.0,128.0,72.0,1125.0,4096.0,2160.0
AMD,Radeon R7 250X HIS iCooler 1GB Edition,Yes,13-Feb-2014,2014.0,80.0,1024.0,128.0,72.0,1125.0,4096.0,2160.0
AMD,Radeon R7 250X Crossfire,Yes,10-Feb-2014,2014.0,160.0,4096.0,128.0,144.0,1125.0,4096.0,2160.0
AMD,Radeon R7 250X Gigabyte OC 2GB Edition,Yes,13-Feb-2014,2014.0,80.0,2048.0,128.0,72.0,1125.0,4096.0,2160.0
AMD,Radeon R7 250X Asus 1GB Edition,Yes,13-Feb-2014,2014.0,80.0,1024.0,128.0,72.0,1125.0,4096.0,2160.0
AMD,Radeon R7 250E Club3D Low Profile 1GB Edition,Yes,20-Dec-2013,2013.0,61.0,1024.0,128.0,72.0,1125.0,4096.0,2160.0
AMD,Radeon R7 250E Sapphire Ultimate 1GB Edition,Yes,20-Dec-2013,2013.0,75.0,1024.0,128.0,72.0,1125.0,4096.0,2160.0
AMD,Radeon R7 250E,Yes,20-Dec-2013,2013.0,55.0,1024.0,128.0,72.0,1125.0,4096.0,2160.0
AMD,Radeon R7 250X Asus 2GB Edition,Yes,13-Feb-2014,2014.0,80.0,2048.0,128.0,73.6,1150.0,4096.0,2160.0
AMD,Radeon R7 250 v2 XFX 2GB Edition,No,09-Oct-2013,2013.0,65.0,2048.0,128.0,25.6,800.0,2560.0,1600.0
AMD,Radeon R7 250X,Yes,10-Feb-2014,2014.0,80.0,2048.0,128.0,72.0,1125.0,4096.0,2160.0
AMD,Radeon R7 250 v2 Sapphire 2GB Edition,No,09-Oct-2013,2013.0,65.0,2048.0,128.0,28.8,900.0,2560.0,1600.0
AMD,Radeon R7 250 v2 MSI OC 2GB Edition,No,11-Oct-2013,2013.0,65.0,2048.0,128.0,28.8,900.0,2560.0,1600.0
AMD,Radeon R7 250 v2 XFX Core 1GB Edition,Yes,09-Oct-2013,2013.0,65.0,1024.0,128.0,25.6,800.0,2560.0,1600.0
AMD,Radeon R7 250 v2 HIS 2GB Edition,No,09-Oct-2013,2013.0,65.0,2048.0,128.0,28.8,900.0,2560.0,1600.0
ATI,Radeon RX 480 HIS IceQ X² Roaring OC GB,No,29-Jun-2016,2016.0,150.0,8192.0,256.0,256.0,2000.0,5120.0,2880.0
AMD,Radeon R7 250 v2 Club3D 2GB Edition,No,09-Oct-2013,2013.0,48.0,2048.0,128.0,28.8,900.0,2560.0,1600.0
AMD,Radeon R7 250 v2 2GB,No,08-Oct-2013,2013.0,65.0,2048.0,128.0,28.8,900.0,2560.0,1600.0
ATI,Radeon RX 480 Gigabyte Windforce 8GB,No,29-Jun-2016,2016.0,150.0,8192.0,256.0,256.0,2000.0,7680.0,4320.0
ATI,Radeon RX 480 HIS IceQ X2 Roaring OC 8GB,No,29-Jun-2016,2016.0,150.0,8192.0,256.0,256.0,2000.0,5120.0,2880.0
ATI,Radeon RX 480 HIS 8GB,No,29-Jun-2016,2016.0,150.0,8192.0,256.0,256.0,2000.0,7680.0,4320.0
ATI,Radeon RX 480 Gigabyte Windforce 4GB,No,29-Jun-2016,2016.0,150.0,4096.0,256.0,224.0,1750.0,4096.0,2160.0
ATI,Radeon RX 480 Gigabyte G1 Gaming 8GB,No,29-Jun-2016,2016.0,150.0,8192.0,256.0,256.0,2000.0,7680.0,4320.0
ATI,Radeon RX 480 Gigabyte G1 Gaming 4GB,No,01-Jun-2016,2016.0,120.0,4096.0,256.0,224.0,1750.0,4096.0,2160.0
ATI,Radeon RX 480 Gigabyte 8GB,No,29-Jun-2016,2016.0,150.0,8192.0,256.0,256.0,2000.0,7680.0,4320.0
ATI,Radeon RX 480 GIGABYTE G1 Gaming 4GB,No,29-Jun-2016,2016.0,150.0,4096.0,256.0,224.0,1750.0,4096.0,2160.0
ATI,Radeon RX 480 ASUS DUAL OC 4GB,No,29-Jun-2016,2016.0,150.0,4096.0,256.0,224.0,1750.0,4096.0,2160.0
ATI,Radeon RX 480 Asus 8GB,No,29-Jun-2016,2016.0,150.0,8192.0,256.0,256.0,2000.0,7680.0,4320.0
ATI,Radeon RX 480 Armor 8GB,No,Unknown Release Date,,150.0,8192.0,256.0,256.0,2000.0,7680.0,4320.0
ATI,Radeon RX 480 Asus ROG Strix Gaming 8GB,No,29-Jun-2016,2016.0,150.0,8192.0,256.0,256.0,2000.0,7680.0,4320.0
ATI,Radeon RX 480 Asus ROG Strix OC 8GB,No,29-Jun-2016,2016.0,150.0,8192.0,256.0,256.0,2000.0,7680.0,4320.0
ATI,Radeon RX 480 8GB Crossfire,Yes,29-Jun-2016,2016.0,300.0,16384.0,256.0,512.0,2000.0,4096.0,2160.0
ATI,Radeon RX 480 8GB,Yes,29-Jun-2016,2016.0,150.0,8192.0,256.0,256.0,2000.0,4096.0,2160.0
ATI,Radeon RX 480 Diamond 8GB,No,29-Jun-2016,2016.0,150.0,8192.0,256.0,256.0,2000.0,7680.0,4320.0
ATI,Radeon RX 470 XFX RS Black Limited Edition 4GB,No,04-Aug-2016,2016.0,120.0,4096.0,256.0,224.0,1750.0,4096.0,2160.0
ATI,Radeon RX 480 4GB,Yes,01-Jun-2016,2016.0,120.0,4096.0,256.0,224.0,1750.0,4096.0,2160.0
ATI,Radeon RX 470 XFX RS Triple X 4GB,Yes,04-Aug-2016,2016.0,120.0,4096.0,256.0,224.0,1750.0,4096.0,2160.0
AMD,Radeon R7 250 Sapphire 1GB Edition,No,08-Oct-2013,2013.0,65.0,1024.0,128.0,73.6,1150.0,2560.0,1600.0
AMD,Radeon R7 250 PowerColor OC 1GB Edition,No,08-Oct-2013,2013.0,75.0,1024.0,128.0,73.6,1150.0,2560.0,1600.0
ATI,Radeon RX 470 XFX Single Fan Triple X 4GB,Yes,04-Aug-2016,2016.0,120.0,4096.0,256.0,211.2,1650.0,4096.0,2160.0
ATI,Radeon RX 470 XFX RS Black Edition 4GB,Yes,04-Aug-2016,2016.0,120.0,4096.0,256.0,224.0,1750.0,4096.0,2160.0
AMD,Radeon R7 250 Sapphire 1GB Edition Crossfire,Yes,08-Oct-2013,2013.0,130.0,2048.0,128.0,147.2,1150.0,2560.0,1600.0
AMD,Radeon R7 250 HIS IceQ Boost Clock 2GB Edition,Yes,08-Oct-2013,2013.0,65.0,2048.0,128.0,73.6,1150.0,2560.0,1600.0
AMD,Radeon R7 250 Gigabyte OC 1GB Edition,No,09-Oct-2013,2013.0,65.0,1024.0,128.0,73.6,1150.0,2560.0,1600.0
AMD,Radeon R7 250 Asus 1GB Edition,No,08-Oct-2013,2013.0,65.0,1024.0,128.0,73.6,1150.0,2560.0,1600.0
AMD,Radeon R7 250 HIS iCooler 1GB Edition,No,09-Oct-2013,2013.0,65.0,1024.0,128.0,73.6,1150.0,2560.0,1600.0
AMD,Radeon R7 250 2GB,Yes,08-Oct-2013,2013.0,65.0,2048.0,128.0,73.6,1150.0,2560.0,1600.0
AMD,Radeon R7 250 Diamond 1GB Edition,No,08-Oct-2013,2013.0,65.0,1024.0,128.0,73.6,1150.0,2560.0,1600.0
AMD,Radeon R7 250 1GB Crossfire,Yes,08-Oct-2013,2013.0,130.0,2048.0,128.0,147.2,1150.0,2560.0,1600.0
AMD,Radeon R7 250 1GB,No,08-Oct-2013,2013.0,65.0,1024.0,128.0,73.6,1150.0,2560.0,1600.0
AMD,Radeon R7 240 XFX Core Low Profile 4GB Edition,No,08-Oct-2013,2013.0,35.0,4096.0,128.0,21.3,667.0,4096.0,2160.0
AMD,Radeon R7 250 Gigabyte OC 2GB Edition,Yes,09-Oct-2013,2013.0,65.0,2048.0,128.0,73.6,1150.0,2560.0,1600.0
AMD,Radeon R7 240 XFX Low Profile 2GB Edition,No,08-Oct-2013,2013.0,35.0,2048.0,128.0,25.6,800.0,4096.0,2160.0
AMD,Radeon R7 250 MSI OC 1GB Edition,No,11-Oct-2013,2013.0,59.0,1024.0,128.0,73.6,1150.0,2560.0,1600.0
AMD,Radeon R7 240 v2 Sapphire 1GB Edition,No,08-Oct-2013,2013.0,30.0,1024.0,128.0,73.6,1150.0,4096.0,2160.0
AMD,Radeon R7 240 v2 2GB,No,08-Oct-2013,2013.0,30.0,2048.0,128.0,72.0,1125.0,4096.0,2160.0
AMD,Radeon R7 240 v2 HIS iCooler Boost Clock 2GB Edition,Yes,09-Oct-2013,2013.0,30.0,2048.0,128.0,73.6,1150.0,4096.0,2160.0
AMD,Radeon R7 240 v2 1GB,No,08-Oct-2013,2013.0,30.0,1024.0,128.0,72.0,1125.0,4096.0,2160.0
AMD,Radeon R7 240 Sapphire 4GB Edition,No,08-Oct-2013,2013.0,35.0,1024.0,128.0,28.8,900.0,4096.0,2160.0
AMD,Radeon R7 240 Sapphire 1GB Edition,No,08-Oct-2013,2013.0,35.0,1024.0,128.0,28.8,900.0,4096.0,2160.0
ATI,Radeon RX 470 Sapphire Platinum Edition 4GB,No,04-Aug-2016,2016.0,120.0,4096.0,256.0,224.0,1750.0,4096.0,2160.0
AMD,Radeon R7 240 PowerColor OC V2 2GB Edition,No,08-Oct-2013,2013.0,30.0,2048.0,128.0,28.8,900.0,4096.0,2160.0
ATI,Radeon RX 470 Sapphire Nitro+ 8GB,No,04-Aug-2016,2016.0,120.0,8192.0,256.0,256.0,2000.0,4096.0,2160.0
ATI,Radeon RX 470 Sapphire Nitro+ 4GB,No,04-Aug-2016,2016.0,120.0,4096.0,256.0,224.0,1750.0,4096.0,2160.0
ATI,Radeon RX 470 PowerColor Red Devil 4GB,No,04-Aug-2016,2016.0,120.0,4096.0,256.0,224.0,1750.0,4096.0,2160.0
ATI,Radeon RX 470 MSI Gaming X 4GB,No,04-Aug-2016,2016.0,110.0,4096.0,256.0,211.2,1650.0,4096.0,2160.0
ATI,Radeon RX 470 PowerColour Red Dragon 4GB,No,04-Aug-2016,2016.0,120.0,4096.0,256.0,211.2,1650.0,4096.0,2160.0
ATI,Radeon RX 470 MSI Gaming 4GB,No,04-Aug-2016,2016.0,110.0,4096.0,256.0,211.2,1650.0,4096.0,2160.0
ATI,Radeon RX 470 MSI Gaming X 8GB,No,04-Aug-2016,2016.0,110.0,8192.0,256.0,211.2,1650.0,4096.0,2160.0
ATI,Radeon RX 470 HIS IceQ X2 Turbo 4GB,No,04-Aug-2016,2016.0,120.0,4096.0,256.0,211.2,1650.0,4096.0,2160.0
ATI,Radeon RX 470 HIS IceQ X2 OC 4GB,Yes,04-Aug-2016,2016.0,120.0,4096.0,256.0,211.2,1650.0,4096.0,2160.0
ATI,Radeon RX 470 ASUS ROG Strix Gaming 4GB,No,04-Aug-2016,2016.0,120.0,4096.0,256.0,211.2,1650.0,4096.0,2160.0
ATI,Radeon RX 470 4GB,Yes,04-Aug-2016,2016.0,120.0,4096.0,256.0,211.2,1650.0,4096.0,2160.0
ATI,Radeon RX 460 VisionTek Overclocked Edition 4GB,No,28-Jul-2016,2016.0,75.0,4096.0,128.0,112.0,1750.0,5120.0,2880.0
ATI,Radeon RX 460 XFX 4GB Twin Fan,No,08-Aug-2016,2016.0,75.0,4096.0,128.0,112.0,1750.0,7680.0,4320.0
ATI,Radeon RX 460 XFX Black Wolf 2GB,Yes,08-Aug-2016,2016.0,75.0,2048.0,128.0,112.0,1750.0,7680.0,4320.0
ATI,Radeon RX 470 Asus ROG Strix Gaming OC 4GB,No,04-Aug-2016,2016.0,120.0,4096.0,256.0,211.2,1650.0,4096.0,2160.0
ATI,Radeon RX 460 XFX 4GB Single Fan,No,08-Aug-2016,2016.0,75.0,4096.0,128.0,112.0,1750.0,7680.0,4320.0
ATI,Radeon RX 460 XFX 2GB Single Fan,No,08-Aug-2016,2016.0,75.0,2048.0,128.0,112.0,1750.0,7680.0,4320.0
ATI,Radeon RX 470 GIGABYTE G1 4GB,No,04-Aug-2016,2016.0,120.0,4096.0,256.0,211.2,1650.0,4096.0,2160.0
ATI,Radeon RX 460 XFX 2GB Twin Fan,No,28-Jul-2016,2016.0,150.0,2048.0,128.0,112.0,1750.0,4096.0,2160.0
ATI,Radeon RX 460 Sapphire Nitro 2G D5,No,08-Aug-2016,2016.0,75.0,2048.0,128.0,112.0,1750.0,7680.0,4320.0
ATI,Radeon RX 460 MSI OC 4GB,No,08-Aug-2016,2016.0,75.0,4096.0,128.0,112.0,1750.0,5120.0,2880.0
ATI,Radeon RX 460 MSI OC 2GB,No,08-Aug-2016,2016.0,75.0,2048.0,128.0,112.0,1750.0,7680.0,4320.0
ATI,Radeon RX 460 Sapphire Nitro 4G D5,No,28-Jul-2016,2016.0,150.0,4096.0,128.0,112.0,1750.0,7680.0,4320.0
ATI,Radeon RX 460 Gigabyte WindForce 2GB,No,08-Aug-2016,2016.0,75.0,2048.0,128.0,112.0,1750.0,7680.0,4320.0
ATI,Radeon RX 460 HIS iCooler OC 2GB,No,08-Aug-2016,2016.0,75.0,2048.0,128.0,112.0,1750.0,7680.0,4320.0
ATI,Radeon RX 460 Dataland X-Serial 4GB,Yes,28-Jul-2016,2016.0,75.0,2048.0,32.0,112.0,1750.0,7680.0,4320.0
ATI,Radeon RX 460 PowerColor Red Dragon 2GB,No,08-Aug-2016,2016.0,75.0,2048.0,128.0,112.0,1750.0,5120.0,2880.0
ATI,Radeon RX 460 HIS iCooler OC 4GB,No,08-Aug-2016,2016.0,75.0,4096.0,128.0,112.0,1750.0,5120.0,2880.0
ATI,Radeon RX 460 Asus ROG Strix Gaming OC 4GB,No,08-Aug-2016,2016.0,75.0,4096.0,128.0,112.0,1750.0,5120.0,2880.0
ATI,Radeon RX 460 Asus ROG Strix Gaming 4GB,No,08-Aug-2016,2016.0,75.0,4096.0,128.0,112.0,1750.0,7680.0,4320.0
ATI,Radeon RX 460 ASUS DUAL OC 2GB,No,08-Aug-2016,2016.0,75.0,2048.0,128.0,112.0,1750.0,7680.0,4320.0
ATI,Radeon RX 460 PowerColor Red Dragon 4GB,No,08-Aug-2016,2016.0,75.0,4096.0,128.0,112.0,1750.0,5120.0,2880.0
ATI,Radeon RX 460 ASUS DUAL 2GB,No,08-Aug-2016,2016.0,75.0,2048.0,128.0,112.0,1750.0,7680.0,4320.0
AMD,Radeon R7 240 PowerColor OC 2GB Edition,No,08-Oct-2013,2013.0,30.0,2048.0,128.0,28.8,900.0,4096.0,2160.0
AMD,Radeon R7 240 MSI OC 2GB Edition,No,16-Oct-2013,2013.0,35.0,2048.0,128.0,28.8,900.0,4096.0,2160.0
AMD,Radeon R7 240 Asus Low Profile 2GB Edition,No,08-Oct-2013,2013.0,35.0,2048.0,128.0,28.8,900.0,4096.0,2160.0
AMD,Radeon R7 240 2GB,No,08-Oct-2013,2013.0,30.0,2048.0,128.0,28.8,900.0,4096.0,2160.0
AMD,Radeon R7 240 Gigabyte OC 2GB Edition,No,09-Oct-2013,2013.0,30.0,2048.0,128.0,28.8,900.0,4096.0,2160.0
AMD,Radeon R7 240 MSI Low Profile 4GB Edition,No,16-Oct-2013,2013.0,35.0,4096.0,128.0,28.8,900.0,4096.0,2160.0
AMD,Radeon R7 240 Asus Low Profile OC 4GB Edition,No,08-Oct-2013,2013.0,35.0,4096.0,128.0,28.8,900.0,4096.0,2160.0
AMD,Radeon R7 240 Asus 1GB Edition,No,08-Oct-2013,2013.0,30.0,1024.0,128.0,25.6,800.0,4096.0,2160.0
AMD,Radeon R7 240 MSI Low Profile 2GB Edition,No,16-Oct-2013,2013.0,35.0,2048.0,128.0,28.8,900.0,4096.0,2160.0
AMD,Radeon R5 235,No,21-Dec-2013,2013.0,35.0,1024.0,64.0,14.4,900.0,2560.0,1600.0
AMD,Radeon R5 235X,No,21-Dec-2013,2013.0,37.0,1024.0,64.0,14.4,900.0,2560.0,1600.0
AMD,Radeon R5 230 Sapphire Flex 1GB Edition,No,03-Apr-2014,2014.0,19.0,1024.0,64.0,12.8,800.0,2560.0,1600.0
AMD,Radeon R5 230 Sapphire 2GB Edition,No,03-Apr-2014,2014.0,19.0,2048.0,64.0,10.7,667.0,2560.0,1600.0
AMD,Radeon R5 230 Sapphire 1GB Edition,No,03-Apr-2014,2014.0,19.0,1024.0,64.0,10.7,667.0,2560.0,1600.0
AMD,Radeon R5 230 MSI 2GB Edition,No,03-Apr-2014,2014.0,19.0,2048.0,64.0,8.0,500.0,2560.0,1600.0
AMD,Radeon R5 230 MSI 1GB Edition,No,03-Apr-2014,2014.0,19.0,1024.0,64.0,8.0,500.0,2560.0,1600.0
AMD,Radeon R5 230 HIS Silence 2GB Edition,No,03-Apr-2014,2014.0,19.0,2048.0,64.0,8.0,500.0,2560.0,1600.0
AMD,Radeon R5 230 PowerColor 1GB Edition,No,03-Apr-2014,2014.0,19.0,1024.0,64.0,10.7,667.0,2560.0,1600.0
AMD,Radeon R5 230 Asus Silent 2GB Edition,No,03-Apr-2014,2014.0,19.0,2048.0,64.0,9.6,600.0,2560.0,1600.0
AMD,Radeon R5 230,No,03-Apr-2014,2014.0,19.0,1024.0,64.0,8.5,533.0,2560.0,1600.0
AMD,Radeon R5 230 Gigabyte 1GB Edition,No,03-Apr-2014,2014.0,19.0,1024.0,64.0,8.5,533.0,2560.0,1600.0
ATI,Radeon Pro Duo 32GB,Yes,25-Apr-2017,2017.0,250.0,32000.0,256.0,512.0,2000.0,7680.0,4320.0
AMD,Radeon R5 230 Asus Silent 1GB Edition,No,03-Apr-2014,2014.0,19.0,1024.0,64.0,9.6,600.0,2560.0,1600.0
AMD,Radeon R5 240 v1,No,21-Apr-2013,2013.0,30.0,1024.0,64.0,16.0,1000.0,4096.0,2160.0
AMD,Radeon R5 220,No,21-Dec-2013,2013.0,19.0,1024.0,64.0,8.5,533.0,2560.0,1600.0
AMD,Radeon RX Vega 64 Air 8GB,Yes,30-Jul-2017,2017.0,295.0,8192.0,512.0,256.0,500.0,7680.0,4320.0
AMD,Radeon RX 580 XFX GTS XXX 8GB,Yes,18-Apr-2017,2017.0,150.0,8192.0,128.0,256.0,2000.0,4096.0,2160.0
AMD,Radeon RX 580 XFX GTS Black 8GB,Yes,18-Apr-2017,2017.0,150.0,8192.0,128.0,256.0,2000.0,4096.0,2160.0
AMD,Radeon RX 580 XFX GTS XXX 4GB,Yes,18-Apr-2017,2017.0,150.0,4096.0,128.0,224.0,1750.0,4096.0,2160.0
AMD,Radeon RX 580 XFX GTS Black Core 8GB,Yes,18-Apr-2017,2017.0,150.0,8192.0,128.0,256.0,2000.0,4096.0,2160.0
AMD,Radeon RX 580 XFX GTR Black 8GB,Yes,18-Apr-2017,2017.0,150.0,8192.0,128.0,256.0,2000.0,4096.0,2160.0
AMD,Radeon RX 580 XFX GTR XXX 8GB,Yes,18-Apr-2017,2017.0,150.0,8192.0,128.0,256.0,2000.0,4096.0,2160.0
AMD,Radeon RX 580 Sapphire Pulse 8GB,Yes,18-Apr-2017,2017.0,150.0,8192.0,128.0,256.0,2000.0,4096.0,2160.0
AMD,Radeon RX 580 VisionTek OC 8GB,Yes,18-Apr-2017,2017.0,150.0,8192.0,128.0,256.0,2000.0,4096.0,2160.0
AMD,Radeon RX 580 Sapphire Pulse 4GB,Yes,18-Apr-2017,2017.0,150.0,8192.0,128.0,224.0,1750.0,4096.0,2160.0
AMD,Radeon RX 580 XFX GTR-S Black 8GB,Yes,18-Apr-2017,2017.0,150.0,8192.0,128.0,256.0,2000.0,4096.0,2160.0
AMD,Radeon RX 580 Sapphire Nitro+ 4GB,Yes,18-Apr-2017,2017.0,150.0,8192.0,128.0,224.0,1750.0,4096.0,2160.0
AMD,Radeon RX 580 Sapphire Nitro+ Limited 8GB,Yes,18-Apr-2017,2017.0,150.0,8192.0,128.0,256.0,2000.0,4096.0,2160.0
AMD,Radeon RX 580 PowerColor Red Dragon 4GB,Yes,18-Apr-2017,2017.0,150.0,4096.0,128.0,224.0,1750.0,4096.0,2160.0
AMD,Radeon RX 580 PowerColor Red Dragon 8GB,Yes,18-Apr-2017,2017.0,150.0,8192.0,128.0,256.0,2000.0,4096.0,2160.0
AMD,Radeon RX 580 PowerColor Red Devil Golden Sample 8GB,Yes,18-Apr-2017,2017.0,150.0,8192.0,128.0,256.0,2000.0,4096.0,2160.0
AMD,Radeon RX 580 MSI Gaming X+ 8GB,Yes,18-Apr-2017,2017.0,150.0,8192.0,128.0,256.0,2000.0,4096.0,2160.0
AMD,Radeon RX 580 Sapphire Nitro+ 8GB,Yes,18-Apr-2017,2017.0,150.0,8192.0,128.0,256.0,2000.0,4096.0,2160.0
AMD,Radeon RX 580 MSI Gaming X 4GB,Yes,18-Apr-2017,2017.0,150.0,4096.0,128.0,224.0,1750.0,4096.0,2160.0
AMD,Radeon RX 580 MSI Gaming X 8GB,Yes,18-Apr-2017,2017.0,150.0,8192.0,128.0,256.0,2000.0,4096.0,2160.0
AMD,Radeon RX 580 PowerColor Red Devil 8GB,Yes,18-Apr-2017,2017.0,150.0,8192.0,128.0,256.0,2000.0,4096.0,2160.0
AMD,Radeon RX 580 MSI Armor OC 4GB,Yes,18-Apr-2017,2017.0,150.0,4096.0,128.0,224.0,1750.0,4096.0,2160.0
AMD,Radeon RX 580 MSI Armor OC 8GB,Yes,18-Apr-2017,2017.0,150.0,8192.0,128.0,256.0,2000.0,4096.0,2160.0
AMD,Radeon RX 580 MSI Armor 4GB,Yes,18-Apr-2017,2017.0,150.0,4096.0,128.0,224.0,1750.0,4096.0,2160.0
AMD,Radeon RX 580 HIS IceQ X2 Roaring Turbo 8GB,Yes,18-Apr-2017,2017.0,150.0,8192.0,128.0,256.0,2000.0,4096.0,2160.0
AMD,Radeon RX 580 MSI Armor 8GB,Yes,18-Apr-2017,2017.0,150.0,8192.0,128.0,256.0,2000.0,4096.0,2160.0
AMD,Radeon RX 580 Gigabyte Gaming 8GB,Yes,18-Apr-2017,2017.0,150.0,8192.0,128.0,256.0,2000.0,4096.0,2160.0
AMD,Radeon RX 580 HIS IceQ X2 Turbo 8GB,Yes,18-Apr-2017,2017.0,150.0,8192.0,128.0,256.0,2000.0,4096.0,2160.0
AMD,Radeon RX 580 HIS IceQ X2 OC 4GB,Yes,18-Apr-2017,2017.0,150.0,4096.0,128.0,224.0,1750.0,4096.0,2160.0
AMD,Radeon RX 580 Gigabyte Gaming 4GB,Yes,18-Apr-2017,2017.0,150.0,4096.0,128.0,224.0,1750.0,4096.0,2160.0
AMD,Radeon RX 580 Gigabyte Aorus XTR 8GB,Yes,18-Apr-2017,2017.0,150.0,8192.0,128.0,256.0,2000.0,4096.0,2160.0
AMD,Radeon RX 580 HIS IceQ X2 OC 8GB,Yes,18-Apr-2017,2017.0,150.0,8192.0,128.0,256.0,2000.0,4096.0,2160.0
AMD,Radeon RX 580 Gigabyte Aorus 4GB,Yes,18-Apr-2017,2017.0,150.0,4096.0,128.0,224.0,1750.0,4096.0,2160.0
AMD,Radeon RX 580 Asus ROG Strix Gaming OC 8GB,Yes,18-Apr-2017,2017.0,150.0,8192.0,128.0,256.0,2000.0,4096.0,2160.0
AMD,Radeon RX 580 Asus Dual 8GB,Yes,18-Apr-2017,2017.0,150.0,8192.0,128.0,256.0,2000.0,4096.0,2160.0
AMD,Radeon RX 580 Asus ROG Strix Gaming 8GB,Yes,18-Apr-2017,2017.0,150.0,8192.0,128.0,256.0,2000.0,4096.0,2160.0
AMD,Radeon RX 580 Gigabyte Aorus 8GB,Yes,18-Apr-2017,2017.0,150.0,8192.0,128.0,256.0,2000.0,4096.0,2160.0
AMD,Radeon RX 580 Asus ROG Strix TOP 8GB,Yes,18-Apr-2017,2017.0,150.0,8192.0,128.0,256.0,2000.0,4096.0,2160.0
AMD,Radeon RX 580 4GB,Yes,18-Apr-2017,2017.0,150.0,4096.0,128.0,224.0,1750.0,4096.0,2160.0
AMD,Radeon RX 570 Sapphire Nitro+ 8GB,Yes,18-Apr-2017,2017.0,195.0,8192.0,128.0,224.0,1750.0,4096.0,2160.0
AMD,Radeon RX 570 Sapphire Nitro+ 4GB,Yes,18-Apr-2017,2017.0,195.0,4096.0,128.0,224.0,1750.0,4096.0,2160.0
AMD,Radeon RX 570 Sapphire Pulse 4GB,Yes,18-Apr-2017,2017.0,120.0,4096.0,128.0,224.0,1750.0,4096.0,2160.0
AMD,Radeon RX 580 8GB,Yes,18-Apr-2017,2017.0,150.0,8192.0,128.0,256.0,2000.0,4096.0,2160.0
AMD,Radeon RX 570 MSI Gaming X 4GB,Yes,18-Apr-2017,2017.0,120.0,4096.0,128.0,224.0,1750.0,4096.0,2160.0
AMD,Radeon RX 570 MSI Gaming X 8GB,Yes,18-Apr-2017,2017.0,120.0,8192.0,128.0,224.0,1750.0,4096.0,2160.0
AMD,Radeon RX 570 PowerColor Red Dragon 4GB,Yes,18-Apr-2017,2017.0,120.0,4096.0,128.0,224.0,1750.0,4096.0,2160.0
AMD,Radeon RX 570 PowerColor Red Devil 4GB,Yes,18-Apr-2017,2017.0,120.0,4096.0,128.0,224.0,1750.0,4096.0,2160.0
AMD,Radeon RX 570 Sapphire Pulse ITX 4GB,Yes,18-Apr-2017,2017.0,120.0,4096.0,128.0,224.0,1750.0,4096.0,2160.0
AMD,Radeon RX 570 MSI Gaming 4GB,Yes,18-Apr-2017,2017.0,120.0,4096.0,128.0,224.0,1750.0,4096.0,2160.0
AMD,Radeon RX 570 MSI Gaming 8GB,Yes,18-Apr-2017,2017.0,120.0,8192.0,128.0,224.0,1750.0,4096.0,2160.0
AMD,Radeon RX 570 MSI Armor OC 8GB,Yes,18-Apr-2017,2017.0,120.0,8192.0,128.0,224.0,1750.0,4096.0,2160.0
AMD,Radeon RX 570 MSI Armor OC 4GB,Yes,18-Apr-2017,2017.0,120.0,4096.0,128.0,224.0,1750.0,4096.0,2160.0
AMD,Radeon RX 570 MSI Armor 8GB,Yes,18-Apr-2017,2017.0,120.0,8192.0,128.0,224.0,1750.0,4096.0,2160.0
AMD,Radeon RX 570 HIS IceQ X2 OC 4GB,Yes,18-Apr-2017,2017.0,120.0,4096.0,128.0,224.0,1750.0,4096.0,2160.0
AMD,Radeon RX 570 Dataland X-Serial 4GB,Yes,18-Apr-2017,2017.0,120.0,4096.0,128.0,224.0,1750.0,4096.0,2160.0
AMD,Radeon RX 570 Gigabyte Aorus 4GB,Yes,18-Apr-2017,2017.0,120.0,4096.0,128.0,224.0,1750.0,7680.0,4320.0
AMD,Radeon RX 570 MSI Armor 4GB,Yes,18-Apr-2017,2017.0,120.0,4096.0,128.0,224.0,1750.0,4096.0,2160.0
AMD,Radeon RX 570 Gigabyte Gaming 4GB,Yes,18-Apr-2017,2017.0,120.0,4096.0,128.0,224.0,1750.0,4096.0,2160.0
AMD,Radeon RX 570 Asus ROG Strix Gaming OC 4GB,Yes,18-Apr-2017,2017.0,120.0,4096.0,128.0,224.0,1750.0,4096.0,2160.0
AMD,Radeon RX 570 Asus ROG Strix Gaming 4GB,Yes,18-Apr-2017,2017.0,120.0,4096.0,128.0,224.0,1750.0,4096.0,2160.0
AMD,Radeon RX 570 Asus Expedition OC 4GB,Yes,18-Apr-2017,2017.0,120.0,4096.0,128.0,224.0,1750.0,4096.0,2160.0
AMD,Radeon RX 570 8GB,Yes,18-Apr-2017,2017.0,120.0,8192.0,128.0,224.0,1750.0,4096.0,2160.0
AMD,Radeon RX 570 4GB,Yes,18-Apr-2017,2017.0,120.0,4096.0,128.0,224.0,1750.0,4096.0,2160.0
AMD,Radeon RX 570 Asus Expedition 4GB,Yes,18-Apr-2017,2017.0,120.0,4096.0,128.0,224.0,1750.0,4096.0,2160.0
AMD,Radeon RX 560 Yeston Gaea 4GB,No,18-Apr-2017,2017.0,80.0,4096.0,128.0,112.0,1750.0,5120.0,2880.0
AMD,Radeon RX 560 XFX Single Fan OC 4GB,No,18-Apr-2017,2017.0,80.0,4096.0,128.0,112.0,1750.0,5120.0,2880.0
AMD,Radeon RX 560 XFX Double Dissipation OC 2GB,No,18-Apr-2017,2017.0,80.0,2048.0,128.0,112.0,1750.0,5120.0,2880.0
AMD,Radeon RX 560 XFX Single Fan OC 2GB,No,18-Apr-2017,2017.0,80.0,2048.0,128.0,112.0,1750.0,5120.0,2880.0
AMD,Radeon RX 560 XFX Double Dissipation OC 4GB,No,18-Apr-2017,2017.0,80.0,4096.0,128.0,112.0,1750.0,5120.0,2880.0
AMD,Radeon RX 560 VisionTek Overclocked 2GB,No,18-Apr-2017,2017.0,80.0,2048.0,128.0,112.0,1750.0,5120.0,2880.0
AMD,Radeon RX 560 Sapphire Pulse OC 2GB,No,18-Apr-2017,2017.0,80.0,2048.0,128.0,112.0,1750.0,5120.0,2880.0
AMD,Radeon RX 560 XFX Slim Single Slot 2GB,No,18-Apr-2017,2017.0,80.0,2048.0,128.0,112.0,1750.0,5120.0,2880.0
AMD,Radeon RX 560 Sapphire Pulse OC 4GB,No,18-Apr-2017,2017.0,80.0,4096.0,128.0,112.0,1750.0,5120.0,2880.0
AMD,Radeon RX 560 Sapphire Pulse 4GB,No,18-Apr-2017,2017.0,45.0,4096.0,128.0,112.0,1750.0,5120.0,2880.0
AMD,Radeon RX 560 PowerColor Red Dragon OC 4GB,No,18-Apr-2017,2017.0,80.0,4096.0,128.0,112.0,1750.0,5120.0,2880.0
AMD,Radeon RX 560 PowerColor Red Dragon OC 2GB,No,18-Apr-2017,2017.0,80.0,2048.0,128.0,112.0,1750.0,5120.0,2880.0
AMD,Radeon RX 560 Sapphire Pulse Mining 4GB,No,18-Apr-2017,2017.0,80.0,4096.0,128.0,112.0,1750.0,5120.0,2880.0
AMD,Radeon RX 560 Kuroutoshikou 4GB,No,18-Apr-2017,2017.0,80.0,4096.0,128.0,112.0,1750.0,5120.0,2880.0
AMD,Radeon RX 560 PowerColor Red Dragon OC V3 2GB,No,18-Apr-2017,2017.0,80.0,2048.0,128.0,112.0,1750.0,5120.0,2880.0
AMD,Radeon RX 560 HIS iCooler OC 2GB,No,18-Apr-2017,2017.0,80.0,2048.0,128.0,112.0,1750.0,5120.0,2880.0
AMD,Radeon RX 560 HIS Green iCooler OC 2GB,No,18-Apr-2017,2017.0,80.0,2048.0,128.0,112.0,1750.0,5120.0,2880.0
AMD,Radeon RX 560 PowerColor Red Dragon V3 4GB,No,18-Apr-2017,2017.0,80.0,4096.0,128.0,112.0,1750.0,5120.0,2880.0
AMD,Radeon RX 560 HIS Green iCooler OC 4GB,No,18-Apr-2017,2017.0,80.0,4096.0,128.0,112.0,1750.0,5120.0,2880.0
AMD,Radeon RX 560 MSI Aero ITX OC 2GB,No,18-Apr-2017,2017.0,80.0,2048.0,128.0,112.0,1750.0,5120.0,2880.0
AMD,Radeon RX 560 Dataland X-Serial War 4GB,No,18-Apr-2017,2017.0,75.0,4096.0,128.0,112.0,1750.0,5120.0,2880.0
AMD,Radeon RX 560 Gigabyte Gaming OC 4GB,No,18-Apr-2017,2017.0,80.0,4096.0,128.0,112.0,1750.0,5120.0,2880.0
AMD,Radeon RX 560 MSI Aero ITX OC 4GB,No,18-Apr-2017,2017.0,80.0,4096.0,128.0,112.0,1750.0,5120.0,2880.0
AMD,Radeon RX 560 Gigabyte Gaming OC 2GB,No,18-Apr-2017,2017.0,80.0,2048.0,128.0,112.0,1750.0,5120.0,2880.0
AMD,Radeon RX 560 Dataland X-Serial God of War 4GB,No,18-Apr-2017,2017.0,75.0,4096.0,128.0,112.0,1750.0,5120.0,2880.0
AMD,Radeon RX 560 Asus ROG Strix Gaming 4GB,No,18-Apr-2017,2017.0,75.0,4096.0,128.0,112.0,1750.0,5120.0,2880.0
AMD,Radeon RX 560 Dataland X-Serial War 2GB,No,18-Apr-2017,2017.0,80.0,2048.0,128.0,112.0,1750.0,5120.0,2880.0
AMD,Radeon RX 560 Asus ROG Strix Gaming OC 4GB,No,18-Apr-2017,2017.0,75.0,4096.0,128.0,112.0,1750.0,5120.0,2880.0
AMD,Radeon RX 560 Dataland X-Serial God of War 2GB,No,18-Apr-2017,2017.0,80.0,2048.0,128.0,112.0,1750.0,5120.0,2880.0
AMD,Radeon RX 560 Asus Dual Fan OC 4GB,No,18-Apr-2017,2017.0,75.0,4096.0,128.0,112.0,1750.0,5120.0,2880.0
AMD,Radeon RX 560 Asus Dual Fan 4GB,No,18-Apr-2017,2017.0,75.0,4096.0,128.0,112.0,1750.0,5120.0,2880.0
AMD,Radeon RX 560 4GB,No,18-Apr-2017,2017.0,80.0,4096.0,128.0,112.0,1750.0,5120.0,2880.0
AMD,Radeon RX 560 2GB,No,18-Apr-2017,2017.0,80.0,2048.0,128.0,112.0,1750.0,5120.0,2880.0
AMD,Radeon RX 560 Asus Dual Fan OC 2GB,No,18-Apr-2017,2017.0,75.0,2048.0,128.0,112.0,1750.0,5120.0,2880.0
AMD,Radeon RX 560 Asus Dual Fan 2GB,No,18-Apr-2017,2017.0,75.0,2048.0,128.0,112.0,1750.0,5120.0,2880.0
AMD,Radeon X1950 Pro,Yes,01-Oct-2006,2006.0,66.0,512.0,256.0,44.2,690.0,2560.0,1600.0
AMD,Radeon X1650 SE,Yes,02-Jan-2007,2007.0,42.0,512.0,128.0,25.6,800.0,2048.0,1536.0
AMD,Radeon X1600,Yes,01-Jan-2007,2007.0,27.0,512.0,128.0,12.8,400.0,2048.0,1536.0
AMD,Radeon X1600 Pro 512MB,Yes,01-Oct-2005,2005.0,41.0,512.0,128.0,12.5,390.0,2048.0,1536.0
AMD,Radeon X1050,No,07-Dec-2006,2006.0,24.0,128.0,64.0,5.3,333.0,2560.0,1600.0
AMD,Radeon X1550,Yes,08-Jan-2007,2007.0,27.0,256.0,128.0,12.8,400.0,2048.0,1536.0
Intel,Iris Pro Graphics 6200 Desktop,No,02-Jun-2015,2015.0,65.0,128.0,128.0,14.9,933.0,2560.0,1600.0
AMD,Radeon HD 7990,Yes,23-Apr-2013,2013.0,375.0,6144.0,384.0,576.0,1500.0,2560.0,1600.0
AMD,Radeon HD 7970 X2 Devil 13,Yes,30-Jul-2012,2012.0,500.0,6144.0,192.0,264.0,1375.0,4096.0,2160.0
AMD,Radeon HD 8990 (OEM),Yes,24-Apr-2013,2013.0,375.0,6144.0,384.0,576.0,1500.0,2560.0,1600.0
Nvidia,Quadro NVS 420,No,20-Jan-2009,2009.0,40.0,512.0,64.0,11.2,700.0,2560.0,1600.0
AMD,Radeon HD 5450 1024MB,Yes,04-Feb-2010,2010.0,19.0,1024.0,64.0,6.4,400.0,2560.0,1600.0
AMD,Radeon HD 7970 XFX Black Edition,Yes,30-Jan-2012,2012.0,230.0,3072.0,384.0,273.6,1425.0,4096.0,2160.0
Nvidia,Quadro NVS 310 PNY Low Profile Edition,No,01-Jun-2012,2012.0,20.0,512.0,64.0,14.0,875.0,2560.0,1600.0
Nvidia,Quadro FX 5800,Yes,11-Nov-2008,2008.0,189.0,4096.0,512.0,102.4,800.0,2560.0,1600.0
Nvidia,Quadro NVS 450,No,01-Apr-2011,2011.0,35.0,512.0,64.0,11.2,700.0,2560.0,1600.0
Nvidia,Quadro Plex 7000,Yes,25-Jul-2011,2011.0,600.0,12288.0,384.0,288.0,750.0,2560.0,1600.0
Nvidia,GeForce 9800 GX2 SLI,Yes,01-Mar-2008,2008.0,385.0,2048.0,256.0,256.0,1000.0,2560.0,1600.0
Nvidia,Quadro K6000,Yes,23-Jul-2013,2013.0,225.0,12288.0,384.0,288.4,1502.0,4096.0,2160.0
Nvidia,Quadro M4000,No,29-Jun-2015,2015.0,120.0,8192.0,256.0,192.3,1502.0,4096.0,2160.0
Nvidia,Quadro K5200,Yes,22-Jul-2014,2014.0,150.0,8192.0,384.0,192.0,1000.0,4096.0,2160.0
Nvidia,Quadro K5000,Yes,01-Aug-2012,2012.0,122.0,4096.0,256.0,172.8,1350.0,4096.0,2160.0
Nvidia,Quadro K620,No,22-Jul-2014,2014.0,45.0,1024.0,128.0,28.8,900.0,4096.0,2160.0
Nvidia,Quadro K4200,Yes,22-Jul-2014,2014.0,108.0,4096.0,256.0,172.8,1350.0,4096.0,2160.0
Nvidia,Quadro K2200,No,22-Jul-2014,2014.0,68.0,4096.0,128.0,80.0,1250.0,4096.0,2160.0
Nvidia,Quadro K600 PNY 1GB Edition,No,01-Mar-2013,2013.0,41.0,1024.0,128.0,29.0,905.0,4096.0,2160.0
Nvidia,Quadro K600,No,01-Mar-2013,2013.0,41.0,1024.0,128.0,29.0,905.0,4096.0,2160.0
Nvidia,Quadro K420,No,22-Jul-2014,2014.0,41.0,1024.0,128.0,28.8,900.0,4096.0,2160.0
Nvidia,Quadro CX,Yes,30-Oct-2008,2008.0,150.0,1536.0,384.0,76.8,800.0,2560.0,1600.0
Nvidia,Quadro 6000,Yes,10-Dec-2010,2010.0,204.0,6144.0,384.0,143.4,747.0,2560.0,1600.0
Nvidia,Quadro 4000,No,02-Nov-2010,2010.0,142.0,2048.0,256.0,89.9,702.0,2560.0,1600.0
Nvidia,Quadro 600,No,01-Oct-2010,2010.0,40.0,1024.0,128.0,25.6,800.0,2560.0,1600.0
Nvidia,Quadro 2000D,Yes,05-Oct-2011,2011.0,62.0,1024.0,128.0,41.6,650.0,2560.0,1600.0
Nvidia,Quadro 410,No,07-Aug-2012,2012.0,38.0,512.0,64.0,14.3,891.0,4096.0,2160.0
Nvidia,Quadro 400,No,01-Jul-2011,2011.0,32.0,512.0,64.0,12.8,800.0,2560.0,1600.0
Nvidia,GeForce 9800 GTX+,Yes,16-Jan-2009,2009.0,141.0,512.0,256.0,70.4,1100.0,2560.0,1600.0
Nvidia,GeForce 9800 GX2,Yes,01-Mar-2008,2008.0,197.0,1024.0,256.0,128.0,1000.0,2560.0,1600.0
Nvidia,Quadro 2000,No,24-Dec-2010,2010.0,62.0,1024.0,128.0,41.6,650.0,2560.0,1600.0
Nvidia,Quadro 5000,Yes,23-Feb-2011,2011.0,152.0,2560.0,320.0,120.0,750.0,2560.0,1600.0
Nvidia,GeForce 8800 Ultra,Yes,01-May-2007,2007.0,172.0,768.0,384.0,103.7,1080.0,2560.0,1600.0
Nvidia,GeForce 9800 GT 1GB SLI,No,21-Jul-2008,2008.0,200.0,2048.0,512.0,115.2,900.0,2560.0,1600.0
Nvidia,GeForce 9800 GT Green Edition,Yes,15-Mar-2009,2009.0,75.0,512.0,256.0,57.6,900.0,2560.0,1600.0
Nvidia,GeForce 9800 GTX SLI,Yes,01-Apr-2008,2008.0,280.0,1024.0,256.0,140.8,1100.0,2560.0,1600.0
Nvidia,GeForce 9800 GTX,Yes,28-Mar-2008,2008.0,140.0,512.0,256.0,70.4,1100.0,2560.0,1600.0
Nvidia,GeForce 9800 GT,Yes,21-Jul-2008,2008.0,105.0,512.0,256.0,57.6,900.0,2560.0,1600.0
Nvidia,GeForce 9600 GT Asus Magic HDMI 512MB Edition,Yes,01-Feb-2008,2008.0,50.0,512.0,256.0,25.6,400.0,2560.0,1600.0
Nvidia,GeForce 9800 GT 1GB,Yes,21-Jul-2008,2008.0,105.0,1024.0,256.0,57.6,900.0,2560.0,1600.0
Nvidia,GeForce 9600 GSO EVGA Dual-Slot 768MB Edition,No,01-May-2008,2008.0,84.0,768.0,192.0,38.4,800.0,2560.0,1600.0
Nvidia,GeForce 9600 GT 512MB,Yes,01-Feb-2008,2008.0,95.0,512.0,256.0,57.6,900.0,2560.0,1600.0
Nvidia,GeForce 9600 GSO 512MB,Yes,01-Oct-2008,2008.0,90.0,512.0,192.0,43.2,900.0,2560.0,1600.0
Nvidia,GeForce 9500 GT,Yes,29-Jul-2008,2008.0,50.0,512.0,128.0,25.6,800.0,2560.0,1600.0
Nvidia,GeForce 9600 GSO,Yes,01-May-2008,2008.0,84.0,384.0,192.0,38.4,800.0,2560.0,1600.0
Nvidia,GeForce 9600 GT 1GB,Yes,21-Feb-2008,2008.0,95.0,1024.0,256.0,57.6,900.0,2560.0,1600.0
Nvidia,GeForce 9400 GT 1GB,Yes,26-Aug-2008,2008.0,50.0,1024.0,128.0,12.8,400.0,2560.0,1600.0
Nvidia,GeForce 7950 GX2,Yes,01-Jun-2006,2006.0,110.0,1024.0,256.0,76.8,600.0,2560.0,1600.0
Nvidia,GeForce 9400 GT,Yes,27-Aug-2008,2008.0,50.0,512.0,128.0,12.8,400.0,2560.0,1600.0
Nvidia,GeForce 7950 GT,Yes,06-Aug-2006,2006.0,65.0,512.0,256.0,44.8,700.0,2560.0,1600.0
Nvidia,GeForce 7900 GTX,No,01-Mar-2006,2006.0,84.0,512.0,256.0,51.2,800.0,2560.0,1600.0
Nvidia,GeForce 7900 GS,No,01-Sep-2006,2006.0,49.0,256.0,256.0,42.2,660.0,2560.0,1600.0
Nvidia,GeForce 7900 GT,Yes,01-Mar-2006,2006.0,49.0,256.0,256.0,42.2,660.0,2560.0,1600.0
Nvidia,GeForce 7800 GTX,No,01-Jun-2005,2005.0,108.0,512.0,256.0,54.4,850.0,2560.0,1600.0
Nvidia,GeForce 7900 GTO,No,01-Sep-2006,2006.0,81.0,512.0,256.0,42.2,660.0,2560.0,1600.0
Nvidia,GeForce 7600 GT 256MB,No,01-Mar-2006,2006.0,40.0,256.0,128.0,22.4,700.0,2560.0,1600.0
Nvidia,GeForce 7800 GT,No,01-Aug-2005,2005.0,65.0,256.0,256.0,32.0,500.0,2560.0,1600.0
Nvidia,GeForce 7800 GS,No,01-Feb-2006,2006.0,49.0,256.0,256.0,38.4,600.0,2560.0,1600.0
Nvidia,GeForce 7600 GS,Yes,01-Mar-2006,2006.0,27.0,256.0,128.0,12.8,400.0,2560.0,1600.0
Nvidia,GeForce 7600 GS Asus Silent Edition,Yes,01-Jul-2006,2006.0,27.0,256.0,128.0,25.6,800.0,2048.0,1536.0
Nvidia,GeForce 7300 GS 256MB,No,01-Jan-2006,2006.0,23.0,256.0,64.0,6.4,400.0,2560.0,1600.0
Nvidia,GeForce 7300 LE,Yes,01-Mar-2006,2006.0,23.0,256.0,64.0,5.3,333.0,2560.0,1600.0
Nvidia,GeForce 7300 GT,Yes,01-May-2006,2006.0,24.0,256.0,128.0,10.4,325.0,2560.0,1600.0
Nvidia,GeForce 8800 GTS 640MB,Yes,01-Nov-2006,2006.0,143.0,640.0,320.0,63.4,792.0,2560.0,1600.0
Nvidia,GeForce 8800 GTX 768MB,Yes,01-Nov-2006,2006.0,158.0,768.0,384.0,86.4,900.0,2560.0,1600.0
Nvidia,GeForce 8800 GTS 512MB,Yes,01-Dec-2007,2007.0,135.0,512.0,256.0,51.2,800.0,2560.0,1600.0
Nvidia,GeForce 8800 GTS,Yes,01-Feb-2007,2007.0,143.0,320.0,320.0,63.4,792.0,2560.0,1600.0
Nvidia,GeForce 8800 GTS 512MB SLI,Yes,01-Dec-2007,2007.0,270.0,1024.0,256.0,102.4,800.0,2560.0,1600.0
Nvidia,GeForce 8800 GTS EVGA SSC 640MB Edition,No,01-Nov-2006,2006.0,143.0,640.0,320.0,72.0,900.0,2560.0,1600.0
Nvidia,GeForce 8800 GT,Yes,29-Oct-2007,2007.0,105.0,512.0,256.0,57.6,900.0,2560.0,1600.0
Nvidia,GeForce 8600 GT Inno3D 512MB GDDR2,Yes,01-Jun-2007,2007.0,47.0,512.0,128.0,12.8,400.0,2560.0,1600.0
Nvidia,GeForce 8600 GTS 512MB,Yes,01-Apr-2007,2007.0,75.0,512.0,128.0,32.0,1000.0,2560.0,1600.0
Nvidia,GeForce 8600 GTS 256MB,Yes,01-Apr-2007,2007.0,75.0,256.0,128.0,32.0,1000.0,2560.0,1600.0
Nvidia,GeForce 8800 GS,Yes,01-Jan-2008,2008.0,105.0,384.0,192.0,38.4,800.0,2560.0,1600.0
Nvidia,GeForce 8600 GT Asus Magic 512MB DDR2,Yes,01-Apr-2007,2007.0,75.0,512.0,128.0,12.8,400.0,2560.0,1600.0
Nvidia,GeForce 8600 GT,Yes,01-Apr-2007,2007.0,47.0,256.0,128.0,22.4,700.0,2560.0,1600.0
Nvidia,GeForce 8600 GT 512MB GDDR3,Yes,01-Apr-2007,2007.0,46.0,512.0,128.0,22.4,700.0,2560.0,1600.0
Nvidia,GeForce 8500 GT Inno3D 1GB Edition,Yes,01-May-2007,2007.0,30.0,1024.0,128.0,12.8,400.0,2560.0,1600.0
Nvidia,GeForce 8500 GT,Yes,01-Apr-2007,2007.0,30.0,256.0,128.0,12.8,400.0,2560.0,1600.0
Nvidia,GeForce 8600 GS,Yes,01-Apr-2007,2007.0,47.0,256.0,128.0,12.8,400.0,2560.0,1600.0
Nvidia,GeForce 8400 GS Rev. 4 EVGA 1GB Edition,No,17-Apr-2007,2007.0,40.0,1024.0,64.0,9.6,600.0,2560.0,1600.0
Nvidia,GeForce 8400 GS Rev. 4,No,17-Apr-2007,2007.0,40.0,512.0,64.0,8.0,500.0,2560.0,1600.0
Nvidia,GeForce 8400 GS Rev. 3,No,12-Jul-2010,2010.0,25.0,512.0,64.0,6.4,400.0,2560.0,1600.0
Nvidia,GeForce 8400 GS,No,17-Apr-2007,2007.0,18.0,256.0,64.0,6.4,400.0,2048.0,1536.0
Nvidia,GeForce 8300 GS,Yes,01-Jul-2007,2007.0,40.0,512.0,64.0,12.8,800.0,2560.0,1600.0
Nvidia,GeForce 8400 GS Rev. 2,No,01-Dec-2007,2007.0,25.0,512.0,64.0,6.4,400.0,2560.0,1600.0
Nvidia,Quadro NVS 300,No,01-Dec-2010,2010.0,18.0,512.0,64.0,12.6,790.0,2560.0,1600.0
Nvidia,Quadro NVS 310,No,01-Jun-2012,2012.0,20.0,512.0,64.0,14.0,875.0,2560.0,1600.0
Nvidia,Quadro NVS 295,No,07-May-2009,2009.0,23.0,256.0,64.0,11.2,700.0,2560.0,1600.0
Nvidia,Quadro NVS 290,No,04-Oct-2007,2007.0,21.0,256.0,64.0,6.4,400.0,2560.0,1600.0
AMD,Radeon HD 6990 Crossfire,Yes,01-Mar-2011,2011.0,750.0,8192.0,512.0,640.0,1250.0,2560.0,1600.0
Nvidia,Quadro NVS 285,No,06-Jun-2006,2006.0,18.0,128.0,128.0,4.4,275.0,1920.0,1200.0
AMD,Radeon HD 6990,Yes,08-Mar-2011,2011.0,375.0,4096.0,256.0,320.0,1250.0,2560.0,1600.0
AMD,Radeon HD 6990 Asus Edition,Yes,01-Mar-2011,2011.0,375.0,4096.0,512.0,320.0,1250.0,2560.0,1600.0
AMD,Radeon HD 6970 XXX Edition,Yes,01-Dec-2010,2010.0,250.0,2048.0,256.0,179.2,1400.0,2560.0,1600.0
AMD,Radeon HD 6970 Sapphire Edition,Yes,01-Dec-2011,2011.0,250.0,2048.0,256.0,176.0,1375.0,2560.0,1600.0
AMD,Radeon HD 6970 MSI Edition,Yes,01-Dec-2010,2010.0,250.0,2048.0,256.0,176.0,1375.0,2560.0,1600.0
AMD,Radeon HD 6970 Sapphire Dual Fan 2GB Edition,Yes,26-Sep-2011,2011.0,250.0,2048.0,256.0,176.0,1375.0,2560.0,1600.0
AMD,Radeon HD 6970 Lightning Edition,Yes,01-Dec-2010,2010.0,250.0,2048.0,256.0,176.0,1375.0,2560.0,1600.0
AMD,Radeon HD 6970 PowerColor 2GB Edition,Yes,14-Dec-2010,2010.0,250.0,2048.0,256.0,176.0,1375.0,2560.0,1600.0
AMD,Radeon HD 6970 HIS IceQ 2GB Edition,Yes,14-Dec-2010,2010.0,250.0,2048.0,256.0,176.0,1375.0,2560.0,1600.0
AMD,Radeon HD 6970 CrossFire,Yes,15-Dec-2010,2010.0,550.0,2048.0,256.0,352.0,1375.0,2560.0,1600.0
AMD,Radeon HD 6970,Yes,14-Dec-2010,2010.0,250.0,2048.0,256.0,176.0,1375.0,2560.0,1600.0
AMD,Radeon HD 6970 Asus Edition,Yes,01-Dec-2010,2010.0,250.0,2048.0,256.0,176.0,1375.0,2560.0,1600.0
AMD,Radeon HD 6950 XFX 2GB Edition,Yes,14-Dec-2010,2010.0,200.0,2048.0,256.0,160.0,1250.0,2560.0,1600.0
AMD,Radeon HD 6950 Sapphire 2GB Edition,Yes,01-Dec-2010,2010.0,200.0,2048.0,256.0,160.0,1250.0,2560.0,1600.0
AMD,Radeon HD 6950 PowerColor 2GB Edition,Yes,01-Dec-2010,2010.0,200.0,2048.0,256.0,160.0,1250.0,2560.0,1600.0
AMD,Radeon HD 6950 PowerColor 1GB Edition,Yes,01-Dec-2010,2010.0,200.0,1024.0,256.0,160.0,1250.0,2560.0,1600.0
AMD,Radeon HD 6950 Crossfire,Yes,01-Oct-2010,2010.0,400.0,4096.0,256.0,320.0,1250.0,2560.0,1600.0
AMD,Radeon HD 6950 Gigabyte WindForce 3X OC 1GB Edition,Yes,20-Dec-2010,2010.0,200.0,1024.0,256.0,160.0,1250.0,2560.0,1600.0
AMD,Radeon HD 6870 XFX 2GB Edition,Yes,01-Oct-2010,2010.0,150.0,2048.0,256.0,134.4,1050.0,2560.0,1600.0
AMD,Radeon HD 6870 Sapphire Dirt3 Edition,Yes,01-Oct-2010,2010.0,251.0,1024.0,256.0,134.4,1050.0,2560.0,1600.0
AMD,Radeon HD 6950,Yes,15-Dec-2010,2010.0,200.0,2048.0,256.0,160.0,1250.0,2560.0,1600.0
AMD,Radeon HD 6870 XFX Black Edition,Yes,01-Oct-2010,2010.0,151.0,1024.0,256.0,147.2,1150.0,2560.0,1600.0
AMD,Radeon HD 6870 DirectCU 1GB Edition,Yes,01-Jan-2011,2011.0,225.0,1024.0,256.0,134.4,1050.0,2560.0,1600.0
AMD,Radeon HD 6870 Crossfire,Yes,01-Oct-2010,2010.0,302.0,2048.0,256.0,268.8,1050.0,2560.0,1600.0
AMD,Radeon HD 6870 Gigabyte OC Edition,Yes,01-Oct-2010,2010.0,251.0,1024.0,256.0,134.4,1050.0,2560.0,1600.0
AMD,Radeon HD 6870,Yes,22-Oct-2010,2010.0,151.0,1024.0,256.0,134.4,1050.0,2560.0,1600.0
AMD,Radeon HD 6850 PowerColor Edition,Yes,01-Nov-2010,2010.0,127.0,1024.0,256.0,128.0,1000.0,2560.0,1600.0
AMD,Radeon HD 6850 Club-3D OC Edition,Yes,19-Nov-2010,2010.0,1.0,1024.0,256.0,140.8,1100.0,2560.0,1600.0
AMD,Radeon HD 6850,Yes,22-Oct-2010,2010.0,127.0,1024.0,256.0,128.0,1000.0,2560.0,1600.0
AMD,Radeon HD 6790,Yes,04-Apr-2011,2011.0,150.0,1024.0,256.0,134.4,1050.0,2560.0,1600.0
AMD,Radeon HD 6770 PowerColor 1GB Edition,Yes,21-Jan-2011,2011.0,108.0,1024.0,128.0,76.8,1200.0,2560.0,1600.0
AMD,Radeon HD 6770 Sapphire 1GB Edition,Yes,18-Apr-2011,2011.0,108.0,1024.0,128.0,76.8,1200.0,2560.0,1600.0
AMD,Radeon HD 6770 Asus DirectCU 1GB Edition,Yes,21-Jan-2011,2011.0,108.0,1024.0,128.0,76.8,1200.0,2560.0,1600.0
AMD,Radeon HD 6770 Crossfire,Yes,01-Jan-2011,2011.0,206.0,2048.0,128.0,153.6,1200.0,2560.0,1600.0
AMD,Radeon HD 6770 Asus 1GB Edition,Yes,21-Jan-2011,2011.0,108.0,1024.0,128.0,76.8,1200.0,2560.0,1600.0
AMD,Radeon HD 6770,Yes,21-Jan-2011,2011.0,108.0,1024.0,128.0,76.8,1200.0,2560.0,1600.0
AMD,Radeon HD 6750 v2,Yes,21-Jan-2011,2011.0,86.0,2048.0,128.0,25.6,800.0,2560.0,1600.0
AMD,Radeon HD 6750 PowerColor SCS3 Dirt3 1GB Edition,Yes,01-Apr-2011,2011.0,86.0,1024.0,128.0,73.6,1150.0,2560.0,1600.0
AMD,Radeon HD 6750 v2 PowerColor 1GB Edition,Yes,01-Dec-2011,2011.0,86.0,1024.0,128.0,25.6,800.0,2560.0,1600.0
AMD,Radeon HD 6750 PowerColor 1GB Edition,Yes,01-Apr-2011,2011.0,86.0,1024.0,128.0,64.0,1000.0,2560.0,1600.0
AMD,Radeon HD 6750 v2 PowerColor 2GB Edition,Yes,01-Dec-2011,2011.0,86.0,2048.0,128.0,21.3,667.0,2560.0,1600.0
AMD,Radeon HD 6750,Yes,21-Jan-2011,2011.0,86.0,1024.0,128.0,73.6,1150.0,2560.0,1600.0
AMD,Radeon HD 6750 PowerColor Low Profile Dirt3 1GB Edition,Yes,01-Apr-2011,2011.0,86.0,1024.0,128.0,73.6,1150.0,2560.0,1600.0
AMD,Radeon HD 6670 XFX Core 1GB Edition,Yes,19-Apr-2011,2011.0,66.0,1024.0,128.0,64.0,1000.0,2560.0,1600.0
AMD,Radeon HD 6670 v2 Gigabyte OC 1GB Edition,Yes,19-Apr-2011,2011.0,66.0,1024.0,128.0,28.8,900.0,2560.0,1600.0
AMD,Radeon HD 6750 Gigabyte OC 1GB Edition,Yes,01-Mar-2011,2011.0,86.0,1024.0,128.0,76.8,1200.0,2560.0,1600.0
AMD,Radeon HD 6670 v2 MSI 2GB Edition,Yes,19-Apr-2011,2011.0,66.0,2048.0,128.0,21.3,667.0,2560.0,1600.0
AMD,Radeon HD 6670 v2 HIS Fan 1GB Edition,Yes,19-Apr-2011,2011.0,66.0,1024.0,128.0,25.6,800.0,2560.0,1600.0
AMD,Radeon HD 6670 v2 Diamond 2GB Edition,Yes,19-Apr-2011,2011.0,66.0,2048.0,128.0,19.2,600.0,2560.0,1600.0
AMD,Radeon HD 6670 v2 Gigabyte 2GB Edition,Yes,19-Apr-2011,2011.0,66.0,2048.0,128.0,25.6,800.0,2560.0,1600.0
AMD,Radeon HD 6670 v2 Sapphire 1GB Edition,Yes,19-Apr-2011,2011.0,66.0,1024.0,128.0,25.6,800.0,2560.0,1600.0
AMD,Radeon HD 6670 Sapphire Ultimate 1GB Edition,Yes,19-Apr-2011,2011.0,66.0,1024.0,128.0,64.0,1000.0,2560.0,1600.0
AMD,Radeon HD 6670 v2 Gigabyte 1GB Edition,Yes,19-Apr-2011,2011.0,66.0,1024.0,128.0,25.6,800.0,2560.0,1600.0
AMD,Radeon HD 6670 Sapphire 1GB Edition,Yes,19-Apr-2011,2011.0,66.0,1024.0,128.0,64.0,1000.0,2560.0,1600.0
AMD,Radeon HD 6670 v2,Yes,19-Apr-2011,2011.0,66.0,2048.0,128.0,25.6,800.0,2560.0,1600.0
AMD,Radeon HD 6670 HIS Fan 1GB Edition,Yes,19-Apr-2011,2011.0,66.0,1024.0,128.0,64.0,1000.0,2560.0,1600.0
AMD,Radeon HD 6670 MSI Dual Fan 1GB Edition,Yes,19-Apr-2011,2011.0,66.0,1024.0,128.0,64.0,1000.0,2560.0,1600.0
AMD,Radeon HD 6670 MSI Single Fan 1GB Edition,Yes,19-Apr-2011,2011.0,66.0,1024.0,128.0,64.0,1000.0,2560.0,1600.0
AMD,Radeon HD 6570 v2 XFX Silent 1GB Edition,Yes,15-Nov-2011,2011.0,44.0,1024.0,128.0,20.8,650.0,2560.0,1600.0
AMD,Radeon HD 6570 v2 Sapphire Hyper Memory 1GB Edition,Yes,19-Apr-2011,2011.0,44.0,1024.0,128.0,21.3,667.0,2560.0,1600.0
AMD,Radeon HD 6570 v2 PowerColor 2GB Edition,No,19-Apr-2011,2011.0,44.0,2048.0,128.0,16.0,500.0,2560.0,1600.0
AMD,Radeon HD 6670,Yes,19-Apr-2011,2011.0,66.0,1024.0,128.0,64.0,1000.0,2560.0,1600.0
AMD,Radeon HD 6570 v2 MSI Single Fan 1GB Edition,Yes,19-Sep-2011,2011.0,44.0,1024.0,128.0,28.8,900.0,2560.0,1600.0
AMD,Radeon HD 6670 Asus 1GB Edition,Yes,19-Apr-2011,2011.0,66.0,1024.0,128.0,64.0,1000.0,2560.0,1600.0
AMD,Radeon HD 6570 v2 PowerColor 1GB Edition,Yes,19-Apr-2011,2011.0,44.0,1024.0,128.0,16.0,500.0,2560.0,1600.0
AMD,Radeon HD 6570 v2 Sapphire 1GB Edition,Yes,19-Apr-2011,2011.0,44.0,1024.0,128.0,25.6,800.0,2560.0,1600.0
AMD,Radeon HD 6570 v2 MSI Dual Fan 1GB Edition,Yes,19-Sep-2011,2011.0,44.0,1024.0,128.0,21.3,667.0,2560.0,1600.0
AMD,Radeon HD 6570 v2,Yes,07-Feb-2011,2011.0,44.0,1024.0,128.0,28.8,900.0,2560.0,1600.0
AMD,Radeon HD 6570 v2 Sapphire 4GB Edition,Yes,19-Apr-2011,2011.0,44.0,4096.0,128.0,25.6,800.0,2560.0,1600.0
AMD,Radeon HD 6450 v4,No,05-Apr-2012,2012.0,18.0,2048.0,64.0,9.3,580.0,2560.0,1600.0
AMD,Radeon HD 6450A,No,07-Apr-2011,2011.0,25.0,1024.0,64.0,8.5,533.0,2560.0,1600.0
AMD,Radeon HD 6450 v3 Sapphire FleX 1GB Edition,No,19-Apr-2011,2011.0,18.0,1024.0,64.0,12.8,800.0,2560.0,1600.0
AMD,Radeon HD 6450 v3 MSI Low Profile 2GB Edition,No,19-Apr-2011,2011.0,18.0,2048.0,64.0,10.7,667.0,2560.0,1600.0
AMD,Radeon HD 6450 v3 Gigabyte OC 1GB Edition,No,17-Apr-2011,2011.0,18.0,1024.0,64.0,12.8,800.0,2560.0,1600.0
AMD,Radeon HD 6450 v3 Sapphire 2GB Edition,No,19-Apr-2011,2011.0,18.0,2048.0,64.0,10.7,667.0,2560.0,1600.0
AMD,Radeon HD 6450 v3,No,07-Feb-2011,2011.0,18.0,512.0,64.0,8.5,533.0,2560.0,1600.0
AMD,Radeon HD 6450 Sapphire OC 512MB Edition,No,07-Apr-2011,2011.0,18.0,512.0,64.0,25.6,800.0,2560.0,1600.0
AMD,Radeon HD 6450 v2,No,07-Apr-2011,2011.0,18.0,512.0,64.0,28.8,900.0,2560.0,1600.0
AMD,Radeon HD 6450,No,07-Apr-2011,2011.0,18.0,512.0,64.0,25.6,800.0,2560.0,1600.0
AMD,Radeon HD 6450 v3 Asus Low Profile Silent 2GB Edition,No,25-Aug-2011,2011.0,18.0,1024.0,64.0,9.6,600.0,2560.0,1600.0
AMD,Radeon HD 6350,Yes,07-Feb-2011,2011.0,19.0,512.0,64.0,12.8,800.0,2560.0,1600.0
Nvidia,Quadro FX 580,No,09-Apr-2009,2009.0,40.0,512.0,128.0,25.6,800.0,2560.0,1600.0
AMD,Radeon HD 6570,Yes,19-Apr-2011,2011.0,60.0,1024.0,128.0,64.0,1000.0,2560.0,1600.0
Nvidia,Quadro FX 5600,No,03-May-2007,2007.0,171.0,1536.0,384.0,76.8,800.0,2560.0,1600.0
AMD,Radeon HD 6450 v3 MSI Low Profile 1GB Edition,No,19-Apr-2011,2011.0,18.0,1024.0,64.0,10.7,667.0,2560.0,1600.0
AMD,Radeon HD 6290,No,04-Dec-2011,2011.0,19.0,1024.0,64.0,12.8,800.0,2560.0,1600.0
Nvidia,Quadro FX 5500,No,20-Apr-2006,2006.0,96.0,1024.0,256.0,36.8,575.0,2560.0,1600.0
Nvidia,Quadro FX 4500,No,28-Jul-2005,2005.0,109.0,512.0,256.0,36.8,575.0,2560.0,1600.0
Nvidia,Quadro FX 380 LP,No,30-Dec-2009,2009.0,28.0,512.0,64.0,12.8,800.0,2560.0,1600.0
Nvidia,Quadro FX 3800,Yes,30-Mar-2009,2009.0,108.0,1024.0,256.0,51.2,800.0,2560.0,1600.0
Nvidia,Quadro FX 380,No,31-Mar-2009,2009.0,34.0,256.0,128.0,22.4,700.0,2560.0,1600.0
Nvidia,Quadro FX 3700,No,08-Jan-2008,2008.0,78.0,512.0,256.0,51.2,800.0,2560.0,1600.0
Nvidia,Quadro FX 3500,Yes,20-Apr-2006,2006.0,80.0,256.0,256.0,42.2,660.0,2560.0,1600.0
Nvidia,Quadro FX 4600,No,05-Mar-2007,2007.0,134.0,768.0,384.0,67.2,700.0,2560.0,1600.0
Nvidia,Quadro FX 3400,No,28-Jun-2004,2004.0,101.0,256.0,256.0,28.8,450.0,2560.0,1600.0
Nvidia,Quadro FX 1700,No,12-Sep-2007,2007.0,42.0,512.0,128.0,12.8,400.0,2560.0,1600.0
Nvidia,Quadro FX 570,No,12-Jan-2007,2007.0,38.0,256.0,128.0,12.8,400.0,2560.0,1600.0
Nvidia,Quadro FX 1400,Yes,09-Aug-2004,2004.0,70.0,128.0,256.0,9.6,300.0,2560.0,1600.0
Nvidia,Quadro FX 1800,No,19-Nov-2011,2011.0,59.0,768.0,192.0,38.4,800.0,2560.0,1600.0
AMD,Radeon HD 6450 v3 Sapphire 1GB Edition,No,19-Apr-2011,2011.0,18.0,1024.0,64.0,10.7,667.0,2560.0,1600.0
Nvidia,Quadro FX 1300,No,28-Jun-2004,2004.0,55.0,128.0,256.0,8.8,275.0,2560.0,1600.0
AMD,Radeon HD 5970 Eyefinity,Yes,18-Nov-2009,2009.0,294.0,4096.0,256.0,256.0,1000.0,2560.0,1600.0
AMD,Radeon HD 5870 MSI Lightning Edition,Yes,23-Feb-2010,2010.0,188.0,1024.0,256.0,153.6,1200.0,2560.0,1600.0
AMD,Radeon HD 5970 Crossfire,Yes,01-Nov-2009,2009.0,588.0,4096.0,512.0,512.0,1000.0,2560.0,1600.0
AMD,Radeon HD 5870 Crossfire,Yes,18-Sep-2009,2009.0,350.0,2048.0,256.0,307.2,1200.0,2560.0,1600.0
Nvidia,Quadro FX 1500,No,20-Apr-2006,2006.0,65.0,256.0,256.0,40.0,625.0,2560.0,1600.0
AMD,Radeon HD 5870 Asus v2 1GB Edition,Yes,12-May-2010,2010.0,300.0,1024.0,256.0,153.6,1200.0,2560.0,1600.0
AMD,Radeon HD 5870 2048MB,Yes,01-Sep-2009,2009.0,195.0,2048.0,256.0,153.6,1200.0,2560.0,1600.0
AMD,Radeon HD 5850 XFX Black 1GB Edition,Yes,13-Apr-2010,2010.0,151.0,1024.0,256.0,144.0,1125.0,2560.0,1600.0
AMD,Radeon HD 5850 PowerColor PCS+ 1GB Edition,Yes,01-Jan-2010,2010.0,151.0,1024.0,256.0,134.4,1050.0,2560.0,1600.0
Nvidia,Quadro FX 4800,No,08-Nov-2011,2011.0,150.0,1536.0,384.0,76.8,800.0,2560.0,1600.0
AMD,Radeon HD 5850 MSI Twin Frozr II 1GB Edition,Yes,30-Sep-2009,2009.0,151.0,1024.0,256.0,128.0,1000.0,2560.0,1600.0
AMD,Radeon HD 5870 1024MB,Yes,23-Sep-2009,2009.0,188.0,1024.0,256.0,153.6,1200.0,2560.0,1600.0
AMD,Radeon HD 5830,Yes,01-Feb-2010,2010.0,175.0,1024.0,256.0,128.0,1000.0,2560.0,1600.0
AMD,Radeon HD 5770 Sapphire Vapor-X Edition,Yes,13-Oct-2009,2009.0,108.0,1024.0,128.0,76.8,1200.0,2560.0,1600.0
AMD,Radeon HD 5850 Crossfire,Yes,18-Sep-2009,2009.0,300.0,2048.0,256.0,256.0,1000.0,2560.0,1600.0
AMD,Radeon HD 5850 Gigabyte OC 1GB Edition,Yes,01-Apr-2010,2010.0,151.0,1024.0,256.0,128.0,1000.0,2560.0,1600.0
AMD,Radeon HD 5770 Crossfire,Yes,01-Oct-2009,2009.0,206.0,2048.0,128.0,153.6,1200.0,2560.0,1600.0
AMD,Radeon HD 5850 2048MB,Yes,30-Sep-2009,2009.0,185.0,2048.0,256.0,128.0,1000.0,2560.0,1600.0
AMD,Radeon HD 5770 Sapphire 1GB Edition,Yes,13-Oct-2009,2009.0,108.0,1024.0,128.0,76.8,1200.0,2560.0,1600.0
AMD,Radeon HD 5850 HIS iCooler V Turbo 1GB Edition,Yes,30-Sep-2009,2009.0,151.0,1024.0,256.0,144.0,1125.0,2560.0,1600.0
AMD,Radeon HD 5850 1024MB,Yes,30-Sep-2009,2009.0,151.0,1024.0,256.0,128.0,1000.0,2560.0,1600.0
AMD,Radeon HD 5770 Asus v2 Edition,Yes,01-Nov-2009,2009.0,150.0,1024.0,128.0,76.8,1200.0,2560.0,1600.0
AMD,Radeon HD 5770 512MB,Yes,01-Oct-2009,2009.0,108.0,512.0,128.0,76.8,1200.0,2560.0,1600.0
AMD,Radeon HD 5750 512MB,Yes,01-Oct-2009,2009.0,86.0,512.0,128.0,73.6,1150.0,2560.0,1600.0
AMD,Radeon HD 5750 1024MB,Yes,01-Oct-2009,2009.0,86.0,1024.0,128.0,73.6,1150.0,2560.0,1600.0
AMD,Radeon HD 5770 1024MB,Yes,01-Oct-2009,2009.0,108.0,1024.0,128.0,76.8,1200.0,2560.0,1600.0
AMD,Radeon HD 5670 1GB DDR3,Yes,01-Jan-2010,2010.0,64.0,1024.0,128.0,25.6,800.0,2560.0,1600.0
AMD,Radeon HD 5670 1024MB,Yes,14-Jan-2010,2010.0,64.0,1024.0,128.0,64.0,1000.0,2560.0,1600.0
AMD,Radeon HD 5670 Asus 1GB Edition,Yes,14-Jan-2010,2010.0,64.0,1024.0,128.0,64.0,1000.0,2560.0,1600.0
AMD,Radeon HD 5670 1GB DDR3 Sapphire Edition,Yes,14-Jan-2010,2010.0,64.0,1024.0,128.0,25.6,800.0,2560.0,1600.0
AMD,Radeon HD 5570 512MB,Yes,09-Feb-2010,2010.0,39.0,512.0,128.0,28.8,900.0,2560.0,1600.0
AMD,Radeon HD 5670 512MB,Yes,14-Jan-2010,2010.0,61.0,512.0,128.0,64.0,1000.0,2560.0,1600.0
AMD,Radeon HD 5570 1024MB,Yes,09-Feb-2010,2010.0,42.0,1024.0,128.0,28.8,900.0,2560.0,1600.0
AMD,Radeon HD 5450 256MB,Yes,04-Feb-2010,2010.0,19.0,256.0,64.0,6.4,400.0,2560.0,1600.0
AMD,Radeon HD 5550 1024MB,Yes,09-Feb-2010,2010.0,39.0,1024.0,128.0,64.0,1000.0,2560.0,1600.0
AMD,Radeon HD 5550 512MB,Yes,09-Feb-2010,2010.0,39.0,512.0,128.0,64.0,1000.0,2560.0,1600.0
AMD,Radeon HD 7970 VTX3D 3GB Edition,Yes,01-Feb-2012,2012.0,300.0,3072.0,384.0,264.0,1375.0,4096.0,2160.0
AMD,Radeon HD 5450 2GB,Yes,04-Feb-2010,2010.0,40.0,2048.0,64.0,6.4,400.0,2560.0,1600.0
AMD,Radeon HD 7970 VTX3D X 3GB Edition,Yes,09-Jan-2012,2012.0,250.0,3072.0,384.0,273.6,1425.0,4096.0,2160.0
AMD,Radeon HD 5450 512MB,Yes,04-Feb-2010,2010.0,20.0,512.0,64.0,6.4,400.0,2560.0,1600.0
AMD,Radeon HD 7970 OC Sapphire Edition,Yes,01-Mar-2012,2012.0,230.0,3072.0,384.0,273.6,1425.0,4096.0,2160.0
AMD,Radeon HD 7970 PowerColor LCS 3GB Edition,Yes,01-Jan-2012,2012.0,250.0,3072.0,384.0,273.6,1425.0,4096.0,2160.0
AMD,Radeon HD 7970 GHz Toxic 6GB Edition,Yes,01-Aug-2012,2012.0,265.0,6144.0,384.0,288.0,1500.0,4096.0,2160.0
AMD,Radeon HD 7970 OC GigaByte Edition,Yes,12-Jan-2012,2012.0,230.0,3072.0,384.0,264.0,1375.0,4096.0,2160.0
AMD,Radeon HD 7970 GHz MSI Lightning BE 3GB Edition,Yes,05-Mar-2013,2013.0,300.0,3072.0,384.0,288.0,1500.0,4096.0,2160.0
AMD,Radeon HD 7970 GHz Edition,Yes,22-Jun-2012,2012.0,250.0,3072.0,384.0,288.0,1500.0,4096.0,2160.0
AMD,Radeon HD 7970 Lightning Edition,Yes,01-Feb-2012,2012.0,230.0,3072.0,384.0,268.8,1400.0,4096.0,2160.0
AMD,Radeon HD 7970 DirectCU II TOP Edition,Yes,01-Feb-2012,2012.0,300.0,3072.0,384.0,268.8,1400.0,4096.0,2160.0
AMD,Radeon HD 7970 Club3D royalAce Edition,Yes,01-Sep-2012,2012.0,250.0,3072.0,384.0,288.0,1500.0,4096.0,2160.0
AMD,Radeon HD 7970 Asus Edition,Yes,01-Feb-2012,2012.0,300.0,3072.0,384.0,264.0,1375.0,4096.0,2160.0
AMD,Radeon HD 7970,Yes,29-Dec-2011,2011.0,250.0,3072.0,384.0,264.0,1375.0,4096.0,2160.0
AMD,Radeon HD 7970 Asus ARES II Edition,Yes,01-Jan-2013,2013.0,500.0,6144.0,384.0,633.6,1650.0,2560.0,1600.0
AMD,Radeon HD 7970 GHz Matrix Platinum Edition,Yes,01-Oct-2012,2012.0,300.0,3072.0,384.0,316.8,1650.0,4096.0,2160.0
AMD,Radeon HD 7970 Crossfire,Yes,01-Jan-2012,2012.0,460.0,6144.0,384.0,528.0,1375.0,4096.0,2160.0
AMD,Radeon HD 7950 Sapphire FleX 3GB Edition,Yes,15-Feb-2012,2012.0,200.0,3072.0,384.0,240.0,1250.0,4096.0,2160.0
AMD,Radeon HD 7950 MSI TwinFrozr Boost Edition,Yes,10-Oct-2012,2012.0,200.0,3072.0,384.0,240.0,1250.0,4096.0,2160.0
AMD,Radeon HD 7950 XFX Double D 3GB Edition,Yes,05-Apr-2012,2012.0,200.0,3072.0,384.0,264.0,1375.0,4096.0,2160.0
AMD,Radeon HD 7950 IceQ Turbo 3GB Edition,Yes,01-Aug-2012,2012.0,160.0,3072.0,384.0,240.0,1250.0,4096.0,2160.0
AMD,Radeon HD 7950 DirectCU II TOP Edition,Yes,02-Feb-2012,2012.0,225.0,3072.0,384.0,240.0,1250.0,4096.0,2160.0
AMD,Radeon HD 7950 Crossfire,Yes,01-Jan-2012,2012.0,360.0,6144.0,384.0,480.0,1250.0,4096.0,2160.0
AMD,Radeon HD 7950 Club3D royalKing Edition,Yes,01-Nov-2012,2012.0,200.0,3072.0,384.0,240.0,1250.0,4096.0,2160.0
AMD,Radeon HD 7950 3-way Crossfire,Yes,01-Jan-2012,2012.0,540.0,9216.0,384.0,720.0,1250.0,4096.0,2160.0
AMD,Radeon HD 7950 Boost Edition,Yes,22-Jul-2012,2012.0,200.0,3072.0,384.0,240.0,1250.0,4096.0,2160.0
AMD,Radeon HD 7950 Asus DirectCU II TOP 3GB Edition,Yes,31-Jan-2012,2012.0,225.0,3072.0,384.0,240.0,1250.0,4096.0,2160.0
AMD,Radeon HD 7870 XT PowerColor Myst. Edition,Yes,22-Nov-2012,2012.0,185.0,2048.0,256.0,192.0,1500.0,4096.0,2160.0
AMD,Radeon HD 7950,Yes,31-Jan-2012,2012.0,200.0,3072.0,384.0,240.0,1250.0,4096.0,2160.0
AMD,Radeon HD 7870 XT Crossfire,Yes,01-Nov-2012,2012.0,350.0,4096.0,256.0,384.0,1500.0,4096.0,2160.0
AMD,Radeon HD 7870 XT,Yes,01-Nov-2012,2012.0,185.0,2048.0,256.0,192.0,1500.0,4096.0,2160.0
AMD,Radeon HD 7870 PowerColor PCS+ 2GB Edition,Yes,05-Mar-2012,2012.0,175.0,2048.0,256.0,156.8,1225.0,4096.0,2160.0
AMD,Radeon HD 7870 Sapphire GHz 2GB Edition,Yes,05-Mar-2012,2012.0,175.0,2048.0,256.0,153.6,1200.0,4096.0,2160.0
AMD,Radeon HD 7870 Gigabyte OC Edition,Yes,01-May-2012,2012.0,175.0,2048.0,256.0,153.6,1200.0,4096.0,2160.0
AMD,Radeon HD 7870 DirectCU II TOP v2 Edition,Yes,01-May-2012,2012.0,175.0,2048.0,256.0,153.6,1200.0,4096.0,2160.0
AMD,Radeon HD 7870 Crossfire,Yes,01-Mar-2012,2012.0,350.0,4096.0,256.0,307.2,1200.0,4096.0,2160.0
AMD,Radeon HD 7870,Yes,05-Mar-2012,2012.0,175.0,2048.0,256.0,153.6,1200.0,4096.0,2160.0
AMD,Radeon HD 7870 Club3D royalQueen 2GB Edition,Yes,05-Mar-2012,2012.0,175.0,2048.0,256.0,153.6,1200.0,4096.0,2160.0
AMD,Radeon HD 7870 Club3D jokerCard 2GB Edition,Yes,05-Mar-2012,2012.0,175.0,2048.0,256.0,153.6,1200.0,4096.0,2160.0
AMD,Radeon HD 7870 Club3D GHz Edition,Yes,01-Mar-2012,2012.0,175.0,2048.0,256.0,153.6,1200.0,4096.0,2160.0
AMD,Radeon HD 7850 VisionTek 2GB Edition,Yes,12-May-2012,2012.0,130.0,2048.0,256.0,153.6,1200.0,4096.0,2160.0
AMD,Radeon HD 7850 Sapphire OC Edition,Yes,14-Mar-2012,2012.0,130.0,2048.0,256.0,160.0,1250.0,4096.0,2160.0
AMD,Radeon HD 7850 Gigabyte OC Edition,Yes,01-Feb-2012,2012.0,130.0,2048.0,256.0,153.6,1200.0,4096.0,2160.0
AMD,Radeon HD 7850 HIS Fan 2GB Edition,Yes,06-Mar-2012,2012.0,130.0,2048.0,256.0,153.6,1200.0,4096.0,2160.0
AMD,Radeon HD 7850 Club3D royalQueen Edition,Yes,01-Feb-2012,2012.0,130.0,2048.0,256.0,153.6,1200.0,4096.0,2160.0
AMD,Radeon HD 7850 Club3D royalAce Edition,Yes,01-Sep-2012,2012.0,150.0,2048.0,256.0,153.6,1200.0,4096.0,2160.0
AMD,Radeon HD 7850 Crossfire,Yes,01-Mar-2012,2012.0,260.0,4096.0,256.0,307.2,1200.0,4096.0,2160.0
AMD,Radeon HD 7850 Club3D royalQueen 1GB Edition,Yes,01-Feb-2012,2012.0,130.0,1024.0,256.0,153.6,1200.0,4096.0,2160.0
AMD,Radeon HD 7850 Club3D royalKing Edition,Yes,01-Feb-2012,2012.0,130.0,2048.0,256.0,153.6,1200.0,4096.0,2160.0
AMD,Radeon HD 7850,Yes,19-Mar-2012,2012.0,130.0,2048.0,256.0,153.6,1200.0,4096.0,2160.0
AMD,Radeon HD 7770 XFX Double Dissipation 1GB Edition,Yes,31-Mar-2012,2012.0,80.0,1024.0,128.0,72.0,1125.0,4096.0,2160.0
AMD,Radeon HD 7790,Yes,22-Mar-2013,2013.0,85.0,1024.0,128.0,96.0,1500.0,2560.0,1600.0
AMD,Radeon HD 7790 Crossfire,Yes,22-Mar-2013,2013.0,170.0,2048.0,128.0,192.0,1500.0,2560.0,1600.0
AMD,Radeon HD 7770 Sapphire GHz OC Edition,Yes,16-Feb-2012,2012.0,80.0,1024.0,128.0,80.0,1250.0,4096.0,2160.0
AMD,Radeon HD 7770 Sapphire Edition,Yes,01-Feb-2012,2012.0,80.0,1024.0,128.0,72.0,1125.0,4096.0,2160.0
AMD,Radeon HD 7770 MSI PMD1 Edition,Yes,01-Feb-2012,2012.0,150.0,1024.0,128.0,72.0,1125.0,4096.0,2160.0
AMD,Radeon HD 7770 DirectCU II V2 Edition,Yes,01-Jun-2012,2012.0,150.0,1024.0,128.0,73.6,1150.0,4096.0,2160.0
AMD,Radeon HD 7770 Asus GHz Edition,Yes,01-Jun-2012,2012.0,150.0,2048.0,128.0,73.6,1150.0,4096.0,2160.0
AMD,Radeon HD 7770 2GB GHz Edition,Yes,15-Feb-2012,2012.0,80.0,2048.0,128.0,72.0,1125.0,4096.0,2160.0
AMD,Radeon HD 7770 Crossfire,Yes,01-Feb-2012,2012.0,160.0,2048.0,128.0,144.0,1125.0,4096.0,2160.0
AMD,Radeon HD 7750 Sapphire Ultimate,Yes,01-Feb-2012,2012.0,55.0,1024.0,128.0,72.0,1125.0,4096.0,2160.0
AMD,Radeon HD 7770 1GB GDDR5,Yes,15-Feb-2012,2012.0,80.0,1024.0,128.0,72.0,1125.0,4096.0,2160.0
AMD,Radeon HD 7750 Sapphire 1GB GDDR5 Edition,Yes,01-Aug-2012,2012.0,55.0,1024.0,128.0,72.0,1125.0,4096.0,2160.0
AMD,Radeon HD 7750 HIS iCooler Dual Fan 1GB Edition,Yes,15-Feb-2012,2012.0,55.0,1024.0,128.0,72.0,1125.0,4096.0,2160.0
AMD,Radeon HD 7750 Club3D Low Profile Edition,Yes,01-Aug-2012,2012.0,61.0,1024.0,128.0,72.0,1125.0,4096.0,2160.0
AMD,Radeon HD 7750 Crossfire,Yes,01-Feb-2012,2012.0,110.0,2048.0,128.0,144.0,1125.0,4096.0,2160.0
AMD,Radeon HD 7750 1GB GDDR5,Yes,15-Feb-2012,2012.0,55.0,1024.0,128.0,72.0,1125.0,4096.0,2160.0
AMD,Radeon HD 7730 v2 Sapphire 1GB Edition,Yes,10-May-2013,2013.0,47.0,1024.0,128.0,28.8,900.0,4096.0,2160.0
AMD,Radeon HD 7730 v2 XFX Core 4GB Edition,No,11-Jul-2013,2013.0,47.0,4096.0,128.0,20.8,650.0,4096.0,2160.0
AMD,Radeon HD 7730 v2 Sapphire 2GB Edition,Yes,10-May-2013,2013.0,47.0,2048.0,128.0,28.8,900.0,4096.0,2160.0
AMD,Radeon HD 7730 v2 PowerColor 2GB Edition,Yes,24-Jul-2013,2013.0,47.0,2048.0,128.0,25.6,800.0,4096.0,2160.0
AMD,Radeon HD 7720,Yes,31-Mar-2013,2013.0,150.0,1024.0,256.0,134.4,1050.0,2560.0,1600.0
AMD,Radeon HD 7730 v2,Yes,01-May-2013,2013.0,47.0,2048.0,128.0,28.8,900.0,4096.0,2160.0
AMD,Radeon HD 7650A,Yes,01-Jan-2012,2012.0,33.0,1024.0,128.0,28.8,900.0,2560.0,1600.0
AMD,Radeon HD 7670A,Yes,01-Jan-2012,2012.0,45.0,1024.0,128.0,64.0,1000.0,2560.0,1600.0
AMD,Radeon HD 7750 Asus TOP 1GB Edition,Yes,01-Feb-2012,2012.0,75.0,1024.0,128.0,73.6,1150.0,4096.0,2160.0
AMD,Radeon HD 7730,Yes,01-May-2013,2013.0,47.0,1024.0,128.0,72.0,1125.0,4096.0,2160.0
AMD,Radeon HD 7670 v2,No,05-Jan-2012,2012.0,66.0,2048.0,128.0,25.6,800.0,2560.0,1600.0
AMD,Radeon HD 7570,Yes,05-Jan-2012,2012.0,60.0,1024.0,128.0,51.2,800.0,2560.0,1600.0
AMD,Radeon HD 7670,Yes,05-Jan-2012,2012.0,66.0,1024.0,128.0,64.0,1000.0,2560.0,1600.0
AMD,Radeon HD 7570 v2 Pegatron 1GB Edition,No,05-Jan-2012,2012.0,60.0,1024.0,128.0,25.6,800.0,2560.0,1600.0
AMD,Radeon HD 7570 v2,No,05-Jan-2012,2012.0,44.0,1024.0,128.0,28.8,900.0,2560.0,1600.0
AMD,Radeon HD 7470,No,05-Jan-2012,2012.0,18.0,512.0,64.0,28.8,900.0,2560.0,1600.0
AMD,Radeon HD 7470A,No,01-Jan-2012,2012.0,18.0,1024.0,64.0,12.8,800.0,2560.0,1600.0
AMD,Radeon HD 7350,No,05-Jan-2012,2012.0,19.0,512.0,64.0,12.8,800.0,2560.0,1600.0
AMD,Radeon HD 7450,No,05-Jan-2012,2012.0,18.0,512.0,64.0,8.5,533.0,2560.0,1600.0
AMD,Radeon HD 8860 (OEM),Yes,08-Jan-2013,2013.0,150.0,2048.0,256.0,179.2,1400.0,4096.0,2160.0
AMD,Radeon HD 8870 (OEM),Yes,08-Jan-2013,2013.0,175.0,2048.0,256.0,153.6,1200.0,4096.0,2160.0
AMD,Radeon HD 8770 (OEM),Yes,02-Sep-2013,2013.0,85.0,1024.0,128.0,96.0,1500.0,2560.0,1600.0
AMD,Radeon HD 8970 (OEM),Yes,08-Jan-2013,2013.0,250.0,3072.0,384.0,264.0,1375.0,4096.0,2160.0
AMD,Radeon HD 8950 (OEM),Yes,08-Jan-2013,2013.0,200.0,3072.0,384.0,240.0,1250.0,4096.0,2160.0
AMD,Radeon HD 8740 (OEM),Yes,05-Sep-2013,2013.0,55.0,2048.0,128.0,72.0,1125.0,4096.0,2160.0
AMD,Radeon HD 8760 (OEM),Yes,08-Jan-2013,2013.0,80.0,2048.0,128.0,72.0,1125.0,4096.0,2160.0
AMD,Radeon HD 8670 (OEM),Yes,08-Jan-2013,2013.0,75.0,2048.0,128.0,73.6,1150.0,2560.0,1600.0
AMD,Radeon HD 8450 (OEM),No,08-Jan-2013,2013.0,18.0,512.0,64.0,8.5,533.0,2560.0,1600.0
AMD,Radeon HD 8470 (OEM),No,08-Jan-2013,2013.0,18.0,512.0,64.0,28.8,900.0,2560.0,1600.0
AMD,Radeon HD 8350 (OEM),No,08-Jan-2013,2013.0,25.0,512.0,64.0,12.8,800.0,2560.0,1600.0
AMD,Radeon HD 8570 (OEM),No,08-Jan-2013,2013.0,30.0,2048.0,128.0,28.8,900.0,4096.0,2160.0
Nvidia,GeForce 6800 Ultra,Yes,01-Mar-2005,2005.0,124.0,256.0,256.0,35.2,550.0,2560.0,1600.0
Nvidia,GeForce FX 5950 Ultra,No,23-Oct-2003,2003.0,74.0,256.0,256.0,15.2,475.0,2048.0,1536.0
Nvidia,GeForce FX 5900XT,No,01-Dec-2003,2003.0,35.0,128.0,256.0,11.2,350.0,2048.0,1536.0
Nvidia,GeForce 6800 Series 128MB,No,01-Apr-2004,2004.0,39.0,128.0,256.0,11.2,350.0,2560.0,1600.0
Nvidia,GeForce GT 705,No,27-Mar-2014,2014.0,29.0,1024.0,64.0,13.2,825.0,4096.0,2160.0
Nvidia,GeForce GTX 590 Zotac Edition,Yes,01-Mar-2011,2011.0,365.0,3072.0,384.0,327.9,854.0,2560.0,1600.0
Nvidia,GeForce GTX 295 EVGA CO-OP 1792MB Edition,Yes,15-Jun-2009,2009.0,289.0,1792.0,448.0,225.8,1008.0,2560.0,1600.0
Nvidia,GeForce GTX 480 SLI,Yes,01-Mar-2010,2010.0,500.0,3072.0,384.0,354.8,924.0,2560.0,1600.0
Nvidia,GeForce GT 330,No,01-Feb-2010,2010.0,75.0,256.0,128.0,16.3,510.0,2560.0,1600.0
Nvidia,GeForce GTX 295 EVGA CO-OP Hydro Copper 1792MB Edition,Yes,15-Jun-2009,2009.0,289.0,1792.0,448.0,235.9,1053.0,2560.0,1600.0
Nvidia,GeForce GT 340,No,01-Feb-2010,2010.0,69.0,1024.0,128.0,54.4,850.0,2560.0,1600.0
Nvidia,GeForce GTX 690 SLI,Yes,03-May-2012,2012.0,600.0,8192.0,512.0,769.0,1502.0,4096.0,2160.0
Nvidia,GeForce 310 512MB,No,01-Nov-2009,2009.0,31.0,512.0,64.0,6.4,400.0,2560.0,1600.0
Nvidia,GeForce 315 512MB,No,01-Feb-2010,2010.0,33.0,512.0,64.0,12.6,790.0,2560.0,1600.0
Nvidia,GeForce GT 320,Yes,01-Feb-2010,2010.0,43.0,1024.0,128.0,25.3,790.0,2560.0,1600.0
Nvidia,GeForce GTX 680 Zotac 4GB Edition,Yes,01-May-2012,2012.0,195.0,4096.0,256.0,192.3,1502.0,4096.0,2160.0
Nvidia,GeForce GTX 690,Yes,03-May-2012,2012.0,300.0,4096.0,256.0,384.0,1500.0,4096.0,2160.0
Nvidia,GeForce GTX 690 Asus 4GB Edition,Yes,01-May-2012,2012.0,385.0,4096.0,512.0,384.5,1502.0,4096.0,2160.0
Nvidia,GeForce GTX 980 Zotac AMP! Omega Core 4GB Edition,Yes,01-Jul-2015,2015.0,200.0,4096.0,256.0,225.5,1762.0,5120.0,3200.0
Nvidia,GeForce GTX 680 WinFast 4GB Edition,Yes,01-Mar-2012,2012.0,195.0,4096.0,256.0,192.3,1502.0,4096.0,2160.0
Nvidia,GeForce GTX 680 Quad SLI,Yes,01-Mar-2012,2012.0,780.0,8192.0,256.0,769.0,1502.0,4096.0,2160.0
Nvidia,GeForce GTX 680 Twin Frozr OC Edition,Yes,13-Apr-2012,2012.0,195.0,2048.0,256.0,192.3,1502.0,4096.0,2160.0
Nvidia,GeForce GTX 680 PNY XLR8 Enthusiast 4GB Edition,Yes,23-Apr-2012,2012.0,195.0,4096.0,256.0,192.3,1502.0,4096.0,2160.0
Nvidia,GeForce GTX 680 Phantom 4GB Edition,Yes,01-Jun-2012,2012.0,195.0,4096.0,256.0,192.3,1502.0,4096.0,2160.0
Nvidia,GeForce GTX 680 Palit Jetstream 2GB Edition,Yes,01-Apr-2012,2012.0,215.0,2048.0,256.0,201.6,1575.0,4096.0,2160.0
Nvidia,GeForce GTX 680 Palit Jetstream 4GB Edition,Yes,01-Apr-2012,2012.0,215.0,4096.0,256.0,192.3,1502.0,4096.0,2160.0
Nvidia,GeForce GTX 1080 Ti Zotac Founders Edition 11GB,Yes,05-Mar-2017,2017.0,220.0,11264.0,88.0,484.4,1376.0,7680.0,4320.0
Nvidia,GeForce GTX 680 SLI,Yes,01-Mar-2012,2012.0,390.0,4096.0,256.0,384.5,1502.0,4096.0,2160.0
Nvidia,GeForce GTX 1080 Zotac AMP 8GB Edition,Yes,27-Jun-2016,2016.0,250.0,8192.0,256.0,320.3,1251.0,7680.0,4320.0
Nvidia,GeForce GTX 1080 Ti Zotac AMP! Extreme,Yes,10-Mar-2017,2017.0,220.0,11264.0,176.0,493.5,1402.0,7680.0,4320.0
Nvidia,GeForce GTX 1080 Zotac Founders 8GB Edition,Yes,27-May-2016,2016.0,180.0,8192.0,256.0,320.3,1251.0,7680.0,4320.0
Nvidia,GeForce GTX 1080 Zotac AMP Extreme 8GB Edition,Yes,27-Jun-2016,2016.0,250.0,8192.0,256.0,345.6,1350.0,7680.0,4320.0
Nvidia,GeForce GTX 1080 Ti Zotac PGF Extreme OC,Yes,10-Mar-2017,2017.0,220.0,11264.0,88.0,484.4,1376.0,7680.0,4320.0
Nvidia,GeForce GTX 295 EVGA Red 1792MB Edition,Yes,08-Jan-2009,2009.0,289.0,1792.0,448.0,223.8,999.0,2560.0,1600.0
Nvidia,GeForce GTX 1080 Ti SLI,Yes,05-Mar-2017,2017.0,220.0,11264.0,176.0,484.4,1376.0,7680.0,3200.0
Nvidia,GeForce GTX 1080 Ti Zotac AMP!,Yes,10-Mar-2017,2017.0,220.0,11264.0,88.0,484.4,1376.0,7680.0,4320.0
Nvidia,GeForce GTX 1080 Ti PNY Founders Edition 11GB,Yes,05-Mar-2017,2017.0,220.0,11264.0,88.0,484.4,1376.0,7680.0,4320.0
Nvidia,GeForce GTX 1080 Ti MSI Lightning X 11GB,Yes,05-Mar-2017,2017.0,220.0,11264.0,88.0,484.4,1376.0,7680.0,4320.0
Nvidia,GeForce GTX 1080 Ti MSI Gaming 11GB,Yes,05-Mar-2017,2017.0,250.0,11264.0,88.0,484.4,1376.0,7680.0,4320.0
Nvidia,GeForce GTX 1080 Ti MSI Sea Hawk X 11GB,Yes,05-Mar-2017,2017.0,220.0,11264.0,88.0,489.3,1390.0,7680.0,4320.0
Nvidia,GeForce GTX 1080 Ti Palit Founders Edition 11GB,Yes,05-Mar-2017,2017.0,220.0,11264.0,88.0,484.4,1376.0,7680.0,4320.0
Nvidia,GeForce GTX 1080 Ti MSI Gaming X 11GB,Yes,05-Mar-2017,2017.0,220.0,11264.0,88.0,484.4,1376.0,7680.0,4320.0
Nvidia,GeForce GTX 1080 Ti MSI Founders Edition 11GB,Yes,05-Mar-2017,2017.0,220.0,11264.0,88.0,484.4,1376.0,7680.0,4320.0
Nvidia,GeForce GTX 1080 Ti MSI Sea Hawk 11GB,Yes,05-Mar-2017,2017.0,220.0,11264.0,88.0,484.4,1376.0,7680.0,4320.0
Nvidia,GeForce GTX 1080 Ti MSI Armor 11GB Edition,Yes,05-Mar-2017,2017.0,220.0,11264.0,88.0,484.4,1376.0,7680.0,4320.0
Nvidia,GeForce GTX 1080 Ti MSI Armor OC 11GB,Yes,05-Mar-2017,2017.0,250.0,11264.0,88.0,484.4,1376.0,7680.0,4320.0
Nvidia,GeForce GTX 1080 Ti Kuroutoshikou Founders Edition 11GB,Yes,05-Mar-2017,2017.0,220.0,11264.0,88.0,484.4,1376.0,7680.0,4320.0
Nvidia,GeForce GTX 1080 Ti Inno3D iChiLL X3 Ultra 11GB,Yes,05-Mar-2017,2017.0,220.0,11264.0,352.0,502.0,1426.0,7680.0,3200.0
Nvidia,GeForce GTX 1080 Ti Manli F369G 11GB,Yes,22-Mar-2017,2017.0,220.0,11264.0,88.0,484.4,1376.0,7680.0,4320.0
Nvidia,GeForce GTX 1080 Ti Inno3D iChiLL X4 11GB,Yes,05-Mar-2017,2017.0,220.0,11264.0,88.0,502.0,1426.0,7680.0,4320.0
Nvidia,GeForce GTX 1080 Ti Inno3D iChiLL X3 11GB,Yes,05-Mar-2017,2017.0,220.0,11264.0,352.0,502.0,1426.0,7680.0,3200.0
Nvidia,GeForce GTX 1080 Ti KFA Founders Edition 11GB,Yes,05-Mar-2017,2017.0,220.0,11264.0,88.0,484.4,1376.0,7680.0,4320.0
Nvidia,GeForce GTX 1080 Ti Inno3D Founders Edition 11GB,Yes,05-Mar-2017,2017.0,220.0,11264.0,88.0,484.4,1376.0,7680.0,4320.0
Nvidia,GeForce GTX 1080 Ti Inno3D Gaming OC 11GB,No,05-Mar-2017,2017.0,220.0,11264.0,352.0,484.4,1376.0,7680.0,4320.0
Nvidia,GeForce GTX 1080 Ti Inno3D iChiLL Black 11GB,Yes,05-Mar-2017,2017.0,220.0,11264.0,88.0,484.4,1376.0,7680.0,4320.0
Nvidia,GeForce GTX 1080 Ti Gigabyte Founders Edition 11GB,Yes,05-Mar-2017,2017.0,220.0,11264.0,88.0,484.4,1376.0,7680.0,4320.0
Nvidia,GeForce GTX 1080 Ti Inno3D iChiLL X4 Ultra 11GB,Yes,10-Mar-2017,2017.0,220.0,11264.0,88.0,502.0,1426.0,7680.0,4320.0
Nvidia,GeForce GTX 1080 Ti MSI Aero 11GB,Yes,05-Mar-2017,2017.0,250.0,11264.0,176.0,484.4,1376.0,7680.0,4320.0
Nvidia,GeForce GTX 1080 Ti MSI Aero OC 11GB,Yes,05-Mar-2017,2017.0,250.0,11264.0,176.0,484.4,1376.0,7680.0,4320.0
Nvidia,GeForce GTX 1080 Ti Gigabyte AORUS Xtreme Edition 11GB,Yes,05-Mar-2017,2017.0,220.0,11264.0,88.0,494.2,1404.0,7680.0,4320.0
Nvidia,GeForce GTX 1080 Ti Galax Hall of Fame Edition 11GB,Yes,05-Mar-2017,2017.0,220.0,11264.0,352.0,484.4,1376.0,7680.0,4320.0
Nvidia,GeForce GTX 1080 Ti Gigabyte G1 Gaming 11GB,Yes,05-Mar-2017,2017.0,220.0,11264.0,88.0,484.4,1376.0,7680.0,4320.0
Nvidia,GeForce GTX 1080 Ti Galax Founders Edition 11GB,No,05-Mar-2017,2017.0,220.0,11264.0,352.0,484.4,1376.0,7680.0,4320.0
Nvidia,GeForce GTX 1080 Ti EVGA SC2 Gaming 11GB,Yes,05-Mar-2017,2017.0,220.0,11264.0,88.0,484.4,1376.0,7680.0,4320.0
Nvidia,GeForce GTX 1080 Ti EVGA SC Black Edition Gaming 11GB,Yes,05-Mar-2017,2017.0,220.0,11264.0,88.0,484.4,1376.0,7680.0,4320.0
Nvidia,GeForce GTX 1080 Ti Gainward Founders Edition 11GB,No,05-Mar-2017,2017.0,220.0,11264.0,352.0,484.4,1376.0,7680.0,4320.0
Nvidia,GeForce GTX 1080 Ti Colorful Founders Edition 11GB,Yes,05-Mar-2017,2017.0,220.0,11264.0,88.0,484.4,1376.0,7680.0,4320.0
Nvidia,GeForce GTX 1080 Ti EVGA Founders Edition 11GB,No,05-Mar-2017,2017.0,220.0,11264.0,352.0,484.4,1376.0,7680.0,3200.0
Nvidia,GeForce GTX 1080 Ti ELSA Founders Edition 11GB,Yes,05-Mar-2017,2017.0,220.0,11264.0,88.0,484.4,1376.0,7680.0,4320.0
Nvidia,GeForce GTX 1080 Ti EVGA FTW3 Gaming 11GB,Yes,05-Mar-2017,2017.0,220.0,11264.0,88.0,484.4,1376.0,7680.0,4320.0
Nvidia,GeForce GTX 1080 Ti ASUS Turbo 11GB,No,10-Mar-2017,2017.0,220.0,11264.0,352.0,484.4,1376.0,7680.0,4320.0
Nvidia,GeForce GTX 1080 Ti ASUS ROG STRIX OC 11GB,Yes,05-Mar-2017,2017.0,220.0,11264.0,352.0,488.6,1388.0,7680.0,4320.0
Nvidia,GeForce GTX 1080 Ti ASUS ROG STRIX 11GB,Yes,05-Mar-2017,2017.0,220.0,11264.0,352.0,488.6,1388.0,7680.0,3200.0
Nvidia,GeForce GTX 1080 Ti,Yes,05-Mar-2017,2017.0,220.0,11264.0,352.0,484.4,1376.0,7680.0,4320.0
Nvidia,GeForce GTX 1080 Ti ASUS Founders Edition 11GB,No,05-Mar-2017,2017.0,220.0,11264.0,352.0,484.4,1376.0,7680.0,3200.0
Nvidia,GeForce GTX 1080 Palit Super JetStream 8GB Edition,Yes,27-May-2016,2016.0,200.0,8192.0,256.0,320.3,1251.0,7680.0,4320.0
Nvidia,GeForce GTX 1080 PNY Founders 8GB Edition,Yes,27-May-2016,2016.0,180.0,8192.0,256.0,320.3,1251.0,7680.0,4320.0
Nvidia,GeForce GTX 1080 Palit Founders 8GB Edition,Yes,27-May-2016,2016.0,180.0,8192.0,256.0,320.3,1251.0,7680.0,4320.0
Nvidia,GeForce GTX 1080 SLI,Yes,27-May-2016,2016.0,360.0,16384.0,256.0,640.5,1251.0,7680.0,4320.0
Nvidia,GeForce GTX 1080 MSI Armor 8GB Edition,Yes,27-May-2016,2016.0,180.0,8192.0,256.0,320.3,1251.0,7680.0,4320.0
Nvidia,GeForce GTX 1080 MSI Founders 8GB Edition,Yes,27-May-2016,2016.0,180.0,8192.0,256.0,320.0,1250.0,7680.0,4320.0
Nvidia,GeForce GTX 1080 MSI Gaming X 8GB Edition,Yes,27-May-2016,2016.0,180.0,8192.0,256.0,323.3,1263.0,7680.0,4320.0
Nvidia,GeForce GTX 1080 Palit JetStream 8GB Edition,Yes,27-May-2016,2016.0,180.0,8192.0,256.0,320.3,1251.0,7680.0,4320.0
Nvidia,GeForce GTX 1080 Palit GameRock 8GB Edition,Yes,27-May-2016,2016.0,200.0,8192.0,256.0,320.3,1251.0,7680.0,4320.0
Nvidia,GeForce GTX 1080 MSI Armor OC 8GB Edition,Yes,27-May-2016,2016.0,180.0,8192.0,256.0,320.3,1251.0,7680.0,4320.0
Nvidia,GeForce GTX 1080 Ti Inno3D Twin X2 11GB,Yes,05-Mar-2017,2017.0,220.0,11264.0,88.0,484.4,1376.0,7680.0,4320.0
Nvidia,GeForce GTX 1080 MSI Sea Hawk 8GB Edition,Yes,27-May-2016,2016.0,180.0,8192.0,256.0,323.3,1263.0,7680.0,4320.0
Nvidia,GeForce GTX 1080 MSI Aero OC 8GB Edition,Yes,27-May-2016,2016.0,180.0,8192.0,256.0,320.3,1251.0,7680.0,4320.0
Nvidia,GeForce GTX 1080 MSI Aero 8GB Edition,Yes,27-May-2016,2016.0,180.0,8192.0,256.0,320.3,1251.0,7680.0,4320.0
Nvidia,GeForce GTX 1080 Gigabyte Founders 8GB Edition,Yes,27-May-2016,2016.0,180.0,8192.0,256.0,320.0,1250.0,7680.0,4320.0
Nvidia,GeForce GTX 1080 Gigabyte G1 Gaming 8GB Edition,Yes,27-Jun-2016,2016.0,180.0,8192.0,256.0,320.3,1251.0,7680.0,4320.0
Nvidia,GeForce GTX 1080 EVGA FTW ACX 3.0 8GB Edition,Yes,27-Jun-2016,2016.0,215.0,8192.0,256.0,320.3,1251.0,7680.0,4320.0
Nvidia,GeForce GTX 1080 EVGA ACX 3.0 8GB Edition,Yes,27-May-2016,2016.0,180.0,8192.0,256.0,320.3,1251.0,7680.0,4320.0
Nvidia,GeForce GTX 1080 Colorful iGame X-TOP 8GB,Yes,27-May-2016,2016.0,180.0,8192.0,256.0,320.3,1251.0,7680.0,4320.0
Nvidia,GeForce GTX 1080 Inno3D Founders 8GB Edition,Yes,27-May-2016,2016.0,180.0,8192.0,256.0,320.3,1251.0,7680.0,4320.0
Nvidia,GeForce GTX 1080 Ti Gainward Founders Edition 11GB (China),No,05-Mar-2017,2017.0,220.0,11264.0,352.0,484.4,1376.0,7680.0,4320.0
Nvidia,GeForce GTX 1080 EVGA 8GB Edition,Yes,27-May-2016,2016.0,180.0,8192.0,256.0,320.3,1251.0,7680.0,4320.0
Nvidia,GeForce GTX 1080 Asus ROG Strix Gaming 8GB,No,27-Jul-2016,2016.0,300.0,8192.0,256.0,320.3,1251.0,7680.0,4320.0
Nvidia,GeForce GTX 1080 Asus ROG Strix Gaming OC 8GB Edition,Yes,27-May-2016,2016.0,300.0,8192.0,256.0,320.3,1251.0,7680.0,4320.0
Nvidia,GeForce GTX 1080 EVGA SuperClocked ACX 3.0 8GB Edition,Yes,27-May-2016,2016.0,180.0,8192.0,256.0,320.3,1251.0,7680.0,4320.0
Nvidia,GeForce GTX 1080 EVGA Founders 8GB Edition,Yes,27-May-2016,2016.0,180.0,8192.0,256.0,320.3,1251.0,7680.0,4320.0
Nvidia,GeForce GTX 1080 Asus Founders 8GB Edition,Yes,27-May-2016,2016.0,180.0,8192.0,256.0,320.3,1251.0,7680.0,4320.0
Nvidia,GeForce GTX 1070 Palit JetStream,No,10-Jun-2016,2016.0,150.0,8192.0,256.0,272.0,2125.0,7680.0,4320.0
Nvidia,GeForce GTX 1070 Zotac AMP!,No,10-Jun-2016,2016.0,220.0,8192.0,256.0,256.3,2002.0,7680.0,4320.0
Nvidia,GeForce GTX 1070 SLI,Yes,10-Jun-2016,2016.0,150.0,8192.0,128.0,256.3,2002.0,7680.0,4320.0
Nvidia,GeForce GTX 1070 MSI Sea Hawk X 8GB Edition,Yes,10-Jun-2016,2016.0,150.0,8192.0,256.0,259.5,2027.0,7680.0,4320.0
Nvidia,GeForce GTX 1070 Palit GameRock Premium,No,10-Jun-2016,2016.0,150.0,8192.0,256.0,272.0,2125.0,7680.0,4320.0
Nvidia,GeForce GTX 1070 MSI Quick Silver OC 8GB,Yes,10-Jun-2016,2016.0,150.0,8192.0,256.0,256.3,2002.0,7680.0,4320.0
Nvidia,GeForce GTX 1070 Zotac AMP! Xtreme,No,10-Jun-2016,2016.0,150.0,8192.0,256.0,262.7,2052.0,7680.0,4320.0
Nvidia,GeForce GTX 1080,Yes,27-May-2016,2016.0,180.0,8192.0,256.0,320.3,1251.0,7680.0,4320.0
Nvidia,GeForce GTX 1070 MSI Gaming Z 8GB,Yes,10-Jun-2016,2016.0,150.0,8192.0,256.0,256.3,2002.0,7680.0,4320.0
Nvidia,GeForce GTX 1070 MSI Gaming X 8GB Edition,Yes,10-Jun-2016,2016.0,150.0,8192.0,256.0,259.5,2027.0,7680.0,4320.0
Nvidia,GeForce GTX 1070 Palit Super JetStream,No,10-Jun-2016,2016.0,150.0,8192.0,256.0,272.3,2127.0,7680.0,4320.0
Nvidia,GeForce GTX 1070 MSI Armor OC 8GB Edition,Yes,10-Jun-2016,2016.0,150.0,8192.0,256.0,256.3,2002.0,7680.0,4320.0
Nvidia,GeForce GTX 1070 MSI Armor 8GB Edition,Yes,10-Jun-2016,2016.0,150.0,8192.0,256.0,256.3,2002.0,7680.0,4320.0
Nvidia,GeForce GTX 1070 Leadtek WinFast HURRICANE,No,10-Jun-2016,2016.0,150.0,8192.0,256.0,256.3,2002.0,7680.0,4320.0
Nvidia,GeForce GTX 1070 Gigabyte Xtreme Gaming,No,10-Jun-2016,2016.0,150.0,8192.0,256.0,256.3,2002.0,7680.0,4320.0
Nvidia,GeForce GTX 1070 Gigabyte Mini ITX OC 8GB,No,01-Jul-2016,2016.0,150.0,8192.0,256.0,256.3,2002.0,7680.0,4320.0
Nvidia,GeForce GTX 1070 Gigabyte Windforce OC,No,10-Jun-2016,2016.0,150.0,8192.0,256.0,256.3,2002.0,7680.0,4320.0
Nvidia,GeForce GTX 1070 MSI Aero OC 8GB Edition,Yes,10-Jun-2016,2016.0,150.0,8192.0,256.0,256.3,2002.0,7680.0,4320.0
Nvidia,GeForce GTX 1070 MSI Aero 8GB Edition,Yes,10-Jun-2016,2016.0,150.0,8192.0,256.0,256.3,2002.0,7680.0,4320.0
Nvidia,GeForce GTX 1070 Gigabyte Founders 8GB Edition,Yes,10-Jun-2016,2016.0,150.0,8192.0,256.0,256.3,2002.0,7680.0,4320.0
Nvidia,GeForce GTX 1070 Galax HOF Limited Edition 8GB,Yes,10-Jun-2016,2016.0,150.0,8192.0,256.0,256.3,2002.0,7680.0,4320.0
Nvidia,GeForce GTX 1070 Galax EXOC 8GB,Yes,10-Jun-2016,2016.0,150.0,8192.0,256.0,256.3,2002.0,7680.0,4320.0
Nvidia,GeForce GTX 1070 Galax Founders 8GB,Yes,10-Jun-2016,2016.0,150.0,8192.0,256.0,256.3,2002.0,7680.0,4320.0
Nvidia,GeForce GTX 1070 Galax EX 8GB,Yes,10-Jun-2016,2016.0,150.0,8192.0,256.0,256.3,2002.0,7680.0,4320.0
Nvidia,GeForce GTX 1070 Gainward Phoenix GLH,No,10-Jun-2016,2016.0,150.0,8192.0,256.0,272.3,2127.0,7680.0,4320.0
Nvidia,GeForce GTX 1070 EVGA SC GAMING ACX 3.0 8GB Edition,Yes,10-Jun-2016,2016.0,180.0,8192.0,256.0,256.3,2002.0,7680.0,4320.0
Nvidia,GeForce GTX 1070 EVGA Founders 8GB Edition,Yes,10-Jun-2016,2016.0,150.0,8192.0,256.0,256.3,2002.0,7680.0,4320.0
Nvidia,GeForce GTX 1070 EVGA ACX 3.0 8GB Edition,Yes,10-Jun-2016,2016.0,150.0,8192.0,256.0,256.3,2002.0,7680.0,4320.0
Nvidia,GeForce GTX 1070 Gainward,No,10-Jun-2016,2016.0,150.0,8192.0,256.0,256.3,2002.0,7680.0,4320.0
Nvidia,GeForce GTX 1070 Colorful iGame X-TOP 8GB,No,10-Jun-2016,2016.0,150.0,8192.0,256.0,256.3,2002.0,7680.0,4320.0
Nvidia,GeForce GTX 1070 Asus ROG Strix Gaming OC 8GB Edition,Yes,10-Jun-2016,2016.0,150.0,8192.0,256.0,256.3,2002.0,7680.0,4320.0
Nvidia,GeForce GTX 1070 MSI Founders 8GB Edition,Yes,10-Jun-2016,2016.0,150.0,8192.0,256.0,256.3,2002.0,7680.0,4320.0
Nvidia,GeForce GTX 1070 Gigabyte G1 Gaming 8GB Edition,Yes,10-Jun-2016,2016.0,150.0,8192.0,256.0,256.3,2002.0,7680.0,4320.0
Nvidia,GeForce GTX 1070 Asus Turbo,No,10-Jun-2016,2016.0,150.0,8192.0,256.0,256.3,2002.0,7680.0,4320.0
Nvidia,GeForce GTX 1070 Asus ROG Strix Gaming 8GB,No,10-Jun-2016,2016.0,150.0,8192.0,256.0,256.3,2002.0,7680.0,4320.0
Nvidia,GeForce GTX 1070 Asus Founders SLI,Yes,10-Jun-2016,2016.0,150.0,8192.0,128.0,256.3,2002.0,7680.0,4320.0
Nvidia,GeForce GTX 1070 Asus Founders,Yes,10-Jun-2016,2016.0,150.0,8192.0,256.0,256.3,2002.0,7680.0,4320.0
Nvidia,GeForce GTX 1070 Asus Dual,No,13-Jul-2016,2016.0,150.0,8192.0,256.0,256.3,2002.0,7680.0,4320.0
Nvidia,GeForce GTX 1060 Palit Super Jetstream 6GB,No,19-Jul-2016,2016.0,120.0,6144.0,192.0,192.2,2002.0,7680.0,4320.0
Nvidia,GeForce GTX 1060 Zotac Mini 6GB,No,19-Jul-2016,2016.0,120.0,6144.0,192.0,192.2,2002.0,7680.0,4320.0
Nvidia,GeForce GTX 1060 Palit Jetstream 6GB,No,19-Jul-2016,2016.0,120.0,6144.0,192.0,192.2,2002.0,7680.0,4320.0
Nvidia,GeForce GTX 1060 MSI OC 3GB,No,18-Aug-2016,2016.0,120.0,3072.0,192.0,192.2,2002.0,7680.0,4320.0
Nvidia,GeForce GTX 1060 Zotac AMP 6GB Edition,No,19-Jul-2016,2016.0,120.0,6144.0,192.0,192.2,2002.0,7680.0,4320.0
Nvidia,GeForce GTX 1060 MSI OCV1 3G,No,29-Aug-2016,2016.0,120.0,3072.0,192.0,192.2,2002.0,7680.0,4320.0
Nvidia,GeForce GTX 1070,Yes,10-Jun-2016,2016.0,150.0,8192.0,256.0,256.3,2002.0,7680.0,4320.0
Nvidia,GeForce GTX 1060 MSI Gaming X 3GB,No,18-Aug-2016,2016.0,120.0,3072.0,192.0,192.2,2002.0,7680.0,4320.0
Nvidia,GeForce GTX 1060 MSI Gaming X 6G Edition,No,19-Jul-2016,2016.0,120.0,6144.0,192.0,192.2,2002.0,7680.0,4320.0
Nvidia,GeForce GTX 1060 MSI Gaming 6GB,No,19-Jul-2016,2016.0,120.0,6144.0,192.0,192.2,2002.0,7680.0,4320.0
Nvidia,GeForce GTX 1060 MSI Armor V1 3G,No,18-Aug-2016,2016.0,120.0,3072.0,192.0,192.2,2002.0,7680.0,4320.0
Nvidia,GeForce GTX 1060 MSI Gaming 3GB,No,18-Aug-2016,2016.0,120.0,3072.0,192.0,192.2,2002.0,7680.0,4320.0
Nvidia,GeForce GTX 1060 Zotac Mini 3GB,No,18-Aug-2016,2016.0,120.0,3072.0,192.0,192.2,2002.0,7680.0,4320.0
Nvidia,GeForce GTX 1060 MSI Armor 6G OC,No,19-Jul-2016,2016.0,120.0,6144.0,192.0,194.6,2027.0,7680.0,4320.0
Nvidia,GeForce GTX 1060 MSI 6GT OC,No,19-Jul-2016,2016.0,120.0,6144.0,192.0,194.6,2027.0,7680.0,4320.0
Nvidia,GeForce GTX 1060 MSI Armor OCV1 3G,No,18-Aug-2016,2016.0,120.0,3072.0,192.0,192.2,2002.0,7680.0,4320.0
Nvidia,GeForce GTX 1060 Inno3D iChill X3 3GB,No,18-Aug-2016,2016.0,120.0,3072.0,192.0,197.0,2052.0,7680.0,4320.0
Nvidia,GeForce GTX 1060 KFA2 EX OC White 6GB,No,19-Jul-2016,2016.0,120.0,6144.0,192.0,192.2,2002.0,7680.0,4320.0
Nvidia,GeForce GTX 1070 Gainward Phoenix GS,No,10-Jun-2016,2016.0,150.0,8192.0,256.0,272.3,2127.0,7680.0,4320.0
Nvidia,GeForce GTX 1060 Inno3D iChill X3,No,19-Jul-2016,2016.0,120.0,6144.0,192.0,197.0,2052.0,7680.0,4320.0
Nvidia,GeForce GTX 1060 Inno3D Gaming OC 6GB,No,19-Jul-2016,2016.0,130.0,6144.0,192.0,192.2,2002.0,7680.0,4320.0
Nvidia,GeForce GTX 1060 Gigabyte Xtreme Gaming 6GB,No,19-Jul-2016,2016.0,120.0,6144.0,192.0,192.2,2002.0,7680.0,4320.0
Nvidia,GeForce GTX 1060 KFA2 EX OC Black 6GB,No,19-Jul-2016,2016.0,120.0,6144.0,192.0,192.2,2002.0,7680.0,4320.0
Nvidia,GeForce GTX 1060 Inno3D Compact 6GB,No,19-Jul-2016,2016.0,120.0,6144.0,192.0,192.2,2002.0,7680.0,4320.0
Nvidia,GeForce GTX 1060 Gigabyte Mini ITX OC 3GB,No,18-Aug-2016,2016.0,120.0,3072.0,192.0,192.2,2002.0,7680.0,4320.0
Nvidia,GeForce GTX 1060 Gigabyte Mini ITX OC 6GB,No,19-Jul-2016,2016.0,120.0,6144.0,192.0,192.2,2002.0,7680.0,4320.0
Nvidia,GeForce GTX 1060 Inno3D Compact 3GB,No,18-Aug-2016,2016.0,120.0,3072.0,192.0,192.2,2002.0,7680.0,4320.0
Nvidia,GeForce GTX 1060 Gigabyte Windforce 2X OC 6GB,No,19-Jul-2016,2016.0,120.0,6144.0,192.0,192.2,2002.0,7680.0,4320.0
Nvidia,GeForce GTX 1060 Gigabyte GTX G1 Gaming 6GB,No,19-Jul-2016,2016.0,120.0,6144.0,192.0,192.2,2002.0,7680.0,4320.0
Nvidia,GeForce GTX 1060 Gigabyte Windforce 2X OC 3GB,No,18-Aug-2016,2016.0,120.0,3072.0,192.0,192.2,2002.0,7680.0,4320.0
Nvidia,GeForce GTX 1060 Galax EX OC White 3GB,No,18-Aug-2016,2016.0,120.0,3072.0,192.0,192.2,2002.0,7680.0,4320.0
Nvidia,GeForce GTX 1060 Gigabyte G1 Gaming 3GB,No,18-Aug-2016,2016.0,120.0,3072.0,192.0,192.2,2002.0,7680.0,4320.0
Nvidia,GeForce GTX 1060 Galax OC 3GB,No,18-Aug-2016,2016.0,120.0,3072.0,192.0,192.2,2002.0,7680.0,4320.0
Nvidia,GeForce GTX 1060 Galax Gamer OC 3GB,No,18-Aug-2016,2016.0,120.0,3072.0,192.0,192.2,2002.0,7680.0,4320.0
Nvidia,GeForce GTX 1060 Gainward Phoenix GS 6GB,No,19-Jul-2016,2016.0,120.0,6144.0,192.0,192.2,2002.0,7680.0,4320.0
Nvidia,GeForce GTX 1060 Galax EX OC Black 3GB,No,18-Aug-2016,2016.0,120.0,3072.0,192.0,192.2,2002.0,7680.0,4320.0
Nvidia,GeForce GTX 1060 EVGA SC ACX 2.0 3GB,No,18-Aug-2016,2016.0,120.0,3072.0,192.0,192.2,2002.0,7680.0,4320.0
Nvidia,GeForce GTX 1060 EVGA SSC GAMING ACX 3.0 6GB,No,30-Aug-2016,2016.0,120.0,6144.0,192.0,192.2,2002.0,7680.0,4320.0
Nvidia,GeForce GTX 1060 EVGA SC GAMING 6GB,No,19-Jul-2016,2016.0,120.0,6144.0,192.0,192.2,2002.0,7680.0,4320.0
Nvidia,GeForce GTX 1060 EVGA FTW+ ACX 3.0 3GB,No,18-Aug-2016,2016.0,120.0,3072.0,192.0,192.2,2002.0,7680.0,4320.0
Nvidia,GeForce GTX 1060 EVGA ACX 2.0 6GB,No,19-Jul-2016,2016.0,120.0,6144.0,192.0,192.2,2002.0,7680.0,4320.0
Nvidia,GeForce GTX 1060 EVGA GAMING,No,19-Jul-2016,2016.0,120.0,6144.0,192.0,192.2,2002.0,7680.0,4320.0
Nvidia,GeForce GTX 1060 Asus ROG Strix Gaming OC 6GB Edition,No,19-Jul-2016,2016.0,120.0,6144.0,192.0,194.6,2027.0,7680.0,4320.0
Nvidia,GeForce GTX 1060 EVGA FTW GAMING ACX 3.0,No,30-Aug-2016,2016.0,140.0,6144.0,192.0,192.2,2002.0,7680.0,4320.0
Nvidia,GeForce GTX 1060 Asus Dual OC 6GB,No,19-Jul-2016,2016.0,120.0,6144.0,192.0,192.2,2002.0,7680.0,4320.0
Nvidia,GeForce GTX 1060 EVGA ACX 2.0 3GB,No,18-Aug-2016,2016.0,120.0,3072.0,192.0,192.2,2002.0,7680.0,4320.0
Nvidia,GeForce GTX 1060 Asus Turbo 6GB,No,19-Jul-2016,2016.0,120.0,6144.0,192.0,192.2,2002.0,7680.0,4320.0
Nvidia,GeForce GTX 1060,No,19-Jul-2016,2016.0,120.0,6144.0,192.0,192.2,2002.0,7680.0,4320.0
Nvidia,GeForce GTX 1060 Asus Dual 3GB,No,18-Aug-2016,2016.0,120.0,3072.0,192.0,192.2,2002.0,7680.0,4320.0
Nvidia,GeForce GTX 1060 Asus Dual 6GB,No,19-Jul-2016,2016.0,120.0,6144.0,192.0,192.2,2002.0,7680.0,4320.0
Nvidia,GeForce GTX 1060 Asus Dual OC 3GB,No,18-Aug-2016,2016.0,120.0,3072.0,192.0,192.2,2002.0,7680.0,4320.0
Nvidia,GeForce GTX 1060 3GB,No,18-Aug-2016,2016.0,120.0,3072.0,192.0,192.2,2002.0,7680.0,4320.0
Nvidia,GeForce GTX 1050 Zotac Mini 2GB,No,01-Nov-2016,2016.0,75.0,2048.0,128.0,112.1,1752.0,7680.0,4320.0
Nvidia,GeForce GTX 1050 Ti Zotac OC Edition 4GB,No,18-Oct-2016,2016.0,75.0,4096.0,128.0,112.1,1752.0,7680.0,4320.0
Nvidia,GeForce GTX 1050 Ti Zotac Mini 4GB,No,18-Oct-2016,2016.0,75.0,4096.0,128.0,112.1,1752.0,7680.0,4320.0
Nvidia,GeForce GTX 1050 Ti PNY XLR8 Gaming Overclocked Edition 4GB,No,20-Oct-2016,2016.0,75.0,4096.0,128.0,112.1,1752.0,7680.0,4320.0
Nvidia,GeForce GTX 1050 Ti MSI OC T 4GB,No,18-Oct-2016,2016.0,75.0,4096.0,128.0,112.1,1752.0,7680.0,4320.0
Nvidia,GeForce GTX 1050 Ti Palit StormX 4GB,No,18-Oct-2016,2016.0,75.0,4096.0,128.0,112.1,1752.0,7680.0,4320.0
Nvidia,GeForce GTX 1050 Ti MSI Gaming 4GB,No,18-Oct-2016,2016.0,75.0,4096.0,128.0,112.1,1752.0,7680.0,4320.0
Nvidia,GeForce GTX 1050 Ti KFA2 OC 4GB,No,Unknown Release Date,,75.0,4096.0,128.0,112.1,1752.0,7680.0,4320.0
Nvidia,GeForce GTX 1050 Ti PNY 4GB,No,20-Oct-2016,2016.0,75.0,4096.0,128.0,112.1,1752.0,7680.0,4320.0
Nvidia,GeForce GTX 1050 Ti MSI 4GB,No,18-Oct-2016,2016.0,75.0,4096.0,128.0,112.1,1752.0,7680.0,4320.0
Nvidia,GeForce GTX 1050 Ti Inno3D Twin X2 4GB,No,Unknown Release Date,,75.0,4096.0,128.0,112.1,1752.0,7680.0,4320.0
Nvidia,GeForce GTX 1050 Ti MSI Gaming X 4GB,No,18-Oct-2016,2016.0,75.0,4096.0,128.0,112.1,1752.0,7680.0,4320.0
Nvidia,GeForce GTX 1050 Ti Gigabyte Windforce OC 4GB,No,Unknown Release Date,,75.0,4096.0,128.0,112.1,1752.0,7680.0,4320.0
Nvidia,GeForce GTX 1050 Ti Inno3D 4GB,No,18-Oct-2016,2016.0,75.0,4096.0,128.0,112.1,1752.0,7680.0,4320.0
Nvidia,GeForce GTX 1050 Ti Galax EXOC 4GB,No,18-Oct-2016,2016.0,75.0,4096.0,128.0,112.1,1752.0,7680.0,4320.0
Nvidia,GeForce GTX 1050 Ti Gigabyte OC 4GB,No,Unknown Release Date,,75.0,4096.0,128.0,112.1,1752.0,7680.0,4320.0
Nvidia,GeForce GTX 1050 Ti Gigabyte D5 4GB,No,18-Oct-2016,2016.0,75.0,4096.0,128.0,112.1,1752.0,7680.0,4320.0
Nvidia,GeForce GTX 1050 Ti Gigabyte G1 Gaming 4GB,No,18-Oct-2016,2016.0,75.0,4096.0,128.0,112.1,1752.0,7680.0,4320.0
Nvidia,GeForce GTX 1050 Ti Gainward 4GB,No,Unknown Release Date,,75.0,4096.0,128.0,112.1,1752.0,7680.0,4320.0
Nvidia,GeForce GTX 1050 Ti Colorful iGame U-4G 4GB,No,25-Oct-2016,2016.0,75.0,4096.0,128.0,112.1,1752.0,7680.0,4320.0
Nvidia,GeForce GTX 1050 Ti EVGA Gaming 4GB,No,Unknown Release Date,,75.0,4096.0,128.0,112.1,1752.0,7680.0,4320.0
Nvidia,GeForce GTX 1050 Ti MSI OC 4GB,No,18-Oct-2016,2016.0,75.0,4096.0,128.0,112.1,1752.0,7680.0,4320.0
Nvidia,GeForce GTX 1050 Ti Galax OC 4GB,No,Unknown Release Date,,75.0,4096.0,128.0,112.1,1752.0,7680.0,4320.0
Nvidia,GeForce GTX 1050 Ti EVGA SSC Gaming ACX 3.0 4GB,No,Unknown Release Date,,75.0,4096.0,128.0,112.1,1752.0,7680.0,4320.0
Nvidia,GeForce GTX 1050 Ti EVGA FTW DT GAMING ACX 3.0 4GB,No,18-Oct-2016,2016.0,75.0,4096.0,128.0,112.1,1752.0,7680.0,4320.0
Nvidia,GeForce GTX 1050 Ti EVGA FTW Gaming ACX 3.0 4GB,No,Unknown Release Date,,75.0,4096.0,128.0,112.1,1752.0,7680.0,4320.0
Nvidia,GeForce GTX 1050 Ti Asus ROG Strix Gaming OC 4GB,No,25-Oct-2016,2016.0,75.0,4096.0,128.0,112.1,1752.0,7680.0,4320.0
Nvidia,GeForce GTX 1050 Ti Colorful iGame S-4G 4GB,No,25-Oct-2016,2016.0,75.0,4096.0,128.0,112.1,1752.0,7680.0,4320.0
Nvidia,GeForce GTX 1050 Ti EVGA SC Gaming 4GB,No,Unknown Release Date,,75.0,4096.0,128.0,112.1,1752.0,7680.0,4320.0
Nvidia,GeForce GTX 1050 Ti Asus Expedition 4GB,No,Unknown Release Date,,75.0,4096.0,128.0,112.1,1752.0,7680.0,4320.0
Nvidia,GeForce GTX 1050 Palit StormX 2GB,No,Unknown Release Date,,75.0,2048.0,128.0,112.1,1752.0,7680.0,4320.0
Nvidia,GeForce GTX 1050 Ti Asus Dual 4GB,No,Unknown Release Date,,75.0,4096.0,128.0,112.1,1752.0,7680.0,4320.0
Nvidia,GeForce GTX 1050 Ti 4GB,No,18-Oct-2016,2016.0,75.0,4096.0,128.0,112.1,1752.0,7680.0,4320.0
Nvidia,GeForce GTX 1050 Ti Asus Pheonix 4GB,No,25-Oct-2016,2016.0,75.0,4096.0,128.0,112.1,1752.0,7680.0,4320.0
Nvidia,GeForce GTX 1050 PNY 2GB,No,20-Oct-2016,2016.0,75.0,2048.0,128.0,112.1,1752.0,7680.0,4320.0
Nvidia,GeForce GTX 1050 MSI OC T 2GB,No,01-Nov-2016,2016.0,75.0,2048.0,128.0,112.1,1752.0,7680.0,4320.0
Nvidia,GeForce GTX 1050 MSI Gaming 2GB,No,01-Nov-2016,2016.0,75.0,2048.0,128.0,112.1,1752.0,7680.0,4320.0
Nvidia,GeForce GTX 1050 MSI OC 2GB,No,01-Nov-2016,2016.0,75.0,2048.0,128.0,112.1,1752.0,7680.0,4320.0
Nvidia,GeForce GTX 1050 MSI Gaming X 2GB,No,01-Nov-2016,2016.0,75.0,2048.0,128.0,112.1,1752.0,7680.0,4320.0
Nvidia,GeForce GTX 1050 KFA2 OC 2GB,No,Unknown Release Date,,75.0,2048.0,128.0,112.1,1752.0,7680.0,4320.0
Nvidia,GeForce GTX 1050 MSI 2GB,No,01-Nov-2016,2016.0,75.0,2048.0,128.0,112.1,1752.0,7680.0,4320.0
Nvidia,GeForce GTX 1050 Inno3D Twin X2 2GB,No,Unknown Release Date,,75.0,2048.0,128.0,112.1,1752.0,7680.0,4320.0
Nvidia,GeForce GTX 1050 Gigabyte OC 2GB,No,01-Nov-2016,2016.0,75.0,2048.0,128.0,112.1,1752.0,7680.0,4320.0
Nvidia,GeForce GTX 1050 Gigabyte D5 2GB,No,01-Nov-2016,2016.0,75.0,2048.0,128.0,112.1,1752.0,7680.0,4320.0
Nvidia,GeForce GTX 1050 Galax OC 2GB,No,01-Nov-2016,2016.0,75.0,2048.0,128.0,112.1,1752.0,7680.0,4320.0
Nvidia,GeForce GTX 1050 Inno3D 2GB,No,Unknown Release Date,,75.0,2048.0,128.0,112.1,1752.0,7680.0,4320.0
Nvidia,GeForce GTX 1050 Gigabyte Windforce OC 2GB,No,Unknown Release Date,,75.0,2048.0,128.0,112.1,1752.0,7680.0,4320.0
Nvidia,GeForce GTX 1050 Gigabyte G1 Gaming 2GB,No,Unknown Release Date,,75.0,2048.0,128.0,112.1,1752.0,7680.0,4320.0
Nvidia,GeForce GTX 1050 Galax EXOC 2GB,No,01-Nov-2016,2016.0,75.0,2048.0,128.0,112.1,1752.0,7680.0,4320.0
Nvidia,GeForce GTX 1050 FTW DT Gaming ACX 3.0 2GB,No,Unknown Release Date,,75.0,2048.0,128.0,112.1,1752.0,7680.0,4320.0
Nvidia,GeForce GTX 1050 Gainward 2GB,No,Unknown Release Date,,75.0,2048.0,128.0,112.1,1752.0,7680.0,4320.0
Nvidia,GeForce GTX 1050 EVGA SSC Gaming ACX 3.0 2GB,No,Unknown Release Date,,75.0,2048.0,128.0,112.1,1752.0,7680.0,4320.0
Nvidia,GeForce GTX 1050 EVGA Gaming 2GB,No,Unknown Release Date,,75.0,2048.0,128.0,112.1,1752.0,7680.0,4320.0
Nvidia,GeForce GTX 1050 Colorful iGame U-2G 2GB,No,25-Oct-2016,2016.0,75.0,2048.0,128.0,112.1,1752.0,7680.0,4320.0
Nvidia,GeForce GTX 1050 EVGA SC Gaming 2GB,No,Unknown Release Date,,75.0,2048.0,128.0,112.1,1752.0,7680.0,4320.0
Nvidia,GeForce GTX 1050,Yes,01-Nov-2016,2016.0,75.0,2048.0,128.0,112.1,1752.0,7680.0,4320.0
Nvidia,GeForce GT 1030,No,17-May-2017,2017.0,30.0,2048.0,64.0,32.0,1000.0,3840.0,2160.0
Nvidia,GeForce GTX 1050 EVGA FTW Gaming ACX 3.0 2GB,No,Unknown Release Date,,75.0,2048.0,128.0,112.1,1752.0,7680.0,4320.0
Nvidia,GeForce GTX 680 KFA2 2GB Edition,Yes,01-Mar-2012,2012.0,195.0,2048.0,256.0,192.3,1502.0,4096.0,2160.0
Nvidia,GeForce GTX 680 Inno3D HerculeZ 2000 4GB Edition,Yes,07-Nov-2012,2012.0,195.0,4096.0,256.0,192.3,1502.0,4096.0,2160.0
Nvidia,GeForce GTX 680 Hydro Copper Edition,Yes,01-Mar-2012,2012.0,195.0,2048.0,256.0,201.6,1575.0,4096.0,2160.0
Nvidia,GeForce GTX 680 Galaxy Edition,Yes,01-May-2012,2012.0,195.0,4096.0,256.0,192.3,1502.0,4096.0,2160.0
Nvidia,GeForce GTX 680 Galaxy 2GB SOC Edition,Yes,01-Oct-2012,2012.0,195.0,2048.0,256.0,192.3,1502.0,4096.0,2160.0
Nvidia,GeForce GTX 680 Galaxy 2GB OC Edition,Yes,01-Feb-2012,2012.0,195.0,2048.0,256.0,192.3,1502.0,4096.0,2160.0
Nvidia,GeForce GTX 680 FTW 4GB Edition,Yes,01-May-2012,2012.0,195.0,4096.0,256.0,192.3,1502.0,4096.0,2160.0
Nvidia,GeForce GTX 680 Gainward 2GB Edition,Yes,22-May-2012,2012.0,195.0,4096.0,256.0,192.3,1502.0,4096.0,2160.0
Nvidia,GeForce GTX 680 EVGA SC Signature 2 Edition,Yes,01-Dec-2012,2012.0,195.0,2048.0,256.0,198.7,1552.0,4096.0,2160.0
Nvidia,GeForce GTX 680 EVGA SC Edition,Yes,22-Mar-2012,2012.0,195.0,2048.0,256.0,198.7,1552.0,4096.0,2160.0
Nvidia,GeForce GTX 680 EVGA SC Signature+ Edition,Yes,01-May-2012,2012.0,195.0,2048.0,256.0,192.3,1502.0,4096.0,2160.0
Nvidia,GeForce GTX 680 EVGA SC Signature Edition,Yes,01-May-2012,2012.0,195.0,2048.0,256.0,198.7,1552.0,4096.0,2160.0
Nvidia,GeForce GTX 680 Asus DirectCU II 4GB Edition,Yes,07-Nov-2012,2012.0,225.0,4096.0,256.0,192.3,1502.0,4096.0,2160.0
Nvidia,GeForce GTX 680,Yes,22-Mar-2012,2012.0,195.0,2048.0,256.0,192.3,1502.0,4096.0,2160.0
Nvidia,GeForce GTX 670 SLI,Yes,01-May-2012,2012.0,340.0,4096.0,256.0,384.5,1502.0,4096.0,2160.0
Nvidia,GeForce GTX 670 Palit 2GB Edition,Yes,10-May-2012,2012.0,170.0,2048.0,256.0,192.3,1502.0,4096.0,2160.0
Nvidia,GeForce GTX 670 PNY 2GB Edition,Yes,01-May-2012,2012.0,170.0,2048.0,256.0,192.3,1502.0,4096.0,2160.0
Nvidia,GeForce GTX 670 Jetstream 2GB Edition,Yes,01-May-2012,2012.0,185.0,2048.0,256.0,195.5,1527.0,4096.0,2160.0
Nvidia,GeForce GTX 670 Gigabyte 3xWindForce 4GB Edition,Yes,01-May-2012,2012.0,180.0,4096.0,256.0,192.3,1502.0,4096.0,2160.0
Nvidia,GeForce GTX 670 MSI OC Edition,Yes,01-May-2012,2012.0,170.0,2048.0,256.0,192.3,1502.0,4096.0,2160.0
Nvidia,GeForce GTX 670 Gigabyte 3xWindForce Edition,Yes,01-May-2012,2012.0,180.0,2048.0,256.0,192.3,1502.0,4096.0,2160.0
Nvidia,GeForce GTX 670 Galaxy GC 2GB Edition,Yes,01-May-2012,2012.0,170.0,2048.0,256.0,192.3,1502.0,4096.0,2160.0
Nvidia,GeForce GTX 670 SC+ 4GB Edition,Yes,01-May-2012,2012.0,170.0,4096.0,256.0,192.3,1502.0,4096.0,2160.0
Nvidia,GeForce GTX 670 Galaxy GC 4GB Edition,Yes,01-May-2012,2012.0,170.0,4096.0,256.0,192.3,1502.0,4096.0,2160.0
Nvidia,GeForce GTX 670 FTW 2GB,Yes,01-May-2012,2012.0,225.0,2048.0,256.0,198.7,1552.0,4096.0,2160.0
Nvidia,GeForce GTX 670 FTW SIG2 2GB Edition,Yes,01-Dec-2012,2012.0,170.0,2048.0,256.0,198.7,1552.0,4096.0,2160.0
Nvidia,GeForce GTX 670 EVGA FTW+ 4GB Edition,Yes,01-May-2012,2012.0,170.0,4096.0,256.0,192.3,1502.0,4096.0,2160.0
Nvidia,GeForce GTX 670 Gainward 2GB Edition,Yes,01-May-2012,2012.0,170.0,2048.0,256.0,192.3,1502.0,4096.0,2160.0
Nvidia,GeForce GTX 670 FTW 2GB LE Edition,Yes,01-May-2012,2012.0,170.0,2048.0,256.0,192.3,1502.0,4096.0,2160.0
Nvidia,GeForce GTX 670 FTW 2GB Edition SLI,Yes,01-May-2012,2012.0,450.0,4096.0,256.0,397.3,1552.0,4096.0,2160.0
Nvidia,GeForce GTX 670 EVGA 2GB Edition,Yes,01-May-2012,2012.0,170.0,2048.0,256.0,192.3,1502.0,4096.0,2160.0
Nvidia,GeForce GTX 670 EVGA FTW+ 4GB Edition SLI,No,01-May-2012,2012.0,340.0,4096.0,512.0,384.5,1502.0,4096.0,2160.0
Nvidia,GeForce GTX 670 Asus DirectCU II 4GB Edition,Yes,21-Aug-2012,2012.0,170.0,4096.0,256.0,192.3,1502.0,4096.0,2160.0
Nvidia,GeForce GTX 670,Yes,10-May-2012,2012.0,170.0,2048.0,256.0,192.3,1502.0,4096.0,2160.0
Nvidia,GeForce GTX 660 Zotac Synergy Edition,Yes,01-Sep-2012,2012.0,140.0,2048.0,192.0,144.2,1502.0,4096.0,2160.0
Nvidia,GeForce GTX 660 v2,Yes,13-Sep-2014,2014.0,140.0,2048.0,192.0,144.2,1502.0,4096.0,2160.0
Nvidia,GeForce GTX 660 Ti Zotac Edition,Yes,01-Aug-2012,2012.0,150.0,2048.0,192.0,144.2,1502.0,4096.0,2160.0
Nvidia,GeForce GTX 660 Ti WindForce 2X OC Edition,Yes,16-Aug-2012,2012.0,150.0,2048.0,192.0,144.2,1502.0,4096.0,2160.0
Nvidia,GeForce GTX 660 Ti Twin Frozr 3GB Edition,Yes,01-Aug-2012,2012.0,150.0,3072.0,192.0,144.2,1502.0,4096.0,2160.0
Nvidia,GeForce GTX 660 Ti SC+ 3GB w/Backplate,Yes,01-Sep-2012,2012.0,150.0,3072.0,192.0,144.2,1502.0,4096.0,2160.0
Nvidia,GeForce GTX 660 Ti SLI,Yes,01-Aug-2012,2012.0,300.0,4096.0,192.0,288.4,1502.0,4096.0,2160.0
Nvidia,GeForce GTX 660 Ti Power Edition,Yes,01-Aug-2012,2012.0,190.0,2048.0,192.0,144.2,1502.0,4096.0,2160.0
Nvidia,GeForce GTX 660 Ti PNY Edition,Yes,01-Aug-2012,2012.0,150.0,2048.0,192.0,144.2,1502.0,4096.0,2160.0
Nvidia,GeForce GTX 660 Ti Power OC Edition SLI,Yes,01-Aug-2012,2012.0,300.0,4096.0,192.0,288.4,1502.0,4096.0,2160.0
Nvidia,GeForce GTX 660 Ti MSI Gaming OC Edition,Yes,01-Aug-2012,2012.0,150.0,2048.0,192.0,144.2,1502.0,4096.0,2160.0
Nvidia,GeForce GTX 660 Ti KFA² EX OC 3GB Edition,Yes,16-Aug-2012,2012.0,150.0,3072.0,192.0,144.2,1502.0,4096.0,2160.0
Nvidia,GeForce GTX 660 Ti KFA² EX OC 2GB Edition,Yes,16-Aug-2012,2012.0,150.0,2048.0,192.0,144.2,1502.0,4096.0,2160.0
Nvidia,GeForce GTX 660 Ti Inno3D Edition,Yes,01-Aug-2012,2012.0,150.0,2048.0,192.0,144.2,1502.0,4096.0,2160.0
Nvidia,GeForce GTX 660 Ti JetStream Edition,Yes,01-Aug-2012,2012.0,160.0,2048.0,192.0,146.6,1527.0,4096.0,2160.0
Nvidia,GeForce GTX 660 Ti Gigabyte WindForce 2X OC 2GB Edition SLI,Yes,16-Aug-2012,2012.0,300.0,4096.0,192.0,288.4,1502.0,4096.0,2160.0
Nvidia,GeForce GTX 660 Ti GC 3GB Edition,Yes,01-Aug-2012,2012.0,150.0,3072.0,192.0,144.2,1502.0,4096.0,2160.0
Nvidia,GeForce GTX 660 Ti Gigabyte OC 3GB Edition,Yes,01-Aug-2012,2012.0,150.0,3072.0,192.0,144.2,1502.0,4096.0,2160.0
Nvidia,GeForce GTX 660 Ti FTW Signature 2 Edition,Yes,01-Sep-2012,2012.0,150.0,2048.0,192.0,144.2,1502.0,4096.0,2160.0
Nvidia,GeForce GTX 660 Ti GC 2GB Edition,Yes,01-Aug-2012,2012.0,150.0,2048.0,192.0,144.2,1502.0,4096.0,2160.0
Nvidia,GeForce GTX 660 Ti Asus Dragon DirectCU II TOP 2GB Edition,Yes,01-Jun-2013,2013.0,150.0,2048.0,192.0,146.4,1525.0,4096.0,2160.0
Nvidia,GeForce GTX 660 Ti EVGA SC Edition,Yes,01-Aug-2012,2012.0,150.0,2048.0,192.0,144.2,1502.0,4096.0,2160.0
Nvidia,GeForce GTX 660 Ti Direct CU II Edition,Yes,01-Aug-2012,2012.0,225.0,2048.0,192.0,144.2,1502.0,4096.0,2160.0
Nvidia,GeForce GTX 660 Ti EVGA FTW Edition,Yes,01-Oct-2012,2012.0,150.0,2048.0,192.0,144.2,1502.0,4096.0,2160.0
Nvidia,GeForce GTX 660 Ti 3-way SLI,Yes,01-Aug-2012,2012.0,450.0,6144.0,192.0,432.6,1502.0,4096.0,2160.0
Nvidia,GeForce GTX 660 Palit OC 2GB Edition,Yes,01-Sep-2012,2012.0,140.0,2048.0,192.0,146.6,1527.0,4096.0,2160.0
Nvidia,GeForce GTX 660 Ti,Yes,16-Aug-2012,2012.0,150.0,2048.0,192.0,144.2,1502.0,4096.0,2160.0
Nvidia,GeForce GTX 660 Ti Direct CU II OC Edition,Yes,01-Sep-2012,2012.0,225.0,2048.0,192.0,144.2,1502.0,4096.0,2160.0
Nvidia,GeForce GTX 660 Ti Colorful iGame ARES X 2GB Edition,Yes,16-Aug-2012,2012.0,150.0,2048.0,192.0,163.4,1702.0,4096.0,2160.0
Nvidia,GeForce GTX 660 Palit 2GB Edition,Yes,06-Sep-2012,2012.0,140.0,2048.0,192.0,144.2,1502.0,4096.0,2160.0
Nvidia,GeForce GTX 660 SLI,Yes,01-Sep-2012,2012.0,280.0,4096.0,192.0,288.4,1502.0,4096.0,2160.0
Nvidia,GeForce GTX 660 Inno3D Edition,Yes,01-Sep-2012,2012.0,140.0,2048.0,192.0,144.2,1502.0,4096.0,2160.0
Nvidia,GeForce GTX 660 Gigabyte OC 3GB Edition,Yes,01-Sep-2012,2012.0,140.0,3072.0,192.0,144.2,1502.0,4096.0,2160.0
Nvidia,GeForce GTX 660 Gigabyte OC 2GB Edition SLI,Yes,01-Sep-2012,2012.0,260.0,4096.0,192.0,288.4,1502.0,4096.0,2160.0
Nvidia,GeForce GTX 660 EVGA SC Signature 2 Edition SLI,Yes,01-Sep-2012,2012.0,280.0,6144.0,192.0,288.4,1502.0,4096.0,2160.0
Nvidia,GeForce GTX 660 Galaxy GC Edition,Yes,01-Sep-2012,2012.0,140.0,2048.0,192.0,144.2,1502.0,4096.0,2160.0
Nvidia,GeForce GTX 660 Gainward 2GB Edition,Yes,06-Sep-2012,2012.0,140.0,2048.0,192.0,144.2,1502.0,4096.0,2160.0
Nvidia,GeForce GTX 660 EVGA SC Signature 2 Edition,Yes,01-Sep-2012,2012.0,140.0,3072.0,192.0,144.2,1502.0,4096.0,2160.0
Nvidia,GeForce GTX 660 EVGA OC 2GB Edition,Yes,01-Sep-2012,2012.0,140.0,2048.0,192.0,144.2,1502.0,4096.0,2160.0
Nvidia,GeForce GTX 660 EVGA FTW Signature 2 3GB Edition,Yes,01-Oct-2012,2012.0,140.0,3072.0,192.0,144.2,1502.0,4096.0,2160.0
Nvidia,GeForce GTX 650 Zotac Synergy 2GB Edition,No,06-Sep-2012,2012.0,64.0,1024.0,128.0,80.0,1250.0,4096.0,2160.0
Nvidia,GeForce GTX 660 3GB (OEM),Yes,22-Aug-2012,2012.0,130.0,3072.0,192.0,134.4,1400.0,4096.0,2160.0
Nvidia,GeForce GTX 660 1.5GB (OEM),Yes,22-Aug-2012,2012.0,130.0,1536.0,192.0,134.4,1400.0,4096.0,2160.0
Nvidia,GeForce GTX 650 Ti Zotac Boost Edition,Yes,26-Mar-2013,2013.0,140.0,2048.0,192.0,144.2,1502.0,4096.0,2160.0
Nvidia,GeForce GTX 650 Ti Zotac Synergy 2GB Edition,No,10-Jan-2012,2012.0,110.0,2048.0,128.0,86.4,1350.0,4096.0,2160.0
Nvidia,GeForce GTX 660,Yes,13-Sep-2012,2012.0,140.0,2048.0,192.0,144.2,1502.0,4096.0,2160.0
Nvidia,GeForce GTX 660 DA OC 2GB Edition,Yes,01-Sep-2012,2012.0,140.0,2048.0,192.0,144.2,1502.0,4096.0,2160.0
Nvidia,GeForce GTX 650 Ti MSI TF OC Boost Edition,Yes,26-Mar-2013,2013.0,140.0,2048.0,192.0,144.2,1502.0,4096.0,2160.0
Nvidia,GeForce GTX 650 Ti Gainward 2GB Edition,No,10-Jan-2012,2012.0,110.0,2048.0,128.0,86.4,1350.0,4096.0,2160.0
Nvidia,GeForce GTX 650 Ti Palit 1GB OC Edition,No,01-Oct-2012,2012.0,100.0,1024.0,128.0,88.0,1375.0,4096.0,2160.0
Nvidia,GeForce GTX 650 Ti Galaxy GC Edition,No,01-Oct-2012,2012.0,100.0,1024.0,128.0,86.4,1350.0,4096.0,2160.0
Nvidia,GeForce GTX 650 Ti EVGA SSC 1GB Edition,No,01-Oct-2012,2012.0,110.0,1024.0,128.0,86.4,1350.0,4096.0,2160.0
Nvidia,GeForce GTX 650 Ti EVGA Boost SC Edition,Yes,26-Mar-2013,2013.0,140.0,2048.0,192.0,144.2,1502.0,4096.0,2160.0
Nvidia,GeForce GTX 650 Ti DirectCU II OC 2GB,No,01-Oct-2012,2012.0,150.0,2048.0,128.0,86.4,1350.0,4096.0,2160.0
Nvidia,GeForce GTX 650 Ti EVGA Boost Superclocked 1GB Edition,Yes,26-Mar-2013,2013.0,140.0,1024.0,192.0,120.3,1253.0,4096.0,2160.0
Nvidia,GeForce GTX 650 Ti DirectCU II 1GB Edition,No,01-Oct-2012,2012.0,150.0,1024.0,128.0,86.4,1350.0,4096.0,2160.0
Nvidia,GeForce GTX 650 Ti Boost Palit OC 2GB Edition,Yes,26-Mar-2013,2013.0,140.0,2048.0,192.0,146.6,1527.0,4096.0,2160.0
Nvidia,GeForce GTX 650 Ti DirectCU II TOP 1GB,No,01-Oct-2012,2012.0,150.0,1024.0,128.0,86.4,1350.0,4096.0,2160.0
Nvidia,GeForce GTX 650 Ti Boost Palit 1GB Edition,Yes,26-Mar-2013,2013.0,134.0,1024.0,192.0,120.3,1253.0,4096.0,2160.0
Nvidia,GeForce GTX 650 Ti Boost MSI OC 2GB Edition,Yes,26-Mar-2013,2013.0,140.0,2048.0,192.0,144.2,1502.0,4096.0,2160.0
Nvidia,GeForce GTX 650 Ti Boost MSI Twin Frozr OC 2GB Edition,Yes,26-Mar-2013,2013.0,140.0,2048.0,192.0,144.2,1502.0,4096.0,2160.0
Nvidia,GeForce GTX 650 Ti Asus PH 1GB Edition,No,31-Oct-2013,2013.0,110.0,1024.0,128.0,86.4,1350.0,4096.0,2160.0
Nvidia,GeForce GTX 650 Ti Boost Edition,Yes,26-Mar-2013,2013.0,134.0,2048.0,192.0,144.2,1502.0,4096.0,2160.0
Nvidia,GeForce GTX 650 Ti Boost Edition SLI,Yes,26-Mar-2013,2013.0,268.0,4096.0,192.0,288.4,1502.0,4096.0,2160.0
Nvidia,GeForce GTX 650 Ti,No,09-Oct-2012,2012.0,110.0,1024.0,128.0,86.4,1350.0,4096.0,2160.0
Nvidia,GeForce GTX 650 Ti Boost DirectCU II OC Edition,Yes,26-Mar-2013,2013.0,150.0,2048.0,192.0,144.2,1502.0,4096.0,2160.0
Nvidia,GeForce GTX 650 PNY XLR8 Performance 1GB Edition,No,06-Sep-2012,2012.0,65.0,1024.0,128.0,80.0,1250.0,4096.0,2160.0
Nvidia,GeForce GTX 650 PNY XLR8 Performance 2GB Edition,No,06-Sep-2012,2012.0,65.0,2048.0,128.0,80.0,1250.0,4096.0,2160.0
Nvidia,GeForce GTX 650 Palit 1GB Edition,No,01-Sep-2012,2012.0,64.0,1024.0,128.0,80.0,1250.0,4096.0,2160.0
Nvidia,GeForce GTX 650 Palit 2GB Edition,No,01-Oct-2012,2012.0,75.0,2048.0,128.0,80.0,1250.0,4096.0,2160.0
Nvidia,GeForce GTX 650 Inno3D 1GB Edition,No,01-Sep-2012,2012.0,64.0,1024.0,128.0,80.0,1250.0,4096.0,2160.0
Nvidia,GeForce GTX 650 Galaxy Green Edition,No,01-Sep-2012,2012.0,64.0,1024.0,128.0,80.0,1250.0,4096.0,2160.0
Nvidia,GeForce GTX 650 EVGA 1GB Edition,No,01-Sep-2012,2012.0,64.0,1024.0,128.0,80.0,1250.0,4096.0,2160.0
Nvidia,GeForce GTX 650 Leadtek 1GB OC Edition,No,01-Sep-2012,2012.0,65.0,1024.0,128.0,80.0,1250.0,4096.0,2160.0
Nvidia,GeForce GTX 650 EVGA SC 2GB Edition,No,01-Sep-2012,2012.0,64.0,2048.0,128.0,80.0,1250.0,4096.0,2160.0
Nvidia,GeForce GTX 650 Galaxy GC Edition,No,01-Sep-2012,2012.0,84.0,1024.0,128.0,80.0,1250.0,4096.0,2160.0
Nvidia,GeForce GTX 650 EVGA SC 1GB Edition,No,01-Sep-2012,2012.0,64.0,1024.0,128.0,80.0,1250.0,4096.0,2160.0
Nvidia,GeForce GTX 650 Asus-E 2GB Edition,No,01-Oct-2012,2012.0,75.0,2048.0,128.0,80.0,1250.0,4096.0,2160.0
Nvidia,GeForce GTX 650 DirectCU TOP 1GB Edition,No,01-Sep-2012,2012.0,150.0,1024.0,128.0,81.6,1275.0,4096.0,2160.0
Nvidia,GeForce GTX 650 2GB,No,01-Sep-2012,2012.0,64.0,2048.0,128.0,80.0,1250.0,4096.0,2160.0
Nvidia,GeForce GTX 650 Asus-E 1GB Edition,No,01-Oct-2012,2012.0,75.0,2048.0,128.0,80.0,1250.0,4096.0,2160.0
Nvidia,GeForce GTX 650 1GB,No,01-Sep-2012,2012.0,64.0,1024.0,128.0,80.0,1250.0,4096.0,2160.0
Nvidia,GeForce GT 640 Zotac Zone 2GB Edition,No,08-Jun-2012,2012.0,65.0,2048.0,128.0,28.5,891.0,4096.0,2160.0
Nvidia,GeForce GT 640 v3 Zotac 1GB Edition,No,29-May-2013,2013.0,49.0,1024.0,64.0,40.1,1252.0,4096.0,2160.0
Nvidia,GeForce GT 640 v3 Zotac 2GB Edition,No,29-May-2013,2013.0,49.0,2048.0,64.0,40.1,1252.0,4096.0,2160.0
Nvidia,GeForce GT 640 v3 Asus Low Profile 1GB Edition,No,29-May-2013,2013.0,49.0,1024.0,64.0,40.1,1252.0,4096.0,2160.0
Nvidia,GeForce GT 640 v2,No,05-Jun-2012,2012.0,49.0,1024.0,64.0,40.0,1250.0,4096.0,2160.0
Nvidia,GeForce GT 640 MSI V1 2GB Edition,No,05-Jun-2012,2012.0,65.0,2048.0,128.0,25.9,810.0,4096.0,2160.0
Nvidia,GeForce GT 640 v3,No,29-May-2013,2013.0,49.0,2048.0,64.0,40.1,1252.0,4096.0,2160.0
Nvidia,GeForce GT 640 Zotac Synergy 2GB Edition,No,05-Jun-2012,2012.0,65.0,2048.0,128.0,25.6,800.0,4096.0,2160.0
Nvidia,GeForce GTX 645 (OEM),No,22-Apr-2013,2013.0,65.0,1024.0,128.0,64.0,1000.0,4096.0,2160.0
Nvidia,GeForce GT 640 Gigabyte OC 2GB Edition,Yes,05-Jun-2012,2012.0,65.0,2048.0,128.0,28.8,900.0,4096.0,2160.0
Nvidia,GeForce GT 640 Galaxy GC 1GB Edition,No,05-Jun-2012,2012.0,65.0,1024.0,128.0,28.5,891.0,4096.0,2160.0
Nvidia,GeForce GT 640 EVGA 4GB Edition,No,08-Jun-2012,2012.0,65.0,4096.0,128.0,21.3,667.0,4096.0,2160.0
Nvidia,GeForce GT 640,No,05-Jun-2012,2012.0,65.0,2048.0,128.0,28.5,891.0,4096.0,2160.0
Nvidia,GeForce GT 640 Asus 2GB Edition,No,08-Jun-2012,2012.0,65.0,2048.0,128.0,28.5,891.0,4096.0,2160.0
Nvidia,GeForce GT 630 Zotac Synergy 1GB Edition,No,15-May-2012,2012.0,65.0,1024.0,128.0,21.3,667.0,4096.0,2160.0
Nvidia,GeForce GT 630 v3 Zotac Zone 4GB Edition,No,29-May-2013,2013.0,25.0,4096.0,64.0,12.8,800.0,4096.0,2160.0
Nvidia,GeForce GT 635 (OEM),No,01-Oct-2013,2013.0,35.0,2048.0,64.0,16.0,1001.0,4096.0,2160.0
Nvidia,GeForce GT 630 v4,No,24-Apr-2012,2012.0,50.0,2048.0,128.0,29.0,905.0,4096.0,2160.0
Nvidia,GeForce GT 630 v2,No,15-May-2012,2012.0,65.0,1024.0,128.0,51.2,800.0,4096.0,2160.0
Nvidia,GeForce GT 630 v3 Asus Silent 2GB Edition,No,29-May-2013,2013.0,25.0,2048.0,64.0,14.4,900.0,4096.0,2160.0
Nvidia,GeForce GT 630 Zotac Synergy 2GB Edition,No,15-May-2012,2012.0,65.0,2048.0,128.0,21.3,667.0,4096.0,2160.0
Nvidia,GeForce GT 630 Palit 1GB Edition,No,15-May-2012,2012.0,65.0,1024.0,128.0,22.4,700.0,4096.0,2160.0
Nvidia,GeForce GT 630 MSI 4GB Edition,No,15-May-2012,2012.0,65.0,4096.0,128.0,32.0,1000.0,4096.0,2160.0
Nvidia,GeForce GT 630 Gigabyte 2GB Edition,No,18-May-2012,2012.0,65.0,2048.0,128.0,25.6,800.0,4096.0,2160.0
Nvidia,GeForce GT 630 v3,No,29-May-2013,2013.0,25.0,2048.0,64.0,14.4,900.0,4096.0,2160.0
Nvidia,GeForce GT 630 Zotac Synergy 4GB Edition,No,15-May-2012,2012.0,65.0,4096.0,128.0,17.1,533.0,4096.0,2160.0
Nvidia,GeForce GT 630 EVGA 1GB Edition,No,15-May-2012,2012.0,65.0,1024.0,128.0,25.6,800.0,4096.0,2160.0
Nvidia,GeForce GT 630 Palit 2GB Edition,No,15-May-2012,2012.0,65.0,2048.0,128.0,17.1,535.0,4096.0,2160.0
Nvidia,GeForce GT 620 Zotac Synergy 2GB Edition,No,15-May-2012,2012.0,49.0,2048.0,64.0,8.5,533.0,2560.0,1600.0
Nvidia,GeForce GT 620 Galaxy 2GB Edition,No,15-May-2012,2012.0,49.0,2048.0,64.0,8.0,500.0,2560.0,1600.0
Nvidia,GeForce GT 620 v2,No,02-Apr-2012,2012.0,30.0,1024.0,64.0,14.4,898.0,2560.0,1600.0
Nvidia,GeForce GT 620 PNY PCIe 1GB Edition,No,01-May-2012,2012.0,30.0,1024.0,64.0,8.6,535.0,2560.0,1600.0
Nvidia,GeForce GT 630,No,15-May-2012,2012.0,65.0,1024.0,128.0,28.8,900.0,4096.0,2160.0
Nvidia,GeForce GT 610 MSI Low Profile 2GB Edition,No,14-May-2012,2012.0,29.0,2048.0,64.0,8.0,500.0,2560.0,1600.0
Nvidia,GeForce GT 610 Zotac 2GB Synergy Edition,No,02-Apr-2012,2012.0,29.0,2048.0,64.0,8.5,533.0,2560.0,1600.0
Nvidia,GeForce GT 610 Palit 2GB Edition,No,02-Apr-2012,2012.0,29.0,2048.0,64.0,8.6,535.0,2560.0,1600.0
Nvidia,GeForce GT 620,No,15-May-2012,2012.0,49.0,1024.0,64.0,14.4,900.0,2560.0,1600.0
Nvidia,GeForce GT 610 Gigabyte 2GB Edition,No,18-May-2012,2012.0,29.0,2048.0,64.0,10.7,667.0,2560.0,1600.0
Nvidia,GeForce GT 610 Asus Silent 2GB Edition,No,28-May-2012,2012.0,29.0,2048.0,64.0,9.6,600.0,2560.0,1600.0
Nvidia,GeForce GT 610 v2,No,09-Sep-2012,2012.0,29.0,1024.0,64.0,8.0,500.0,2560.0,1600.0
Nvidia,GeForce 605 512MB,No,01-Apr-2012,2012.0,25.0,512.0,64.0,14.4,898.0,2560.0,1600.0
Nvidia,GeForce GT 610,No,02-Apr-2012,2012.0,29.0,1024.0,64.0,14.4,900.0,2560.0,1600.0
Nvidia,GeForce 605 1GB,No,02-Apr-2012,2012.0,25.0,1024.0,64.0,14.4,898.0,2560.0,1600.0
Nvidia,GeForce GTX 285 SLI,Yes,01-Dec-2008,2008.0,408.0,2048.0,512.0,318.0,1242.0,2560.0,1600.0
Nvidia,GeForce GTX 295,Yes,08-Jan-2009,2009.0,289.0,1792.0,448.0,223.8,999.0,2560.0,1600.0
Nvidia,GeForce GTX 285,Yes,23-Dec-2008,2008.0,204.0,1024.0,512.0,159.0,1242.0,2560.0,1600.0
Nvidia,GeForce GTX 275,Yes,15-Jan-2009,2009.0,219.0,896.0,448.0,127.0,1134.0,2560.0,1600.0
Nvidia,GeForce GTX 295 Asus Mars ROG 4GB Edition,Yes,17-Jun-2009,2009.0,500.0,4096.0,512.0,281.6,1100.0,2560.0,1600.0
Nvidia,GeForce GTX 280,Yes,16-Jun-2009,2009.0,236.0,1024.0,512.0,141.7,1107.0,2560.0,1600.0
Nvidia,GeForce GTX 275 SLI,Yes,15-Jan-2009,2009.0,430.0,1792.0,448.0,254.0,1134.0,2560.0,1600.0
Nvidia,GeForce GTX 260 v3 Zotac AMP²! 896MB Edition,Yes,16-Sep-2008,2008.0,171.0,896.0,448.0,117.6,1050.0,2560.0,1600.0
Nvidia,GeForce GTX 260 v3 Palit Sonic Platinum 896MB Edition,Yes,27-Nov-2008,2008.0,171.0,896.0,448.0,123.2,1100.0,2560.0,1600.0
Nvidia,GeForce GTX 260 v4,Yes,08-Dec-2009,2009.0,182.0,1792.0,448.0,112.9,1008.0,2560.0,1600.0
Nvidia,GeForce GTX 260 v3 Gainward GS 896MB Edition,Yes,27-Nov-2008,2008.0,171.0,896.0,448.0,123.2,1100.0,2560.0,1600.0
Nvidia,GeForce GTX 260 v3 MSI OC v4 896MB Edition,Yes,27-Nov-2008,2008.0,171.0,896.0,448.0,117.6,1050.0,2560.0,1600.0
Nvidia,GeForce GTX 260 v3,Yes,27-Nov-2008,2008.0,171.0,896.0,448.0,111.9,999.0,2560.0,1600.0
Nvidia,GeForce GTS 250 Zotac ECO 1GB Edition,Yes,01-Sep-2009,2009.0,125.0,1024.0,256.0,64.0,1000.0,2560.0,1600.0
Nvidia,GeForce GTX 260,Yes,16-Jun-2008,2008.0,182.0,896.0,448.0,111.9,999.0,2560.0,1600.0
Nvidia,GeForce GTX 260 v2,Yes,16-Sep-2008,2008.0,182.0,896.0,448.0,111.9,999.0,2560.0,1600.0
Nvidia,GeForce GTS 250 XFX Core 1GB Edition,Yes,04-Mar-2009,2009.0,150.0,1024.0,256.0,64.0,1000.0,2560.0,1600.0
Nvidia,GeForce GTS 250 v2,Yes,29-Jul-2008,2008.0,140.0,512.0,256.0,70.4,1100.0,2560.0,1600.0
Nvidia,GeForce GTS 250 v2 Gainward Deep Green 512MB Edition,Yes,29-Jul-2008,2008.0,110.0,512.0,256.0,57.6,900.0,2560.0,1600.0
Nvidia,GeForce GTS 250,Yes,04-Mar-2009,2009.0,150.0,1024.0,256.0,70.4,1100.0,2560.0,1600.0
Nvidia,GeForce GTS 240,Yes,01-Jul-2009,2009.0,120.0,1024.0,256.0,70.4,1100.0,2560.0,1600.0
Nvidia,GeForce GT 220,No,26-Jan-2010,2010.0,58.0,1024.0,256.0,44.8,700.0,2560.0,1600.0
Nvidia,GeForce GT 230 v2,No,01-Oct-2009,2009.0,75.0,1536.0,192.0,24.0,500.0,2560.0,1600.0
Nvidia,GeForce GT 220 v3,No,12-Oct-2009,2009.0,58.0,512.0,128.0,32.0,1000.0,2560.0,1600.0
Nvidia,GeForce GT 220 v2 Galaxy 1GB Edition,No,12-Oct-2009,2009.0,58.0,1024.0,128.0,6.4,400.0,2560.0,1600.0
Nvidia,GeForce GT 230,No,12-Oct-2009,2009.0,75.0,512.0,256.0,57.6,900.0,2560.0,1600.0
Nvidia,GeForce GT 220 v2 MSI 1GB Edition,No,12-Oct-2009,2009.0,58.0,1024.0,128.0,6.4,400.0,2560.0,1600.0
Nvidia,GeForce GT 220 v2,No,12-Oct-2009,2009.0,58.0,1024.0,128.0,25.3,790.0,2560.0,1600.0
Nvidia,GeForce 205,No,26-Nov-2009,2009.0,31.0,512.0,64.0,6.4,400.0,2560.0,1600.0
Nvidia,GeForce 210 1GB,No,12-Oct-2009,2009.0,31.0,1024.0,64.0,8.0,500.0,2560.0,1600.0
Nvidia,GeForce GTX 480 Point of View Edition,Yes,01-Apr-2010,2010.0,250.0,1536.0,384.0,177.4,924.0,2560.0,1600.0
Nvidia,GeForce 210,No,01-Oct-2009,2009.0,31.0,512.0,64.0,4.0,500.0,2560.0,1600.0
Nvidia,GeForce GTX 480 3-way SLI,Yes,01-Mar-2010,2010.0,750.0,3072.0,256.0,354.8,924.0,2560.0,1600.0
Nvidia,GeForce GT 240,No,01-Nov-2009,2009.0,69.0,1024.0,128.0,54.4,850.0,2560.0,1600.0
Nvidia,GeForce GTX 470 SLI,Yes,01-Mar-2010,2010.0,430.0,2560.0,320.0,267.8,837.0,2560.0,1600.0
Nvidia,GeForce GTX 470 Gigabyte SOC 1.2GB Edition,Yes,09-Jul-2010,2010.0,215.0,1280.0,320.0,133.9,837.0,2560.0,1600.0
Nvidia,GeForce GTX 480 MSI Lightning Edition,Yes,20-Sep-2010,2010.0,250.0,1536.0,384.0,192.0,1000.0,2560.0,1600.0
Nvidia,GeForce GTX 480,Yes,01-Mar-2010,2010.0,250.0,1536.0,384.0,177.4,924.0,2560.0,1600.0
Nvidia,GeForce GTX 470,Yes,01-Mar-2010,2010.0,215.0,1280.0,320.0,133.9,837.0,2560.0,1600.0
Nvidia,GeForce GTX 470 Golden Sample Edition,Yes,01-Jun-2010,2010.0,215.0,1280.0,320.0,136.0,850.0,2560.0,1600.0
Nvidia,GeForce GTX 460 v2,Yes,24-Sep-2011,2011.0,160.0,1024.0,256.0,128.3,1002.0,2560.0,1600.0
Nvidia,GeForce GTX 465,Yes,01-May-2010,2010.0,200.0,1024.0,256.0,102.7,802.0,2560.0,1600.0
Nvidia,GeForce GTX 460 SLI,Yes,01-Jul-2010,2010.0,380.0,2048.0,256.0,230.4,900.0,2560.0,1600.0
Nvidia,GeForce GTX 460 Point of View TGT Beast 1GB Edition,Yes,10-Sep-2010,2010.0,160.0,1024.0,256.0,128.6,1005.0,2560.0,1600.0
Nvidia,GeForce GTX 460 SE,Yes,01-Nov-2010,2010.0,150.0,1024.0,256.0,108.8,850.0,2560.0,1600.0
Nvidia,GeForce GTX 460 MSI OC v1 1GB Edition,Yes,21-Sep-2010,2010.0,160.0,1024.0,256.0,115.2,900.0,2560.0,1600.0
Nvidia,GeForce GTX 460 Palit Sonic 1GB Edition,Yes,12-Jul-2010,2010.0,160.0,1024.0,256.0,115.2,900.0,2560.0,1600.0
Nvidia,GeForce GTX 460 MSI Hawk v2 1GB Edition,Yes,21-Sep-2010,2010.0,160.0,1024.0,256.0,124.8,975.0,2560.0,1600.0
Nvidia,GeForce GTX 460 MSI OC v2 1GB Edition,Yes,21-Sep-2010,2010.0,160.0,1024.0,256.0,115.2,900.0,2560.0,1600.0
Nvidia,GeForce GTX 460 MSI Hawk v1 1GB Edition,Yes,21-Sep-2010,2010.0,160.0,1024.0,256.0,115.2,900.0,2560.0,1600.0
Nvidia,GeForce GTX 460 Gainward Golden Sample 2GB Edition,Yes,01-Jul-2010,2010.0,180.0,2048.0,256.0,115.2,900.0,2560.0,1600.0
Nvidia,GeForce GTX 460 Gigabyte OC 1GB Edition,Yes,12-Jul-2010,2010.0,160.0,1024.0,256.0,115.2,900.0,2560.0,1600.0
Nvidia,GeForce GTX 460 Gainward GS 1GB Edition,Yes,12-Jul-2010,2010.0,160.0,1024.0,256.0,115.2,900.0,2560.0,1600.0
Nvidia,GeForce GTX 460 Asus DirectCU TOP 1GB Edition,Yes,12-Aug-2010,2010.0,225.0,1024.0,256.0,128.0,1000.0,2560.0,1600.0
Nvidia,GeForce GTX 460 EVGA Superclocked 1GB Edition,Yes,12-Jul-2010,2010.0,160.0,1024.0,256.0,115.2,900.0,2560.0,1600.0
Nvidia,GeForce GTX 460 Asus DirectCU II 1GB Edition,Yes,01-Jul-2010,2010.0,160.0,1024.0,256.0,115.2,900.0,2560.0,1600.0
Nvidia,GeForce GTS 450 v4 Point of View 1GB Edition,No,11-Jul-2012,2012.0,106.0,1024.0,128.0,17.1,533.0,2560.0,1600.0
Nvidia,GeForce GTX 460 768MB,Yes,12-Jul-2010,2010.0,150.0,768.0,192.0,86.4,900.0,2560.0,1600.0
Nvidia,GeForce GTS 450 v4 Gainward 1GB Edition,Yes,11-Jul-2012,2012.0,96.0,1024.0,128.0,22.4,700.0,2560.0,1600.0
Nvidia,GeForce GTS 450 v4 Asus DirectCU Silent 1GB Edition,Yes,11-Jul-2012,2012.0,75.0,1024.0,128.0,25.6,800.0,2560.0,1600.0
Nvidia,GeForce GTS 450 v4 Palit 1GB Edition,Yes,11-Jul-2012,2012.0,96.0,1024.0,128.0,22.4,700.0,2560.0,1600.0
Nvidia,GeForce GTS 450 v4,No,11-Jul-2012,2012.0,106.0,1024.0,128.0,22.4,700.0,2560.0,1600.0
Nvidia,GeForce GTS 450 v4 Asus 1GB Edition,Yes,11-Jul-2012,2012.0,75.0,1024.0,128.0,25.6,800.0,2560.0,1600.0
Nvidia,GeForce GTS 450 v2,Yes,11-Oct-2010,2010.0,106.0,1536.0,192.0,86.6,902.0,2560.0,1600.0
Nvidia,GeForce GTS 450 v3,Yes,15-Mar-2011,2011.0,106.0,2048.0,128.0,57.7,902.0,2560.0,1600.0
Nvidia,GeForce GTS 450 Palit Sonic Platinum 1GB Edition,Yes,13-Sep-2010,2010.0,107.0,1024.0,128.0,64.0,1000.0,2560.0,1600.0
Nvidia,GeForce GTS 450 Point of View 1GB Edition,Yes,13-Sep-2010,2010.0,106.0,1024.0,128.0,57.7,902.0,2560.0,1600.0
Nvidia,GeForce GTS 450 PNY XLR8 Performance 1GB Edition,No,15-Oct-2010,2010.0,106.0,1024.0,128.0,57.7,902.0,2560.0,1600.0
Nvidia,GeForce GTS 450 MSI Cyclone 1GB Edition,Yes,13-Sep-2010,2010.0,106.0,1024.0,128.0,62.7,980.0,2560.0,1600.0
Nvidia,GeForce GTS 450 Gigabyte OC 1GB Edition,Yes,13-Sep-2010,2010.0,107.0,1024.0,128.0,57.7,902.0,2560.0,1600.0
Nvidia,GeForce GTS 450 Galaxy GC 1GB Edition,Yes,13-Sep-2010,2010.0,106.0,1024.0,128.0,59.1,924.0,2560.0,1600.0
Nvidia,GeForce GTS 450 Gainward 1GB Edition,Yes,13-Sep-2010,2010.0,106.0,1024.0,128.0,57.7,902.0,2560.0,1600.0
Nvidia,GeForce GTS 450 EVGA FTW 1GB Edition,No,13-Sep-2010,2010.0,107.0,1024.0,128.0,65.7,1026.0,2560.0,1600.0
Nvidia,GeForce GTS 450 EVGA SuperClocked 1GB Edition,Yes,13-Sep-2010,2010.0,107.0,1024.0,128.0,60.8,950.0,2560.0,1600.0
Nvidia,GeForce GTS 450 EVGA 1GB Edition,Yes,13-Sep-2010,2010.0,106.0,1024.0,128.0,57.7,902.0,2560.0,1600.0
Nvidia,GeForce GTS 450 Asus DirectCU 1GB Edition,Yes,13-Sep-2010,2010.0,106.0,1024.0,128.0,57.7,902.0,2560.0,1600.0
Nvidia,GeForce GTS 450 Asus DirectCU OC 1GB Edition,Yes,13-Sep-2010,2010.0,106.0,1024.0,128.0,60.8,950.0,2560.0,1600.0
Nvidia,GeForce GT 440 Zotac 1GB Edition,No,01-Feb-2011,2011.0,65.0,1024.0,128.0,51.2,800.0,2560.0,1600.0
Nvidia,GeForce GTS 450,Yes,03-Sep-2010,2010.0,106.0,1024.0,128.0,57.7,902.0,2560.0,1600.0
Nvidia,GeForce GTS 450 Asus DirectCU TOP 1GB Edition,Yes,13-Sep-2010,2010.0,106.0,1024.0,128.0,64.0,1000.0,2560.0,1600.0
Nvidia,GeForce GT 440 v2 Inno3D 2GB Edition,No,01-Mar-2011,2011.0,65.0,1024.0,128.0,21.3,667.0,2560.0,1600.0
Nvidia,GeForce GT 440 v3,No,01-Oct-2010,2010.0,56.0,1536.0,192.0,43.2,900.0,2560.0,1600.0
Nvidia,GeForce GT 440 v2 Gigabyte OC 1GB Edition,No,01-Mar-2011,2011.0,65.0,1024.0,128.0,28.8,900.0,2560.0,1600.0
Nvidia,GeForce GT 440 v2 Zotac Synergy 2GB Edition,No,01-Mar-2011,2011.0,65.0,1024.0,128.0,21.3,667.0,2560.0,1600.0
Nvidia,GeForce GT 440 Palit 1GB Edition,No,01-Feb-2011,2011.0,65.0,1024.0,128.0,51.2,800.0,2560.0,1600.0
Nvidia,GeForce GT 440 Gigabyte Turbo Cache 1GB Edition,No,01-Feb-2011,2011.0,65.0,1024.0,128.0,51.2,800.0,2560.0,1600.0
Nvidia,GeForce GTX 460,Yes,12-Jul-2010,2010.0,160.0,1024.0,256.0,115.2,900.0,2560.0,1600.0
Nvidia,GeForce GT 440 Gainward 1GB Edition,No,01-Feb-2011,2011.0,65.0,1024.0,128.0,51.2,800.0,2560.0,1600.0
Nvidia,GeForce GT 440 Asus 1GB Edition,No,01-Feb-2011,2011.0,65.0,1024.0,128.0,51.2,800.0,2560.0,1600.0
Nvidia,GeForce GT 440 v2,No,01-Feb-2011,2011.0,65.0,1024.0,128.0,28.8,900.0,2560.0,1600.0
Nvidia,GeForce GT 440,No,01-Feb-2011,2011.0,65.0,512.0,128.0,51.2,800.0,2560.0,1600.0
Nvidia,GeForce GT 430 Zotac Synergy 2GB Edition,No,01-Oct-2010,2010.0,49.0,2048.0,128.0,21.3,667.0,2560.0,1600.0
Nvidia,GeForce GT 430 Zotac Synergy 4GB Edition,No,01-Oct-2010,2010.0,49.0,4096.0,128.0,17.1,533.0,2560.0,1600.0
Nvidia,GeForce GT 430 v2,No,11-Oct-2010,2010.0,60.0,2048.0,128.0,28.8,900.0,2560.0,1600.0
Nvidia,GeForce GT 430 MSI OC 2GB Edition,No,01-Dec-2010,2010.0,49.0,1024.0,128.0,21.3,667.0,2560.0,1600.0
Nvidia,GeForce GT 430 MSI Low Profile Single Fan OC 1GB Edition,No,01-Dec-2010,2010.0,49.0,1024.0,128.0,29.6,925.0,2560.0,1600.0
Nvidia,GeForce GT 430 MSI Low Profile Dual Fan OC 1GB Edition,No,01-Dec-2010,2010.0,49.0,1024.0,128.0,32.0,1000.0,2560.0,1600.0
Nvidia,GeForce GT 430 Gainward 1GB Edition,No,01-Oct-2010,2010.0,49.0,1024.0,128.0,25.6,800.0,2560.0,1600.0
Nvidia,GeForce GT 430 Inno3D 4GB Edition,No,01-Dec-2010,2010.0,49.0,4096.0,128.0,21.3,667.0,2560.0,1600.0
Nvidia,GeForce GT 430 Gigabyte OC 1GB Edition,No,01-Nov-2010,2010.0,49.0,1024.0,128.0,28.8,900.0,2560.0,1600.0
Nvidia,GeForce GT 430 EVGA 1GB Edition,No,01-Oct-2010,2010.0,49.0,1024.0,128.0,25.6,800.0,2560.0,1600.0
Nvidia,GeForce GT 430 AXLE 2GB Edition,No,01-Jan-2011,2011.0,50.0,2048.0,128.0,16.0,500.0,2560.0,1600.0
Nvidia,GeForce 405,No,16-Sep-2011,2011.0,25.0,1024.0,64.0,12.6,790.0,2560.0,1600.0
Nvidia,GeForce GT 420,No,03-Sep-2010,2010.0,50.0,2048.0,128.0,28.8,900.0,2560.0,1600.0
Nvidia,GeForce GT 420 Gigabyte Rev. 3.0 2GB Edition,No,03-Sep-2010,2010.0,50.0,2048.0,128.0,25.6,800.0,2560.0,1600.0
Nvidia,GeForce GT 430,No,11-Oct-2010,2010.0,49.0,1024.0,128.0,28.8,900.0,2560.0,1600.0
Nvidia,GeForce GTX 590 EVGA Classified Hydro Copper Edition,Yes,24-Mar-2011,2011.0,365.0,3072.0,384.0,331.8,864.0,2560.0,1600.0
Nvidia,GeForce GTX 590 Mars II Asus Edition,Yes,01-Apr-2011,2011.0,499.0,3072.0,384.0,384.8,1002.0,2560.0,1600.0
Nvidia,GeForce GTX 590 SLI,Yes,24-Mar-2011,2011.0,700.0,6144.0,384.0,655.9,854.0,2560.0,1600.0
Nvidia,GeForce GTX 590,Yes,24-Mar-2011,2011.0,365.0,3072.0,384.0,327.9,854.0,2560.0,1600.0
Nvidia,GeForce GTX 590 EVGA Classified Edition,Yes,24-Mar-2011,2011.0,365.0,3072.0,384.0,331.8,864.0,2560.0,1600.0
Nvidia,GeForce GTX 580 Zotac AMP! Edition,Yes,01-Jan-2011,2011.0,255.0,1536.0,384.0,196.8,1025.0,2560.0,1600.0
Nvidia,GeForce GTX 580 SLI,Yes,01-Nov-2010,2010.0,488.0,3072.0,384.0,384.8,1002.0,2560.0,1600.0
Nvidia,GeForce GTX 580 Palit Dual Fan 3GB Edition,Yes,12-Jan-2011,2011.0,244.0,3072.0,384.0,193.0,1005.0,2560.0,1600.0
Nvidia,GeForce GTX 580 Lightning Xtreme Edition,Yes,01-May-2011,2011.0,244.0,3072.0,384.0,201.6,1050.0,2560.0,1600.0
Nvidia,GeForce GTX 580 EVGA Superclocked Edition,Yes,01-Jan-2011,2011.0,244.0,1536.0,384.0,194.5,1013.0,2560.0,1600.0
Nvidia,GeForce GTX 580 EVGA FTW Hydro Copper 2 1.5GB Edition,Yes,17-Jan-2011,2011.0,244.0,1536.0,384.0,201.4,1049.0,2560.0,1600.0
Nvidia,GeForce GTX 580 EVGA CoD Black Ops 1.5GB Edition,Yes,09-Nov-2010,2010.0,244.0,1536.0,384.0,194.5,1013.0,2560.0,1600.0
Nvidia,GeForce GTX 580 Asus DirectCU II Edition,Yes,01-Jan-2011,2011.0,244.0,1536.0,384.0,192.4,1002.0,2560.0,1600.0
Nvidia,GeForce GTX 580 CUHC 3GB,Yes,01-Nov-2010,2010.0,244.0,3072.0,384.0,202.2,1053.0,2560.0,1600.0
Nvidia,GeForce GTX 580 EVGA DS Superclocked 1.5GB Edition,Yes,22-Apr-2011,2011.0,244.0,1536.0,384.0,194.5,1013.0,2560.0,1600.0
Nvidia,GeForce GTX 580 EVGA Classified Ultra 3GB Edition,Yes,25-Nov-2011,2011.0,244.0,3072.0,384.0,202.2,1053.0,2560.0,1600.0
Nvidia,GeForce GTX 580,Yes,09-Nov-2010,2010.0,244.0,1536.0,384.0,192.4,1002.0,2560.0,1600.0
Nvidia,GeForce GTX 570 Sonic Edition,Yes,01-Jun-2011,2011.0,219.0,1280.0,320.0,156.0,975.0,2560.0,1600.0
Nvidia,GeForce GTX 580 EVGA 3GB Edition,Yes,27-Jun-2011,2011.0,244.0,3072.0,384.0,192.4,1002.0,2560.0,1600.0
Nvidia,GeForce GTX 570 SP Edition,Yes,01-Dec-2010,2010.0,219.0,1280.0,320.0,160.0,1000.0,2560.0,1600.0
Nvidia,GeForce GTX 570 SLI,Yes,01-Dec-2010,2010.0,410.0,2560.0,320.0,304.0,950.0,2560.0,1600.0
Nvidia,GeForce GTX 570 GS-GLH Edition,Yes,07-Dec-2010,2010.0,219.0,1280.0,320.0,160.0,1000.0,2560.0,1600.0
Nvidia,GeForce GTX 570 Gigabyte Edition,Yes,01-Apr-2011,2011.0,219.0,1280.0,320.0,152.0,950.0,2560.0,1600.0
Nvidia,GeForce GTX 570 EVGA SC Edition,Yes,01-Dec-2010,2010.0,219.0,1280.0,320.0,156.0,975.0,2560.0,1600.0
Nvidia,GeForce GTX 570 Gainward Golden Sample 1.2GB Edition,Yes,07-Dec-2010,2010.0,219.0,1280.0,320.0,156.0,975.0,2560.0,1600.0
Nvidia,GeForce GTX 570,Yes,07-Dec-2010,2010.0,219.0,1280.0,320.0,152.0,950.0,2560.0,1600.0
Nvidia,GeForce GTX 560 Zotac AMP! 1GB Edition,Yes,25-Jul-2011,2011.0,150.0,1024.0,256.0,140.8,1100.0,2560.0,1600.0
Nvidia,GeForce GTX 560 Zotac 1GB Edition,Yes,17-May-2011,2011.0,150.0,1024.0,256.0,128.3,1002.0,2560.0,1600.0
Nvidia,GeForce GTX 570 EVGA HD 2.5GB Edition,Yes,01-Sep-2011,2011.0,219.0,2560.0,320.0,152.0,950.0,2560.0,1600.0
Nvidia,GeForce GTX 560 Ti Zotac AMP! 1GB Edition,Yes,25-Jan-2011,2011.0,170.0,1024.0,256.0,140.8,1100.0,2560.0,1600.0
Nvidia,GeForce GTX 560 Ti Superclocked Edition,Yes,01-Mar-2011,2011.0,184.0,1024.0,256.0,134.8,1053.0,2560.0,1600.0
Nvidia,GeForce GTX 560 Ti Sonic 1GB Edition,Yes,01-May-2012,2012.0,180.0,1024.0,256.0,134.4,1050.0,2560.0,1600.0
Nvidia,GeForce GTX 560 Ti SLI,Yes,01-Jan-2011,2011.0,300.0,2048.0,256.0,256.5,1002.0,2560.0,1600.0
Nvidia,GeForce GTX 560 Ti Twin Frozr II OC Edition,Yes,01-Feb-2011,2011.0,170.0,1024.0,256.0,134.4,1050.0,2560.0,1600.0
Nvidia,GeForce GTX 560 Ti Hawk Edition,Yes,09-Feb-2011,2011.0,170.0,1024.0,256.0,134.4,1050.0,2560.0,1600.0
Nvidia,GeForce GTX 560 Ti EVGA 2GB Edition,Yes,10-Nov-2011,2011.0,170.0,2048.0,256.0,128.3,1002.0,2560.0,1600.0
Nvidia,GeForce GTX 560 Ti Superclocked DS Edition,Yes,05-Nov-2011,2011.0,170.0,1024.0,256.0,134.8,1053.0,2560.0,1600.0
Nvidia,GeForce GTX 560 Ti Gainward Phantom 2GB Edition,Yes,25-Jan-2011,2011.0,170.0,2048.0,256.0,128.3,1002.0,2560.0,1600.0
Nvidia,GeForce GTX 560 Sparkle Calibe DF 1GB Edition,Yes,19-May-2011,2011.0,150.0,1024.0,256.0,143.6,1122.0,2560.0,1600.0
Nvidia,GeForce GTX 560 Ti,Yes,25-Jan-2011,2011.0,170.0,1024.0,256.0,128.3,1002.0,2560.0,1600.0
Nvidia,GeForce GTX 560 Ti 448 Edition,Yes,29-Nov-2011,2011.0,210.0,1280.0,256.0,121.6,950.0,2560.0,1600.0
Nvidia,GeForce GTX 560 SE (OEM),Yes,30-Mar-2012,2012.0,150.0,1024.0,192.0,91.9,957.0,2560.0,1600.0
Nvidia,GeForce GTX 560 Ti 448 MSI Twin Frozr III Power OC 1.2GB Edition,Yes,29-Nov-2011,2011.0,210.0,1280.0,256.0,124.8,975.0,2560.0,1600.0
Nvidia,GeForce GTX 560 Gigabyte WindForce 2X Rev 3.0 1GB Edition,Yes,17-May-2011,2011.0,150.0,1024.0,256.0,128.3,1002.0,2560.0,1600.0
Nvidia,GeForce GTX 560 Palit 2GB Edition,Yes,01-May-2011,2011.0,150.0,2048.0,256.0,128.3,1002.0,2560.0,1600.0
Nvidia,GeForce GTX 560 MSI TwinFrozr II OC 1GB Edition,Yes,17-May-2011,2011.0,150.0,1024.0,256.0,130.6,1020.0,2560.0,1600.0
Nvidia,GeForce GTX 560 Gigabyte WindForce 2X Rev 2.0 1GB Edition,Yes,17-May-2011,2011.0,150.0,1024.0,256.0,128.3,1002.0,2560.0,1600.0
Nvidia,GeForce GTX 560 Gigabyte WindForce 2X Rev 1.0 1GB Edition,Yes,17-May-2011,2011.0,150.0,1024.0,256.0,128.3,1002.0,2560.0,1600.0
Nvidia,GeForce GTX 560 Galaxy GC 2GB Edition,Yes,01-Dec-2011,2011.0,150.0,2048.0,256.0,128.3,1002.0,2560.0,1600.0
Nvidia,GeForce GTX 560 SLI,Yes,17-May-2011,2011.0,300.0,2048.0,256.0,256.3,1001.0,2560.0,1600.0
Nvidia,GeForce GTX 560 EVGA Superclocked 2GB Edition,Yes,01-Jun-2011,2011.0,150.0,2048.0,256.0,131.3,1026.0,2560.0,1600.0
Nvidia,GeForce GTX 560 Gainward Phantom 1GB Edition,Yes,28-Nov-2011,2011.0,150.0,1024.0,256.0,129.3,1010.0,2560.0,1600.0
Nvidia,GeForce GTX 560 EVGA FTW+ 1GB Edition,Yes,15-Aug-2011,2011.0,150.0,1024.0,256.0,137.9,1077.0,2560.0,1600.0
Nvidia,GeForce GTX 560 EVGA Superclocked 1GB Edition,Yes,17-May-2011,2011.0,150.0,1024.0,256.0,131.3,1026.0,2560.0,1600.0
Nvidia,GeForce GTX 560 EVGA DS SSC 1GB Edition,Yes,02-Dec-2011,2011.0,150.0,1024.0,256.0,133.1,1040.0,2560.0,1600.0
Nvidia,GeForce GTX 560 Club3D CoolStream Super OC 1GB Edition,Yes,17-May-2011,2011.0,176.0,1024.0,256.0,131.3,1026.0,2560.0,1600.0
Nvidia,GeForce GTX 560 Asus DirectCU II TOP 1GB Edition,Yes,19-May-2011,2011.0,150.0,1024.0,256.0,134.4,1050.0,2560.0,1600.0
Nvidia,GeForce GTX 560 EVGA 1GB Edition,Yes,17-May-2011,2011.0,150.0,1024.0,256.0,128.3,1002.0,2560.0,1600.0
Nvidia,GeForce GTX 560 Asus DirectCU II OC 1GB Edition,Yes,17-May-2011,2011.0,150.0,1024.0,256.0,134.4,1050.0,2560.0,1600.0
Nvidia,GeForce GTX 560 (OEM),Yes,29-Nov-2011,2011.0,150.0,1280.0,320.0,128.3,802.0,2560.0,1600.0
Nvidia,GeForce GTX 560 ECS Black 1GB Edition,Yes,17-May-2011,2011.0,150.0,1024.0,256.0,128.3,1002.0,2560.0,1600.0
Nvidia,GeForce GTX 560 Asus DirectCU 1GB Edition,Yes,17-May-2011,2011.0,150.0,1024.0,256.0,128.3,1002.0,2560.0,1600.0
Nvidia,GeForce GTX 560 Gainward Golden Sample 1GB Edition,Yes,08-Sep-2011,2011.0,150.0,1024.0,256.0,129.3,1010.0,2560.0,1600.0
Nvidia,GeForce GTX 555 (OEM),Yes,01-May-2012,2012.0,150.0,1024.0,192.0,91.9,957.0,2560.0,1600.0
Nvidia,GeForce GTX 560,Yes,17-May-2011,2011.0,150.0,1024.0,256.0,128.1,1001.0,2560.0,1600.0
Nvidia,GeForce GTX 550 Ti SLI,Yes,15-Mar-2011,2011.0,250.0,2048.0,192.0,196.8,1025.0,2560.0,1600.0
Nvidia,GeForce GTX 550 Ti Zotac Edition,Yes,01-Mar-2011,2011.0,116.0,1024.0,192.0,98.4,1025.0,2560.0,1600.0
Nvidia,GeForce GTX 550 Ti Palit Edition,Yes,01-Mar-2011,2011.0,116.0,1024.0,192.0,98.4,1025.0,2560.0,1600.0
Nvidia,GeForce GTX 550 Ti FPB,Yes,01-Mar-2011,2011.0,116.0,1024.0,192.0,104.5,1089.0,2560.0,1600.0
Nvidia,GeForce GTX 550 Ti Golden Sample Edition,Yes,01-Mar-2011,2011.0,116.0,1024.0,192.0,105.6,1100.0,2560.0,1600.0
Nvidia,GeForce GTX 550 Ti Asus Edition SLI,Yes,15-Mar-2011,2011.0,250.0,2048.0,192.0,196.8,1025.0,2560.0,1600.0
Nvidia,GeForce GTX 550 Ti Asus Edition,Yes,01-Mar-2011,2011.0,116.0,1024.0,192.0,98.5,1026.0,2560.0,1600.0
Nvidia,GeForce GTX 550 Ti,Yes,15-Mar-2011,2011.0,116.0,1024.0,192.0,98.4,1025.0,2560.0,1600.0
Nvidia,GeForce GT 545 3GB,Yes,14-May-2011,2011.0,70.0,3072.0,192.0,38.4,800.0,2560.0,1600.0
Nvidia,GeForce GT 545 1.5GB,Yes,14-May-2011,2011.0,70.0,1536.0,192.0,38.4,800.0,2560.0,1600.0
Nvidia,GeForce GT 520 Zotac Synergy 1GB Edition,No,01-May-2011,2011.0,29.0,1024.0,64.0,8.5,533.0,2560.0,1600.0
Nvidia,GeForce GT 545 (OEM),Yes,14-May-2011,2011.0,105.0,1024.0,128.0,63.9,999.0,2560.0,1600.0
Nvidia,GeForce GT 520 v4,No,20-Aug-2012,2012.0,29.0,1024.0,64.0,8.0,500.0,2560.0,1600.0
Nvidia,GeForce GT 520 v3,No,01-Feb-2012,2012.0,29.0,2048.0,64.0,14.4,898.0,2560.0,1600.0
Nvidia,GeForce GT 520 Gigabyte 1GB Edition,No,13-Apr-2011,2011.0,29.0,1024.0,64.0,10.7,667.0,2560.0,1600.0
Nvidia,GeForce GT 530,Yes,14-May-2011,2011.0,50.0,1024.0,128.0,28.8,900.0,2560.0,1600.0
Nvidia,GeForce GT 520 v2,No,01-Feb-2012,2012.0,29.0,1024.0,64.0,10.7,667.0,2560.0,1600.0
Nvidia,GeForce GT 520,No,13-Apr-2011,2011.0,29.0,1024.0,64.0,14.4,900.0,2560.0,1600.0
Nvidia,GeForce GT 520 Asus Silent Low Profile 2GB Edition,No,13-Jun-2013,2013.0,29.0,2048.0,64.0,9.6,600.0,2560.0,1600.0
Nvidia,GeForce GTX 980 Zotac AMP! Omega 4GB Edition,Yes,19-Sep-2014,2014.0,170.0,4096.0,256.0,230.4,1800.0,5120.0,3200.0
Nvidia,GeForce GT 520 Asus Silent Low Profile 1GB Edition,No,13-Jun-2013,2013.0,29.0,1024.0,64.0,9.6,600.0,2560.0,1600.0
Nvidia,GeForce GTX 980 Zotac AMP! Extreme 4GB Edition SLI,Yes,19-Sep-2014,2014.0,350.0,8192.0,256.0,460.8,1800.0,4096.0,2160.0
Nvidia,GeForce GT 520 Gainward SilentFX 1GB Edition,No,13-Jun-2013,2013.0,29.0,1024.0,64.0,8.6,535.0,2560.0,1600.0
Nvidia,GeForce GTX 980 Zotac AMP! Extreme 4GB Edition,Yes,19-Sep-2014,2014.0,185.0,4096.0,256.0,230.4,1800.0,5120.0,3200.0
Nvidia,GeForce GTX 980 Zotac 4GB Edition,Yes,19-Sep-2014,2014.0,165.0,4096.0,256.0,224.4,1753.0,5120.0,3200.0
Nvidia,GeForce GTX 980 Zotac AMP! 4GB Edition,Yes,19-Sep-2014,2014.0,170.0,4096.0,256.0,224.4,1753.0,5120.0,3200.0
Nvidia,GeForce 510,No,29-Sep-2011,2011.0,25.0,1024.0,64.0,14.4,898.0,2560.0,1600.0
Nvidia,GeForce GTX 980 Ti Zotac ArcticStorm 6GB Edition,Yes,02-Jun-2015,2015.0,250.0,6144.0,384.0,336.6,1753.0,5120.0,3200.0
Nvidia,GeForce GTX 980 Ti Zotac AMP! 6GB Edition,Yes,02-Jun-2015,2015.0,250.0,6144.0,384.0,336.6,1753.0,5120.0,3200.0
Nvidia,GeForce GTX 980 Ti Zotac AMP! Extreme 6GB Edition SLI,Yes,02-Jun-2015,2015.0,500.0,12288.0,384.0,692.4,1803.0,5120.0,3200.0
Nvidia,GeForce GTX 980 Ti Zotac AMP! Extreme 6GB Edition,Yes,02-Jun-2015,2015.0,250.0,6144.0,384.0,346.2,1803.0,5120.0,3200.0
Nvidia,GeForce GTX 980 Ti Zotac 6GB Edition,Yes,02-Jun-2015,2015.0,250.0,6144.0,384.0,336.6,1753.0,5120.0,3200.0
Nvidia,GeForce GTX 980 Ti PNY XLR8 OC 6GB Edition,Yes,07-Jul-2015,2015.0,250.0,6144.0,384.0,336.6,1753.0,5120.0,3200.0
Nvidia,GeForce GTX 980 Ti Palit Super JetStream 6GB Edition,Yes,15-Jun-2015,2015.0,280.0,6144.0,384.0,336.6,1753.0,5120.0,3200.0
Nvidia,GeForce GTX 980 Ti Palit JetStream 6GB Edition,Yes,02-Jun-2015,2015.0,250.0,6144.0,384.0,336.6,1753.0,5120.0,3200.0
Nvidia,GeForce GTX 980 Ti Palit 6GB Edition,Yes,02-Jun-2015,2015.0,250.0,6144.0,384.0,336.6,1753.0,5120.0,3200.0
Nvidia,GeForce GTX 980 Ti MSI Gaming Golden 6GB Edition,Yes,01-Oct-2015,2015.0,250.0,6144.0,384.0,340.6,1774.0,5120.0,3200.0
Nvidia,GeForce GTX 980 Ti MSI Sea Hawk 6GB Edition,Yes,26-Aug-2015,2015.0,250.0,6144.0,384.0,340.6,1774.0,5120.0,3200.0
Nvidia,GeForce GTX 980 Ti MSI 6GB Edition,Yes,02-Jun-2015,2015.0,250.0,6144.0,384.0,336.6,1753.0,5120.0,3200.0
Nvidia,GeForce GTX 980 Ti MSI Gaming 6GB Edition SLI,Yes,02-Jun-2015,2015.0,500.0,12288.0,384.0,681.6,1775.0,5120.0,3200.0
Nvidia,GeForce GTX 980 Ti MSI Lightning 6GB Edition,Yes,26-Aug-2015,2015.0,250.0,6144.0,384.0,340.6,1774.0,5120.0,3200.0
Nvidia,GeForce GTX 980 Ti MSI Armor 2X OC 6GB Edition,Yes,02-Jun-2015,2015.0,250.0,6144.0,384.0,336.6,1753.0,5120.0,3200.0
Nvidia,GeForce GTX 980 Ti Inno3D iChill X4 Ultra 6GB Edition,Yes,02-Jun-2015,2015.0,280.0,6144.0,384.0,345.6,1800.0,5120.0,3200.0
Nvidia,GeForce GTX 980 Ti Inno3D iChill X3 Ultra 6GB Edition,Yes,02-Jun-2015,2015.0,280.0,6144.0,384.0,345.6,1800.0,5120.0,3200.0
Nvidia,GeForce GTX 980 Ti Gigabyte XTREME Water 6GB Edition,Yes,11-Nov-2015,2015.0,250.0,6144.0,384.0,345.6,1800.0,5120.0,3200.0
Nvidia,GeForce GTX 980 Ti MSI Gaming 6GB Edition,Yes,02-Jun-2015,2015.0,250.0,6144.0,384.0,340.8,1775.0,5120.0,3200.0
Nvidia,GeForce GTX 980 Ti Inno3D iChill Black 6GB Edition,Yes,02-Jun-2015,2015.0,290.0,6144.0,384.0,349.4,1820.0,5120.0,3200.0
Nvidia,GeForce GTX 980 Ti Gigabyte XTREME 6GB Edition,Yes,11-Nov-2015,2015.0,250.0,6144.0,384.0,345.6,1800.0,5120.0,3200.0
Nvidia,GeForce GTX 980 Ti Gigabyte G1 Gaming 6GB Edition,Yes,02-Jun-2015,2015.0,250.0,6144.0,384.0,336.6,1753.0,5120.0,3200.0
Nvidia,GeForce GTX 980 Ti Gigabyte 6GB Edition,Yes,02-Jun-2015,2015.0,250.0,6144.0,384.0,336.6,1753.0,5120.0,3200.0
Nvidia,GeForce GTX 980 Ti Gigabyte WindForce 3X OC 6GB Edition,Yes,01-Sep-2015,2015.0,250.0,6144.0,384.0,336.6,1753.0,5120.0,3200.0
Nvidia,GeForce GTX 980 Ti Gigabyte G1 Gaming 6GB Edition SLI,Yes,02-Jun-2015,2015.0,500.0,12288.0,384.0,673.2,1753.0,5120.0,3200.0
Nvidia,GeForce GTX 980 Ti Galax HOF WaterCooled 6GB Edition,Yes,09-Jun-2015,2015.0,250.0,6144.0,384.0,336.6,1753.0,5120.0,3200.0
Nvidia,GeForce GTX 980 Ti Gigabyte 6GB Edition SLI,Yes,02-Jun-2015,2015.0,500.0,12288.0,384.0,673.2,1753.0,4096.0,2160.0
Nvidia,GeForce GTX 980 Ti EVGA Superclocked+ ACX 2.0+ 6GB Edition,Yes,02-Jun-2015,2015.0,250.0,6144.0,384.0,336.6,1753.0,5120.0,3200.0
Nvidia,GeForce GTX 980 Ti Galax HOF 6GB Edition,Yes,02-Jun-2015,2015.0,250.0,6144.0,384.0,336.6,1753.0,5120.0,3200.0
Nvidia,GeForce GTX 980 Ti EVGA Superclocked ACX 2.0+ 6GB Edition SLI,Yes,02-Jun-2015,2015.0,250.0,12288.0,384.0,673.2,1753.0,5120.0,3200.0
Nvidia,GeForce GTX 980 Ti EVGA Superclocked ACX 2.0+ 6GB Edition,Yes,02-Jun-2015,2015.0,250.0,6144.0,384.0,336.6,1753.0,5120.0,3200.0
Nvidia,GeForce GTX 980 Ti EVGA Superclocked 6GB Edition,Yes,02-Jun-2015,2015.0,250.0,6144.0,384.0,336.6,1753.0,5120.0,3200.0
Nvidia,GeForce GTX 980 Ti EVGA Hydro Copper 6GB Edition,Yes,02-Jun-2015,2015.0,250.0,6144.0,384.0,336.6,1753.0,5120.0,3200.0
Nvidia,GeForce GTX 980 Ti EVGA Classified ACX 2.0+ 6GB Edition SLI,Yes,02-Jun-2015,2015.0,600.0,12288.0,384.0,673.2,1753.0,5120.0,3200.0
Nvidia,GeForce GTX 980 Ti Galax HOF LN2 6GB Edition,Yes,02-Jun-2015,2015.0,250.0,6144.0,384.0,336.6,1753.0,5120.0,3200.0
Nvidia,GeForce GTX 980 Ti EVGA Kingpin 6GB Edition,Yes,21-Jul-2015,2015.0,300.0,6144.0,384.0,340.6,1774.0,5120.0,3200.0
Nvidia,GeForce GTX 980 Ti EVGA Hybrid 6GB Edition,Yes,02-Jun-2015,2015.0,250.0,6144.0,384.0,336.6,1753.0,5120.0,3200.0
Nvidia,GeForce GTX 980 Ti EVGA FTW ACX 2.0+ 6GB Edition,Yes,11-Sep-2015,2015.0,275.0,6144.0,384.0,336.6,1753.0,5120.0,3200.0
Nvidia,GeForce GTX 980 Ti EVGA ACX 2.0+ 6GB Edition,Yes,02-Jun-2015,2015.0,250.0,6144.0,384.0,336.6,1753.0,5120.0,3200.0
Nvidia,GeForce GTX 980 Ti Asus DirectCU III OC Strix Gaming 6GB Edition,Yes,02-Jun-2015,2015.0,375.0,6144.0,384.0,345.6,1800.0,5120.0,3200.0
Nvidia,GeForce GTX 980 Ti EVGA Classified ACX 2.0+ 6GB Edition,Yes,02-Jun-2015,2015.0,300.0,6144.0,384.0,336.6,1753.0,5120.0,3200.0
Nvidia,GeForce GTX 980 Ti EVGA 6GB Edition,Yes,02-Jun-2015,2015.0,250.0,6144.0,384.0,336.6,1753.0,5120.0,3200.0
Nvidia,GeForce GTX 980 Ti Asus 6GB Edition,Yes,02-Jun-2015,2015.0,250.0,6144.0,384.0,336.6,1753.0,5120.0,3200.0
Nvidia,GeForce GTX 980 Point of View 4GB Edition,Yes,19-Sep-2014,2014.0,165.0,4096.0,256.0,224.4,1753.0,5120.0,3200.0
Nvidia,GeForce GTX 980 Ti Asus DirectCU III OC Strix Gaming 6GB SLI,Yes,02-Jun-2015,2015.0,750.0,12288.0,384.0,691.2,1800.0,5120.0,3200.0
Nvidia,GeForce GTX 980 Ti 6GB SLI,Yes,02-Jun-2015,2015.0,500.0,12288.0,384.0,673.2,1753.0,4096.0,2160.0
Nvidia,GeForce GTX 980 PNY XLR8 Pro OC 4GB Edition,Yes,01-Jan-2015,2015.0,180.0,4096.0,256.0,224.4,1753.0,5120.0,3200.0
Nvidia,GeForce GTX 980 Palit Trio 4GB Edition,Yes,01-Jun-2015,2015.0,180.0,4096.0,256.0,224.4,1753.0,5120.0,3200.0
Nvidia,GeForce GTX 980 Ti 6GB,Yes,01-Jun-2015,2015.0,250.0,6144.0,384.0,336.6,1753.0,5120.0,3200.0
Nvidia,GeForce GTX 980 Palit Super JetStream 4GB Edition,Yes,19-Sep-2014,2014.0,180.0,4096.0,256.0,230.4,1800.0,5120.0,3200.0
Nvidia,GeForce GTX 980 PNY 4GB Edition,Yes,19-Sep-2014,2014.0,165.0,4096.0,256.0,224.4,1753.0,5120.0,3200.0
Nvidia,GeForce GTX 980 Palit JetStream 4GB Edition,Yes,19-Sep-2014,2014.0,180.0,4096.0,256.0,224.4,1753.0,5120.0,3200.0
Nvidia,GeForce GTX 980 Palit 4GB Edition,Yes,19-Sep-2014,2014.0,180.0,4096.0,256.0,224.4,1753.0,5120.0,3200.0
Nvidia,GeForce GTX 980 MSI OC v1 4GB Edition,Yes,19-Sep-2014,2014.0,165.0,4096.0,256.0,224.4,1753.0,5120.0,3200.0
Nvidia,GeForce GTX 980 MSI Gaming 4GB Edition SLI,Yes,19-Sep-2014,2014.0,340.0,8192.0,256.0,448.8,1753.0,4096.0,2160.0
Nvidia,GeForce GTX 980 MSI Armor 2X OC 4GB Edition,Yes,19-Sep-2014,2014.0,165.0,4096.0,256.0,224.4,1753.0,5120.0,3200.0
Nvidia,GeForce GTX 980 MSI Gaming 4GB Edition,Yes,19-Sep-2014,2014.0,165.0,4096.0,256.0,224.4,1753.0,5120.0,3200.0
Nvidia,GeForce GTX 980 Leadtek Winfast Hurricane 4GB Edition,Yes,20-Oct-2014,2014.0,170.0,4096.0,256.0,224.4,1753.0,5120.0,3200.0
Nvidia,GeForce GTX 980 Leadtek WinFast 4GB Edition,Yes,04-Nov-2014,2014.0,165.0,4096.0,256.0,224.4,1753.0,5120.0,3200.0
Nvidia,GeForce GTX 980 Inno3D iChill HerculeZ X4 ABU 4GB Edition,Yes,19-Sep-2014,2014.0,165.0,4096.0,256.0,230.4,1800.0,5120.0,3200.0
Nvidia,GeForce GTX 980 MSI 4GB Edition,Yes,19-Sep-2014,2014.0,180.0,4096.0,256.0,224.4,1753.0,5120.0,3200.0
Nvidia,GeForce GTX 980 Gigabyte XTREME 4GB Edition,Yes,11-Nov-2015,2015.0,300.0,4096.0,256.0,227.2,1775.0,5120.0,3200.0
Nvidia,GeForce GTX 980 Inno3D 4GB Edition,Yes,19-Sep-2014,2014.0,165.0,4096.0,256.0,224.4,1753.0,5120.0,3200.0
Nvidia,GeForce GTX 980 Inno3D iChill HerculeZ X4 Air 4GB Edition,Yes,19-Sep-2014,2014.0,165.0,4096.0,256.0,224.4,1753.0,5120.0,3200.0
Nvidia,GeForce GTX 980 Gigabyte WindForce 3X 4GB Edition,Yes,19-Sep-2014,2014.0,165.0,4096.0,256.0,224.4,1753.0,5120.0,3200.0
Nvidia,GeForce GTX 980 Gigabyte G1 Gaming 4GB Edition,Yes,19-Sep-2014,2014.0,165.0,4096.0,256.0,224.4,1753.0,5120.0,3200.0
Nvidia,GeForce GTX 980 Galax 4GB Edition,Yes,19-Sep-2014,2014.0,250.0,4096.0,256.0,224.4,1753.0,5120.0,3200.0
Nvidia,GeForce GTX 980 Galax SOC 4GB Edition,Yes,30-Sep-2014,2014.0,250.0,4096.0,256.0,224.4,1753.0,5120.0,3200.0
Nvidia,GeForce GTX 980 Gainward 4GB Edition,Yes,19-Sep-2014,2014.0,165.0,4096.0,256.0,224.4,1753.0,5120.0,3200.0
Nvidia,GeForce GTX 980 Galax HOF 4GB Edition,Yes,10-Nov-2014,2014.0,165.0,4096.0,256.0,224.4,1753.0,5120.0,3200.0
Nvidia,GeForce GTX 980 EVGA Superclocked ACX 2.0 4GB Edition,Yes,19-Sep-2014,2014.0,165.0,4096.0,256.0,224.4,1753.0,5120.0,3200.0
Nvidia,GeForce GTX 980 EVGA Hydro Copper 4GB Edition,Yes,19-Sep-2014,2014.0,165.0,4096.0,256.0,224.4,1753.0,5120.0,3200.0
Nvidia,GeForce GTX 980 EVGA Superclocked 4GB Edition,Yes,19-Sep-2014,2014.0,165.0,4096.0,256.0,224.4,1753.0,5120.0,3200.0
Nvidia,GeForce GTX 980 EVGA FTW ACX 2.0 4GB Edition,Yes,19-Sep-2014,2014.0,165.0,4096.0,256.0,224.4,1753.0,5120.0,3200.0
Nvidia,GeForce GTX 980 EVGA Hybrid 4GB Edition,Yes,26-Mar-2015,2015.0,165.0,4096.0,256.0,224.4,1753.0,5120.0,3200.0
Nvidia,GeForce GTX 980 EVGA 4GB Edition,Yes,19-Sep-2014,2014.0,165.0,4096.0,256.0,224.4,1753.0,5120.0,3200.0
Nvidia,GeForce GTX 980 EVGA ACX 2.0 4GB Edition,Yes,19-Sep-2014,2014.0,165.0,4096.0,256.0,224.4,1753.0,5120.0,3200.0
Nvidia,GeForce GTX 980 EVGA Classified ACX 2.0 4GB Edition,Yes,01-Oct-2014,2014.0,165.0,4096.0,256.0,224.4,1753.0,5120.0,3200.0
Nvidia,GeForce GTX 980 EVGA Classified Kingpin ACX 2.0+ 4GB Edition,Yes,06-Feb-2015,2015.0,165.0,4096.0,256.0,224.4,1753.0,5120.0,3200.0
Nvidia,GeForce GTX 980 Asus Strix OC 4GB Edition,Yes,19-Sep-2014,2014.0,300.0,4096.0,256.0,224.4,1753.0,5120.0,3200.0
Nvidia,GeForce GTX 980 Asus ROG Matrix Platinum 4GB Edition SLI,Yes,03-Dec-2014,2014.0,325.0,8192.0,256.0,448.8,1753.0,4096.0,2160.0
Nvidia,GeForce GTX 980 Asus 4GB Edition,Yes,19-Sep-2014,2014.0,225.0,4096.0,256.0,224.4,1753.0,5120.0,3200.0
Nvidia,GeForce GTX 980 4GB SLI,Yes,19-Sep-2014,2014.0,350.0,8192.0,256.0,448.8,1753.0,4096.0,2160.0
Nvidia,GeForce GTX 980 4GB,Yes,19-Sep-2014,2014.0,165.0,4096.0,256.0,224.4,1753.0,5120.0,3200.0
Nvidia,GeForce GTX 970 Zotac AMP! Omega 4GB Edition,Yes,19-Sep-2014,2014.0,160.0,4096.0,256.0,225.4,1761.0,5120.0,3200.0
Nvidia,GeForce GTX 970 Zotac AMP! Omega Core 4GB Edition,Yes,19-Sep-2014,2014.0,148.0,4096.0,256.0,224.4,1753.0,5120.0,3200.0
Nvidia,GeForce GTX 970 Zotac AMP! Extreme Core 4GB Edition,Yes,19-Sep-2014,2014.0,175.0,4096.0,256.0,230.4,1800.0,5120.0,3200.0
Nvidia,GeForce GTX 970 Zotac AMP! Extreme 4GB Edition,Yes,19-Sep-2014,2014.0,175.0,4096.0,256.0,230.4,1800.0,5120.0,3200.0
Nvidia,GeForce GTX 980 Asus ROG Poseidon 4GB Edition,Yes,10-Nov-2014,2014.0,300.0,4096.0,256.0,224.4,1753.0,5120.0,3200.0
Nvidia,GeForce GTX 980 Asus ROG Matrix Gold 4GB Edition,Yes,31-Mar-2015,2015.0,375.0,4096.0,256.0,224.4,1753.0,5120.0,3200.0
Nvidia,GeForce GTX 970 PNY 4GB Edition,Yes,19-Sep-2014,2014.0,150.0,4096.0,256.0,224.4,1753.0,5120.0,3200.0
Nvidia,GeForce GTX 970 Point of View 4GB Edition,Yes,19-Sep-2014,2014.0,148.0,4096.0,256.0,224.4,1753.0,5120.0,3200.0
Nvidia,GeForce GTX 970 Palit 4GB Edition,Yes,19-Sep-2014,2014.0,150.0,4096.0,256.0,224.4,1753.0,5120.0,3200.0
Nvidia,GeForce GTX 970 Palit JetStream 4GB Edition,Yes,19-Sep-2014,2014.0,150.0,4096.0,256.0,224.4,1753.0,5120.0,3200.0
Nvidia,GeForce GTX 970 MSI Gaming 100 ME 4GB Edition SLI,Yes,28-Jan-2015,2015.0,290.0,8192.0,256.0,448.8,1753.0,5120.0,3200.0
Nvidia,GeForce GTX 970 MSI Gaming 4GB Edition,Yes,19-Sep-2014,2014.0,148.0,4096.0,256.0,224.4,1753.0,5120.0,3200.0
Nvidia,GeForce GTX 970 MSI Gaming 4GB Edition SLI,Yes,19-Sep-2014,2014.0,296.0,8192.0,256.0,224.4,1753.0,5120.0,3200.0
Nvidia,GeForce GTX 970 Zotac 4GB Edition,Yes,19-Sep-2014,2014.0,150.0,4096.0,256.0,224.4,1753.0,5120.0,3200.0
Nvidia,GeForce GTX 970 MSI Gaming 100 ME 4GB Edition,Yes,28-Jan-2015,2015.0,145.0,4096.0,256.0,224.4,1753.0,5120.0,3200.0
Nvidia,GeForce GTX 970 MSI Armor 2X OC 4GB Edition,Yes,19-Sep-2014,2014.0,148.0,4096.0,256.0,224.4,1753.0,5120.0,3200.0
Nvidia,GeForce GTX 980 Asus ROG Matrix Platinum 4GB Edition,Yes,03-Dec-2014,2014.0,300.0,4096.0,256.0,224.4,1753.0,5120.0,3200.0
Nvidia,GeForce GTX 970 MSI OC 4GB Edition,Yes,19-Sep-2014,2014.0,148.0,4096.0,256.0,224.4,1753.0,5120.0,3200.0
Nvidia,GeForce GTX 970 Leadtek WinFast Hurricane 4GB Edition,Yes,20-Oct-2014,2014.0,150.0,4096.0,256.0,224.4,1753.0,5120.0,3200.0
Nvidia,GeForce GTX 970 MSI Gaming Golden 4GB Edition,Yes,14-Nov-2014,2014.0,145.0,4096.0,256.0,224.4,1753.0,5120.0,3200.0
Nvidia,GeForce GTX 970 Leadtek WinFast 4GB Edition,Yes,04-Nov-2014,2014.0,148.0,4096.0,256.0,224.4,1753.0,5120.0,3200.0
Nvidia,GeForce GTX 970 Inno3D iChill HerculeZ X4 ABU 4GB Edition,Yes,19-Sep-2014,2014.0,145.0,4096.0,256.0,230.4,1800.0,5120.0,3200.0
Nvidia,GeForce GTX 970 Inno3D HerculeZ X2 OC 4GB Edition,Yes,29-Sep-2014,2014.0,145.0,4096.0,256.0,224.4,1753.0,5120.0,3200.0
Nvidia,GeForce GTX 970 KFA2 EXOC Sniper 4GB Edition,Yes,18-Jan-2016,2016.0,145.0,4096.0,256.0,224.4,1753.0,5120.0,3200.0
Nvidia,GeForce GTX 970 Gigabyte WindForce 3X OC 4GB Edition,Yes,29-Sep-2014,2014.0,150.0,4096.0,256.0,224.4,1753.0,5120.0,3200.0
Nvidia,GeForce GTX 970 Galax OC 4GB Edition,Yes,19-Sep-2014,2014.0,145.0,4096.0,256.0,224.4,1753.0,5120.0,3200.0
Nvidia,GeForce GTX 970 Gigabyte Twin Turbo OC 4GB Edition,Yes,28-Jul-2015,2015.0,148.0,4096.0,256.0,224.4,1753.0,5120.0,3200.0
Nvidia,GeForce GTX 970 Gigabyte G1 Gaming 4GB Edition SLI,Yes,19-Sep-2014,2014.0,350.0,8192.0,256.0,448.8,1753.0,4096.0,2160.0
Nvidia,GeForce GTX 970 Gigabyte Mini-ITX OC 4GB Edition,Yes,21-Oct-2014,2014.0,150.0,4096.0,256.0,224.4,1753.0,5120.0,3200.0
Nvidia,GeForce GTX 970 Gigabyte G1 Gaming 4GB Edition,Yes,19-Sep-2014,2014.0,150.0,4096.0,256.0,224.4,1753.0,5120.0,3200.0
Nvidia,GeForce GTX 970 Galax EXOC 4GB Black Edition,Yes,31-Oct-2014,2014.0,145.0,4096.0,256.0,224.4,1753.0,5120.0,3200.0
Nvidia,GeForce GTX 970 Galax HOF 4GB Edition,Yes,10-Oct-2014,2014.0,165.0,4096.0,256.0,224.4,1753.0,5120.0,3200.0
Nvidia,GeForce GTX 970 Gigabyte XTREME 4GB Edition,Yes,11-Nov-2015,2015.0,148.0,4096.0,256.0,227.2,1775.0,5120.0,3200.0
Nvidia,GeForce GTX 970 Gainward Phantom Phoenix 4GB Edition,Yes,21-Aug-2015,2015.0,150.0,4096.0,256.0,224.4,1753.0,5120.0,3200.0
Nvidia,GeForce GTX 970 Gainward Phantom 4GB Edition,Yes,19-Sep-2014,2014.0,150.0,4096.0,256.0,224.4,1753.0,5120.0,3200.0
Nvidia,GeForce GTX 970 EVGA Superclocked ACX 2.0 4GB Edition,Yes,19-Sep-2014,2014.0,150.0,4096.0,256.0,224.4,1753.0,5120.0,3200.0
Nvidia,GeForce GTX 970 EVGA SSC ACX 2.0 4GB Edition SLI,Yes,19-Sep-2014,2014.0,300.0,8192.0,256.0,448.8,1753.0,4096.0,2160.0
Nvidia,GeForce GTX 970 EVGA Superclocked 4GB Edition,Yes,19-Sep-2014,2014.0,150.0,4096.0,256.0,224.4,1753.0,5120.0,3200.0
Nvidia,GeForce GTX 970 EVGA SSC ACX+ 2.0 4GB Edition,Yes,08-Jan-2015,2015.0,145.0,4096.0,256.0,224.4,1753.0,5120.0,3200.0
Nvidia,GeForce GTX 970 EVGA FTW+ ACX 2.0+ 4GB Edition,Yes,19-Sep-2014,2014.0,160.0,4096.0,256.0,224.4,1753.0,5120.0,3200.0
Nvidia,GeForce GTX 970 EVGA FTW+ ACX 2.0+ 4GB Edition SLI,Yes,19-Sep-2014,2014.0,300.0,8192.0,256.0,448.8,1753.0,4096.0,2160.0
Nvidia,GeForce GTX 970 EVGA SSC ACX 2.0 4GB Edition,Yes,19-Sep-2014,2014.0,150.0,4096.0,256.0,224.4,1753.0,5120.0,3200.0
Nvidia,GeForce GTX 970 EVGA Superclocked ACX 4GB Edition,Yes,19-Sep-2014,2014.0,150.0,4096.0,256.0,224.4,1753.0,5120.0,3200.0
Nvidia,GeForce GTX 970 Asus Turbo OC 4GB Edition,Yes,05-May-2015,2015.0,148.0,4096.0,256.0,224.4,1753.0,5120.0,3200.0
Nvidia,GeForce GTX 970 EVGA ACX 4GB Edition,Yes,19-Sep-2014,2014.0,148.0,4096.0,256.0,224.4,1753.0,5120.0,3200.0
Nvidia,GeForce GTX 970 EVGA ACX 2.0 4GB Edition,Yes,19-Sep-2014,2014.0,148.0,4096.0,256.0,224.4,1753.0,5120.0,3200.0
Nvidia,GeForce GTX 970 Asus Strix OC 4GB Edition,Yes,19-Sep-2014,2014.0,225.0,4096.0,256.0,224.4,1753.0,5120.0,3200.0
Nvidia,GeForce GTX 970 EVGA FTW ACX 2.0 4GB Edition,Yes,19-Sep-2014,2014.0,160.0,4096.0,256.0,224.4,1753.0,5120.0,3200.0
Nvidia,GeForce GTX 970 EVGA 4GB Edition,Yes,19-Sep-2014,2014.0,148.0,4096.0,256.0,224.4,1753.0,5120.0,3200.0
Nvidia,GeForce GTX 970 4GB SLI,Yes,19-Sep-2014,2014.0,325.0,8192.0,256.0,448.8,1753.0,4096.0,2160.0
Nvidia,GeForce GTX 970 Asus DirectCU Mini OC 4GB Edition,Yes,01-Dec-2014,2014.0,148.0,4096.0,256.0,224.4,1753.0,5120.0,3200.0
Nvidia,GeForce GTX 960 Zotac v2 2GB Edition,Yes,22-Jan-2015,2015.0,120.0,2048.0,128.0,112.2,1753.0,5120.0,3200.0
Nvidia,GeForce GTX 960 Zotac AMP! v2 2GB Edition,Yes,22-Jan-2015,2015.0,120.0,2048.0,128.0,112.2,1753.0,5120.0,3200.0
Nvidia,GeForce GTX 970 4GB,Yes,19-Sep-2014,2014.0,145.0,4096.0,256.0,224.4,1753.0,5120.0,3200.0
Nvidia,GeForce GTX 960 Zotac 2GB Edition,Yes,22-Jan-2015,2015.0,120.0,2048.0,128.0,112.2,1753.0,5120.0,3200.0
Nvidia,GeForce GTX 960 Zotac AMP! 2GB Edition,Yes,22-Jan-2015,2015.0,120.0,2048.0,128.0,112.2,1753.0,5120.0,3200.0
Nvidia,GeForce GTX 960 Zotac 4GB Edition,Yes,11-Mar-2015,2015.0,120.0,4096.0,128.0,112.2,1753.0,5120.0,3200.0
Nvidia,GeForce GTX 960 Ti 2GB [not released],Yes,31-Oct-2015,2015.0,140.0,2048.0,256.0,224.4,1753.0,4096.0,2160.0
Nvidia,GeForce GTX 960 Point of View AMMO OC 2GB Edition,Yes,22-Jan-2015,2015.0,120.0,2048.0,128.0,112.2,1753.0,5120.0,3200.0
Nvidia,GeForce GTX 960 Zotac AMP! 4GB Edition,Yes,11-Mar-2015,2015.0,120.0,4096.0,128.0,112.2,1753.0,5120.0,3200.0
Nvidia,GeForce GTX 960 Ti 4GB [not released],Yes,31-Oct-2015,2015.0,140.0,4096.0,256.0,224.4,1753.0,4096.0,2160.0
Nvidia,GeForce GTX 960 PNY 2GB Edition,Yes,22-Jan-2015,2015.0,120.0,2048.0,128.0,112.2,1753.0,5120.0,3200.0
Nvidia,GeForce GTX 960 Palit Super JetStream 2GB Edition,Yes,22-Jan-2015,2015.0,120.0,2048.0,128.0,115.2,1800.0,5120.0,3200.0
Nvidia,GeForce GTX 960 Palit JetStream 4GB Edition,Yes,20-Mar-2015,2015.0,120.0,4096.0,128.0,112.2,1753.0,5120.0,3200.0
Nvidia,GeForce GTX 960 PNY XLR8 4GB Edition,Yes,10-Mar-2015,2015.0,120.0,4096.0,128.0,112.2,1753.0,5120.0,3200.0
Nvidia,GeForce GTX 960 Palit JetStream 2GB Edition,Yes,22-Jan-2015,2015.0,120.0,2048.0,128.0,115.2,1800.0,5120.0,3200.0
Nvidia,GeForce GTX 960 Palit 2GB Edition,Yes,22-Jan-2015,2015.0,120.0,2048.0,128.0,112.2,1753.0,5120.0,3200.0
Nvidia,GeForce GTX 960 MSI OC 2GB Edition,Yes,22-Jan-2015,2015.0,120.0,2048.0,128.0,112.2,1753.0,5120.0,3200.0
Nvidia,GeForce GTX 960 MSI Gaming 4GB Edition SLI,Yes,10-Mar-2015,2015.0,240.0,8192.0,128.0,224.4,1753.0,4096.0,2160.0
Nvidia,GeForce GTX 960 MSI Gaming 2GB Edition,Yes,22-Jan-2015,2015.0,120.0,2048.0,128.0,112.2,1753.0,5120.0,3200.0
Nvidia,GeForce GTX 960 MSI Gaming 4GB Edition,Yes,10-Mar-2015,2015.0,120.0,4096.0,128.0,112.2,1753.0,5120.0,3200.0
Nvidia,GeForce GTX 960 MSI Tiger OC 4GB Edition,Yes,10-Mar-2015,2015.0,120.0,4096.0,128.0,112.2,1753.0,5120.0,3200.0
Nvidia,GeForce GTX 960 MSI 2GB Edition,Yes,22-Jan-2015,2015.0,120.0,2048.0,128.0,112.2,1753.0,5120.0,3200.0
Nvidia,GeForce GTX 780 Zotac OC Edition,Yes,23-May-2013,2013.0,250.0,3072.0,384.0,288.4,1502.0,4096.0,2160.0
Nvidia,GeForce GTX 780 Zotac OC Edition SLI,Yes,23-May-2013,2013.0,450.0,6144.0,384.0,576.8,1502.0,4096.0,2160.0
Nvidia,GeForce GTX 960 Inno3D HerculeZ X3 Air Boss Ultra 2GB Edition,Yes,22-Jan-2015,2015.0,160.0,2048.0,128.0,115.2,1800.0,5120.0,3200.0
Nvidia,GeForce GTX 960 Inno3D HerculeZ 2X OC 4GB Edition,Yes,03-Mar-2015,2015.0,120.0,4096.0,128.0,112.2,1753.0,5120.0,3200.0
Nvidia,GeForce GTX 960 MSI Gaming 100ME 2GB Edition,Yes,22-Jan-2015,2015.0,120.0,2048.0,128.0,112.2,1753.0,5120.0,3200.0
Nvidia,GeForce GTX 780 Zotac AMP! Edition,Yes,23-Aug-2013,2013.0,300.0,3072.0,384.0,298.0,1552.0,4096.0,2160.0
Nvidia,GeForce GTX 780 Ti WindForce 3X OC Edition,Yes,21-Nov-2013,2013.0,250.0,3072.0,384.0,336.0,1750.0,4096.0,2160.0
Nvidia,GeForce GTX 780 Ti Zotac AMP! Edition,Yes,27-Nov-2013,2013.0,250.0,3072.0,384.0,345.6,1800.0,4096.0,2160.0
Nvidia,GeForce GTX 780 Ti Palit JetStream Edition,Yes,21-Nov-2013,2013.0,250.0,3072.0,384.0,336.0,1750.0,4096.0,2160.0
Nvidia,GeForce GTX 780 Ti SLI,Yes,07-Nov-2013,2013.0,500.0,6144.0,384.0,672.0,1750.0,4096.0,2160.0
Nvidia,GeForce GTX 780 Ti MSI Gaming 3GB Edition,Yes,12-Dec-2013,2013.0,250.0,3072.0,384.0,336.0,1750.0,4096.0,2160.0
Nvidia,GeForce GTX 780 Ti Gigabyte GHz Edition,Yes,01-Dec-2013,2013.0,250.0,3072.0,384.0,336.0,1750.0,4096.0,2160.0
Nvidia,GeForce GTX 780 Ti PNY XLR8 Enthusiast OC Edition,Yes,07-Nov-2013,2013.0,250.0,3072.0,384.0,336.0,1750.0,4096.0,2160.0
Nvidia,GeForce GTX 780 Ti Galaxy HOF+ Edition,Yes,07-Nov-2013,2013.0,250.0,3072.0,384.0,336.0,1750.0,4096.0,2160.0
Nvidia,GeForce GTX 780 Ti Gainward Phantom Edition,Yes,26-Nov-2013,2013.0,250.0,3072.0,384.0,336.0,1750.0,4096.0,2160.0
Nvidia,GeForce GTX 780 Ti HerculeZ X3 Ultra Edition,Yes,07-Nov-2013,2013.0,250.0,3072.0,384.0,345.6,1800.0,4096.0,2160.0
Nvidia,GeForce GTX 780 Ti EVGA SuperClocked w/ ACX Edition,Yes,07-Nov-2013,2013.0,250.0,3072.0,384.0,336.0,1750.0,4096.0,2160.0
Nvidia,GeForce GTX 780 Ti EVGA Classified Kingpin Edition,Yes,12-Dec-2013,2013.0,250.0,3072.0,384.0,336.0,1750.0,4096.0,2160.0
Nvidia,GeForce GTX 780 Ti EVGA DC w/ ACX Edition,Yes,01-Dec-2013,2013.0,250.0,3072.0,384.0,336.0,1750.0,4096.0,2160.0
Nvidia,GeForce GTX 780 Ti EVGA SuperClocked Edition,Yes,07-Nov-2013,2013.0,250.0,3072.0,384.0,336.0,1750.0,4096.0,2160.0
Nvidia,GeForce GTX 780 Ti DirectCU II OC Edition,Yes,21-Nov-2013,2013.0,250.0,3072.0,384.0,336.0,1750.0,4096.0,2160.0
Nvidia,GeForce GTX 780 Ti,Yes,07-Nov-2013,2013.0,250.0,3072.0,384.0,336.0,1750.0,4096.0,2160.0
Nvidia,GeForce GTX 780 Palit Super JetStream Edition,Yes,01-Sep-2013,2013.0,250.0,3072.0,384.0,297.6,1550.0,4096.0,2160.0
Nvidia,GeForce GTX 780 Ti Asus ROG Matrix Platinum Edition,Yes,19-Mar-2014,2014.0,250.0,3072.0,384.0,336.0,1750.0,4096.0,2160.0
Nvidia,GeForce GTX 960 Inno3D HerculeZ 1X 4GB Edition,Yes,03-Mar-2015,2015.0,120.0,4096.0,128.0,112.2,1753.0,5120.0,3200.0
Nvidia,GeForce GTX 960 Gigabyte WindForce 2X OC 4GB Edition,Yes,05-Mar-2015,2015.0,120.0,4096.0,128.0,112.2,1753.0,5120.0,3200.0
Nvidia,GeForce GTX 960 Inno3D HerculeZ 2X OC 2GB Edition,Yes,22-Jan-2015,2015.0,120.0,2048.0,128.0,112.2,1753.0,5120.0,3200.0
Nvidia,GeForce GTX 960 Inno3D HerculeZ 1X 2GB Edition,Yes,22-Jan-2015,2015.0,120.0,2048.0,128.0,112.2,1753.0,5120.0,3200.0
Nvidia,GeForce GTX 780 SLI,Yes,23-May-2013,2013.0,500.0,6144.0,384.0,576.8,1502.0,4096.0,2160.0
Nvidia,GeForce GTX 960 Gigabyte OC 2GB Edition,Yes,29-Jun-2015,2015.0,120.0,2048.0,128.0,112.2,1753.0,5120.0,3200.0
Nvidia,GeForce GTX 960 Gigabyte IX OC 2GB Edition,Yes,22-Jan-2015,2015.0,120.0,2048.0,128.0,112.2,1753.0,5120.0,3200.0
Nvidia,GeForce GTX 960 Gigabyte G1 Gaming 2GB Edition,Yes,22-Jan-2015,2015.0,120.0,2048.0,128.0,112.2,1753.0,5120.0,3200.0
Nvidia,GeForce GTX 960 Gigabyte WindForce 2X OC 2GB Edition,Yes,22-Jan-2015,2015.0,120.0,2048.0,128.0,112.2,1753.0,5120.0,3200.0
Nvidia,GeForce GTX 960 Galax OC 2GB Edition,Yes,22-Jan-2015,2015.0,120.0,2048.0,128.0,112.2,1753.0,5120.0,3200.0
Nvidia,GeForce GTX 960 Galax KFA2 EXOC 4GB Edition,No,22-Jan-2015,2015.0,120.0,4096.0,128.0,112.2,1753.0,5120.0,3200.0
Nvidia,GeForce GTX 960 Galax KFA2 EXOC 2GB Edition,Yes,22-Jan-2015,2015.0,120.0,2048.0,128.0,112.2,1753.0,5120.0,3200.0
Nvidia,GeForce GTX 960 Gigabyte G1 Gaming 4GB Edition,Yes,05-Mar-2015,2015.0,120.0,4096.0,128.0,112.2,1753.0,5120.0,3200.0
Nvidia,GeForce GTX 960 Galax EXOC White 2GB Edition,Yes,05-May-2015,2015.0,120.0,2048.0,128.0,112.2,1753.0,5120.0,3200.0
Nvidia,GeForce GTX 960 Gigabyte OC 4GB Edition,Yes,29-Jun-2015,2015.0,120.0,4096.0,128.0,112.2,1753.0,5120.0,3200.0
Nvidia,GeForce GTX 960 Galax 2GB Edition,Yes,22-Jan-2015,2015.0,120.0,2048.0,128.0,112.2,1753.0,5120.0,3200.0
Nvidia,GeForce GTX 960 Gainward Phantom GLH 2GB Edition,Yes,22-Jan-2015,2015.0,120.0,2048.0,128.0,115.2,1800.0,5120.0,3200.0
Nvidia,GeForce GTX 960 Gainward Phantom 2GB Edition,Yes,22-Jan-2015,2015.0,120.0,2048.0,128.0,115.2,1800.0,5120.0,3200.0
Nvidia,GeForce GTX 960 Galax EXOC 2GB Edition,Yes,22-Jan-2015,2015.0,120.0,2048.0,128.0,112.2,1753.0,5120.0,3200.0
Nvidia,GeForce GTX 960 Gainward OC 2GB Edition,Yes,22-Jan-2015,2015.0,120.0,2048.0,128.0,112.2,1753.0,5120.0,3200.0
Nvidia,GeForce GTX 960 Galax Gamer OC Mini Black 4GB Edition,Yes,22-Jan-2015,2015.0,120.0,4096.0,128.0,112.2,1753.0,5120.0,3200.0
Nvidia,GeForce GTX 960 EVGA SuperSC ACX 2.0+ 4GB Edition,Yes,22-Jan-2015,2015.0,160.0,4096.0,128.0,112.2,1753.0,5120.0,3200.0
Nvidia,GeForce GTX 960 EVGA Superclocked 2GB Edition,Yes,22-Jan-2015,2015.0,120.0,2048.0,128.0,112.2,1753.0,5120.0,3200.0
Nvidia,GeForce GTX 780 Palit JetStream Edition,Yes,23-May-2013,2013.0,250.0,3072.0,384.0,288.4,1502.0,4096.0,2160.0
Nvidia,GeForce GTX 960 EVGA SuperSC ACX 2.0+ 2GB Edition,Yes,22-Jan-2015,2015.0,120.0,2048.0,128.0,112.2,1753.0,5120.0,3200.0
Nvidia,GeForce GTX 780 Inno3D iChill HerculeZ X3 Ultra DHS Edition,Yes,01-Jan-2013,2013.0,265.0,3072.0,384.0,297.6,1550.0,4096.0,2160.0
Nvidia,GeForce GTX 780 Inno3D HerculeZ 2000 Edition,Yes,23-May-2013,2013.0,250.0,3072.0,384.0,288.4,1502.0,4096.0,2160.0
Nvidia,GeForce GTX 780 MSI Gaming 6GB Edition,Yes,10-Sep-2013,2013.0,250.0,6144.0,384.0,288.4,1502.0,4096.0,2160.0
Nvidia,GeForce GTX 780 EVGA SC w/ ACX Edition SLI,Yes,23-May-2013,2013.0,500.0,6144.0,384.0,576.8,1502.0,4096.0,2160.0
Nvidia,GeForce GTX 780 EVGA Dual FTW w/ ACX Edition,Yes,23-May-2013,2013.0,250.0,3072.0,384.0,288.4,1502.0,4096.0,2160.0
Nvidia,GeForce GTX 780 EVGA SC w/ ACX 6GB Edition,Yes,10-Sep-2013,2013.0,250.0,6144.0,384.0,288.4,1502.0,4096.0,2160.0
Nvidia,GeForce GTX 780 EVGA Dual Classified w/ ACX Edition,Yes,23-May-2013,2013.0,250.0,3072.0,384.0,288.4,1502.0,4096.0,2160.0
Nvidia,GeForce GTX 780 Asus Strix OC 6GB Edition,Yes,22-May-2014,2014.0,250.0,6144.0,384.0,288.4,1502.0,4096.0,2160.0
Nvidia,GeForce GTX 780 EVGA SC w/ ACX Edition,Yes,23-May-2013,2013.0,250.0,3072.0,384.0,288.4,1502.0,4096.0,2160.0
Nvidia,GeForce GTX 780 EVGA SC Edition,Yes,23-May-2013,2013.0,250.0,3072.0,384.0,288.4,1502.0,4096.0,2160.0
Nvidia,GeForce GTX 960 EVGA FTW ACX 2.0+ 4GB Edition,Yes,22-Jan-2015,2015.0,120.0,4096.0,128.0,112.2,1753.0,5120.0,3200.0
Nvidia,GeForce GTX 780 Galaxy HOF 3GB Edition,Yes,01-Sep-2013,2013.0,250.0,3072.0,384.0,288.4,1502.0,4096.0,2160.0
Nvidia,GeForce GTX 960 EVGA ACX 2.0+ 4GB Edition,Yes,22-Jan-2015,2015.0,120.0,4096.0,128.0,112.2,1753.0,5120.0,3200.0
Nvidia,GeForce GTX 960 EVGA FTW ACX 2.0+ 2GB Edition,Yes,22-Jan-2015,2015.0,120.0,2048.0,128.0,112.2,1753.0,5120.0,3200.0
Nvidia,GeForce GTX 960 Asus Turbo OC 4GB Edition SLI,Yes,05-May-2015,2015.0,300.0,8192.0,128.0,224.4,1753.0,5120.0,3200.0
Nvidia,GeForce GTX 960 Asus Turbo OC 2GB Edition,Yes,05-May-2015,2015.0,120.0,2048.0,128.0,112.2,1753.0,5120.0,3200.0
Nvidia,GeForce GTX 960 Asus Turbo OC 4GB Edition,Yes,05-May-2015,2015.0,150.0,4096.0,128.0,112.2,1753.0,5120.0,3200.0
Nvidia,GeForce GTX 960 Asus Strix DirectCU II OC 4GB Edition,Yes,22-Jan-2015,2015.0,150.0,4096.0,128.0,112.2,1753.0,5120.0,3200.0
Nvidia,GeForce GTX 960 EVGA ACX 2.0+ 2GB Edition,Yes,22-Jan-2015,2015.0,120.0,2048.0,128.0,112.2,1753.0,5120.0,3200.0
Nvidia,GeForce GTX 960 2GB,Yes,22-Jan-2015,2015.0,120.0,2048.0,128.0,112.2,1753.0,5120.0,3200.0
Nvidia,GeForce GTX 780 Asus ROG POSEIDON Edition SLI,Yes,18-Dec-2013,2013.0,550.0,6144.0,384.0,576.8,1502.0,4096.0,2160.0
Nvidia,GeForce GTX 960 2GB SLI,Yes,22-Jan-2015,2015.0,240.0,4096.0,128.0,224.4,1753.0,4096.0,2160.0
Nvidia,GeForce GTX 960 Asus Strix DirectCU II OC 2GB Edition,Yes,22-Jan-2015,2015.0,120.0,2048.0,128.0,115.2,1800.0,5120.0,3200.0
Nvidia,GeForce GTX 950 Zotac AMP! 2GB Edition,Yes,20-Aug-2015,2015.0,120.0,2048.0,128.0,112.3,1755.0,5120.0,3200.0
Nvidia,GeForce GTX 950 Zotac 2GB Edition,Yes,20-Aug-2015,2015.0,120.0,2048.0,128.0,105.7,1652.0,5120.0,3200.0
Nvidia,GeForce GTX 950 Zotac OC 2GB Edition,Yes,20-Aug-2015,2015.0,120.0,2048.0,128.0,108.9,1701.0,5120.0,3200.0
Nvidia,GeForce GTX 950 PNY 2GB Edition,Yes,20-Aug-2015,2015.0,94.0,2048.0,128.0,105.8,1653.0,5120.0,3200.0
Nvidia,GeForce GTX 950 Palit StormX 2GB Edition,Yes,20-Aug-2015,2015.0,150.0,2048.0,128.0,105.8,1653.0,5120.0,3200.0
Nvidia,GeForce GTX 950 LP MSI OC v3 2GB Edition,Yes,01-Mar-2016,2016.0,75.0,2048.0,128.0,105.8,1653.0,5120.0,3200.0
Nvidia,GeForce GTX 950 MSI Gaming 2GB Edition,Yes,20-Aug-2015,2015.0,100.0,2048.0,128.0,106.4,1663.0,5120.0,3200.0
Nvidia,GeForce GTX 780 Asus DirectCU II OC Edition SLI,No,01-Jul-2013,2013.0,500.0,6144.0,768.0,576.8,1502.0,4096.0,2160.0
Nvidia,GeForce GTX 780 6GB,Yes,10-Sep-2013,2013.0,250.0,6144.0,384.0,288.4,1502.0,4096.0,2160.0
Nvidia,GeForce GTX 780,Yes,23-May-2013,2013.0,250.0,3072.0,384.0,288.4,1502.0,4096.0,2160.0
Nvidia,GeForce GTX 950 MSI Armor 2X OC 2GB Edition,Yes,20-Aug-2015,2015.0,90.0,2048.0,128.0,105.8,1653.0,5120.0,3200.0
Nvidia,GeForce GTX 770 Zotac 4GB Edition,Yes,30-May-2013,2013.0,230.0,4096.0,256.0,224.3,1752.0,4096.0,2160.0
Nvidia,GeForce GTX 950 Palit StormX Dual OC 2GB Edition,Yes,20-Aug-2015,2015.0,90.0,2048.0,128.0,105.8,1653.0,5120.0,3200.0
Nvidia,GeForce GTX 770 WindForce 3X OC 4GB Edition SLI,Yes,30-May-2013,2013.0,500.0,8192.0,256.0,448.5,1752.0,4096.0,2160.0
Nvidia,GeForce GTX 770 PNY XLR8 Enthusiast Edition,Yes,01-May-2013,2013.0,230.0,2048.0,256.0,218.0,1703.0,4096.0,2160.0
Nvidia,GeForce GTX 770 PNY Enthusiast 4GB OC Edition,Yes,30-Aug-2013,2013.0,230.0,4096.0,256.0,224.4,1753.0,4096.0,2160.0
Nvidia,GeForce GTX 770 SLI,Yes,30-May-2013,2013.0,400.0,4096.0,256.0,448.5,1752.0,4096.0,2160.0
Nvidia,GeForce GTX 960 Asus Mini OC 2GB Edition,Yes,22-Jan-2015,2015.0,150.0,2048.0,128.0,112.2,1753.0,5120.0,3200.0
Nvidia,GeForce GTX 950 MSI OC 2GB Edition,Yes,20-Aug-2015,2015.0,90.0,2048.0,128.0,105.8,1653.0,5120.0,3200.0
Nvidia,GeForce GTX 770 MSI TwinFrozr Edition,Yes,18-Jun-2013,2013.0,229.0,2048.0,256.0,224.4,1753.0,4096.0,2160.0
Nvidia,GeForce GTX 770 Palit JetStream 4GB Edition,Yes,30-May-2013,2013.0,230.0,4096.0,256.0,224.3,1752.0,4096.0,2160.0
Nvidia,GeForce GTX 770 MSI TwinFrozr 4GB Edition,Yes,18-Jun-2013,2013.0,229.0,4096.0,256.0,224.4,1753.0,4096.0,2160.0
Nvidia,GeForce GTX 770 MSI Lightning Edition,Yes,18-Jun-2013,2013.0,280.0,2048.0,256.0,224.4,1753.0,4096.0,2160.0
Nvidia,GeForce GTX 770 Inno3D iChill HerculeZ X3 Ultra 4GB Edition,Yes,22-Jun-2013,2013.0,256.0,4096.0,256.0,230.4,1800.0,4096.0,2160.0
Nvidia,GeForce GTX 770 Leadtek Hurricane III Edition,Yes,30-May-2013,2013.0,230.0,4096.0,256.0,224.3,1752.0,4096.0,2160.0
Nvidia,GeForce GTX 770 Inno3D iChill HerculeZ X3 Ultra 2GB Edition,Yes,22-Jun-2013,2013.0,244.0,2048.0,256.0,230.4,1800.0,4096.0,2160.0
Nvidia,GeForce GTX 770 Inno3D HerculeZ 2000 2GB Edition,Yes,01-May-2013,2013.0,230.0,2048.0,256.0,224.4,1753.0,4096.0,2160.0
Nvidia,GeForce GTX 770 Galaxy HOF 2GB Edition,Yes,01-Jun-2013,2013.0,230.0,2048.0,256.0,224.4,1753.0,4096.0,2160.0
Nvidia,GeForce GTX 770 Gainward 2GB Edition,Yes,30-May-2013,2013.0,230.0,2048.0,256.0,224.3,1752.0,4096.0,2160.0
Nvidia,GeForce GTX 770 EVGA W/ ACX Edition,Yes,01-Jun-2013,2013.0,250.0,2048.0,256.0,218.0,1703.0,4096.0,2160.0
Nvidia,GeForce GTX 770 EVGA SC W/ ACX Edition SLI,Yes,01-Jun-2013,2013.0,500.0,4096.0,256.0,436.0,1703.0,4096.0,2160.0
Nvidia,GeForce GTX 770 EVGA SC W/ ACX Edition,Yes,01-Jun-2013,2013.0,250.0,2048.0,256.0,218.0,1703.0,4096.0,2160.0
Nvidia,GeForce GTX 770 Galaxy GC 2GB Edition,Yes,30-May-2013,2013.0,230.0,2048.0,256.0,218.0,1703.0,4096.0,2160.0
Nvidia,GeForce GTX 770 EVGA Superclocked Edition,Yes,01-Jun-2013,2013.0,250.0,2048.0,256.0,224.4,1753.0,4096.0,2160.0
Nvidia,GeForce GTX 770 EVGA Dual SC W/ ACX 4GB Edition,Yes,01-Jun-2013,2013.0,250.0,4096.0,256.0,217.9,1702.0,4096.0,2160.0
Nvidia,GeForce GTX 770 EVGA SC Edition,Yes,01-Jun-2013,2013.0,250.0,2048.0,256.0,218.0,1703.0,4096.0,2160.0
Nvidia,GeForce GTX 770 EVGA 4GB Classified Edition SLI,Yes,30-Jun-2013,2013.0,400.0,6144.0,256.0,448.8,1753.0,4096.0,2160.0
Nvidia,GeForce GTX 950 LP 2GB,Yes,01-Mar-2016,2016.0,75.0,2048.0,128.0,105.8,1653.0,5120.0,3200.0
Nvidia,GeForce GTX 770 EVGA 4GB Classified Edition,Yes,01-Jun-2013,2013.0,250.0,4096.0,256.0,224.4,1753.0,4096.0,2160.0
Nvidia,GeForce GTX 780 Asus ROG POSEIDON Edition,Yes,18-Dec-2013,2013.0,300.0,3072.0,384.0,288.4,1502.0,4096.0,2160.0
Nvidia,GeForce GTX 950 LP Asus 2GB Edition,Yes,06-Mar-2016,2016.0,75.0,2048.0,128.0,105.8,1653.0,5120.0,3200.0
Nvidia,GeForce GTX 950 Inno3D iChill 2GB Edition,Yes,20-Aug-2015,2015.0,110.0,2048.0,128.0,108.8,1700.0,5120.0,3200.0
Nvidia,GeForce GTX 950 LP MSI OC v2 2GB Edition,Yes,01-Mar-2016,2016.0,75.0,2048.0,128.0,105.8,1653.0,5120.0,3200.0
Nvidia,GeForce GTX 950 Inno3D OC 2GB Edition,Yes,20-Aug-2015,2015.0,90.0,2048.0,128.0,105.8,1653.0,5120.0,3200.0
Nvidia,GeForce GTX 950 Galax KFA2 OC 2GB Edition,Yes,20-Aug-2015,2015.0,90.0,2048.0,128.0,105.8,1653.0,5120.0,3200.0
Nvidia,GeForce GTX 950 Inno3D iChill Ultra 2GB Edition,Yes,20-Aug-2015,2015.0,110.0,2048.0,128.0,108.8,1700.0,5120.0,3200.0
Nvidia,GeForce GTX 950 Gigabyte WindForce 2X OC 2GB Edition,Yes,20-Aug-2015,2015.0,100.0,2048.0,128.0,105.8,1653.0,5120.0,3200.0
Nvidia,GeForce GTX 950 Gigabyte OC 2GB Edition,Yes,20-Aug-2015,2015.0,100.0,2048.0,128.0,105.8,1653.0,5120.0,3200.0
Nvidia,GeForce GTX 950 Gigabyte XTREME Gaming 2GB Edition,Yes,09-Sep-2015,2015.0,120.0,2048.0,128.0,112.0,1750.0,5120.0,3200.0
Nvidia,GeForce GTX 950 EVGA Superclocked+ ACX 2.0 2GB Edition,Yes,20-Aug-2015,2015.0,110.0,2048.0,128.0,105.8,1653.0,5120.0,3200.0
Nvidia,GeForce GTX 950 Galax KFA2 EX OC White 2GB Edition,Yes,20-Aug-2015,2015.0,90.0,2048.0,128.0,107.7,1683.0,5120.0,3200.0
Nvidia,GeForce GTX 950 EVGA SSC ACX 2.0 2GB Edition,Yes,20-Aug-2015,2015.0,125.0,2048.0,128.0,105.8,1653.0,5120.0,3200.0
Nvidia,GeForce GTX 950 Asus OC 2GB Edition,Yes,20-Aug-2015,2015.0,75.0,2048.0,128.0,105.8,1653.0,5120.0,3200.0
Nvidia,GeForce GTX 950 EVGA Superclocked 2.0 2GB Edition,Yes,20-Aug-2015,2015.0,110.0,2048.0,128.0,105.8,1653.0,5120.0,3200.0
Nvidia,GeForce GTX 950 Asus DirectCU II OC Strix Gaming 2GB Edition,Yes,20-Aug-2015,2015.0,150.0,2048.0,128.0,105.8,1653.0,5120.0,3200.0
Nvidia,GeForce GTX 950 Gainward 2GB Edition,Yes,20-Aug-2015,2015.0,90.0,2048.0,128.0,105.8,1653.0,5120.0,3200.0
Nvidia,GeForce GTX 950 Asus Mini 2GB Edition,Yes,20-Aug-2015,2015.0,150.0,2048.0,128.0,105.8,1653.0,5120.0,3200.0
Nvidia,GeForce GTX 950 2GB SLI,Yes,20-Aug-2015,2015.0,180.0,4096.0,128.0,211.6,1653.0,4096.0,2160.0
Nvidia,GeForce GTX 950 2GB,Yes,20-Aug-2015,2015.0,90.0,2048.0,128.0,105.8,1653.0,5120.0,3200.0
Nvidia,GeForce GT 940 2GB [not released],No,31-Oct-2016,2016.0,60.0,2048.0,128.0,80.0,1250.0,4096.0,2160.0
Nvidia,GeForce GTX 760 Zotac OC Edition,Yes,25-Jun-2013,2013.0,170.0,2048.0,256.0,192.3,1502.0,4096.0,2160.0
Nvidia,GeForce GTX 770,Yes,30-May-2013,2013.0,230.0,2048.0,256.0,224.3,1752.0,4096.0,2160.0
Nvidia,GeForce GTX 950 EVGA FTW ACX 2.0 2GB Edition,Yes,20-Aug-2015,2015.0,125.0,2048.0,128.0,105.8,1653.0,5120.0,3200.0
Nvidia,GeForce GTX 760 Zotac AMP! Edition,Yes,25-Jun-2013,2013.0,170.0,2048.0,256.0,192.3,1502.0,4096.0,2160.0
Nvidia,GeForce GTX 770 DirectCU II 4GB OC Edition,Yes,30-May-2013,2013.0,230.0,4096.0,256.0,224.4,1753.0,4096.0,2160.0
Nvidia,GeForce GTX 760 Zotac 2GB Edition,Yes,25-Jun-2013,2013.0,170.0,2048.0,256.0,192.3,1502.0,4096.0,2160.0
Nvidia,GeForce GTX 760 Zotac 4GB Edition,Yes,25-Jun-2013,2013.0,170.0,4096.0,256.0,192.3,1502.0,4096.0,2160.0
Nvidia,GeForce GTX 760 WindForce 3X OC Edition,Yes,25-Jun-2013,2013.0,170.0,2048.0,256.0,192.3,1502.0,4096.0,2160.0
Nvidia,GeForce GTX 760 WindForce 3X OC 4GB Edition,Yes,25-Jun-2013,2013.0,170.0,4096.0,256.0,192.3,1502.0,4096.0,2160.0
Nvidia,GeForce GTX 760 WinFast Dual Fan OC 2GB Edition,Yes,25-Jul-2013,2013.0,170.0,2048.0,256.0,198.7,1552.0,4096.0,2160.0
Nvidia,GeForce GTX 760 WindForce 2X OC 2GB Edition,Yes,21-Apr-2014,2014.0,170.0,2048.0,256.0,192.3,1502.0,4096.0,2160.0
Nvidia,GeForce GTX 760 Ti (OEM),Yes,17-Oct-2013,2013.0,170.0,2048.0,256.0,192.3,1502.0,4096.0,2160.0
Nvidia,GeForce GTX 760 WinFast Dual Fan OC 4GB Edition,Yes,25-Jul-2013,2013.0,170.0,4096.0,256.0,198.7,1552.0,4096.0,2160.0
Nvidia,GeForce GTX 760 Palit JetStream 4GB Edition,Yes,25-Jun-2013,2013.0,170.0,4096.0,256.0,198.4,1550.0,4096.0,2160.0
Nvidia,GeForce GTX 760 MSI TwinFrozr OC 2GB Edition,Yes,25-Jun-2013,2013.0,170.0,2048.0,256.0,192.3,1502.0,4096.0,2160.0
Nvidia,GeForce GTX 760 MSI TwinFrozr Gaming Edition,Yes,25-Jun-2013,2013.0,170.0,2048.0,256.0,192.3,1502.0,4096.0,2160.0
Nvidia,GeForce GTX 760 MSI TwinFrozr Gaming OC Edition,Yes,25-Jun-2013,2013.0,170.0,2048.0,256.0,192.3,1502.0,4096.0,2160.0
Nvidia,GeForce GTX 770 Asus ROG Poseidon 2GB Edition,Yes,30-May-2013,2013.0,300.0,4096.0,256.0,224.4,1753.0,4096.0,2160.0
Nvidia,GeForce GTX 760 MSI OC 2GB Edition,Yes,01-Jul-2013,2013.0,170.0,2048.0,256.0,192.3,1502.0,4096.0,2160.0
Nvidia,GeForce GTX 760 MSI TwinFrozr Gaming OC 4GB Edition,Yes,25-Jun-2013,2013.0,170.0,4096.0,256.0,192.3,1502.0,4096.0,2160.0
Nvidia,GeForce GTX 760 KFA2 EX OC 2GB Edition,Yes,25-Jun-2013,2013.0,170.0,2048.0,256.0,192.3,1502.0,4096.0,2160.0
Nvidia,GeForce GTX 760 KFA2 EX OC 4GB Edition,Yes,25-Jun-2013,2013.0,170.0,4096.0,256.0,192.3,1502.0,4096.0,2160.0
Nvidia,GeForce GTX 760 Gainward Phantom 4GB Edition,Yes,19-Oct-2013,2013.0,170.0,4096.0,256.0,192.3,1502.0,4096.0,2160.0
Nvidia,GeForce GTX 760 Galaxy GC 2GB Edition,Yes,23-Jun-2013,2013.0,170.0,2048.0,256.0,192.3,1502.0,4096.0,2160.0
Nvidia,GeForce GTX 760 EVGA W/ ACX 2GB Edition,Yes,25-Jun-2013,2013.0,170.0,2048.0,256.0,192.3,1502.0,4096.0,2160.0
Nvidia,GeForce GTX 760 MSI Gaming ITX 2GB Edition,Yes,20-Nov-2013,2013.0,170.0,2048.0,256.0,192.3,1502.0,4096.0,2160.0
Nvidia,GeForce GTX 760 Gainward Phantom 2GB Edition,Yes,25-Jun-2013,2013.0,170.0,2048.0,256.0,198.4,1550.0,4096.0,2160.0
Nvidia,GeForce GTX 760 Gainward 2GB Edition,Yes,25-Jun-2013,2013.0,170.0,2048.0,256.0,192.3,1502.0,4096.0,2160.0
Nvidia,GeForce GTX 760 Inno3D OC 2GB Edition,Yes,25-Jun-2013,2013.0,160.0,2048.0,256.0,192.3,1502.0,4096.0,2160.0
Nvidia,GeForce GTX 760 EVGA SC W/ ACX 2GB Edition,Yes,25-Jun-2013,2013.0,170.0,2048.0,256.0,192.3,1502.0,4096.0,2160.0
Nvidia,GeForce GTX 760 EVGA SC 2GB Edition,Yes,25-Jun-2013,2013.0,170.0,2048.0,256.0,192.3,1502.0,4096.0,2160.0
Nvidia,GeForce GTX 760 EVGA SC W/ ACX 4GB Edition,Yes,25-Jun-2013,2013.0,170.0,4096.0,256.0,192.3,1502.0,4096.0,2160.0
Nvidia,GeForce GTX 760 MSI Hawk Edition,Yes,25-Jun-2013,2013.0,170.0,2048.0,256.0,192.3,1502.0,4096.0,2160.0
Nvidia,GeForce GTX 760 EVGA 4GB Edition,Yes,25-Jun-2013,2013.0,170.0,4096.0,256.0,192.3,1502.0,4096.0,2160.0
Nvidia,GeForce GTX 760 PNY Enthusiast OC Edition,Yes,14-Sep-2013,2013.0,170.0,2048.0,256.0,198.7,1552.0,4096.0,2160.0
Nvidia,GeForce GT 930 2GB [not released],No,31-Oct-2016,2016.0,35.0,2048.0,64.0,16.0,1000.0,4096.0,2160.0
Nvidia,GeForce GTX 760 Asus DirectCU II OC Edition,Yes,25-Jun-2013,2013.0,170.0,2048.0,256.0,192.3,1502.0,4096.0,2160.0
Nvidia,GeForce GTX 760 EVGA Dual 4GB FTW w/ ACX Edition,Yes,25-Jun-2013,2013.0,170.0,4096.0,256.0,192.3,1502.0,4096.0,2160.0
Nvidia,GeForce GTX 760 Asus DC Mini Edition,Yes,25-Sep-2013,2013.0,170.0,2048.0,256.0,192.3,1502.0,4096.0,2160.0
Nvidia,GeForce GTX 760 Asus DirectCU II TOP SSU Edition,Yes,25-Jun-2013,2013.0,170.0,2048.0,256.0,192.3,1502.0,4096.0,2160.0
Nvidia,GeForce GTX 760 Asus ROG MARS Edition,Yes,19-Nov-2013,2013.0,250.0,4096.0,256.0,384.5,1502.0,4096.0,2160.0
Nvidia,GeForce GTX 760 3GB (OEM),No,27-Jul-2013,2013.0,130.0,3072.0,192.0,134.4,1400.0,4096.0,2160.0
Nvidia,GeForce GTX 760 Asus ROG Striker Platinum Edition,Yes,19-Apr-2014,2014.0,170.0,4096.0,256.0,192.3,1502.0,4096.0,2160.0
Nvidia,GeForce GTX 760 1.5GB (OEM),No,27-Jun-2013,2013.0,130.0,1536.0,192.0,134.4,1400.0,4096.0,2160.0
Nvidia,GeForce GTX 750 Zotac 1GB Edition,No,18-Feb-2014,2014.0,55.0,1024.0,128.0,80.0,1250.0,4096.0,2160.0
Nvidia,GeForce GTX 750 Zotac 2GB Edition,No,18-Feb-2014,2014.0,55.0,2048.0,128.0,80.0,1250.0,4096.0,2160.0
Nvidia,GeForce GTX 750 Ti Zotac 1GB Edition,No,18-Feb-2014,2014.0,60.0,1024.0,128.0,86.4,1350.0,4096.0,2160.0
Nvidia,GeForce GTX 750 Ti Zotac Thunderbolt 2GB Edition,No,18-Feb-2014,2014.0,90.0,2048.0,128.0,96.1,1502.0,4096.0,2160.0
Nvidia,GeForce GTX 760,Yes,25-Jun-2013,2013.0,170.0,2048.0,256.0,192.3,1502.0,4096.0,2160.0
Nvidia,GeForce GTX 750 Zotac Thunderbolt 1GB Edition,No,18-Feb-2014,2014.0,55.0,1024.0,128.0,86.4,1350.0,4096.0,2160.0
Nvidia,GeForce GTX 750 Ti PNY Performance OC 2GB Edition,No,18-Feb-2014,2014.0,60.0,2048.0,128.0,96.1,1502.0,4096.0,2160.0
Nvidia,GeForce GTX 750 Ti Zotac 2GB Edition,No,18-Feb-2014,2014.0,60.0,2048.0,128.0,86.4,1350.0,4096.0,2160.0
Nvidia,GeForce GTX 750 Ti Zotac OC 2GB Edition,No,18-Feb-2014,2014.0,60.0,2048.0,128.0,86.4,1350.0,4096.0,2160.0
Nvidia,GeForce GTX 750 Ti Palit StormX OC 2GB Edition,No,18-Feb-2014,2014.0,60.0,2048.0,128.0,88.0,1375.0,4096.0,2160.0
Nvidia,GeForce GTX 750 Ti Palit StormX Dual 2GB Edition,No,18-Feb-2014,2014.0,90.0,2048.0,128.0,96.1,1502.0,4096.0,2160.0
Nvidia,GeForce GTX 750 Ti MSI OC 2GB Edition,No,18-Feb-2014,2014.0,60.0,2048.0,128.0,86.4,1350.0,4096.0,2160.0
Nvidia,GeForce GTX 750 Ti MSI OC v1 2GB Edition,No,01-May-2014,2014.0,60.0,2048.0,128.0,86.4,1350.0,4096.0,2160.0
Nvidia,GeForce GTX 750 Ti Inno3D OC 2GB Edition,No,18-Feb-2014,2014.0,60.0,2048.0,128.0,86.4,1350.0,4096.0,2160.0
Nvidia,GeForce GTX 750 Ti MSI Low Profile 2GB Edition,No,01-Nov-2014,2014.0,60.0,2048.0,128.0,86.4,1350.0,4096.0,2160.0
Nvidia,GeForce GTX 750 Ti KFA2 OC 2GB Edition,No,18-Feb-2014,2014.0,60.0,2048.0,128.0,86.4,1350.0,4096.0,2160.0
Nvidia,GeForce GTX 750 Ti Gigabyte WindForce 2X 2GB Black Edition,No,12-May-2014,2014.0,60.0,2048.0,128.0,86.4,1350.0,4096.0,2160.0
Nvidia,GeForce GTX 750 Ti MSI Gaming 2GB Edition,No,18-Feb-2014,2014.0,60.0,2048.0,128.0,86.4,1350.0,4096.0,2160.0
Nvidia,GeForce GTX 750 Ti Gigabyte WindForce 2X OC 4GB Edition,No,23-Jan-2015,2015.0,75.0,4096.0,128.0,86.4,1350.0,4096.0,2160.0
Nvidia,GeForce GTX 750 Ti Gigabyte OC 2GB Edition,No,18-Feb-2014,2014.0,60.0,2048.0,128.0,86.4,1350.0,4096.0,2160.0
Nvidia,GeForce GTX 750 Ti Gigabyte WindForce 2X OC 2GB Edition,No,18-Feb-2014,2014.0,60.0,2048.0,128.0,86.4,1350.0,4096.0,2160.0
Nvidia,GeForce GTX 750 Ti Gigabyte OC 1GB Edition,No,18-Feb-2014,2014.0,75.0,2048.0,128.0,86.4,1350.0,4096.0,2160.0
Nvidia,GeForce GTX 750 Ti Gigabyte Low Profile OC 2GB Edition,No,01-Sep-2014,2014.0,60.0,2048.0,128.0,86.4,1350.0,4096.0,2160.0
Nvidia,GeForce GTX 750 Ti Galaxy OC 2GB Edition,No,18-Feb-2014,2014.0,60.0,2048.0,128.0,86.4,1350.0,4096.0,2160.0
Nvidia,GeForce GTX 750 Ti Galaxy GC 2GB Edition,No,18-Feb-2014,2014.0,60.0,2048.0,128.0,86.4,1350.0,4096.0,2160.0
Nvidia,GeForce GTX 760 SLI,Yes,25-Jun-2013,2013.0,350.0,4096.0,256.0,384.5,1502.0,4096.0,2160.0
Nvidia,GeForce GTX 750 Ti Gainward Golden Sample 2GB Edition,No,18-Feb-2014,2014.0,90.0,2048.0,128.0,96.1,1502.0,4096.0,2160.0
Nvidia,GeForce GTX 750 Ti EVGA FTW W/ ACX 2GB Edition,No,18-Feb-2014,2014.0,85.0,2048.0,128.0,86.4,1350.0,4096.0,2160.0
Nvidia,GeForce GTX 750 Ti EVGA SuperClocked 2GB Edition,No,18-Feb-2014,2014.0,60.0,2048.0,128.0,86.4,1350.0,4096.0,2160.0
Nvidia,GeForce GTX 750 Ti Gainward 2GB Edition,No,18-Feb-2014,2014.0,60.0,2048.0,128.0,88.0,1375.0,4096.0,2160.0
Nvidia,GeForce GTX 750 Ti Asus Strix 2GB Edition,No,01-Aug-2014,2014.0,65.0,2048.0,128.0,86.4,1350.0,4096.0,2160.0
Nvidia,GeForce GTX 750 Ti EVGA 2GB Edition,No,18-Feb-2014,2014.0,60.0,2048.0,128.0,86.4,1350.0,4096.0,2160.0
Nvidia,GeForce GTX 750 Ti EVGA W/ ACX 2GB Edition,No,18-Feb-2014,2014.0,60.0,2048.0,128.0,86.4,1350.0,4096.0,2160.0
Nvidia,GeForce GTX 750 Ti Asus 2GB Edition,No,18-Feb-2014,2014.0,60.0,2048.0,128.0,86.4,1350.0,4096.0,2160.0
Nvidia,GeForce GTX 750 Ti Asus PH 2GB Edition,No,18-Feb-2014,2014.0,60.0,2048.0,128.0,86.4,1350.0,4096.0,2160.0
Nvidia,GeForce GTX 750 Palit StormX OC 1GB Edition,No,18-Feb-2014,2014.0,55.0,1024.0,128.0,81.6,1275.0,4096.0,2160.0
Nvidia,GeForce GTX 750 Ti,No,18-Feb-2014,2014.0,60.0,2048.0,128.0,86.4,1350.0,4096.0,2160.0
Nvidia,GeForce GTX 750 Ti Asus OC 2GB Edition,No,18-Feb-2014,2014.0,150.0,2048.0,128.0,86.4,1350.0,4096.0,2160.0
Nvidia,GeForce GTX 750 Sparkle 1GB Edition,No,18-Feb-2014,2014.0,55.0,1024.0,128.0,80.2,1253.0,4096.0,2160.0
Nvidia,GeForce GTX 750 Ti Asus Strix OC 2GB Edition,No,18-Aug-2014,2014.0,65.0,2048.0,128.0,86.4,1350.0,4096.0,2160.0
Nvidia,GeForce GTX 750 Palit KalmX 2GB Edition,No,15-Jul-2014,2014.0,55.0,2048.0,128.0,80.0,1250.0,4096.0,2160.0
Nvidia,GeForce GTX 750 Palit StormX 2GB Edition,Yes,10-Mar-2014,2014.0,55.0,2048.0,128.0,80.0,1250.0,4096.0,2160.0
Nvidia,GeForce GTX 750 MSI OC 2GB Edition,No,18-Feb-2014,2014.0,55.0,2048.0,128.0,80.2,1253.0,4096.0,2160.0
Nvidia,GeForce GTX 750 Inno3D 2GB Edition,No,02-Mar-2014,2014.0,55.0,2048.0,128.0,80.0,1250.0,4096.0,2160.0
Nvidia,GeForce GTX 750 MSI Gaming 2GB Edition,No,18-Feb-2014,2014.0,55.0,2048.0,128.0,80.2,1253.0,4096.0,2160.0
Nvidia,GeForce GTX 750 MSI OC 1GB Edition,No,18-Feb-2014,2014.0,55.0,1024.0,128.0,80.2,1253.0,4096.0,2160.0
Nvidia,GeForce GTX 750 Ti Asus Strix DirectCU II OC 4GB Edition,No,23-Jan-2015,2015.0,75.0,4096.0,128.0,86.4,1350.0,4096.0,2160.0
Nvidia,GeForce GTX 760 Palit JetStream 2GB Edition,Yes,25-Jun-2013,2013.0,170.0,2048.0,256.0,198.4,1550.0,4096.0,2160.0
Nvidia,GeForce GTX 750 EVGA Superclocked 1GB Edition,No,02-Mar-2014,2014.0,55.0,1024.0,128.0,80.2,1253.0,4096.0,2160.0
Nvidia,GeForce GTX 750 Galaxy Slim OC 1GB Edition,No,10-Mar-2014,2014.0,55.0,1024.0,128.0,80.0,1250.0,4096.0,2160.0
Nvidia,GeForce GTX 750 MSI Gaming 1GB Edition,No,18-Feb-2014,2014.0,55.0,1024.0,128.0,80.2,1253.0,4096.0,2160.0
Nvidia,GeForce GTX 750 EVGA Superclocked 2GB Edition,No,02-Mar-2014,2014.0,55.0,2048.0,128.0,80.2,1253.0,4096.0,2160.0
Nvidia,GeForce GTX 750 Gainward 1GB Edition,No,18-Feb-2014,2014.0,55.0,1024.0,128.0,81.6,1275.0,4096.0,2160.0
Nvidia,GeForce GTX 750 Asus DirectCU Silent 2GB Edition,No,02-Mar-2014,2014.0,55.0,2048.0,128.0,80.0,1250.0,4096.0,2160.0
Nvidia,GeForce GTX 750,No,18-Feb-2014,2014.0,55.0,1024.0,128.0,80.0,1250.0,4096.0,2160.0
Nvidia,GeForce GTX 750 Asus 2GB OC Edition,No,18-Feb-2014,2014.0,55.0,2048.0,128.0,80.2,1253.0,4096.0,2160.0
Nvidia,GeForce GTX 745 (OEM),No,18-Feb-2014,2014.0,55.0,4096.0,128.0,28.8,900.0,4096.0,2160.0
Nvidia,GeForce GTX 750 Asus 1GB OC Edition,No,18-Feb-2014,2014.0,55.0,1024.0,128.0,80.2,1253.0,4096.0,2160.0
Nvidia,GeForce GTX 750 Gainward 2GB Edition,No,18-Feb-2014,2014.0,55.0,2048.0,128.0,81.6,1275.0,4096.0,2160.0
Nvidia,GeForce GTX 750 EVGA 2GB Edition,No,02-Mar-2014,2014.0,55.0,2048.0,128.0,80.0,1250.0,4096.0,2160.0
Nvidia,GeForce GT 740 v3 MSI 2GB Edition,No,14-Apr-2015,2015.0,64.0,2048.0,128.0,80.0,1250.0,4096.0,2160.0
Nvidia,GeForce GT 740 v3 Asus Dust Proof Fan OC 2GB Edition,No,14-Apr-2015,2015.0,64.0,2048.0,128.0,80.0,1250.0,4096.0,2160.0
Nvidia,GeForce GT 740 v2 Inno3D iChill HerculeZ 2000 1GB Edition,No,29-May-2014,2014.0,64.0,2048.0,128.0,83.2,1300.0,4096.0,2160.0
Nvidia,GeForce GT 740 v3,No,14-Apr-2015,2015.0,64.0,1024.0,128.0,80.0,1250.0,4096.0,2160.0
Nvidia,GeForce GT 740 v2 Inno3D HerculeZ OC 2GB Edition,No,29-May-2014,2014.0,64.0,2048.0,128.0,80.0,1250.0,4096.0,2160.0
Nvidia,GeForce GT 740 v2 Gainward Golden Sample 2GB Edition,No,29-May-2014,2014.0,64.0,2048.0,128.0,80.0,1250.0,4096.0,2160.0
Nvidia,GeForce GT 740 v2 Gainward Golden Sample 1GB Edition,No,29-May-2014,2014.0,64.0,1024.0,128.0,80.0,1250.0,4096.0,2160.0
Nvidia,GeForce GT 740 v2 Gainward 2GB Edition,No,29-May-2014,2014.0,64.0,2048.0,128.0,80.0,1250.0,4096.0,2160.0
Nvidia,GeForce GT 740 v2 Inno3D HerculeZ OC 1GB Edition,No,29-May-2014,2014.0,64.0,1024.0,128.0,80.0,1250.0,4096.0,2160.0
Nvidia,GeForce GT 740 v2 Gigabyte OC 2GB Edition,No,29-May-2014,2014.0,64.0,2048.0,128.0,80.0,1250.0,4096.0,2160.0
Nvidia,GeForce GT 740 v2 EVGA Superclocked 1GB Edition,No,29-May-2014,2014.0,64.0,1024.0,128.0,80.0,1250.0,4096.0,2160.0
Nvidia,GeForce GT 740 v2 EVGA Superclocked 4GB Edition,No,29-May-2014,2014.0,64.0,4096.0,128.0,80.0,1250.0,4096.0,2160.0
Nvidia,GeForce GT 740 v2 Gainward 1GB Edition,No,29-May-2014,2014.0,64.0,1024.0,128.0,80.0,1250.0,4096.0,2160.0
Nvidia,GeForce GT 740 v2 EVGA FTW 2GB Edition,No,29-May-2014,2014.0,64.0,2048.0,128.0,80.0,1250.0,4096.0,2160.0
Nvidia,GeForce GT 740 v2 EVGA Superclocked 2GB Edition,No,29-May-2014,2014.0,64.0,2048.0,128.0,80.0,1250.0,4096.0,2160.0
Nvidia,GeForce GT 740 v2 Asus OC 1GB Edition,No,29-May-2014,2014.0,64.0,1024.0,128.0,80.0,1250.0,4096.0,2160.0
Nvidia,GeForce GT 740 v2 EVGA FTW 1GB Edition,No,29-May-2014,2014.0,64.0,1024.0,128.0,80.0,1250.0,4096.0,2160.0
Nvidia,GeForce GT 740 Gainward One-Slot Cooler 2GB Edition,No,29-May-2014,2014.0,64.0,2048.0,128.0,28.5,891.0,4096.0,2160.0
Nvidia,GeForce GT 740 Gainward One-Slot Cooler 1GB Edition,No,29-May-2014,2014.0,64.0,1024.0,128.0,28.5,891.0,4096.0,2160.0
Nvidia,GeForce GT 740 EVGA Superclocked SS 4GB Edition,No,29-May-2014,2014.0,64.0,4096.0,128.0,21.3,667.0,4096.0,2160.0
Nvidia,GeForce GT 740 EVGA Superclocked DS 4GB Edition,No,29-May-2014,2014.0,64.0,4096.0,128.0,28.5,891.0,4096.0,2160.0
Nvidia,GeForce GT 740 v2 Asus OC 2GB Edition,No,29-May-2014,2014.0,64.0,2048.0,128.0,80.0,1250.0,4096.0,2160.0
Nvidia,GeForce GT 740 v2,No,29-May-2014,2014.0,64.0,1024.0,128.0,80.0,1250.0,4096.0,2160.0
Nvidia,GeForce GT 740 EVGA Superclocked DS 2GB Edition,No,29-May-2014,2014.0,64.0,2048.0,128.0,28.5,891.0,4096.0,2160.0
Nvidia,GeForce GT 740 EVGA Superclocked SS 2GB Edition,No,29-May-2014,2014.0,64.0,2048.0,128.0,21.3,667.0,4096.0,2160.0
Nvidia,GeForce GT 740,No,29-May-2014,2014.0,64.0,2048.0,128.0,28.8,900.0,4096.0,2160.0
Nvidia,GeForce GT 740 Asus 2GB Edition,No,29-May-2014,2014.0,64.0,2048.0,128.0,28.5,891.0,4096.0,2160.0
Nvidia,GeForce GT 730 v3 MSI 4GB Edition,No,18-Jun-2014,2014.0,49.0,4096.0,128.0,16.0,500.0,4096.0,2160.0
Nvidia,GeForce GT 730 v3 Palit 2GB Edition,No,18-Jun-2014,2014.0,49.0,2048.0,128.0,28.8,900.0,4096.0,2160.0
Nvidia,GeForce GT 730 v3 Zotac 4GB Edition,No,18-Jun-2014,2014.0,49.0,4096.0,128.0,17.1,533.0,4096.0,2160.0
Nvidia,GeForce GTX 750 Gigabyte OC Low Profile 2GB Edition,No,22-Jul-2014,2014.0,55.0,2048.0,128.0,80.2,1253.0,4096.0,2160.0
Nvidia,GeForce GT 730 v3 Gigabyte 2GB Edition,No,18-Jun-2014,2014.0,49.0,2048.0,128.0,28.8,900.0,4096.0,2160.0
Nvidia,GeForce GT 730 v3 Inno3D 2GB Edition,No,18-Jun-2014,2014.0,49.0,2048.0,128.0,21.3,667.0,4096.0,2160.0
Nvidia,GeForce GT 730 v3 MSI 2GB Edition,No,18-Jun-2014,2014.0,49.0,2048.0,128.0,21.3,667.0,4096.0,2160.0
Nvidia,GeForce GT 730 v3 Biostar OC 2GB Edition,No,18-Jun-2014,2014.0,65.0,2048.0,128.0,17.1,533.0,4096.0,2160.0
Nvidia,GeForce GT 730 v3 Gainward 1GB Edition,No,18-Jun-2014,2014.0,49.0,1024.0,128.0,28.8,900.0,4096.0,2160.0
Nvidia,GeForce GT 730 v3 Asus 2GB Edition,No,18-Jun-2014,2014.0,75.0,2048.0,128.0,28.8,900.0,4096.0,2160.0
Nvidia,GeForce GT 730 v3 Asus 4GB Edition,No,18-Jun-2014,2014.0,49.0,4096.0,128.0,28.8,900.0,4096.0,2160.0
Nvidia,GeForce GT 730 v2 MSI OC 2GB Edition,No,18-Jun-2014,2014.0,49.0,2048.0,64.0,40.1,1253.0,4096.0,2160.0
Nvidia,GeForce GT 730 v2 Zotac 2GB Edition,No,18-Jun-2014,2014.0,38.0,2048.0,64.0,40.0,1250.0,4096.0,2160.0
Nvidia,GeForce GT 730 v2 Inno3D Low Profile 2GB Edition,No,18-Jun-2014,2014.0,38.0,2048.0,64.0,40.1,1253.0,4096.0,2160.0
Nvidia,GeForce GT 730 v2 Zotac 1GB Edition,No,18-Jun-2014,2014.0,38.0,1024.0,64.0,40.1,1253.0,4096.0,2160.0
Nvidia,GeForce GT 730 v2 MSI OC 1GB Edition,No,18-Jun-2014,2014.0,49.0,1024.0,64.0,40.1,1253.0,4096.0,2160.0
Nvidia,GeForce GT 730 v2 Gigabyte Rev 1.0 2GB Edition,No,18-Jun-2014,2014.0,38.0,2048.0,64.0,40.0,1250.0,4096.0,2160.0
Nvidia,GeForce GT 730 v2 Gigabyte OC 1GB Edition,No,15-Jun-2015,2015.0,49.0,1024.0,64.0,40.1,1253.0,4096.0,2160.0
Nvidia,GeForce GT 730 Asus Silent 2GB Edition,No,18-Jun-2014,2014.0,23.0,2048.0,64.0,14.4,900.0,4096.0,2160.0
Nvidia,GeForce GT 730 v2,No,18-Jun-2014,2014.0,25.0,1024.0,64.0,40.0,1250.0,4096.0,2160.0
Nvidia,GeForce GT 730 Asus Silent 1GB Edition,No,18-Jun-2014,2014.0,23.0,1024.0,64.0,14.4,900.0,4096.0,2160.0
Nvidia,GeForce GT 730 v2 Inno3D Low Profile 1GB Edition,No,18-Jun-2014,2014.0,38.0,1024.0,64.0,40.1,1253.0,4096.0,2160.0
Nvidia,GeForce GT 730 v3,No,18-Jun-2014,2014.0,49.0,1024.0,128.0,28.8,900.0,4096.0,2160.0
Nvidia,GeForce GT 730 v2 Gigabyte Rev 2.0 2GB Edition,No,09-Dec-2014,2014.0,38.0,2048.0,64.0,40.0,1250.0,4096.0,2160.0
Nvidia,GeForce GT 730 Afox Low Profile 4GB Edition,No,18-Jun-2014,2014.0,23.0,4096.0,64.0,14.4,902.0,4096.0,2160.0
Nvidia,GeForce GT 730 v2 EVGA Low Profile 2GB Edition,No,18-Jun-2014,2014.0,25.0,2048.0,64.0,40.0,1250.0,4096.0,2160.0
Nvidia,GeForce GT 720 v2,No,27-Mar-2014,2014.0,19.0,1024.0,64.0,40.0,1250.0,4096.0,2160.0
Nvidia,GeForce GT 720 v2 MSI 2GB Edition,No,27-Mar-2014,2014.0,19.0,2048.0,64.0,40.0,1250.0,4096.0,2160.0
Nvidia,GeForce GT 730,No,18-Jun-2014,2014.0,23.0,2048.0,64.0,14.4,900.0,4096.0,2160.0
Nvidia,GeForce GT 710 v2,No,26-Jan-2016,2016.0,19.0,2048.0,64.0,14.4,900.0,4096.0,2160.0
Nvidia,GeForce GT 710,No,22-Aug-2014,2014.0,30.0,1024.0,64.0,14.4,898.0,4096.0,2160.0
Nvidia,GeForce GT 720,No,27-Mar-2014,2014.0,19.0,1024.0,64.0,14.4,900.0,4096.0,2160.0
Nvidia,GeForce 2 MX 64MB,No,28-Jun-2000,2000.0,4.0,64.0,128.0,2.7,166.0,1600.0,1200.0
Nvidia,GeForce 2 MX 400 64MB,No,03-Mar-2001,2001.0,4.0,64.0,64.0,1.3,166.0,1600.0,1200.0
Nvidia,GeForce GT 710 v2 EVGA Low Profile 2GB Edition,No,26-Jan-2016,2016.0,25.0,2048.0,64.0,14.4,900.0,4096.0,2160.0
Nvidia,GeForce FX 5900 Ultra,No,12-May-2003,2003.0,59.0,256.0,256.0,13.6,425.0,2048.0,1536.0
Nvidia,GeForce GT 710 v2 EVGA Passive 2GB Edition,No,26-Jan-2016,2016.0,25.0,2048.0,64.0,14.4,900.0,4096.0,2160.0
Nvidia,GeForce 6800 GS,Yes,01-Dec-2005,2005.0,55.0,256.0,256.0,32.0,500.0,2560.0,1600.0
Nvidia,GeForce 6800 GT,Yes,08-Jun-2004,2004.0,67.0,256.0,256.0,32.0,500.0,2560.0,1600.0
Nvidia,GeForce 6600 GT,Yes,01-Nov-2004,2004.0,48.0,128.0,128.0,15.2,475.0,2560.0,1600.0
Nvidia,GeForce 6600,Yes,02-Jan-2004,2004.0,28.0,256.0,128.0,4.4,275.0,2560.0,1600.0
