Manufacturer,Max_Power,Memory,Memory_Bus,Memory_Bandwidth,Memory_Speed,Name,Release_Date,Resolution_WxH,SLI_Crossfire
Nvidia,141 Watts,1024 MB ,256 Bit ,64GB/sec,1000 MHz,GeForce GTS 150,"
01-Mar-2009 ",2560x1600,Yes
AMD,215 Watts,512 MB ,512 Bit ,106GB/sec,828 MHz,Radeon HD 2900 XT 512MB,"
14-May-2007 ",2560x1600,Yes
AMD,200 Watts,512 MB ,256 Bit ,51.2GB/sec,800 MHz,Radeon HD 2900 Pro,"
07-Dec-2007 ",2560x1600,Yes
AMD,,256 MB ,128 Bit ,36.8GB/sec,1150 MHz,Radeon HD 2600 XT Diamond Edition,"
01-Jul-2007 ",2560x1600,Yes
AMD,45 Watts,256 MB ,128 Bit ,22.4GB/sec,700 MHz,Radeon HD 2600 XT,"
28-Jun-2007 ",2560x1600,Yes
AMD,50 Watts,256 MB ,128 Bit ,35.2GB/sec,1100 MHz,Radeon HD 2600 XT 256MB GDDR4,"
26-Jun-2007 ",2560x1600,Yes
AMD,190 Watts,2048 MB ,256 Bit ,134.4GB/sec,1050 MHz,Radeon HD 4890 Sapphire Vapor-X OC 2GB Edition,"
13-Jul-2009 ",2560x1600,Yes
AMD,150 Watts,256 MB ,256 Bit ,51.2GB/sec,800 MHz,Radeon HD 2900 GT,"
06-Nov-2007 ",2560x1600,Yes
AMD,150 Watts,2048 MB ,256 Bit ,160GB/sec,1250 MHz,FirePro D300,"
18-Jan-2014 ",4096x2160,Yes
AMD,32 Watts,64 MB ,64 Bit ,2.9GB/sec,366 MHz,Radeon 7000 64mb,"
02-Jan-2001 ",1600x1200,No
Nvidia,,128 MB ,128 Bit ,5.2GB/sec,325 MHz,Quadro4 980 XGL,"
01-Nov-2002 ",,No
Nvidia,250 Watts,6144 MB ,384 Bit ,177.6GB/sec,925 MHz,Tesla M2090,"
25-Jul-2011 ",2560x1600,Yes
Nvidia,225 Watts,5120 MB ,320 Bit ,168GB/sec,1050 MHz,Tesla K20,"
01-Nov-2012 ",4096x2160,No
Nvidia,245 Watts,12288 MB ,384 Bit ,288.4GB/sec,1502 MHz,Tesla K40c,"
12-Nov-2013 ",4096x2160,Yes
AMD,,64 MB ,128 Bit ,5.8GB/sec,360 MHz,All-in-Wonder Radeon 7500,"
22-Jan-2002 ",1600x1200,No
AMD,150 Watts,3072 MB ,128 Bit ,57.6GB/sec,900 MHz,Radeon R7 250 v2 MSI OC 2GB + Radeon R7 7870K Dual,"
28-May-2015 ",2560x1600,Yes
Nvidia,300 Watts,8192 MB ,512 Bit ,320GB/sec,1250 MHz,Tesla K10,"
15-May-2012 ",4096x2160,No
Nvidia,235 Watts,6144 MB ,384 Bit ,249.6GB/sec,1300 MHz,Tesla K20X,"
12-Nov-2012 ",4096x2160,Yes
Intel,28 Watts,,128 Bit ,34.1GB/sec,1067 MHz,Iris i3 6167U,"
01-Sep-2015 ",4096x2304,No
AMD,60 Watts,256 MB ,256 Bit ,23.4GB/sec,730 MHz,Radeon 9800 XT,"
01-Oct-2003 ",2048x1536,No
Nvidia,238 Watts,6144 MB ,384 Bit ,144GB/sec,750 MHz,Tesla C2070,"
01-Sep-2010 ",2560x1600,No
Nvidia,247 Watts,6144 MB ,384 Bit ,144GB/sec,750 MHz,Tesla C2075,"
01-Jul-2011 ",2560x1600,No
Nvidia,,128 MB ,128 Bit ,3.6GB/sec,225 MHz,Quadro4 750 XGL,"
19-Feb-2002 ",,No
Nvidia,,128 MB ,128 Bit ,5.2GB/sec,325 MHz,Quadro4 900 XGL,"
01-Nov-2002 ",,No
Intel,15 Watts,,128 Bit ,34.1GB/sec,1067 MHz,Iris i5 6360U,"
01-Sep-2015 ",4096x2304,No
Nvidia,,128 MB ,128 Bit ,4.4GB/sec,275 MHz,Quadro4 780 XGL,"
01-Nov-2002 ",,No
Nvidia,238 Watts,3072 MB ,384 Bit ,144GB/sec,750 MHz,Tesla C2050,"
01-May-2010 ",2560x1600,No
Intel,28 Watts,,128 Bit ,34.1GB/sec,1067 MHz,Iris i5 6267U,"
01-Sep-2015 ",4096x2304,No
Intel,15 Watts,,128 Bit ,34.1GB/sec,1067 MHz,Iris i5 6260U,"
01-Sep-2015 ",4096x2304,No
Intel,15 Watts,,128 Bit ,25.6GB/sec,800 MHz,Iris i5 4258U,"
02-Jun-2013 ",2560x1600,No
Nvidia,,64 MB ,128 Bit ,3.2GB/sec,200 MHz,Quadro4 580 XGL,"
01-Nov-2002 ",,No
Intel,47 Watts,,128 Bit ,29.9GB/sec,933 MHz,Iris i5 5350H,"
02-Jun-2015 ",4096x2304,No
Nvidia,,64 MB ,128 Bit ,3.2GB/sec,200 MHz,Quadro4 550 XGL,"
19-Feb-2002 ",,No
Nvidia,,128 MB ,128 Bit ,4.1GB/sec,256 MHz,Quadro4 380 XGL,"
19-Feb-2002 ",,No
Nvidia,,64 MB ,128 Bit ,3.6GB/sec,225 MHz,Quadro4 700 XGL,"
19-Feb-2002 ",,No
Intel,28 Watts,,128 Bit ,34.1GB/sec,1067 MHz,Iris i5 6287U,"
01-Sep-2015 ",4096x2304,No
Intel,15 Watts,,128 Bit ,34.1GB/sec,1067 MHz,Iris i7 6650U,"
01-Sep-2015 ",4096x2304,No
Nvidia,,128 MB ,128 Bit ,2.7GB/sec,166 MHz,Quadro4 500 XGL,"
19-Feb-2002 ",,No
Intel,28 Watts,,128 Bit ,34.1GB/sec,1067 MHz,Iris i7 6567U,"
01-Sep-2015 ",4096x2304,No
Intel,15 Watts,,128 Bit ,34.1GB/sec,1067 MHz,Iris i7 6560U,"
01-Sep-2015 ",4096x2304,No
Intel,47 Watts,,128 Bit ,29.9GB/sec,933 MHz,Iris i7 5950HQ,"
02-Jun-2015 ",4096x2304,No
Intel,47 Watts,,128 Bit ,25.6GB/sec,800 MHz,Iris i7 5850EQ,"
02-Jun-2015 ",4096x2304,No
Nvidia,250 Watts,,384 Bit ,480GB/sec,1250 MHz,Titan X Pascal 2016,"
02-Aug-2016 ",7680x4320,No
Intel,47 Watts,,128 Bit ,29.9GB/sec,933 MHz,Iris i7 5850HQ,"
02-Jun-2015 ",4096x2304,No
Intel,47 Watts,,128 Bit ,29.9GB/sec,933 MHz,Iris i7 5750HQ,"
02-Jun-2015 ",4096x2304,No
Nvidia,250 Watts,12288 MB ,96 Bit ,547.2GB/sec,1425 MHz,GeForce Titan XP,"
06-Apr-2017 ",7680x4320,Yes
Nvidia,250 Watts,6144 MB ,384 Bit ,288.4GB/sec,1502 MHz,GeForce GTX Titan Zotac Edition,"
19-Feb-2013 ",4096x2160,Yes
Nvidia,375 Watts,12288 MB ,384 Bit ,672GB/sec,1750 MHz,GeForce GTX Titan Z Palit 12GB Edition,"
28-May-2014 ",4096x2160,Yes
Nvidia,375 Watts,12288 MB ,384 Bit ,672GB/sec,1750 MHz,GeForce GTX Titan Z EVGA Superclocked 12GB Edition,"
28-May-2014 ",4096x2160,Yes
Nvidia,375 Watts,12288 MB ,384 Bit ,672GB/sec,1750 MHz,GeForce GTX Titan Z,"
28-May-2014 ",4096x2160,Yes
Nvidia,375 Watts,12288 MB ,384 Bit ,672GB/sec,1750 MHz,GeForce GTX Titan Z EVGA Hydro Copper 12GB Edition,"
28-May-2014  ",4096x2160,Yes
Nvidia,250 Watts,12288 MB ,384 Bit ,336.6GB/sec,1753 MHz,GeForce GTX Titan X EVGA Hybrid 12GB Edition,"
17-Mar-2015 ",4096x2160,Yes
Nvidia,,24576 MB ,384 Bit ,673.2GB/sec,1753 MHz,GeForce GTX Titan X EVGA Superclocked 12GB Edition SLI,"
17-Mar-2015 ",4096x2160,Yes
Nvidia,,6144 MB ,384 Bit ,317.2GB/sec,1652 MHz,GeForce GTX Titan Zotac AMP! Edition,"
01-Apr-2013 ",4096x2160,Yes
Nvidia,450 Watts,24576 MB ,384 Bit ,673.2GB/sec,1753 MHz,GeForce GTX Titan X SLI,"
17-Mar-2015 ",4096x2160,Yes
Nvidia,250 Watts,12288 MB ,384 Bit ,336.6GB/sec,1753 MHz,GeForce GTX Titan X,"
17-Mar-2015 ",4096x2160,Yes
Nvidia,250 Watts,12288 MB ,384 Bit ,336.6GB/sec,1753 MHz,GeForce GTX Titan X EVGA Superclocked 12GB Edition,"
17-Mar-2015 ",4096x2160,Yes
Nvidia,265 Watts,6144 MB ,384 Bit ,288.4GB/sec,1502 MHz,GeForce GTX Titan WindForce 3X OC Edition,"
15-May-2013 ",4096x2160,Yes
Nvidia,500 Watts,12288 MB ,384 Bit ,576.8GB/sec,1502 MHz,GeForce GTX Titan SLI,"
19-Feb-2013 ",4096x2160,Yes
Nvidia,300 Watts,12288 MB ,3072 Bit ,384GB/sec,500 MHz,GeForce GTX Titan P 12GB [not released],"
17-Aug-2016 ",7680x4320,Yes
Nvidia,250 Watts,6144 MB ,384 Bit ,288.4GB/sec,1502 MHz,GeForce GTX Titan Inno3D Edition,"
19-Feb-2013 ",4096x2160,Yes
Nvidia,375 Watts,16384 MB ,4096 Bit ,512GB/sec,500 MHz,GeForce GTX Titan P 16GB [not released],"
17-Aug-2016 ",7680x4320,Yes
Nvidia,250 Watts,6144 MB ,384 Bit ,288.4GB/sec,1502 MHz,GeForce GTX Titan Gigabyte Edition,"
19-Feb-2013 ",4096x2160,Yes
Nvidia,265 Watts,6144 MB ,384 Bit ,288.4GB/sec,1502 MHz,GeForce GTX Titan iChill Accelero Hybrid Edition,"
15-Mar-2013 ",4096x2160,Yes
Nvidia,250 Watts,6144 MB ,384 Bit ,288.4GB/sec,1502 MHz,GeForce GTX Titan Asus Edition,"
19-Feb-2013 ",4096x2160,Yes
Nvidia,250 Watts,6144 MB ,384 Bit ,336GB/sec,1750 MHz,GeForce GTX Titan Black Edition,"
18-Feb-2014 ",4096x2160,Yes
AMD,,2048 MB ,128 Bit ,28.8GB/sec,900 MHz,Radeon HD 8670D + 6670 Dual,"
01-Mar-2013 ",2560x1600,No
Nvidia,250 Watts,6144 MB ,384 Bit ,288.4GB/sec,1502 MHz,GeForce GTX Titan EVGA Edition,"
19-Feb-2013 ",4096x2160,Yes
Nvidia,250 Watts,6144 MB ,384 Bit ,288.4GB/sec,1502 MHz,GeForce GTX Titan,"
19-Feb-2013 ",4096x2160,Yes
AMD,,,128 Bit ,28.8GB/sec,900 MHz,Radeon HD 7660D + 6670 Dual,"
01-Jun-2012 ",2560x1600,No
AMD,,,128 Bit ,,,Radeon HD 7560D + 7670 Dual,"
01-May-2012 ",2560x1600,No
AMD,,1024 MB ,128 Bit ,28.8GB/sec,900 MHz,Radeon HD 7560D + 6570 Dual,"
01-Jul-2012 ",2560x1600,No
AMD,,1024 MB ,128 Bit ,28.8GB/sec,900 MHz,Radeon HD 7660D + 7670 Dual,"
01-Jun-2012 ",2560x1600,No
AMD,,64 MB ,128 Bit ,8.8GB/sec,550 MHz,Radeon 8500 Series 64MB,"
02-Jan-2001 ",2048x1536,No
AMD,47 Watts,128 MB ,256 Bit ,44.8GB/sec,700 MHz,Radeon 9800 Pro,"
01-Mar-2003 ",2048x1536,No
AMD,,256 MB ,128 Bit ,4.8GB/sec,300 MHz,Radeon 9600 PRO PC/Mac Edition,"
01-Aug-2005 ",2048x1536,No
AMD,,256 MB ,128 Bit ,3.2GB/sec,200 MHz,Radeon 9550,"
02-Jan-2004 ",2048x1536,No
AMD,18 Watts,128 MB ,128 Bit ,4.8GB/sec,300 MHz,Radeon 9600 PRO,"
01-Oct-2003 ",2048x1536,No
AMD,,128 MB ,128 Bit ,4.3GB/sec,270 MHz,Radeon 9500 Pro,"
24-Oct-2002 ",2048x1536,No
AMD,,128 MB ,128 Bit ,4.3GB/sec,270 MHz,Radeon 9500,"
24-Oct-2002 ",2048x1536,No
AMD,,128 MB ,128 Bit ,6.4GB/sec,400 MHz,Radeon 9600 Series,"
02-Jan-2003 ",2048x1536,No
AMD,,128 MB ,128 Bit ,3.2GB/sec,200 MHz,Radeon 9250,"
02-Jan-2004 ",2048x1536,No
AMD,,128 MB ,128 Bit ,3.2GB/sec,200 MHz,Radeon 9200 Series,"
01-Apr-2003 ",2048x1536,No
AMD,28 Watts,64 MB ,128 Bit ,4GB/sec,250 MHz,Radeon 9100,"
01-Apr-2003 ",,No
AMD,,512 MB ,256 Bit ,72GB/sec,1125 MHz,FireGL V7700,"
01-Jan-2008 ",2560x1600,No
AMD,,1024 MB ,256 Bit ,41.6GB/sec,650 MHz,FireGL V7350,"
20-Mar-2006 ",3840x2400,No
AMD,,256 MB ,256 Bit ,28.8GB/sec,450 MHz,FireGL V7100,"
01-Jun-2004 ",2048x1536,No
AMD,,64 MB ,128 Bit ,8GB/sec,500 MHz,Radeon 9000 Series 64MB,"
01-Aug-2002 ",2048x1536,No
AMD,,1024 MB ,512 Bit ,111.1GB/sec,868 MHz,FireGL V8600,"
01-Jan-2007 ",2560x1600,No
AMD,,512 MB ,128 Bit ,35.2GB/sec,1100 MHz,FireGL V5600,"
01-Jan-2007 ",2048x1536,No
AMD,450 Watts,256 MB ,256 Bit ,41.6GB/sec,650 MHz,FireGL V7200,"
24-Apr-2006 ",2048x1536,No
AMD,,512 MB ,256 Bit ,51.2GB/sec,800 MHz,FireGL V7600,"
01-Jan-2007 ",2560x1600,No
AMD,,128 MB ,256 Bit ,9.9GB/sec,310 MHz,FireGL Z1,"
21-Nov-2002 ",2048x1536,No
AMD,,128 MB ,256 Bit ,11.2GB/sec,350 MHz,FireGL V5100,"
01-Jan-2005 ",2048x1536,No
AMD,,256 MB ,128 Bit ,16GB/sec,500 MHz,FireGL V3600,"
01-Jan-2007 ",2048x1536,No
AMD,,256 MB ,64 Bit ,6.4GB/sec,400 MHz,FireGL V3350,"
01-Jan-2006 ",2048x1536,No
AMD,,128 MB ,64 Bit ,6.4GB/sec,400 MHz,FireGL V3300,"
24-Apr-2006 ",2048x1536,No
AMD,,128 MB ,128 Bit ,16GB/sec,500 MHz,FireGL V3400,"
14-Aug-2006 ",2048x1536,No
AMD,290 Watts,16384 MB ,512 Bit ,320GB/sec,1250 MHz,FirePro W9100,"
26-Mar-2014 ",4096x2160,Yes
AMD,225 Watts,4096 MB ,256 Bit ,176GB/sec,1375 MHz,FirePro W8000,"
14-Jun-2012 ",4096x2160,Yes
AMD,,128 MB ,128 Bit ,3.2GB/sec,200 MHz,FireGL V3100,"
01-Jun-2004 ",2048x1536,No
AMD,75 Watts,2048 MB ,256 Bit ,102.4GB/sec,800 MHz,FirePro W5000,"
01-Aug-2012 ",4096x2160,Yes
AMD,274 Watts,6144 MB ,384 Bit ,264GB/sec,1375 MHz,FirePro W9000,"
01-Aug-2012 ",4096x2160,Yes
AMD,154 Watts,2048 MB ,256 Bit ,115.2GB/sec,900 MHz,FirePro V8750,"
28-Jul-2009 ",2560x1600,Yes
AMD,150 Watts,4096 MB ,256 Bit ,153.6GB/sec,1200 MHz,FirePro W7000,"
13-Jun-2012 ",4096x2160,Yes
AMD,150 Watts,2048 MB ,256 Bit ,160GB/sec,1250 MHz,FirePro V7900,"
24-May-2011 ",2560x1600,Yes
AMD,26 Watts,2048 MB ,128 Bit ,28.8GB/sec,900 MHz,FirePro W2100,"
12-Aug-2014 ",4096x2160,No
AMD,151 Watts,1024 MB ,256 Bit ,108.8GB/sec,850 MHz,FirePro V8700,"
11-Sep-2008 ",2560x1600,Yes
AMD,138 Watts,2048 MB ,256 Bit ,128GB/sec,1000 MHz,FirePro V7800,"
26-Apr-2010 ",2560x1600,Yes
AMD,75 Watts,2048 MB ,256 Bit ,128GB/sec,1000 MHz,FirePro V5900,"
24-May-2011 ",2560x1600,Yes
AMD,,64 MB ,128 Bit ,3.2GB/sec,200 MHz,All-in-Wonder 9000 64MB,"
01-Mar-2003 ",2048x1536,No
AMD,74 Watts,1024 MB ,128 Bit ,64GB/sec,1000 MHz,FirePro V5800,"
26-Apr-2010 ",4096x2160,Yes
AMD,56 Watts,512 MB ,128 Bit ,28.8GB/sec,900 MHz,FirePro V5700,"
08-Aug-2008 ",2560x1600,No
AMD,48 Watts,256 MB ,128 Bit ,22.4GB/sec,700 MHz,FirePro V3750,"
11-Sep-2008 ",2560x1600,No
AMD,,128 MB ,64 Bit ,2.3GB/sec,290 MHz,FireGL 8800,"
01-Jan-2001 ",2048x1536,No
AMD,235 Watts,16384 MB ,512 Bit ,320GB/sec,1250 MHz,FirePro S9150,"
01-Aug-2014 ",4096x2160,Yes
AMD,225 Watts,12288 MB ,384 Bit ,264GB/sec,1375 MHz,FirePro S9050,"
01-Aug-2014 ",4096x2160,Yes
AMD,250 Watts,4096 MB ,256 Bit ,147.2GB/sec,1150 MHz,FirePro V9800,"
01-Sep-2010 ",2560x1600,Yes
AMD,225 Watts,6144 MB ,384 Bit ,264GB/sec,1375 MHz,FirePro S9000,"
01-Aug-2012 ",4096x2160,Yes
AMD,150 Watts,4096 MB ,256 Bit ,153.6GB/sec,1200 MHz,FirePro S7000,"
01-Aug-2012 ",4096x2160,No
AMD,274 Watts,3072 MB ,384 Bit ,264GB/sec,1375 MHz,FirePro D700,"
18-Jan-2014 ",4096x2160,Yes
AMD,175 Watts,3072 MB ,384 Bit ,240GB/sec,1250 MHz,FirePro D500,"
18-Jan-2014 ",4096x2160,Yes
AMD,75 Watts,1024 MB ,128 Bit ,28.8GB/sec,900 MHz,FirePro V3900,"
01-Feb-2012 ",2560x1600,No
AMD,65 Watts,,128 Bit ,34.1GB/sec,1067 MHz,Radeon R7 7860K,"
02-Feb-2016 ",4096x2160,No
AMD,225 Watts,4096 MB ,256 Bit ,153.6GB/sec,1200 MHz,FireStream 9370,"
23-Jun-2010 ",2560x1600,No
AMD,95 Watts,,128 Bit ,34.1GB/sec,1067 MHz,Radeon R7 7700K,"
17-Feb-2014 ",4096x2160,No
AMD,95 Watts,,128 Bit ,34.1GB/sec,1067 MHz,Radeon R7 7850K,"
14-Jan-2014 ",4096x2160,No
AMD,95 Watts,,128 Bit ,34.1GB/sec,1067 MHz,Radeon R7 7870K,"
28-May-2015 ",4096x2160,No
AMD,95 Watts,,128 Bit ,34.1GB/sec,1067 MHz,Radeon R7 7890K,"
01-Mar-2016 ",4096x2160,No
AMD,375 Watts,6144 MB ,384 Bit ,240GB/sec,1250 MHz,FirePro S10000,"
01-Nov-2012 ",4096x2160,Yes
AMD,160 Watts,2048 MB ,256 Bit ,108.8GB/sec,850 MHz,FireStream 9270,"
13-Nov-2008 ",2560x1600,No
AMD,150 Watts,2048 MB ,256 Bit ,128GB/sec,1000 MHz,FireStream 9350,"
01-Jun-2010 ",2560x1600,No
AMD,105 Watts,2048 MB ,256 Bit ,51.2GB/sec,800 MHz,FireStream 9170,"
08-Nov-2007 ",2560x1600,No
AMD,65 Watts,,128 Bit ,34.1GB/sec,1067 MHz,Radeon R7 7800,"
30-Jun-2014 ",4096x2160,No
AMD,150 Watts,1024 MB ,256 Bit ,63.6GB/sec,993 MHz,FireStream 9250,"
16-Jun-2008 ",2560x1600,No
AMD,65 Watts,,128 Bit ,34.1GB/sec,1067 MHz,Radeon R7 7600,"
30-Jun-2014 ",4096x2160,No
AMD,35 Watts,,128 Bit ,34.1GB/sec,1067 MHz,Radeon R7 7600P,"
30-Jun-2014 ",4096x2160,No
AMD,95 Watts,,128 Bit ,34.1GB/sec,1067 MHz,Radeon R7 7670K,"
20-Jul-2015 ",4096x2160,No
AMD,95 Watts,,128 Bit ,34.1GB/sec,1067 MHz,Radeon R7 7650K,"
01-Feb-2015 ",4096x2160,No
AMD,25 Watts,,128 Bit ,25.6GB/sec,800 MHz,Radeon R3 5150,"
09-Apr-2014 ",4096x2160,No
AMD,100 Watts,,128 Bit ,34.1GB/sec,1067 MHz,Radeon HD 8670D,"
01-Jun-2013 ",2560x1600,No
AMD,65 Watts,,128 Bit ,29.9GB/sec,933 MHz,Radeon R5 7400K,"
30-Jun-2014 ",4096x2160,No
AMD,25 Watts,,128 Bit ,25.6GB/sec,800 MHz,Radeon R3 5350,"
09-Apr-2014 ",4096x2160,No
AMD,65 Watts,,128 Bit ,34.1GB/sec,1067 MHz,Radeon HD 8650D,"
28-Dec-2013 ",2560x1600,Yes
AMD,65 Watts,,128 Bit ,29.9GB/sec,933 MHz,Radeon HD 8570D,"
01-Jun-2013 ",2560x1600,No
AMD,65 Watts,,128 Bit ,34.1GB/sec,1067 MHz,Radeon HD 8550D,"
18-Sep-2013 ",2560x1600,Yes
AMD,65 Watts,,128 Bit ,29.9GB/sec,933 MHz,Radeon HD 8470D,"
01-Jun-2013 ",2560x1600,No
AMD,,,,,,Radeon HD 6690D2,"
Unknown Release Date ",2560x1600,No
AMD,,,128 Bit ,29.9GB/sec,933 MHz,Radeon HD 7660D,"
01-Jun-2012 ",2560x1600,No
AMD,65 Watts,,128 Bit ,29.9GB/sec,933 MHz,Radeon HD 7540D,"
01-Jun-2012 ",2560x1600,No
AMD,,,128 Bit ,29.9GB/sec,933 MHz,Radeon HD 7560D,"
01-Jul-2012 ",2560x1600,No
AMD,,2048 MB ,,,,Radeon HD 6610D2,"
Unknown Release Date ",2560x1600,No
AMD,65 Watts,,128 Bit ,34.1GB/sec,1067 MHz,Radeon HD 8370D,"
18-Sep-2013 ",2560x1600,Yes
AMD,65 Watts,,128 Bit ,25.6GB/sec,800 MHz,Radeon HD 7480D,"
01-Jun-2012 ",2560x1600,No
AMD,65 Watts,,128 Bit ,,,Radeon HD 6370D,"
30-Nov-2011 ",2560x1600,No
AMD,65 Watts,,128 Bit ,,,Radeon HD 6410D,"
20-Jun-2011 ",2560x1600,No
AMD,25 Watts,256 MB ,64 Bit ,8GB/sec,500 MHz,Radeon HD 2400 XT ,"
28-Jun-2007 ",,Yes
AMD,100 Watts,,128 Bit ,,,Radeon HD 6550D,"
20-Jun-2011 ",2560x1600,No
AMD,25 Watts,256 MB ,64 Bit ,6.4GB/sec,400 MHz,Radeon HD 2400 Pro PCI-E,"
01-Jun-2007 ",2560x1600,Yes
AMD,35 Watts,256 MB ,128 Bit ,16GB/sec,500 MHz,Radeon HD 2600 Pro,"
28-Jun-2007 ",2560x1600,Yes
AMD,25 Watts,256 MB ,64 Bit ,,,Radeon HD 2400 Series,"
28-Jun-2007 ",2560x1600,Yes
AMD,20 Watts,256 MB ,64 Bit ,6.4GB/sec,400 MHz,Radeon HD 2400 Pro,"
28-Jun-2007 ",2560x1600,Yes
AMD,,256 MB ,64 Bit ,6.4GB/sec,400 MHz,Radeon HD 2400 MSI Pro 256MB GDDR2,"
01-Jul-2007 ",2560x1600,Yes
AMD,,,64 Bit ,5.3GB/sec,333 MHz,Radeon HD 2100,"
28-Feb-2007 ",,No
AMD,190 Watts,1024 MB ,256 Bit ,134.4GB/sec,1050 MHz,Radeon HD 4890 Sapphire Vapor-X OC 1GB Edition,"
18-May-2009 ",2560x1600,Yes
AMD,64 Watts,,128 Bit ,29.9GB/sec,933 MHz,Radeon HD 6530D,"
20-Jun-2011 ",2560x1600,No
AMD,190 Watts,1024 MB ,256 Bit ,134.4GB/sec,1050 MHz,Radeon HD 4890 Sapphire Toxic Atomic 1GB Edition,"
19-May-2009 ",2560x1600,No
AMD,20 Watts,256 MB ,64 Bit ,6.4GB/sec,400 MHz,Radeon HD 2350 Pro,"
01-Jan-2007 ",2560x1600,Yes
AMD,190 Watts,1024 MB ,256 Bit ,128GB/sec,1000 MHz,Radeon HD 4890 Sapphire OC 1GB Edition,"
02-Apr-2009 ",2560x1600,Yes
AMD,420 Watts,2048 MB ,512 Bit ,230.4GB/sec,900 MHz,Radeon HD 4870 X2,"
01-Apr-2009 ",2560x1600,Yes
AMD,190 Watts,1024 MB ,256 Bit ,134.4GB/sec,1050 MHz,Radeon HD 4890 Sapphire Toxic 1GB Edition,"
26-May-2009 ",2560x1600,Yes
AMD,150 Watts,1024 MB ,256 Bit ,115.2GB/sec,900 MHz,Radeon HD 4870 Sapphire Vapor-X 1GB Edition,"
 07-Mar-2009 ",2560x1600,Yes
AMD,190 Watts,1024 MB ,256 Bit ,124.8GB/sec,975 MHz,Radeon HD 4890,"
02-Apr-2009 ",2560x1600,Yes
AMD,150 Watts,512 MB ,256 Bit ,115.2GB/sec,900 MHz,Radeon HD 4870,"
01-Jun-2008 ",2560x1600,Yes
AMD,150 Watts,512 MB ,256 Bit ,121.6GB/sec,950 MHz,Radeon HD 4870 PowerColor PCS+ 512MB Edition,"
25-Jun-2008 ",2560x1600,Yes
AMD,250 Watts,2048 MB ,256 Bit ,63.6GB/sec,993 MHz,Radeon HD 4850x2,"
01-Apr-2009 ",2560x1600,Yes
AMD,,1024 MB ,256 Bit ,64GB/sec,1000 MHz,Radeon HD 4850 Sapphire Vapor-X Edition,"
01-Oct-2011 ",2560x1600,Yes
AMD,130 Watts,512 MB ,256 Bit ,96GB/sec,750 MHz,Radeon HD 4860,"
09-Sep-2009 ",2560x1600,Yes
AMD,,512 MB ,256 Bit ,70.4GB/sec,1100 MHz,Radeon HD 4850 Golden Sample Edition,"
01-Aug-2008 ",2560x1600,Yes
AMD,110 Watts,1024 MB ,256 Bit ,63.6GB/sec,993 MHz,Radeon HD 4850 HIS iCooler IV 1GB Edition,"
01-Jun-2008 ",2560x1600,Yes
AMD,110 Watts,512 MB ,256 Bit ,60.2GB/sec,940 MHz,Radeon HD 4850 Gigabyte 512MB Edition,"
01-Oct-2011 ",2560x1600,Yes
AMD,,1024 MB ,256 Bit ,63.4GB/sec,990 MHz,Radeon HD 4850 Gigabyte OC Edition,"
01-Jun-2009 ",2560x1600,Yes
AMD,110 Watts,512 MB ,256 Bit ,63.6GB/sec,993 MHz,Radeon HD 4850,"
01-Jun-2008 ",2560x1600,Yes
AMD,95 Watts,512 MB ,256 Bit ,57.6GB/sec,900 MHz,Radeon HD 4830 512MB,"
21-Oct-2008 ",2560x1600,Yes
AMD,95 Watts,512 MB ,256 Bit ,57.6GB/sec,900 MHz,Radeon HD 4830 HIS Fan 512MB Edition,"
21-Oct-2008 ",2560x1600,Yes
AMD,59 Watts,1024 MB ,128 Bit ,27.9GB/sec,873 MHz,Radeon HD 4670 HIS IceQ 1GB Edition,"
01-Sep-2008 ",2560x1600,Yes
AMD,80 Watts,512 MB ,128 Bit ,51.2GB/sec,800 MHz,Radeon HD 4770 512MB,"
28-Apr-2009 ",2560x1600,Yes
AMD,110 Watts,512 MB ,128 Bit ,57.6GB/sec,900 MHz,Radeon HD 4730 ,"
08-Jun-2009 ",2560x1600,Yes
AMD,,512 MB ,128 Bit ,57.6GB/sec,900 MHz,Radeon HD 4730 PowerColor PCS Edition,"
08-Nov-2009 ",2560x1600,Yes
AMD,75 Watts,512 MB ,128 Bit ,51.2GB/sec,800 MHz,Radeon HD 4750,"
09-Sep-2009 ",2560x1600,Yes
AMD,59 Watts,1024 MB ,128 Bit ,25.6GB/sec,800 MHz,Radeon HD 4670 Gigabyte 1GB Edition,"
01-Nov-2009 ",2560x1600,Yes
AMD,59 Watts,1024 MB ,128 Bit ,25.6GB/sec,800 MHz,Radeon HD 4670 AGP,"
17-Jul-2007 ",2560x1600,Yes
AMD,59 Watts,512 MB ,128 Bit ,32.1GB/sec,1004 MHz,Radeon HD 4670 Asus 512MB Edition,"
09-Oct-2008 ",2560x1600,Yes
AMD,48 Watts,1024 MB ,128 Bit ,24GB/sec,750 MHz,Radeon HD 4650 v2,"
10-Sep-2008 ",2560x1600,Yes
AMD,48 Watts,1024 MB ,128 Bit ,22.4GB/sec,700 MHz,Radeon HD 4650 1GB,"
10-Sep-2008 ",2560x1600,Yes
AMD,59 Watts,1024 MB ,128 Bit ,25.6GB/sec,800 MHz,Radeon HD 4670 1GB,"
10-Sep-2008 ",2560x1600,Yes
AMD,20 Watts,512 MB ,64 Bit ,6.4GB/sec,400 MHz,Radeon HD 4350 Asus Silent 512MB Edition,"
30-Sep-2008 ",2560x1600,No
AMD,48 Watts,512 MB ,128 Bit ,12.8GB/sec,400 MHz,Radeon HD 4650,"
01-Sep-2008 ",2560x1600,Yes
AMD,48 Watts,1024 MB ,128 Bit ,12.8GB/sec,400 MHz,Radeon HD 4650 Asus Low Profile Edition,"
01-Sep-2008 ",2560x1600,Yes
AMD,25 Watts,256 MB ,64 Bit ,12.8GB/sec,800 MHz,Radeon HD 4550,"
01-Sep-2008 ",2560x1600,Yes
AMD,20 Watts,1024 MB ,64 Bit ,8GB/sec,500 MHz,Radeon HD 4350 1GB,"
30-Sep-2008 ",2560x1600,Yes
AMD,25 Watts,512 MB ,64 Bit ,12.8GB/sec,800 MHz,Radeon HD 4550 v2,"
30-Sep-2008 ",2560x1600,No
AMD,59 Watts,512 MB ,128 Bit ,25.6GB/sec,800 MHz,Radeon HD 4670 512MB,"
10-Sep-2008 ",2560x1600,Yes
AMD,20 Watts,512 MB ,64 Bit ,6.4GB/sec,400 MHz,Radeon HD 4350,"
30-Sep-2008 ",2560x1600,Yes
AMD,,,32 Bit ,,,Radeon HD 4250,"
30-Mar-2010 ",,No
AMD,,,32 Bit ,,,Radeon HD 4290,"
01-Mar-2010 ",,No
Nvidia,105 Watts,1024 MB ,256 Bit ,57.6GB/sec,900 MHz,GeForce GT 140,"
01-Mar-2009 ",2560x1600,Yes
Nvidia,75 Watts,768 MB ,192 Bit ,24GB/sec,500 MHz,GeForce GT 130,"
01-Mar-2009 ",2048x1536,Yes
Nvidia,50 Watts,512 MB ,128 Bit ,16GB/sec,500 MHz,GeForce GT 120,"
01-Mar-2009 ",2048x1536,Yes
AMD,,,32 Bit ,,,Radeon HD 4200,"
01-Aug-2009 ",2560x1600,No
AMD,165 Watts,1024 MB ,256 Bit ,57.6GB/sec,900 MHz,Radeon HD 3870 X2,"
28-Jan-2008 ",2560x1600,Yes
AMD,106 Watts,512 MB ,256 Bit ,72.1GB/sec,1126 MHz,Radeon HD 3870,"
19-Nov-2007 ",2560x1600,Yes
AMD,140 Watts,1024 MB ,512 Bit ,106GB/sec,828 MHz,Radeon HD 3850 X2,"
04-Apr-2008 ",2560x1600,Yes
AMD,75 Watts,256 MB ,128 Bit ,26.6GB/sec,830 MHz,Radeon HD 3830,"
01-Apr-2008 ",2560x1600,Yes
AMD,75 Watts,256 MB ,128 Bit ,26.6GB/sec,830 MHz,Radeon HD 3690,"
30-Jan-2008 ",2560x1600,Yes
AMD,,512 MB ,256 Bit ,,,Radeon HD 3800 series,"
01-Nov-2007 ",2560x1600,Yes
Nvidia,35 Watts,512 MB ,64 Bit ,8GB/sec,500 MHz,GeForce G 100,"
01-Mar-2009 ",2560x1600,No
AMD,75 Watts,256 MB ,256 Bit ,53.1GB/sec,830 MHz,Radeon HD 3850,"
19-Nov-2007 ",2560x1600,Yes
AMD,65 Watts,256 MB ,128 Bit ,25.6GB/sec,800 MHz,Radeon HD 3650,"
23-Jan-2008 ",2560x1600,Yes
AMD,,,128 Bit ,,,Radeon HD 3600 Series,"
01-Jan-2008 ",2560x1600,Yes
AMD,30 Watts,256 MB ,64 Bit ,15.2GB/sec,950 MHz,Radeon HD 3470,"
23-Jan-2008 ",2560x1600,Yes
AMD,75 Watts,512 MB ,256 Bit ,53.1GB/sec,830 MHz,Radeon HD 3850 AGP,"
03-Jan-2008 ",2560x1600,Yes
AMD,65 Watts,256 MB ,64 Bit ,,,Radeon HD 3400 Series,"
01-Jan-2008 ",2560x1600,No
AMD,145 Watts,1536 MB ,768 Bit ,163.2GB/sec,850 MHz,Radeon HD 3850 X3,"
10-Apr-2008 ",2560x1600,Yes
AMD,25 Watts,256 MB ,64 Bit ,8GB/sec,500 MHz,Radeon HD 3450,"
10-Dec-2007 ",2560x1600,No
AMD,,,32 Bit ,,,Radeon HD 3200 IGP,"
01-Mar-2008 ",,No
AMD,,,32 Bit ,,,Radeon HD 3300,"
06-Aug-2008 ",2560x1600,No
AMD,,,32 Bit ,3.2GB/sec,400 MHz,Radeon HD 3200,"
01-Mar-2008 ",2048x1536,No
AMD,,,32 Bit ,,,Radeon 3000,"
01-Jan-2009 ",,No
Intel,47 Watts,128 MB ,128 Bit ,29.9GB/sec,933 MHz,Iris Pro Graphics 6200 Mobile,"
02-Jun-2015 ",4096x2304,No
Intel,28 Watts,,128 Bit ,29.9GB/sec,933 MHz,Iris Graphics 6100 Mobile,"
05-Jan-2015 ",2560x1600,No
Intel,47 Watts,128 MB ,128 Bit ,12.8GB/sec,800 MHz,Iris Pro Graphics 5200 Mobile,"
27-Jul-2013 ",2560x1600,No
Intel,15 Watts,,128 Bit ,34.1GB/sec,1067 MHz,HD Pentium 4405U,"
01-Sep-2015 ",4096x2304,No
Intel,12 Watts,,128 Bit ,17.1GB/sec,533 MHz,Intel GS45 Express Chipset ,"
01-Sep-2008 ",,No
Intel,28 Watts,,128 Bit ,34.1GB/sec,1067 MHz,Iris Graphics 550 Mobile,"
01-Sep-2015 ",4096x2304,No
AMD,125 Watts,4096 MB ,256 Bit ,174.3GB/sec,1362 MHz,Radeon R9 M295X 4GB,"
23-Nov-2014 ",4096x2160,Yes
AMD,125 Watts,4096 MB ,256 Bit ,160GB/sec,1250 MHz,Radeon R9 M395X 4GB,"
09-Jun-2015 ",4096x2160,Yes
AMD,100 Watts,4096 MB ,256 Bit ,153.6GB/sec,1200 MHz,Radeon R9 M390 4GB,"
09-Jun-2015 ",4096x2160,Yes
Intel,,,64 Bit ,8.5GB/sec,533 MHz,HD i7 M640,"
20-Sep-2010 ",2560x1600,No
AMD,125 Watts,4096 MB ,256 Bit ,160GB/sec,1250 MHz,Radeon R9 M485X 4GB,"
13-May-2016 ",4096x2160,Yes
AMD,100 Watts,4096 MB ,256 Bit ,160GB/sec,1250 MHz,Radeon R9 M390X 4GB,"
09-Jun-2015 ",4096x2160,Yes
AMD,200 Watts,4096 MB ,256 Bit ,307.2GB/sec,1200 MHz,Radeon R9 M290X Crossfire,"
01-Jan-2014 ",4096x2160,Yes
Intel,35 Watts,,64 Bit ,8.5GB/sec,533 MHz,HD i3 M350,"
30-Mar-2010 ",,No
AMD,9 Watts,,64 Bit ,8.5GB/sec,533 MHz,Radeon HD 7290,"
05-Jun-2012 ",2560x1600,No
AMD,100 Watts,2048 MB ,128 Bit ,128GB/sec,1000 MHz,Mobility Radeon HD 5870 Crossfire,"
07-Jan-2010 ",2560x1600,Yes
AMD,35 Watts,1024 MB ,128 Bit ,25.6GB/sec,800 MHz,Mobility Radeon HD 565v,"
05-May-2010 ",2560x1600,Yes
AMD,50 Watts,1024 MB ,128 Bit ,64GB/sec,1000 MHz,Mobility Radeon HD 5870,"
07-Jan-2010 ",2560x1600,Yes
AMD,39 Watts,1024 MB ,128 Bit ,64GB/sec,1000 MHz,Mobility Radeon HD 5850,"
07-Jan-2010 ",2560x1600,Yes
AMD,24 Watts,1024 MB ,128 Bit ,25.6GB/sec,800 MHz,Mobility Radeon HD 5830,"
07-Jan-2010 ",2560x1600,Yes
AMD,100 Watts,4096 MB ,256 Bit ,153.6GB/sec,1200 MHz,Radeon R9 M290X,"
09-Jan-2014 ",4096x2160,Yes
AMD,26 Watts,1024 MB ,128 Bit ,25.6GB/sec,800 MHz,Mobility Radeon HD 5730,"
07-Jan-2010 ",2560x1600,No
AMD,30 Watts,1024 MB ,128 Bit ,51.2GB/sec,800 MHz,Mobility Radeon HD 5770,"
07-Jan-2010 ",2560x1600,No
AMD,15 Watts,1024 MB ,128 Bit ,25.6GB/sec,800 MHz,Mobility Radeon HD 5650,"
07-Jan-2010 ",2560x1600,No
AMD,15 Watts,1024 MB ,64 Bit ,12.8GB/sec,800 MHz,Mobility Radeon HD 5470,"
07-Jan-2010 ",2560x1600,No
AMD,35 Watts,1024 MB ,128 Bit ,25.6GB/sec,800 MHz,Mobility Radeon HD 560v,"
05-May-2010 ",2560x1600,Yes
AMD,20 Watts,1024 MB ,128 Bit ,19.2GB/sec,600 MHz,Mobility Radeon HD 550v,"
05-May-2010 ",2560x1600,Yes
AMD,15 Watts,1024 MB ,64 Bit ,12.8GB/sec,800 MHz,Mobility Radeon HD 545v,"
05-May-2010 ",2560x1600,No
AMD,15 Watts,512 MB ,64 Bit ,12.8GB/sec,800 MHz,Mobility Radeon HD 5470 512MB,"
07-Jan-2010 ",2560x1600,No
AMD,10 Watts,1024 MB ,64 Bit ,9.6GB/sec,600 MHz,Mobility Radeon HD 530v,"
05-May-2010 ",2560x1600,No
AMD,200 Watts,4096 MB ,256 Bit ,307.2GB/sec,1200 MHz,Radeon HD 8970M Crossfire,"
01-May-2013 ",2560x1600,Yes
AMD,15 Watts,1024 MB ,64 Bit ,14.4GB/sec,900 MHz,Mobility Radeon HD 5145,"
07-Jan-2010 ",2560x1600,No
AMD,11 Watts,1024 MB ,64 Bit ,12.8GB/sec,800 MHz,Mobility Radeon HD 5450,"
07-Jan-2010 ",2560x1600,No
AMD,100 Watts,2048 MB ,256 Bit ,153.6GB/sec,1200 MHz,Radeon HD 8970M,"
14-May-2013 ",4096x2160,Yes
AMD,13 Watts,512 MB ,64 Bit ,12.8GB/sec,800 MHz,Mobility Radeon HD 540v,"
05-May-2010 ",2560x1600,No
AMD,35 Watts,1024 MB ,128 Bit ,28.8GB/sec,900 MHz,Mobility Radeon HD 5165,"
07-Jan-2010 ",2560x1600,Yes
AMD,7 Watts,1024 MB ,64 Bit ,12.8GB/sec,800 MHz,Mobility Radeon HD 5430,"
07-Jan-2010 ",2560x1600,No
AMD,25 Watts,1024 MB ,128 Bit ,51.2GB/sec,800 MHz,Mobility Radeon HD 5750,"
07-Jan-2010 ",2560x1600,No
AMD,50 Watts,2048 MB ,128 Bit ,72GB/sec,1125 MHz,Radeon HD 8870M,"
01-Apr-2013 ",2560x1600,Yes
AMD,45 Watts,2048 MB ,128 Bit ,72GB/sec,1125 MHz,Radeon HD 8850M v2,"
01-Apr-2013 ",4096x2160,Yes
AMD,35 Watts,2048 MB ,128 Bit ,64GB/sec,1000 MHz,Radeon HD 8790M,"
01-Apr-2013 ",2560x1600,Yes
AMD,35 Watts,2048 MB ,128 Bit ,32GB/sec,1000 MHz,Radeon HD 8830M,"
01-Apr-2013 ",2560x1600,Yes
AMD,20 Watts,2048 MB ,128 Bit ,72GB/sec,1125 MHz,Radeon HD 8770M,"
01-Apr-2013 ",2560x1600,Yes
AMD,45 Watts,2048 MB ,128 Bit ,32GB/sec,1000 MHz,Radeon HD 8850M,"
01-Apr-2013 ",4096x2160,Yes
AMD,20 Watts,2048 MB ,128 Bit ,64GB/sec,1000 MHz,Radeon HD 8750M,"
26-Feb-2013 ",2560x1600,Yes
AMD,,1024 MB ,64 Bit ,36GB/sec,1125 MHz,Radeon HD 8690M,"
01-Jan-2013 ",2560x1600,No
AMD,15 Watts,1024 MB ,128 Bit ,32GB/sec,1000 MHz,Radeon HD 8730M,"
01-Apr-2013 ",4096x2160,Yes
AMD,20 Watts,2048 MB ,128 Bit ,28.8GB/sec,900 MHz,Radeon HD 8750M v2,"
26-Feb-2013 ",2560x1600,Yes
AMD,,1024 MB ,64 Bit ,14.4GB/sec,900 MHz,Radeon HD 8670M,"
01-Mar-2013 ",2560x1600,No
AMD,,1024 MB ,64 Bit ,36GB/sec,1125 MHz,Radeon HD 8570M,"
01-Jan-2013 ",2560x1600,Yes
AMD,,1024 MB ,64 Bit ,14.4GB/sec,900 MHz,Radeon HD 8550M,"
01-Jan-2013 ",2560x1600,No
AMD,,2048 MB ,64 Bit ,14.4GB/sec,900 MHz,Radeon HD 8670M 2GB,"
01-Mar-2013 ",2560x1600,Yes
AMD,75 Watts,2048 MB ,256 Bit ,115.2GB/sec,900 MHz,Radeon HD 6970M,"
04-Jan-2011 ",1600x900,Yes
AMD,25 Watts,,128 Bit ,25.6GB/sec,800 MHz,Radeon HD 8400,"
23-May-2013 ",,No
AMD,50 Watts,1024 MB ,256 Bit ,115.2GB/sec,900 MHz,Radeon HD 6950M,"
04-Jan-2011 ",2560x1600,Yes
AMD,50 Watts,1024 MB ,128 Bit ,25.6GB/sec,800 MHz,Radeon HD 6850M,"
04-Jan-2011 ",2560x1600,No
AMD,39 Watts,2048 MB ,128 Bit ,25.6GB/sec,800 MHz,Radeon HD 6830M,"
04-Jan-2011 ",2560x1600,No
AMD,50 Watts,1024 MB ,128 Bit ,64GB/sec,1000 MHz,Radeon HD 6870M,"
04-Jan-2011 ",2560x1600,Yes
AMD,35 Watts,2048 MB ,128 Bit ,51.2GB/sec,800 MHz,Radeon HD 6770M 2GB,"
01-Jan-2011 ",2560x1600,Yes
AMD,100 Watts,2048 MB ,256 Bit ,115.2GB/sec,900 MHz,Radeon HD 6990M,"
12-Jul-2011 ",2560x1600,Yes
AMD,35 Watts,1024 MB ,128 Bit ,51.2GB/sec,800 MHz,Radeon HD 6770M,"
04-Jan-2011 ",2560x1600,Yes
AMD,,512 MB ,128 Bit ,51.2GB/sec,800 MHz,Radeon HD 6750M 512MB,"
01-Jan-2011 ",2560x1600,Yes
AMD,,1024 MB ,128 Bit ,51.2GB/sec,800 MHz,Radeon HD 6750M,"
04-Jan-2011 ",2560x1600,Yes
AMD,,1024 MB ,128 Bit ,25.6GB/sec,800 MHz,Radeon HD 6650M,"
04-Jan-2011 ",2560x1600,Yes
AMD,30 Watts,1024 MB ,128 Bit ,51.2GB/sec,800 MHz,Radeon HD 6570M,"
26-Nov-2010 ",2560x1600,No
AMD,39 Watts,1024 MB ,128 Bit ,25.6GB/sec,800 MHz,Radeon HD 6730M,"
04-Jan-2011 ",2560x1600,Yes
AMD,26 Watts,1024 MB ,128 Bit ,25.6GB/sec,800 MHz,Radeon HD 6630M,"
04-Jan-2011 ",2560x1600,Yes
AMD,26 Watts,1024 MB ,128 Bit ,25.6GB/sec,800 MHz,Radeon HD 6550M,"
26-Nov-2010 ",2560x1600,No
AMD,11 Watts,1024 MB ,64 Bit ,12.8GB/sec,800 MHz,Radeon HD 6470M,"
04-Jan-2011 ",2560x1600,No
AMD,14 Watts,512 MB ,64 Bit ,25.6GB/sec,800 MHz,Radeon HD 6490M,"
04-Jan-2011 ",2560x1600,No
AMD,26 Watts,1024 MB ,128 Bit ,25.6GB/sec,800 MHz,Radeon HD 6530M,"
26-Nov-2010 ",2560x1600,No
AMD,11 Watts,1024 MB ,64 Bit ,12.8GB/sec,800 MHz,Radeon HD 6450M,"
04-Jan-2011 ",2560x1600,No
AMD,11 Watts,1024 MB ,64 Bit ,12.8GB/sec,800 MHz,Radeon HD 6370M,"
26-Nov-2010 ",2560x1600,No
AMD,7 Watts,1024 MB ,64 Bit ,14.4GB/sec,900 MHz,Radeon HD 6350M,"
26-Nov-2010 ",2560x1600,No
AMD,11 Watts,1024 MB ,64 Bit ,12.8GB/sec,800 MHz,Radeon HD 6430M,"
04-Jan-2011 ",2560x1600,No
AMD,7 Watts,1024 MB ,64 Bit ,12.8GB/sec,800 MHz,Radeon HD 6330M,"
26-Nov-2010 ",2560x1600,No
AMD,15 Watts,,128 Bit ,25.6GB/sec,800 MHz,Radeon HD 8330,"
01-Aug-2013 ",,No
AMD,8 Watts,,128 Bit ,17.1GB/sec,533 MHz,Radeon HD 8250,"
23-May-2013 ",,No
AMD,15 Watts,,128 Bit ,25.6GB/sec,800 MHz,Radeon HD 8280,"
01-Sep-2013 ",,No
AMD,18 Watts,,128 Bit ,,,Radeon HD 6320,"
16-Nov-2010 ",2560x1600,No
AMD,4 Watts,,128 Bit ,17.1GB/sec,533 MHz,Radeon HD 8180,"
23-May-2013 ",,No
AMD,9 Watts,,128 Bit ,25.6GB/sec,800 MHz,Radeon HD 6290,"
07-Jan-2011 ",2560x1600,No
AMD,9 Watts,,128 Bit ,,,Radeon HD 6250,"
09-Nov-2010 ",2560x1600,No
AMD,8 Watts,,128 Bit ,,,Radeon HD 8210,"
23-May-2013 ",,No
AMD,75 Watts,2048 MB ,256 Bit ,128GB/sec,1000 MHz,Radeon HD 7950M [not released],"
01-May-2012 ",4096x2160,Yes
AMD,15 Watts,,128 Bit ,21.3GB/sec,667 MHz,Radeon HD 8240,"
01-Nov-2013 ",,No
AMD,18 Watts,,128 Bit ,,,Radeon HD 6310,"
09-Nov-2010 ",2560x1600,No
AMD,40 Watts,2048 MB ,128 Bit ,64GB/sec,1000 MHz,Radeon HD 7850M,"
24-Apr-2012 ",2560x1600,Yes
AMD,45 Watts,2048 MB ,128 Bit ,64GB/sec,1000 MHz,Radeon HD 7870M,"
24-Apr-2012 ",2560x1600,Yes
AMD,32 Watts,2048 MB ,128 Bit ,64GB/sec,1000 MHz,Radeon HD 7770M 2GB,"
24-Apr-2012 ",2560x1600,No
AMD,100 Watts,2048 MB ,256 Bit ,153.6GB/sec,1200 MHz,Radeon HD 7970M,"
01-May-2012 ",4096x2160,Yes
AMD,200 Watts,4096 MB ,256 Bit ,307.2GB/sec,1200 MHz,Radeon HD 7970M Crossfire,"
01-May-2012 ",4096x2160,Yes
AMD,25 Watts,2048 MB ,128 Bit ,28.8GB/sec,900 MHz,Radeon HD 7730M,"
23-Apr-2012 ",2560x1600,Yes
AMD,25 Watts,1024 MB ,128 Bit ,57.6GB/sec,900 MHz,Radeon HD 7690M XT,"
07-Jan-2013 ",2560x1600,Yes
AMD,20 Watts,1024 MB ,128 Bit ,28.8GB/sec,900 MHz,Radeon HD 7670M,"
07-Jan-2012 ",2560x1600,No
AMD,20 Watts,1024 MB ,128 Bit ,28.8GB/sec,900 MHz,Radeon HD 7650M,"
07-Jan-2012 ",2560x1600,Yes
AMD,20 Watts,2048 MB ,128 Bit ,28.8GB/sec,900 MHz,Radeon HD 7670M 2GB,"
07-Jan-2012 ",2560x1600,Yes
AMD,28 Watts,1024 MB ,128 Bit ,64GB/sec,1000 MHz,Radeon HD 7750M,"
24-Apr-2012 ",2560x1600,Yes
AMD,32 Watts,1024 MB ,128 Bit ,64GB/sec,1000 MHz,Radeon HD 7770M,"
24-Apr-2012 ",2560x1600,Yes
AMD,20 Watts,1024 MB ,128 Bit ,28.8GB/sec,900 MHz,Radeon HD 7690M,"
25-Dec-2011 ",2560x1600,Yes
AMD,20 Watts,1024 MB ,128 Bit ,25.6GB/sec,800 MHz,Radeon HD 7630M,"
07-Jan-2012 ",2560x1600,No
AMD,20 Watts,1024 MB ,128 Bit ,25.6GB/sec,800 MHz,Radeon HD 7610M,"
07-Jan-2012 ",2560x1600,No
AMD,14 Watts,1024 MB ,64 Bit ,25.6GB/sec,800 MHz,Radeon HD 7550M v2,"
07-Jan-2012 ",2560x1600,Yes
AMD,18 Watts,1024 MB ,64 Bit ,25.6GB/sec,800 MHz,Radeon HD 7590M,"
07-Jan-2012 ",2560x1600,Yes
AMD,11 Watts,1024 MB ,64 Bit ,12.8GB/sec,800 MHz,Radeon HD 7510M,"
07-Jan-2012 ",2560x1600,No
AMD,11 Watts,1024 MB ,64 Bit ,14.4GB/sec,900 MHz,Radeon HD 7530M,"
07-Jan-2012 ",2560x1600,No
AMD,14 Watts,2048 MB ,64 Bit ,14.4GB/sec,900 MHz,Radeon HD 7550M,"
07-Jan-2012 ",2560x1600,Yes
AMD,13 Watts,1024 MB ,64 Bit ,25.6GB/sec,800 MHz,Radeon HD 7570M,"
07-Jan-2012 ",2560x1600,Yes
AMD,7 Watts,1024 MB ,64 Bit ,14.4GB/sec,900 MHz,Radeon HD 7430M,"
07-Jan-2012 ",2560x1600,No
AMD,7 Watts,1024 MB ,64 Bit ,14.4GB/sec,900 MHz,Radeon HD 7450M,"
07-Jan-2012 ",2560x1600,No
AMD,7 Watts,512 MB ,64 Bit ,14.4GB/sec,900 MHz,Radeon HD 7470M,"
07-Jan-2012 ",2560x1600,No
AMD,9 Watts,1024 MB ,64 Bit ,30.4GB/sec,950 MHz,Radeon HD 7490M,"
07-Jan-2012 ",2560x1600,No
AMD,11 Watts,1024 MB ,64 Bit ,12.8GB/sec,800 MHz,Radeon HD 7370M,"
07-Jan-2012 ",2560x1600,No
AMD,18 Watts,,64 Bit ,10.7GB/sec,667 MHz,Radeon HD 7340,"
06-Jun-2012 ",2560x1600,No
AMD,7 Watts,1024 MB ,64 Bit ,14.4GB/sec,900 MHz,Radeon HD 7350M,"
07-Jan-2012 ",2560x1600,No
AMD,5 Watts,1024 MB ,64 Bit ,12.8GB/sec,800 MHz,Radeon HD 7330M,"
07-Jan-2012 ",2560x1600,No
AMD,18 Watts,,64 Bit ,8.5GB/sec,533 MHz,Radeon HD 7310,"
05-Jun-2012 ",2560x1600,No
AMD,75 Watts,2048 MB ,128 Bit ,64GB/sec,1000 MHz,Radeon R9 M280X [not released],"
01-Jun-2014 ",4096x2160,Yes
AMD,50 Watts,2048 MB ,128 Bit ,64GB/sec,1000 MHz,Radeon R9 M275X,"
09-Mar-2014 ",4096x2160,Yes
AMD,35 Watts,2048 MB ,128 Bit ,64GB/sec,1000 MHz,Radeon R9 M265X,"
09-Jan-2014 ",4096x2160,Yes
AMD,50 Watts,2048 MB ,128 Bit ,64GB/sec,1000 MHz,Radeon R9 M275 [not released],"
09-Mar-2014 ",4096x2160,Yes
AMD,50 Watts,2048 MB ,128 Bit ,64GB/sec,1000 MHz,Radeon R9 M270X,"
01-Jun-2014 ",4096x2160,Yes
AMD,35 Watts,2048 MB ,128 Bit ,64GB/sec,1000 MHz,Radeon R7 M260X,"
09-Jan-2014 ",4096x2160,No
AMD,35 Watts,2048 MB ,128 Bit ,32GB/sec,1000 MHz,Radeon R7 M265,"
09-Jan-2014 ",4096x2160,Yes
AMD,35 Watts,2048 MB ,64 Bit ,16GB/sec,1000 MHz,Radeon R7 M260,"
11-Jun-2014 ",4096x2160,No
AMD,35 Watts,4096 MB ,128 Bit ,28.8GB/sec,900 MHz,Radeon R7 M260 v2,"
09-Jan-2014 ",4096x2160,No
AMD,30 Watts,4096 MB ,128 Bit ,32GB/sec,1000 MHz,Radeon R7 M270,"
09-Jan-2014 ",4096x2160,Yes
AMD,20 Watts,4096 MB ,64 Bit ,16GB/sec,1000 MHz,Radeon R5 M255,"
12-Oct-2014 ",2560x1600,No
AMD,17 Watts,1024 MB ,64 Bit ,14.4GB/sec,900 MHz,Radeon R5 M220,"
01-Nov-2013 ",2560x1600,No
AMD,13 Watts,1024 MB ,64 Bit ,14.4GB/sec,900 MHz,Radeon R5 M210,"
01-Nov-2013 ",2560x1600,No
AMD,20 Watts,4096 MB ,64 Bit ,16GB/sec,1000 MHz,Radeon R5 M230,"
01-Jan-2014 ",2560x1600,No
AMD,,2048 MB ,64 Bit ,16GB/sec,1000 MHz,Radeon R5 M240,"
18-Sep-2014 ",2560x1600,No
AMD,,256 MB ,128 Bit ,12.8GB/sec,400 MHz,Mobility Radeon X2500,"
01-Jun-2007 ",,No
AMD,,,64 Bit ,6.4GB/sec,400 MHz,Mobility Radeon Xpress 1250,"
01-Feb-2007 ",,No
AMD,,256 MB ,256 Bit ,32GB/sec,500 MHz,Mobility Radeon X1800,"
01-Mar-2006 ",2048x1536,No
AMD,,256 MB ,256 Bit ,30.1GB/sec,470 MHz,Mobility Radeon X1900,"
11-Jan-2007 ",2048x1536,No
AMD,,128 MB ,128 Bit ,12.8GB/sec,400 MHz,Mobility Radeon X2300 128MB GDDR3,"
01-Mar-2007 ",,No
AMD,,128 MB ,128 Bit ,8GB/sec,250 MHz,Mobility Radeon X1400,"
19-Jan-2006 ",2048x1536,No
AMD,,128 MB ,128 Bit ,8GB/sec,250 MHz,Mobility Radeon X1300,"
19-Jan-2006 ",2048x1536,No
AMD,75 Watts,4096 MB ,128 Bit ,88GB/sec,1375 MHz,Radeon R9 M385 4GB,"
09-Jun-2015 ",4096x2160,Yes
AMD,75 Watts,4096 MB ,128 Bit ,96GB/sec,1500 MHz,Radeon R9 M380 4GB,"
09-Jun-2015 ",4096x2160,Yes
AMD,,256 MB ,128 Bit ,15GB/sec,470 MHz,Mobility Radeon X1600,"
01-Feb-2006 ",2048x1536,No
AMD,75 Watts,4096 MB ,128 Bit ,96GB/sec,1500 MHz,Radeon R9 M385X 4GB,"
09-Jun-2015 ",4096x2160,Yes
AMD,75 Watts,4096 MB ,128 Bit ,72GB/sec,1125 MHz,Radeon R9 M375X 4GB,"
09-Jun-2015 ",4096x2160,Yes
AMD,50 Watts,4096 MB ,128 Bit ,64GB/sec,1000 MHz,Radeon R9 M360 4GB,"
09-Jun-2015 ",4096x2160,Yes
AMD,50 Watts,4096 MB ,128 Bit ,64GB/sec,1000 MHz,Radeon R9 M365X 4GB,"
09-Jun-2015 ",4096x2160,Yes
AMD,25 Watts,2048 MB ,64 Bit ,16GB/sec,1000 MHz,Radeon R7 M340 2GB,"
05-May-2015 ",2560x1600,No
AMD,75 Watts,2048 MB ,128 Bit ,35.2GB/sec,1100 MHz,Radeon R9 M375 2GB,"
05-May-2015 ",4096x2160,Yes
AMD,50 Watts,2048 MB ,64 Bit ,17.6GB/sec,1100 MHz,Radeon R7 M360 2GB,"
05-May-2015 ",4096x2160,No
AMD,,256 MB ,128 Bit ,12.8GB/sec,400 MHz,Mobility Radeon X1700,"
02-Jan-2006 ",2560x1600,No
AMD,50 Watts,4096 MB ,64 Bit ,17.6GB/sec,1100 MHz,Radeon R7 M360 4GB,"
05-May-2015 ",4096x2160,No
AMD,,128 MB ,64 Bit ,6.3GB/sec,392 MHz,Mobility Radeon X1350,"
18-Sep-2006 ",,No
AMD,25 Watts,2048 MB ,64 Bit ,17.6GB/sec,1100 MHz,Radeon R5 M335 2GB,"
21-Oct-2015 ",2560x1600,No
AMD,25 Watts,2048 MB ,64 Bit ,16GB/sec,1000 MHz,Radeon R5 M330 2GB,"
05-May-2015 ",2560x1600,No
AMD,20 Watts,2048 MB ,64 Bit ,16GB/sec,1000 MHz,Radeon R5 M320 2GB,"
05-May-2015 ",2560x1600,No
AMD,25 Watts,4096 MB ,64 Bit ,16GB/sec,1000 MHz,Radeon R5 M330 4GB,"
05-May-2015 ",2560x1600,No
AMD,75 Watts,4096 MB ,128 Bit ,88GB/sec,1375 MHz,Radeon R9 M470 4GB,"
13-May-2016 ",4096x2160,Yes
AMD,75 Watts,4096 MB ,128 Bit ,96GB/sec,1500 MHz,Radeon R9 M470X 4GB,"
13-May-2016 ",4096x2160,Yes
Intel,14 Watts,,128 Bit ,10.7GB/sec,333 MHz,Intel GM965 Express Chipset ,"
01-May-2007 ",,No
Intel,12 Watts,,128 Bit ,17.1GB/sec,533 MHz,Intel GM45 Express Chipset,"
01-Sep-2008 ",,No
AMD,,128 MB ,64 Bit ,2GB/sec,250 MHz,Mobility Radeon X300,"
01-Nov-2005 ",1280x1024,No
AMD,25 Watts,4096 MB ,64 Bit ,17.6GB/sec,1100 MHz,Radeon R5 M335 4GB,"
21-Oct-2015 ",4096x2160,No
AMD,,,64 Bit ,,,Mobility Radeon Xpress 200,"
01-Feb-2004 ",1280x1024,No
Intel,35 Watts,,128 Bit ,17.1GB/sec,533 MHz,HD i5 M580,"
30-Sep-2010 ",,No
AMD,,128 MB ,128 Bit ,4GB/sec,250 MHz,Mobility Radeon X600,"
01-Jun-2004 ",2048x1536,No
AMD,,128 MB ,128 Bit ,11.2GB/sec,350 MHz,Mobility Radeon X700,"
01-Mar-2005 ",2048x1536,No
Intel,,,,,166 MHz,Intel 82852/82855 ,"
01-Feb-2004 ",,No
Intel,18 Watts,,128 Bit ,12.8GB/sec,400 MHz,HD i5 U470,"
30-Dec-2010 ",,No
Intel,18 Watts,,128 Bit ,12.8GB/sec,400 MHz,HD i5 U430,"
30-May-2010 ",,No
Intel,35 Watts,,128 Bit ,17.1GB/sec,533 MHz,HD i5 M560,"
30-Sep-2010 ",,No
Intel,35 Watts,,128 Bit ,17.1GB/sec,533 MHz,HD i5 M480,"
30-Mar-2011 ",,No
Intel,35 Watts,,128 Bit ,17.1GB/sec,533 MHz,HD i5 M520,"
30-Mar-2010 ",,No
Intel,35 Watts,,128 Bit ,17.1GB/sec,533 MHz,HD i5 M540,"
30-Mar-2010 ",,No
Intel,35 Watts,,128 Bit ,17.1GB/sec,533 MHz,HD i5 M460,"
30-Sep-2010 ",,No
Intel,35 Watts,,128 Bit ,17.1GB/sec,533 MHz,HD i5 M430,"
30-Mar-2010 ",,No
Intel,35 Watts,,128 Bit ,17.1GB/sec,533 MHz,HD i5 M450,"
30-May-2010 ",,No
Intel,15 Watts,,128 Bit ,34.1GB/sec,1067 MHz,HD i5 6300U,"
01-Sep-2015 ",4096x2304,No
Intel,35 Watts,,128 Bit ,34.1GB/sec,1067 MHz,HD i5 6440HQ,"
01-Sep-2015 ",4096x2304,No
Intel,15 Watts,,128 Bit ,29.9GB/sec,933 MHz,HD i5 5350U,"
05-Jan-2015 ",2560x1600,No
Intel,15 Watts,,128 Bit ,34.1GB/sec,1067 MHz,HD i5 6200U,"
01-Sep-2015 ",4096x2304,No
Intel,15 Watts,,128 Bit ,25.6GB/sec,800 MHz,HD i5 4250U,"
02-Jun-2013 ",2560x1600,No
Intel,15 Watts,,128 Bit ,25.6GB/sec,800 MHz,HD i5 4260U,"
14-Apr-2014 ",2560x1600,No
Intel,35 Watts,,128 Bit ,34.1GB/sec,1067 MHz,HD i5 6300HQ,"
01-Sep-2015 ",4096x2304,No
Intel,15 Watts,,128 Bit ,29.9GB/sec,933 MHz,HD i5 5250U,"
05-Jan-2015 ",2560x1600,No
Intel,15 Watts,,128 Bit ,25.6GB/sec,800 MHz,HD i5 4210U,"
14-Apr-2014 ",2560x1600,No
Intel,47 Watts,,128 Bit ,25.6GB/sec,800 MHz,HD i5 4210M,"
14-Apr-2014 ",2560x1600,No
Intel,47 Watts,,128 Bit ,25.6GB/sec,800 MHz,HD i5 4210H,"
20-Jul-2014 ",2560x1600,No
Intel,47 Watts,,128 Bit ,25.6GB/sec,800 MHz,HD i5 4200H,"
01-Sep-2013 ",2560x1600,No
Intel,15 Watts,,128 Bit ,25.6GB/sec,800 MHz,HD i5 4200U,"
02-Jun-2014 ",2560x1600,No
Intel,35 Watts,,128 Bit ,21.3GB/sec,667 MHz,HD i5 2520M,"
30-Mar-2011 ",,No
Intel,35 Watts,,128 Bit ,21.3GB/sec,667 MHz,HD i5 2430M,"
02-Nov-2011 ",,No
Intel,17 Watts,,128 Bit ,21.3GB/sec,667 MHz,HD i5 2467M,"
30-May-2011 ",,No
Intel,35 Watts,,128 Bit ,17.1GB/sec,533 MHz,HD i3 M380,"
30-Sep-2010 ",,No
Intel,35 Watts,,128 Bit ,21.3GB/sec,667 MHz,HD i5 2410M,"
30-Mar-2011 ",,No
Intel,,,128 Bit ,17.1GB/sec,533 MHz,HD i3 M390,"
30-Mar-2010 ",,No
Intel,47 Watts,,128 Bit ,25.6GB/sec,800 MHz,HD i5 4200M,"
01-Sep-2013 ",2560x1600,No
Intel,35 Watts,,64 Bit ,8.5GB/sec,533 MHz,HD i3 M370,"
30-Sep-2010 ",,No
Intel,5 Watts,,128 Bit ,29.9GB/sec,933 MHz,HD M5-6Y57,"
01-Sep-2015 ",4096x2304,No
Intel,5 Watts,,128 Bit ,29.9GB/sec,933 MHz,HD M5-6Y54,"
01-Sep-2015 ",4096x2304,No
Intel,5 Watts,,128 Bit ,29.9GB/sec,933 MHz,HD M7-6Y75,"
01-Sep-2015 ",4096x2304,No
Intel,5 Watts,,128 Bit ,29.9GB/sec,933 MHz,HD M3-6Y30,"
01-Sep-2015 ",4096x2304,No
Intel,5 Watts,,128 Bit ,25.6GB/sec,800 MHz,HD M-5Y70,"
05-Sep-2014 ",2560x1600,No
Intel,5 Watts,,128 Bit ,25.6GB/sec,800 MHz,HD M-5Y71,"
05-Jan-2015 ",2560x1600,No
Intel,35 Watts,,128 Bit ,17.1GB/sec,533 MHz,HD i3 M330,"
30-Mar-2010 ",,No
Intel,5 Watts,,128 Bit ,25.6GB/sec,800 MHz,HD M-5Y31,"
05-Jan-2015 ",2560x1600,No
Intel,15 Watts,,128 Bit ,34.1GB/sec,1067 MHz,HD i3 6100U,"
01-Sep-2015 ",4096x2304,No
Intel,35 Watts,,128 Bit ,34.1GB/sec,1067 MHz,HD i3 6100H,"
01-Sep-2015 ",4096x2304,No
Intel,5 Watts,,128 Bit ,25.6GB/sec,800 MHz,HD M-5Y51,"
05-Jan-2015 ",2560x1600,No
Intel,17 Watts,,128 Bit ,21.3GB/sec,667 MHz,HD i3 2357M,"
30-May-2011 ",,No
Intel,35 Watts,,128 Bit ,21.3GB/sec,667 MHz,HD i3 2370M,"
01-Jan-2012 ",,No
Intel,35 Watts,,128 Bit ,21.3GB/sec,667 MHz,HD i3 2310M,"
30-Mar-2011 ",,No
Intel,,1720 MB ,128 Bit ,21.3GB/sec,667 MHz,HD i3 2330M,"
01-Jun-2011 ",2560x1600,No
Intel,5 Watts,,128 Bit ,25.6GB/sec,800 MHz,HD M-5Y10a,"
05-Sep-2014 ",2560x1600,No
Intel,5 Watts,,128 Bit ,25.6GB/sec,800 MHz,HD M-5Y10,"
05-Sep-2014 ",2560x1600,No
Intel,,,64 Bit ,8.5GB/sec,533 MHz,HD i7 M620,"
07-Jan-2010 ",2560x1600,No
Intel,45 Watts,,128 Bit ,34.1GB/sec,1067 MHz,HD i7 6820HK,"
01-Sep-2015 ",4096x2304,No
Intel,45 Watts,,128 Bit ,34.1GB/sec,1067 MHz,HD i7 6820HQ,"
01-Sep-2015 ",4096x2304,No
Intel,5 Watts,,128 Bit ,25.6GB/sec,800 MHz,HD M-5Y10c,"
05-Jan-2015 ",2560x1600,No
Intel,45 Watts,,128 Bit ,34.1GB/sec,1067 MHz,HD i7 6920HQ,"
01-Sep-2015 ",4096x2304,No
Intel,15 Watts,,128 Bit ,34.1GB/sec,1067 MHz,HD i7 6500U,"
01-Sep-2015 ",4096x2304,No
Intel,47 Watts,,128 Bit ,29.9GB/sec,933 MHz,HD i7 5700HQ,"
02-Jun-2015 ",2560x1600,No
Intel,,,,,,Intel GMA 900,"
01-Mar-2005 ",,No
Intel,45 Watts,,128 Bit ,34.1GB/sec,1067 MHz,HD i7 6700HQ,"
01-Sep-2015 ",4096x2304,No
Intel,5 Watts,,128 Bit ,21.3GB/sec,667 MHz,Intel HD Graphics Mobile (Sandy Bridge),"
05-Sep-2014 ",2560x1600,No
Intel,45 Watts,,128 Bit ,25.6GB/sec,800 MHz,Intel HD Graphics Mobile (Ivy Bridge),"
01-Oct-2012 ",2560x1600,No
Intel,15 Watts,,128 Bit ,34.1GB/sec,1067 MHz,HD i7 6600U,"
01-Sep-2015 ",4096x2304,No
Intel,7 Watts,,,,,Intel GMA 950,"
01-Mar-2005 ",2048x1536,No
Intel,4 Watts,,128 Bit ,25.6GB/sec,800 MHz,Intel HD Graphics Mobile (Haswell),"
01-Jun-2013 ",2560x1600,No
Intel,6 Watts,,128 Bit ,25.6GB/sec,800 MHz,Intel HD Graphics Mobile (Braswell),"
01-Apr-2015 ",4096x2304,No
Intel,10 Watts,,128 Bit ,21.3GB/sec,667 MHz,Intel HD Graphics Mobile (Bay Trail),"
11-Sep-2013 ",2560x1600,No
Intel,35 Watts,,64 Bit ,8.5GB/sec,533 MHz,Intel HD Graphics Mobile,"
10-Jan-2010 ",,No
Intel,15 Watts,,,,1067 MHz,Intel HD Graphics 630 Mobile,"
30-Mar-2017 ",4096x2304,No
Intel,15 Watts,,128 Bit ,34.1GB/sec,1067 MHz,Intel HD Graphics 620 Mobile,"
01-Aug-2016 ",,No
Intel,15 Watts,,128 Bit ,29.9GB/sec,933 MHz,Intel HD Graphics 6000 Mobile,"
05-Jan-2015 ",2560x1600,No
Intel,37 Watts,,128 Bit ,29.9GB/sec,933 MHz,Intel HD Graphics 5600 Mobile,"
02-Jun-2015 ",2560x1600,No
Intel,15 Watts,,128 Bit ,34.1GB/sec,1067 MHz,Intel HD Graphics 615 Mobile,"
01-Aug-2016 ",4096x2304,No
Intel,45 Watts,,128 Bit ,34.1GB/sec,1067 MHz,Intel HD Graphics 530 Mobile,"
01-Sep-2015 ",4096x2304,No
Intel,5 Watts,,128 Bit ,25.6GB/sec,800 MHz,Intel HD Graphics 5300 Mobile,"
05-Sep-2014 ",2560x1600,No
Intel,5 Watts,,128 Bit ,29.9GB/sec,933 MHz,Intel HD Graphics 515 Mobile,"
01-Sep-2015 ",4096x2304,No
Intel,15 Watts,,128 Bit ,25.6GB/sec,800 MHz,Intel HD Graphics 5000 Mobile,"
27-May-2013 ",2560x1600,No
Intel,15 Watts,,128 Bit ,34.1GB/sec,1067 MHz,Intel HD Graphics 510 Mobile,"
01-Sep-2015 ",4096x2304,No
Intel,15 Watts,,128 Bit ,25.6GB/sec,800 MHz,Intel HD Graphics 4400 Mobile,"
05-Jun-2013 ",2560x1600,No
Intel,15 Watts,,128 Bit ,29.9GB/sec,933 MHz,Intel HD Graphics 5500 Mobile,"
05-Jan-2015 ",2560x1600,No
Intel,47 Watts,,128 Bit ,25.6GB/sec,800 MHz,Intel HD Graphics 4600 Mobile,"
27-May-2013 ",2560x1600,No
Intel,15 Watts,,128 Bit ,34.1GB/sec,1067 MHz,Intel HD Graphics 520 Mobile,"
01-Sep-2015 ",4096x2304,No
Intel,55 Watts,,128 Bit ,25.6GB/sec,800 MHz,Intel HD Graphics 4000 Mobile,"
08-Mar-2012 ",2560x1600,No
Intel,,,128 Bit ,,,Intel HD Graphics 2000 Mobile,"
01-Feb-2011 ",,No
Intel,,,128 Bit ,25.6GB/sec,800 MHz,Intel HD Graphics 2500 Mobile,"
01-Apr-2012 ",,No
Intel,20 Watts,,128 Bit ,25.6GB/sec,800 MHz,Intel HD Graphics 4200 Mobile,"
01-Jul-2013 ",2560x1600,No
Intel,35 Watts,,128 Bit ,17.1GB/sec,533 MHz,HD Pentium P6200,"
26-Sep-2010 ",2560x1600,No
Intel,47 Watts,,128 Bit ,25.6GB/sec,800 MHz,HD i7 5700EQ,"
02-Jun-2015 ",2560x1600,No
Intel,35 Watts,,128 Bit ,17.1GB/sec,533 MHz,HD Pentium P6100,"
26-Sep-2010 ",2560x1600,No
Intel,15 Watts,,128 Bit ,25.6GB/sec,800 MHz,HD i7 5600U,"
05-Jan-2015 ",2560x1600,No
Intel,15 Watts,,128 Bit ,29.9GB/sec,933 MHz,HD i7 5650U,"
05-Jan-2015 ",2560x1600,No
Intel,15 Watts,,128 Bit ,29.9GB/sec,933 MHz,HD i7 5550U,"
05-Jan-2015 ",2560x1600,No
Intel,,,64 Bit ,12.8GB/sec,800 MHz,HD i7 3920XM,"
29-Apr-2012 ",2560x1600,No
Intel,15 Watts,,128 Bit ,25.6GB/sec,800 MHz,HD i7 5500U,"
05-Jan-2015 ",2560x1600,No
Intel,45 Watts,,64 Bit ,12.8GB/sec,800 MHz,HD i7 3840QM,"
29-Apr-2012 ",2560x1600,No
Intel,,,64 Bit ,12.8GB/sec,800 MHz,Intel HD Graphics 3000 Mobile,"
01-Feb-2011 ",2560x1600,No
Intel,28 Watts,,128 Bit ,29.9GB/sec,933 MHz,HD i7 5557U,"
05-Jan-2015 ",2560x1600,No
Intel,,,64 Bit ,12.8GB/sec,800 MHz,HD i7 3720QM,"
29-Apr-2012 ",2560x1600,No
Intel,45 Watts,,128 Bit ,25.6GB/sec,800 MHz,HD i7 3630QM,"
01-Sep-2012 ",,No
Intel,,,64 Bit ,12.8GB/sec,800 MHz,HD i7 2920XM,"
09-Jan-2011 ",2560x1600,No
Intel,,,64 Bit ,12.8GB/sec,800 MHz,HD i7 3610QM,"
29-Apr-2012 ",2560x1600,No
Intel,,,64 Bit ,12.8GB/sec,800 MHz,HD i7 2820QM,"
09-Jan-2011 ",2560x1600,No
Intel,,,64 Bit ,12.8GB/sec,800 MHz,HD i7 2860QM,"
04-Sep-2011 ",2560x1600,No
Intel,,,64 Bit ,10.7GB/sec,667 MHz,HD i7 2670QM,"
12-Nov-2011 ",2560x1600,No
Intel,,,64 Bit ,10.7GB/sec,667 MHz,HD i7 2630QM,"
09-Jan-2011 ",2560x1600,No
Intel,,,64 Bit ,10.7GB/sec,667 MHz,HD i7 2640M,"
04-Sep-2011 ",2560x1600,No
Intel,,,64 Bit ,12.8GB/sec,800 MHz,HD i7 2720QM,"
09-Jan-2011 ",2560x1600,No
Intel,,,64 Bit ,10.7GB/sec,667 MHz,HD i7 2675QM,"
09-Jan-2011 ",2560x1600,No
Intel,,,64 Bit ,12.8GB/sec,800 MHz,HD i7 3820QM,"
29-Apr-2012 ",2560x1600,No
Intel,,,64 Bit ,12.8GB/sec,800 MHz,HD i7 2760QM,"
04-Sep-2011 ",2560x1600,No
Intel,,,64 Bit ,10.7GB/sec,667 MHz,HD i7 2620M,"
20-Feb-2011 ",2560x1600,No
Intel,35 Watts,,,,,Intel GMA 5700M HD,"
01-Oct-2010 ",1600x1200,No
Intel,,,64 Bit ,,,Intel GMA 4500M HD,"
01-Oct-2008 ",,No
Intel,,,64 Bit ,8.5GB/sec,533 MHz,Intel GMA 3650,"
01-Nov-2011 ",,No
Intel,,,,,,Intel 965 Express Family,"
09-May-2007 ",1600x1200,No
Intel,15 Watts,,128 Bit ,34.1GB/sec,1067 MHz,Iris Graphics 540 Mobile,"
01-Sep-2015 ",4096x2304,No
Intel,50 Watts,,,,,Intel GMA 3150,"
01-Oct-2010 ",1600x1200,No
Intel,,,128 Bit ,17.1GB/sec,533 MHz,HD Pentium P6000,"
20-Jun-2010 ",,No
Intel,13 Watts,,64 Bit ,8.5GB/sec,533 MHz,Intel GMA 3600,"
01-Oct-2011 ",,No
Intel,28 Watts,,128 Bit ,25.6GB/sec,800 MHz,Iris Graphics 5100 Mobile,"
29-Apr-2013 ",2560x1600,No
Intel,,,64 Bit ,10.7GB/sec,667 MHz,HD i7 2617M,"
20-Feb-2011 ",2560x1600,No
Intel,,,128 Bit ,,,Intel GMA 4500M,"
01-Oct-2008 ",,No
AMD,,,64 Bit ,,,Radeon HD 3100,"
01-Aug-2008 ",2560x1600,No
AMD,110 Watts,1024 MB ,256 Bit ,108.8GB/sec,1700 MHz,Mobility Radeon HD 3870 x2,"
01-Sep-2008 ",2560x1600,No
AMD,65 Watts,1024 MB ,256 Bit ,89.6GB/sec,700 MHz,Mobility Radeon HD 4870,"
09-Jan-2009 ",2560x1600,No
AMD,130 Watts,2048 MB ,512 Bit ,179.2GB/sec,700 MHz,Mobility Radeon HD 4870 x2,"
09-Jan-2009 ",2560x1600,No
AMD,,,,,,Radeon HD 6755G2,"
14-Jun-2011 ",,No
Nvidia,45 Watts,1024 MB ,256 Bit ,,,Quadro NVS 510M,"
07-Jan-2010 ",1600x1200,No
Nvidia,16 Watts,512 MB ,128 Bit ,16GB/sec,500 MHz,Quadro NVS 300M,"
24-May-2006 ",1600x1200,No
Nvidia,20 Watts,512 MB ,128 Bit ,22.4GB/sec,700 MHz,Quadro NVS 320M,"
09-Jun-2007 ",1600x1200,No
Nvidia,12 Watts,256 MB ,64 Bit ,11.2GB/sec,700 MHz,Quadro NVS 160M,"
15-Aug-2008 ",1920x1200,No
AMD,25 Watts,,128 Bit ,21.3GB/sec,667 MHz,Radeon HD 8610G,"
23-May-2013 ",2560x1600,No
AMD,35 Watts,,128 Bit ,25.6GB/sec,800 MHz,Radeon HD 7660G,"
15-May-2012 ",2560x1600,Yes
Nvidia,10 Watts,256 MB ,64 Bit ,11.2GB/sec,700 MHz,Quadro NVS 150M,"
15-Aug-2008 ",1680x1050,No
AMD,35 Watts,,128 Bit ,29.9GB/sec,933 MHz,Radeon HD 8650G,"
23-May-2013 ",2560x1600,Yes
Nvidia,35 Watts,2048 MB ,128 Bit ,28.8GB/sec,900 MHz,NVS 5400M,"
01-Jun-2012 ",2560x1600,No
Nvidia,,64 MB ,32 Bit ,1.1GB/sec,275 MHz,GeForce4 Go 488,"
01-Mar-2002 ",,No
AMD,35 Watts,,128 Bit ,,,Radeon HD 6380G,"
14-Jun-2011 ",,No
AMD,27 Watts,64 MB ,64 Bit ,1.6GB/sec,200 MHz,Mobility Radeon 7500 64MB,"
01-Dec-2001 ",2048x1536,No
Nvidia,75 Watts,1024 MB ,256 Bit ,51.2GB/sec,800 MHz,GeForce 9800M GTS,"
01-Jul-2008 ",2560x1600,No
Nvidia,150 Watts,2048 MB ,256 Bit ,102.4GB/sec,800 MHz,GeForce 9800M GTX SLI,"
01-Jul-2008 ",2560x1600,Yes
Nvidia,130 Watts,1024 MB ,256 Bit ,102.4GB/sec,800 MHz,GeForce 9800M GT SLI,"
01-Jul-2008 ",2560x1600,Yes
Nvidia,150 Watts,2048 MB ,256 Bit ,102.4GB/sec,800 MHz,GeForce 9800M GTS SLI,"
01-Jul-2008 ",2560x1600,Yes
Nvidia,75 Watts,1024 MB ,256 Bit ,51.2GB/sec,800 MHz,GeForce 9800M GTX,"
01-Jul-2008 ",2560x1600,Yes
Nvidia,60 Watts,512 MB ,256 Bit ,51.2GB/sec,800 MHz,GeForce 9800M GS,"
02-Jan-2008 ",2560x1600,No
Nvidia,45 Watts,512 MB ,128 Bit ,25.6GB/sec,800 MHz,GeForce 9700M GT,"
01-Jul-2008 ",2560x1600,No
Nvidia,65 Watts,512 MB ,256 Bit ,51.2GB/sec,800 MHz,GeForce 9800M GT,"
01-Jul-2008 ",2560x1600,Yes
Nvidia,29 Watts,512 MB ,128 Bit ,25.6GB/sec,800 MHz,GeForce 9650M GS,"
02-Jan-2008 ",2560x1600,No
Nvidia,60 Watts,512 MB ,256 Bit ,51.2GB/sec,800 MHz,GeForce 9700M GTS,"
01-Jul-2008 ",2560x1600,No
Nvidia,23 Watts,1024 MB ,128 Bit ,25.6GB/sec,800 MHz,GeForce 9600M GT,"
02-Jan-2008 ",2560x1600,Yes
Nvidia,23 Watts,1024 MB ,128 Bit ,25.6GB/sec,800 MHz,GeForce 9650M GT,"
19-Aug-2008 ",2560x1600,Yes
Nvidia,20 Watts,512 MB ,128 Bit ,22.4GB/sec,700 MHz,GeForce 9500M GS,"
01-Feb-2008 ",2560x1600,No
Nvidia,20 Watts,1024 MB ,128 Bit ,25.6GB/sec,800 MHz,GeForce 9600M GS,"
03-Jun-2008 ",2560x1600,No
Nvidia,20 Watts,1024 MB ,128 Bit ,25.6GB/sec,800 MHz,GeForce 9500M G,"
03-Jun-2008 ",2560x1600,Yes
Nvidia,13 Watts,256 MB ,64 Bit ,11.2GB/sec,700 MHz,GeForce 9300M GS,"
02-Jan-2008 ",2560x1600,Yes
Nvidia,13 Watts,256 MB ,64 Bit ,9.6GB/sec,600 MHz,GeForce 9300M G,"
02-Jan-2008 ",2560x1600,No
Nvidia,,64 MB ,,,,GeForce 9200M GE,"
02-Jan-2008 ",2560x1600,No
Nvidia,12 Watts,256 MB ,,,,GeForce 9400M,"
01-Oct-2008 ",2560x1600,No
Nvidia,,,,,,GeForce 9500M,"
02-Jan-2008 ",2560x1600,No
Nvidia,12 Watts,,128 Bit ,,,GeForce 9100M,"
03-Jun-2008 ",2560x1600,Yes
Nvidia,13 Watts,256 MB ,64 Bit ,11.2GB/sec,700 MHz,GeForce 9200M GS,"
03-Jun-2008 ",2560x1600,No
Nvidia,,64 MB ,32 Bit ,1000MB/sec,250 MHz,GeForce4 Go 460,"
06-Feb-2002 ",,No
Nvidia,12 Watts,,128 Bit ,,,GeForce 9400M G,"
01-Oct-2008 ",2560x1600,Yes
Nvidia,,64 MB ,32 Bit ,880MB/sec,220 MHz,GeForce4 Go 440,"
26-Feb-2002 ",,No
Nvidia,35 Watts,1024 MB ,128 Bit ,25.3GB/sec,790 MHz,Quadro FX 880M,"
07-Jan-2010 ",,No
Nvidia,,32 MB ,32 Bit ,800MB/sec,200 MHz,GeForce4 Go 420,"
06-Feb-2002 ",,No
Nvidia,35 Watts,512 MB ,128 Bit ,25.6GB/sec,800 MHz,Quadro FX 770M,"
14-Aug-2008 ",2560x1600,No
Nvidia,,128 MB ,128 Bit ,3.2GB/sec,200 MHz,GeForce4 Go 4200,"
14-Nov-2002 ",,No
Nvidia,75 Watts,1024 MB ,256 Bit ,51.2GB/sec,800 MHz,Quadro FX 3700M,"
14-Aug-2008 ",2560x1600,No
Nvidia,45 Watts,512 MB ,128 Bit ,22.4GB/sec,700 MHz,Quadro FX 570M,"
01-Jun-2007 ",2560x1600,No
Nvidia,25 Watts,512 MB ,64 Bit ,12.8GB/sec,800 MHz,Quadro FX 380M,"
07-Jan-2010 ",2560x1600,No
Nvidia,100 Watts,,256 Bit ,64GB/sec,1000 MHz,Quadro FX 3800M,"
22-Dec-2009 ",2560x1600,No
Nvidia,17 Watts,256 MB ,64 Bit ,9.6GB/sec,600 MHz,Quadro FX 360M,"
09-May-2007 ",2560x1600,No
Nvidia,70 Watts,1024 MB ,256 Bit ,51.2GB/sec,800 MHz,Quadro FX 3600M,"
23-Feb-2008 ",2560x1600,No
Nvidia,75 Watts,1024 MB ,256 Bit ,64GB/sec,1000 MHz,Quadro FX 2800M,"
01-Dec-2009 ",2560x1600,No
Nvidia,15 Watts,256 MB ,64 Bit ,5.6GB/sec,350 MHz,Quadro FX 350M,"
31-Mar-2006 ",2560x1600,No
Nvidia,45 Watts,512 MB ,256 Bit ,44.8GB/sec,700 MHz,Quadro FX 3500M,"
01-Mar-2007 ",2560x1600,No
Nvidia,45 Watts,1024 MB ,256 Bit ,38.4GB/sec,600 MHz,Quadro FX 2500M,"
29-Sep-2005 ",2560x1600,No
Nvidia,45 Watts,1024 MB ,128 Bit ,70.4GB/sec,1100 MHz,Quadro FX 1800M,"
01-Feb-2010 ",,No
Nvidia,50 Watts,512 MB ,128 Bit ,25.6GB/sec,800 MHz,Quadro FX 1700M,"
01-Oct-2008 ",2560x1600,No
Nvidia,30 Watts,1024 MB ,64 Bit ,20.8GB/sec,650 MHz,Quadro K610M,"
23-Jul-2013 ",4096x2160,Yes
Nvidia,45 Watts,512 MB ,256 Bit ,32GB/sec,500 MHz,Quadro FX 1500M,"
18-Apr-2006 ",2560x1600,No
Nvidia,65 Watts,512 MB ,256 Bit ,51.2GB/sec,800 MHz,Quadro FX 2700M,"
14-Aug-2008 ",2560x1600,No
AMD,,,64 Bit ,,,Radeon IGP 320M,"
05-Oct-2002 ",,No
AMD,,,64 Bit ,,,Radeon IGP 340M,"
05-Oct-2002 ",,No
Nvidia,100 Watts,8192 MB ,256 Bit ,115.5GB/sec,902 MHz,Quadro K5100M,"
23-Jul-2013 ",4096x2160,No
Nvidia,100 Watts,4096 MB ,256 Bit ,89.6GB/sec,700 MHz,Quadro K4000M,"
01-Jun-2012 ",4096x2160,No
Nvidia,,1024 MB ,64 Bit ,14.4GB/sec,900 MHz,Quadro K500M,"
01-Jun-2012 ",4096x2160,No
Nvidia,100 Watts,4096 MB ,256 Bit ,96GB/sec,750 MHz,Quadro K5000M,"
01-Aug-2012 ",4096x2160,No
Nvidia,75 Watts,2048 MB ,256 Bit ,89.6GB/sec,700 MHz,Quadro K3000M,"
01-Jun-2012 ",4096x2160,No
Nvidia,55 Watts,2048 MB ,128 Bit ,28.8GB/sec,900 MHz,Quadro K2000M,"
01-Jun-2012 ",4096x2160,No
Nvidia,100 Watts,4096 MB ,256 Bit ,166.4GB/sec,1300 MHz,Quadro 5010M,"
22-Feb-2011 ",,No
Nvidia,45 Watts,2048 MB ,128 Bit ,44.8GB/sec,700 MHz,Quadro K1100M,"
23-Jul-2013 ",4096x2160,No
Nvidia,75 Watts,4096 MB ,256 Bit ,102.4GB/sec,800 MHz,Quadro K3100M,"
23-Jul-2013 ",4096x2160,Yes
Nvidia,45 Watts,2048 MB ,128 Bit ,28.8GB/sec,900 MHz,Quadro K1000M,"
01-Jun-2012 ",4096x2160,No
Nvidia,100 Watts,2048 MB ,256 Bit ,153.6GB/sec,1200 MHz,Quadro 4000M,"
22-Feb-2011 ",,No
Nvidia,75 Watts,2048 MB ,256 Bit ,80GB/sec,625 MHz,Quadro 3000M,"
22-Feb-2011 ",,No
Nvidia,55 Watts,2048 MB ,128 Bit ,28.8GB/sec,900 MHz,Quadro 2000M,"
13-Jan-2011 ",2560x1600,No
Nvidia,50 Watts,512 MB ,128 Bit ,25.6GB/sec,800 MHz,Quadro FX 1600M,"
01-Jun-2007 ",2560x1600,No
Nvidia,100 Watts,2048 MB ,256 Bit ,153.6GB/sec,1200 MHz,Quadro 5000M,"
27-Oct-2010 ",,No
Nvidia,,1024 MB ,64 Bit ,14.4GB/sec,900 MHz,NVS 5200M,"
01-Jun-2012 ",2560x1600,No
Nvidia,45 Watts,2048 MB ,128 Bit ,28.8GB/sec,900 MHz,Quadro 1000M,"
22-Feb-2011 ",,No
Nvidia,35 Watts,1024 MB ,128 Bit ,25.6GB/sec,800 MHz,NVS 5100M,"
07-Jan-2010 ",2560x1600,No
Nvidia,,1024 MB ,64 Bit ,12.8GB/sec,800 MHz,NVS 4200M,"
22-Feb-2011 ",2560x1600,No
Nvidia,14 Watts,512 MB ,64 Bit ,12.8GB/sec,800 MHz,NVS 3100M,"
07-Jan-2010 ",2560x1600,No
Nvidia,10 Watts,256 MB ,64 Bit ,11.2GB/sec,700 MHz,Quadro NVS 140M 256MB GDDR3,"
05-Sep-2007 ",1600x1200,No
Nvidia,10 Watts,128 MB ,64 Bit ,11.2GB/sec,700 MHz,Quadro NVS 140M 128MB GDDR2,"
05-Sep-2007 ",1600x1200,No
Nvidia,14 Watts,512 MB ,64 Bit ,12.8GB/sec,800 MHz,NVS 2100M,"
07-Jan-2010 ",2560x1600,No
Nvidia,10 Watts,256 MB ,64 Bit ,9.6GB/sec,600 MHz,Quadro NVS 135M,"
09-May-2007 ",1600x1200,No
Nvidia,10 Watts,256 MB ,64 Bit ,11.2GB/sec,700 MHz,Quadro NVS 130M,"
09-May-2007 ",1600x1200,No
Nvidia,10 Watts,512 MB ,64 Bit ,11.2GB/sec,700 MHz,Quadro NVS 120M,"
01-Jun-2006 ",1600x1200,No
AMD,15 Watts,,128 Bit ,34.1GB/sec,1067 MHz,Radeon R7 8800P,"
02-Jun-2015 ",4096x2160,No
Nvidia,10 Watts,512 MB ,64 Bit ,,,Quadro NVS 110M,"
01-Jun-2006 ",1600x1200,No
AMD,19 Watts,,128 Bit ,25.6GB/sec,800 MHz,Radeon R7 7500,"
04-Jun-2014 ",4096x2160,No
AMD,20 Watts,,128 Bit ,25.6GB/sec,800 MHz,Radeon R6 7350B,"
30-Jun-2014 ",4096x2160,No
AMD,15 Watts,,128 Bit ,29.9GB/sec,933 MHz,Radeon R5 7410,"
06-May-2015 ",4096x2304,No
AMD,35 Watts,,128 Bit ,29.9GB/sec,933 MHz,Radeon R6 7400P,"
30-Jun-2014 ",4096x2160,No
AMD,35 Watts,,128 Bit ,34.1GB/sec,1067 MHz,Radeon R6 8700P,"
02-Jun-2015 ",4096x2160,No
AMD,20 Watts,,128 Bit ,25.6GB/sec,800 MHz,Radeon R6 7300,"
30-Jun-2014 ",4096x2160,No
AMD,35 Watts,,128 Bit ,29.9GB/sec,933 MHz,Radeon R5 7200P,"
30-Jun-2014 ",4096x2160,No
AMD,5 Watts,,64 Bit ,10.7GB/sec,667 MHz,Radeon R6 6700T,"
29-Apr-2014 ",4096x2160,No
AMD,20 Watts,,128 Bit ,25.6GB/sec,800 MHz,Radeon R5 7100,"
30-Jun-2014 ",4096x2160,No
AMD,20 Watts,,128 Bit ,25.6GB/sec,800 MHz,Radeon R5 7150B,"
30-Jun-2014 ",4096x2160,No
AMD,15 Watts,,64 Bit ,14.9GB/sec,933 MHz,Radeon R5 6410,"
30-Jun-2014 ",4096x2160,No
AMD,15 Watts,,64 Bit ,12.8GB/sec,800 MHz,Radeon R3 6210,"
29-Apr-2014 ",4096x2160,No
AMD,17 Watts,,128 Bit ,25.6GB/sec,800 MHz,Radeon R4 7000,"
30-Jun-2014 ",4096x2160,No
AMD,15 Watts,,64 Bit ,12.8GB/sec,800 MHz,Radeon R4 7310,"
06-May-2015 ",4096x2160,No
AMD,15 Watts,,64 Bit ,12.8GB/sec,800 MHz,Radeon R2 6110,"
29-Apr-2014 ",4096x2160,No
AMD,4 Watts,,64 Bit ,8.5GB/sec,533 MHz,Radeon R2 6200T,"
29-Apr-2014 ",4096x2160,No
AMD,17 Watts,,128 Bit ,25.6GB/sec,800 MHz,Radeon R4 7050B,"
30-Jun-2014 ",4096x2160,No
AMD,15 Watts,,64 Bit ,14.9GB/sec,933 MHz,Radeon R4 6310,"
29-Apr-2014 ",4096x2160,No
AMD,5 Watts,,64 Bit ,10.7GB/sec,667 MHz,Radeon R3 6400T,"
29-Apr-2014 ",4096x2160,No
AMD,10 Watts,,64 Bit ,10.7GB/sec,667 MHz,Radeon R2 6010,"
29-Apr-2014 ",4096x2160,No
AMD,85 Watts,2048 MB ,192 Bit ,86.4GB/sec,1800 MHz,Radeon R8 M365DX,"
03-Jun-2015 ",4096x2160,No
AMD,50 Watts,,64 Bit ,16GB/sec,1000 MHz,Radeon HD 8650G + HD 8670M Dual,"
01-Aug-2013 ",2560x1600,No
AMD,50 Watts,,64 Bit ,16GB/sec,1000 MHz,Radeon HD 8650G + HD 8570M Dual,"
01-Aug-2013 ",2560x1600,No
AMD,,2048 MB ,64 Bit ,21.3GB/sec,667 MHz,Radeon HD 8610G + HD 8670M Dual,"
23-May-2013 ",4096x2160,Yes
AMD,50 Watts,2048 MB ,128 Bit ,25.6GB/sec,800 MHz,Radeon HD 8550G + HD 8750M Dual,"
01-Aug-2013 ",2560x1600,No
AMD,50 Watts,,64 Bit ,16GB/sec,1000 MHz,Radeon HD 8550G + HD 8670M Dual,"
01-Aug-2013 ",2560x1600,No
AMD,,,128 Bit ,28.8GB/sec,900 MHz,Radeon HD 7660G + HD 7670M Dual,"
01-May-2012 ",2560x1600,No
AMD,,,128 Bit ,28.8GB/sec,900 MHz,Radeon HD 7640G + HD 7670M Dual,"
01-May-2012 ",2560x1600,No
AMD,50 Watts,1024 MB ,64 Bit ,16GB/sec,1000 MHz,Radeon HD 8210G + HD 8570M Dual,"
01-Aug-2013 ",2560x1600,No
AMD,,1024 MB ,128 Bit ,25.6GB/sec,800 MHz,Radeon HD 7640G + HD 7470M Dual,"
01-Jun-2012 ",2560x1600,No
AMD,,,128 Bit ,28.8GB/sec,900 MHz,Radeon HD 7640G + HD 7610M Dual,"
15-May-2012 ",2560x1600,No
AMD,,1024 MB ,,,,Radeon HD 6740G2,"
14-Jun-2011 ",2560x1600,No
AMD,,,128 Bit ,28.8GB/sec,900 MHz,Radeon HD 7520G + HD 7670M Dual,"
01-May-2012 ",2560x1600,No
AMD,,,128 Bit ,25.6GB/sec,800 MHz,Radeon HD 6620G + HD 7690M Dual,"
01-Jun-2012 ",2560x1600,No
AMD,,,128 Bit ,28.8GB/sec,900 MHz,Radeon HD 6620G + HD 7450M Dual,"
01-Feb-2012 ",2560x1600,No
AMD,,1024 MB ,128 Bit ,28.8GB/sec,900 MHz,Radeon HD 6520G + HD 7670M Dual,"
01-Jun-2011 ",2560x1600,No
AMD,,,,,,Radeon HD 6640G2,"
14-Jun-2011 ",2560x1600,No
AMD,,1024 MB ,128 Bit ,,,Radeon HD 6720G2,"
14-Jun-2011 ",2560x1600,No
AMD,,,128 Bit ,21.3GB/sec,667 MHz,Radeon HD 6645G2,"
14-Jun-2011 ",2560x1600,No
AMD,40 Watts,,128 Bit ,,,Radeon HD 6620G,"
14-Jun-2011 ",,No
AMD,,,,,,Radeon HD 6545G2,"
14-Jun-2011 ",2560x1600,No
AMD,,512 MB ,,,,Radeon HD 6515G2,"
14-Jun-2011 ",2560x1600,No
AMD,,1024 MB ,,,,Radeon HD 6540G2,"
14-Jun-2011 ",,Yes
AMD,35 Watts,,128 Bit ,25.6GB/sec,800 MHz,Radeon HD 7640G,"
15-May-2012 ",2560x1600,No
AMD,35 Watts,,128 Bit ,,,Radeon HD 6520G,"
14-Jun-2011 ",,No
AMD,25 Watts,,128 Bit ,21.3GB/sec,667 MHz,Radeon HD 7620G,"
01-May-2012 ",2560x1600,No
AMD,19 Watts,,128 Bit ,21.3GB/sec,667 MHz,Radeon HD 7600G,"
01-Sep-2012 ",2560x1600,No
AMD,17 Watts,,128 Bit ,21.3GB/sec,667 MHz,Radeon HD 7400G,"
01-Sep-2012 ",2560x1600,No
AMD,17 Watts,,128 Bit ,21.3GB/sec,667 MHz,Radeon HD 7500G,"
01-May-2012 ",2560x1600,No
AMD,35 Watts,,128 Bit ,25.6GB/sec,800 MHz,Radeon HD 8550G,"
12-Mar-2013 ",2560x1600,No
AMD,,,128 Bit ,,,Radeon HD 8510G,"
01-May-2013 ",2560x1600,No
AMD,35 Watts,,128 Bit ,25.6GB/sec,800 MHz,Radeon HD 7520G,"
01-Jun-2012 ",2560x1600,No
AMD,35 Watts,,128 Bit ,25.6GB/sec,800 MHz,Radeon HD 7420G,"
01-Jun-2012 ",2560x1600,No
AMD,35 Watts,,128 Bit ,25.6GB/sec,800 MHz,Radeon HD 8350G,"
12-Mar-2013 ",,No
AMD,35 Watts,,128 Bit ,25.6GB/sec,800 MHz,Radeon HD 8450G,"
12-Mar-2013 ",2560x1600,No
AMD,,,,,,Mobility Radeon HD 4860,"
03-Mar-2009 ",,No
AMD,,,,,,Mobility Radeon HD 4830,"
03-Mar-2009 ",2560x1600,No
AMD,,,128 Bit ,,,Radeon HD 6480G,"
14-Jun-2011 ",,No
AMD,,1024 MB ,128 Bit ,25.6GB/sec,800 MHz,Mobility Radeon HD 4670 1GB,"
09-Jan-2009 ",2560x1600,No
AMD,12 Watts,512 MB ,64 Bit ,11.2GB/sec,700 MHz,Mobility Radeon HD 4550,"
01-Jan-2010 ",2560x1600,No
AMD,20 Watts,512 MB ,128 Bit ,25.6GB/sec,800 MHz,Mobility Radeon HD 4650,"
09-Jan-2009 ",2560x1600,No
AMD,55 Watts,1024 MB ,256 Bit ,54.4GB/sec,850 MHz,Mobility Radeon HD 4850,"
09-Jan-2009 ",2560x1600,No
AMD,10 Watts,512 MB ,64 Bit ,11.2GB/sec,700 MHz,Mobility Radeon HD 4530,"
09-Jan-2009 ",2560x1600,No
AMD,,1024 MB ,128 Bit ,22.4GB/sec,700 MHz,Mobility FireGL V5700,"
07-Jan-2008 ",,No
AMD,14 Watts,512 MB ,64 Bit ,12.8GB/sec,800 MHz,Mobility Radeon HD 4570,"
09-Jan-2009 ",2560x1600,No
AMD,29 Watts,512 MB ,128 Bit ,25.6GB/sec,800 MHz,Mobility Radeon HD 4670 512MB,"
09-Jan-2009 ",2560x1600,No
AMD,12 Watts,512 MB ,64 Bit ,9.6GB/sec,600 MHz,Mobility Radeon HD 4350,"
09-Jan-2009 ",2560x1600,No
AMD,,,128 Bit ,10.6GB/sec,330 MHz,Mobility FireGL V5250,"
01-Jan-2007 ",2048x1536,No
AMD,,,128 Bit ,15.2GB/sec,475 MHz,Mobility FireGL V5200,"
01-Dec-2006 ",2048x1536,No
AMD,,,128 Bit ,3.2GB/sec,200 MHz,Mobility FireGL T2,"
01-Nov-2003 ",2048x1536,No
AMD,,1024 MB ,128 Bit ,64GB/sec,1000 MHz,FirePro M7820,"
01-May-2010 ",,No
AMD,75 Watts,,256 Bit ,115.2GB/sec,900 MHz,FirePro M8900,"
12-Apr-2011 ",,No
AMD,,1024 MB ,128 Bit ,64GB/sec,1000 MHz,FirePro M7740,"
04-Aug-2009 ",2560x1600,No
AMD,30 Watts,1024 MB ,128 Bit ,57.6GB/sec,900 MHz,FirePro M5950,"
13-Apr-2011 ",,No
AMD,50 Watts,2048 MB ,128 Bit ,72GB/sec,1125 MHz,FirePro W4170M,"
28-Apr-2014 ",4096x2160,Yes
AMD,,1024 MB ,128 Bit ,51.2GB/sec,800 MHz,FirePro M5800 1GB DDR3,"
01-Mar-2010 ",,No
AMD,75 Watts,2048 MB ,128 Bit ,72GB/sec,1125 MHz,FirePro M6100,"
16-Oct-2013 ",4096x2160,Yes
AMD,50 Watts,2048 MB ,128 Bit ,72GB/sec,1125 MHz,FirePro M5100,"
16-Oct-2013 ",4096x2160,Yes
AMD,33 Watts,2048 MB ,128 Bit ,64GB/sec,1000 MHz,FirePro M4000,"
27-Jun-2012 ",4096x2160,Yes
AMD,,,128 Bit ,,,Mobility FireGL V3200,"
01-Dec-2004 ",2048x1536,No
AMD,7 Watts,512 MB ,64 Bit ,9.6GB/sec,600 MHz,Mobility Radeon HD 4330,"
09-Jan-2009 ",2560x1600,No
AMD,,128 MB ,128 Bit ,4GB/sec,250 MHz,Mobility Radeon 9600 Series,"
01-Mar-2003 ",2048x1536,No
AMD,20 Watts,,64 Bit ,14.4GB/sec,900 MHz,FirePro M3900,"
13-Apr-2011 ",,No
AMD,,64 MB ,128 Bit ,3.2GB/sec,200 MHz,Mobility Radeon 9200,"
01-Mar-2003 ",2048x1536,No
AMD,,128 MB ,128 Bit ,4.4GB/sec,275 MHz,Mobility Radeon 9700 Series,"
01-Feb-2004 ",2048x1536,No
AMD,,512 MB ,128 Bit ,,,Mobility Radeon HD 4250,"
01-May-2010 ",2560x1600,No
AMD,,,128 Bit ,,,Mobility Radeon HD 4270,"
01-May-2010 ",2560x1600,No
AMD,,256 MB ,128 Bit ,,,Mobility Radeon HD 4200,"
10-Sep-2009 ",2560x1600,No
AMD,,256 MB ,128 Bit ,24GB/sec,750 MHz,Mobility Radeon HD 2600 XT,"
14-May-2007 ",2560x1600,No
AMD,,64 MB ,128 Bit ,3.2GB/sec,200 MHz,Mobility Radeon 9000 64MB,"
01-Aug-2002 ",2048x1536,No
AMD,,256 MB ,128 Bit ,19.2GB/sec,600 MHz,Mobility Radeon HD 2600,"
14-May-2007 ",2560x1600,No
AMD,,256 MB ,128 Bit ,22.4GB/sec,700 MHz,Mobility Radeon HD 2700,"
12-Dec-2007 ",2560x1600,No
AMD,,128 MB ,128 Bit ,12.8GB/sec,400 MHz,Mobility Radeon HD 2300,"
01-Mar-2007 ",2560x1600,No
AMD,,256 MB ,64 Bit ,11.2GB/sec,700 MHz,Mobility Radeon HD 2400 XT,"
14-May-2007 ",2560x1600,No
AMD,55 Watts,512 MB ,256 Bit ,54.4GB/sec,850 MHz,Mobility Radeon HD 3870,"
04-Jun-2008 ",2560x1600,Yes
AMD,30 Watts,512 MB ,128 Bit ,25.6GB/sec,800 MHz,Mobility Radeon HD 3670,"
07-Jan-2008 ",2560x1600,No
AMD,30 Watts,512 MB ,128 Bit ,22.4GB/sec,700 MHz,Mobility Radeon HD 3650,"
07-Jan-2008 ",2560x1600,No
AMD,,256 MB ,64 Bit ,8GB/sec,500 MHz,Mobility Radeon HD 2400,"
14-May-2007 ",2560x1600,No
AMD,45 Watts,512 MB ,256 Bit ,48GB/sec,750 MHz,Mobility Radeon HD 3850,"
04-Jun-2008 ",2560x1600,No
AMD,12 Watts,256 MB ,64 Bit ,12.8GB/sec,800 MHz,Mobility Radeon HD 3470,"
07-Jan-2008 ",2560x1600,No
AMD,,256 MB ,64 Bit ,,,Mobility Radeon HD 3200,"
04-Jun-2008 ",2560x1600,No
AMD,10 Watts,256 MB ,64 Bit ,11.2GB/sec,700 MHz,Mobility Radeon HD 3430,"
25-Jul-2008 ",2560x1600,No
AMD,12 Watts,256 MB ,64 Bit ,11.2GB/sec,700 MHz,Mobility Radeon HD 3450,"
07-Jan-2008 ",2560x1600,No
AMD,8 Watts,256 MB ,64 Bit ,11.2GB/sec,700 MHz,Mobility Radeon HD 3410,"
25-Jul-2008 ",2560x1600,No
Nvidia,,,64 Bit ,,,GeForce 7150M nForce 630M,"
01-Jan-2006 ",,No
Nvidia,65 Watts,512 MB ,256 Bit ,51.2GB/sec,800 MHz,GeForce 8800M GTX,"
01-Nov-2007 ",2560x1600,Yes
Nvidia,130 Watts,2048 MB ,256 Bit ,204.8GB/sec,800 MHz,GeForce 8800M GTX SLI,"
01-Nov-2007 ",2560x1600,Yes
Nvidia,50 Watts,512 MB ,256 Bit ,51.2GB/sec,800 MHz,GeForce 8800M GTS,"
01-Nov-2007 ",2560x1600,No
Nvidia,89 Watts,256 MB ,256 Bit ,35.2GB/sec,550 MHz,GeForce Go 6800 ultra,"
01-Feb-2005 ",2048x1536,No
Nvidia,122 Watts,8192 MB ,256 Bit ,160GB/sec,1250 MHz,GeForce GTX 880M 8GB,"
12-Mar-2014 ",4096x2160,Yes
Nvidia,45 Watts,512 MB ,256 Bit ,38.4GB/sec,600 MHz,GeForce Go 7900 GTX,"
01-Apr-2006 ",2560x1600,Yes
Nvidia,,64 MB ,32 Bit ,2.8GB/sec,350 MHz,GeForce Go 7200,"
01-Sep-2006 ",2560x1600,No
Nvidia,65 Watts,512 MB ,256 Bit ,35.2GB/sec,550 MHz,GeForce Go 7800 GTX,"
01-Oct-2005 ",2560x1600,Yes
Nvidia,45 Watts,512 MB ,256 Bit ,44.8GB/sec,700 MHz,GeForce Go 7950 GTX,"
01-Oct-2006 ",2560x1600,Yes
Nvidia,200 Watts,16384 MB ,256 Bit ,320GB/sec,1250 MHz,GeForce GTX 880M SLI,"
12-Mar-2014 ",4096x2160,Yes
Nvidia,200 Watts,4096 MB ,256 Bit ,192GB/sec,750 MHz,GeForce GTX 485M SLI,"
01-Jan-2011 ",2560x1600,Yes
Nvidia,122 Watts,4096 MB ,256 Bit ,160GB/sec,1250 MHz,GeForce GTX 880M 4GB,"
12-Mar-2014 ",4096x2160,Yes
Nvidia,20 Watts,512 MB ,256 Bit ,32GB/sec,500 MHz,GeForce Go 7900 GS,"
01-Apr-2006 ",2560x1600,Yes
Nvidia,60 Watts,1024 MB ,256 Bit ,51.2GB/sec,800 MHz,GeForce GTS 160M,"
02-Mar-2009 ",2560x1600,Yes
Nvidia,200 Watts,4096 MB ,256 Bit ,192GB/sec,750 MHz,GeForce GTX 580M SLI,"
01-Jun-2011 ",2560x1600,Yes
Nvidia,150 Watts,3072 MB ,192 Bit ,120GB/sec,625 MHz,GeForce GTX 560M SLI,"
01-May-2011 ",2560x1600,Yes
Nvidia,75 Watts,1536 MB ,192 Bit ,72GB/sec,750 MHz,GeForce GTX 570M,"
28-Jun-2011 ",2560x1600,Yes
Nvidia,35 Watts,3072 MB ,192 Bit ,43.2GB/sec,900 MHz,GeForce GT 555M 3GB,"
05-Jan-2011 ",2560x1600,No
Nvidia,100 Watts,2048 MB ,256 Bit ,96GB/sec,750 MHz,GeForce GTX 580M,"
28-Jun-2011 ",2560x1600,Yes
Nvidia,35 Watts,1024 MB ,128 Bit ,50.2GB/sec,784 MHz,GeForce GT 555M v2,"
15-Jun-2011 ",2560x1600,No
Nvidia,75 Watts,1536 MB ,192 Bit ,60GB/sec,625 MHz,GeForce GTX 560M,"
30-May-2011 ",2560x1600,Yes
Nvidia,35 Watts,2048 MB ,128 Bit ,28.8GB/sec,900 MHz,GeForce GT 555M v3,"
26-Mar-2012 ",2560x1600,No
Nvidia,35 Watts,2048 MB ,128 Bit ,28.8GB/sec,900 MHz,GeForce GT 550M 2GB,"
06-Jan-2011 ",2560x1600,No
Nvidia,35 Watts,1024 MB ,128 Bit ,28.8GB/sec,900 MHz,GeForce GT 540M,"
06-Jan-2011 ",2560x1600,No
Nvidia,35 Watts,1536 MB ,192 Bit ,43.2GB/sec,900 MHz,GeForce GT 555M,"
05-Jan-2011 ",2560x1600,No
Nvidia,35 Watts,2048 MB ,128 Bit ,28.8GB/sec,900 MHz,GeForce GT 540M 2GB,"
01-Jan-2011 ",2560x1600,No
Nvidia,35 Watts,1024 MB ,128 Bit ,28.8GB/sec,900 MHz,GeForce GT 550M,"
05-Jan-2011 ",2560x1600,No
Nvidia,23 Watts,1024 MB ,128 Bit ,28.8GB/sec,900 MHz,GeForce GT 525M,"
05-Jan-2011 ",2560x1600,No
Nvidia,25 Watts,2048 MB ,128 Bit ,28.8GB/sec,900 MHz,GeForce GT 525M 2GB,"
01-Jan-2011 ",2560x1600,No
Nvidia,12 Watts,1024 MB ,64 Bit ,12.8GB/sec,800 MHz,GeForce GT 520M v2,"
05-Jan-2011 ",2560x1600,No
Nvidia,12 Watts,1024 MB ,64 Bit ,12.8GB/sec,800 MHz,GeForce GT 520M,"
05-Jan-2011 ",2560x1600,No
Nvidia,75 Watts,1024 MB ,256 Bit ,60.8GB/sec,950 MHz,GeForce GTX 280M,"
01-Mar-2009 ",2560x1600,Yes
Nvidia,75 Watts,1024 MB ,256 Bit ,64GB/sec,1000 MHz,GeForce GTX 285M,"
01-Feb-2010 ",2560x1600,Yes
Nvidia,20 Watts,1024 MB ,64 Bit ,14.4GB/sec,900 MHz,GeForce GT 520MX,"
30-May-2011 ",2560x1600,No
Nvidia,65 Watts,1024 MB ,256 Bit ,60.8GB/sec,950 MHz,GeForce GTX 260M,"
01-Mar-2009 ",2560x1600,Yes
Nvidia,130 Watts,2048 MB ,256 Bit ,121.6GB/sec,950 MHz,GeForce GTX 260M SLI,"
01-Mar-2009 ",2560x1600,Yes
Nvidia,38 Watts,1024 MB ,128 Bit ,57.6GB/sec,900 MHz,GeForce GTS 260M,"
01-Jun-2009 ",2560x1600,Yes
Nvidia,28 Watts,1024 MB ,128 Bit ,51.2GB/sec,800 MHz,GeForce GTS 250M,"
01-Jun-2009 ",2560x1600,Yes
Nvidia,150 Watts,2048 MB ,256 Bit ,121.6GB/sec,950 MHz,GeForce GTX 280M SLI,"
01-Mar-2009 ",2560x1600,Yes
Nvidia,150 Watts,8192 MB ,256 Bit ,256.3GB/sec,2002 MHz,GeForce GTX 1070M,"
01-Sep-2016 ",7680x4320,No
Nvidia,75 Watts,4096 MB ,128 Bit ,112.1GB/sec,1752 MHz,GeForce GTX 1050M Ti 4GB,"
18-Oct-2016 ",7680x4320,No
Nvidia,23 Watts,1024 MB ,128 Bit ,25.6GB/sec,800 MHz,GeForce GT 240M,"
01-Jun-2009 ",2560x1600,No
Nvidia,220 Watts,11264 MB ,352 Bit ,484.4GB/sec,1376 MHz,GeForce GTX 1080 Ti Mobile,"
05-Mar-2017 ",7680x4320,Yes
Nvidia,75 Watts,2048 MB ,128 Bit ,112.1GB/sec,1752 MHz,GeForce GTX 1050M,"
01-Nov-2016 ",7680x4320,No
Nvidia,14 Watts,512 MB ,64 Bit ,12.8GB/sec,800 MHz,GeForce G 210M,"
02-Jan-2009 ",2560x1600,No
Nvidia,23 Watts,1024 MB ,128 Bit ,25.6GB/sec,800 MHz,GeForce GT 230M,"
15-Jun-2009 ",2560x1600,No
Nvidia,120 Watts,6144 MB ,192 Bit ,192.2GB/sec,2002 MHz,GeForce GTX 1060M,"
01-Sep-2016 ",7680x4320,No
Nvidia,150 Watts,2048 MB ,128 Bit ,65.3GB/sec,1020 MHz,GeForce GTX 285M SLI,"
01-Feb-2010 ",2560x1600,Yes
Nvidia,23 Watts,1024 MB ,128 Bit ,25.6GB/sec,800 MHz,GeForce GT 130M,"
08-Jan-2009 ",2560x1600,Yes
Nvidia,45 Watts,1024 MB ,256 Bit ,64GB/sec,1000 MHz,GeForce GTS 150M,"
02-Mar-2009 ",2560x1600,Yes
Nvidia,12 Watts,,64 Bit ,6.4GB/sec,400 MHz,GeForce G 205M,"
01-Jan-2010 ",,No
Nvidia,14 Watts,1024 MB ,128 Bit ,25.6GB/sec,800 MHz,GeForce GT 220M,"
16-Aug-2009 ",2560x1600,No
Nvidia,14 Watts,512 MB ,64 Bit ,8GB/sec,500 MHz,GeForce G 103M,"
01-Sep-2009 ",2560x1600,No
Nvidia,14 Watts,512 MB ,64 Bit ,11.2GB/sec,700 MHz,GeForce G 105M,"
08-Jan-2009 ",2560x1600,No
Nvidia,14 Watts,,64 Bit ,6.4GB/sec,400 MHz,GeForce G 102M,"
03-Mar-2009 ",2560x1600,No
Nvidia,23 Watts,1024 MB ,128 Bit ,,,GeForce GT 120M,"
11-Feb-2009 ",2560x1600,No
Nvidia,100 Watts,2048 MB ,256 Bit ,96GB/sec,750 MHz,GeForce GTX 485M,"
05-Jan-2011 ",2560x1600,Yes
Nvidia,100 Watts,2048 MB ,256 Bit ,76.8GB/sec,600 MHz,GeForce GTX 480M,"
25-May-2010 ",2560x1600,Yes
Nvidia,200 Watts,4096 MB ,256 Bit ,153.6GB/sec,600 MHz,GeForce GTX 480M SLI,"
01-May-2010 ",2560x1600,Yes
Nvidia,150 Watts,3072 MB ,192 Bit ,120GB/sec,625 MHz,GeForce GTX 470M SLI,"
01-Sep-2010 ",2560x1600,Yes
Nvidia,75 Watts,1536 MB ,192 Bit ,60GB/sec,625 MHz,GeForce GTX 470M,"
03-Sep-2010 ",2560x1600,Yes
Nvidia,35 Watts,1024 MB ,128 Bit ,40GB/sec,625 MHz,GeForce GT 445M v2,"
03-Sep-2010 ",2560x1600,No
Nvidia,14 Watts,1024 MB ,64 Bit ,11.2GB/sec,700 MHz,GeForce G 110M,"
08-Jan-2009 ",2560x1600,No
Nvidia,35 Watts,3072 MB ,192 Bit ,38.4GB/sec,800 MHz,GeForce GT 445M,"
03-Sep-2010 ",2560x1600,No
Nvidia,100 Watts,3072 MB ,192 Bit ,120GB/sec,625 MHz,GeForce GTX 460M SLI,"
01-Sep-2010 ",2560x1600,Yes
Nvidia,35 Watts,1024 MB ,128 Bit ,25.6GB/sec,800 MHz,GeForce GT 435M v2,"
15-Jan-2011 ",2560x1600,No
Nvidia,35 Watts,1024 MB ,128 Bit ,25.6GB/sec,800 MHz,GeForce GT 435M,"
03-Sep-2010 ",2560x1600,No
Nvidia,23 Watts,1024 MB ,128 Bit ,25.6GB/sec,800 MHz,GeForce GT 425M,"
03-Sep-2010 ",1600x1200,No
Nvidia,50 Watts,1536 MB ,192 Bit ,60GB/sec,625 MHz,GeForce GTX 460M,"
03-Sep-2010 ",2560x1600,Yes
Nvidia,100 Watts,6144 MB ,192 Bit ,120GB/sec,1250 MHz,GeForce GTX 870M 6GB,"
12-Mar-2014 ",4096x2160,Yes
Nvidia,180 Watts,8192 MB ,256 Bit ,320.3GB/sec,1251 MHz,GeForce GTX 1080M,"
01-Sep-2016 ",7680x4320,No
Nvidia,12 Watts,1024 MB ,64 Bit ,12.8GB/sec,800 MHz,GeForce 410M,"
05-Jan-2011 ",2560x1600,No
Nvidia,23 Watts,512 MB ,128 Bit ,25.6GB/sec,800 MHz,GeForce GT 420M,"
03-Sep-2010 ",2560x1600,No
Nvidia,12 Watts,512 MB ,128 Bit ,25.6GB/sec,800 MHz,GeForce GT 415M,"
03-Sep-2010 ",2560x1600,No
Nvidia,50 Watts,4096 MB ,128 Bit ,80GB/sec,1250 MHz,GeForce GTX 860M 4GB,"
12-Mar-2014 ",4096x2160,No
Nvidia,14 Watts,512 MB ,64 Bit ,12.8GB/sec,800 MHz,Geforce 405M,"
10-May-2012 ",2560x1600,No
Nvidia,45 Watts,2048 MB ,128 Bit ,80.2GB/sec,1253 MHz,GeForce GTX 850M v2 2GB,"
12-Mar-2014 ",4096x2160,No
Nvidia,45 Watts,4096 MB ,128 Bit ,32GB/sec,1000 MHz,GeForce GTX 850M 4GB,"
12-Mar-2014 ",4096x2160,Yes
Nvidia,120 Watts,4096 MB ,128 Bit ,160.4GB/sec,1253 MHz,GeForce GTX 860M 2GB SLI,"
12-Mar-2014 ",4096x2160,Yes
Nvidia,33 Watts,2048 MB ,64 Bit ,16GB/sec,1001 MHz,GeForce 840M 4GB,"
12-Mar-2014 ",4096x2160,No
Nvidia,38 Watts,1024 MB ,128 Bit ,57.6GB/sec,900 MHz,GeForce GTS 360M,"
07-Jan-2010 ",2560x1600,Yes
Nvidia,15 Watts,2048 MB ,64 Bit ,14.4GB/sec,900 MHz,GeForce 820M 2GB,"
27-Nov-2013 ",2560x1600,No
Nvidia,28 Watts,1024 MB ,128 Bit ,51.2GB/sec,800 MHz,GeForce GTS 350M,"
07-Jan-2010 ",2560x1600,Yes
Nvidia,28 Watts,1024 MB ,128 Bit ,34.1GB/sec,1066 MHz,GeForce GT 335M,"
07-Jan-2010 ",2560x1600,Yes
Nvidia,33 Watts,2048 MB ,64 Bit ,16GB/sec,1001 MHz,GeForce 840M 2GB,"
12-Mar-2014 ",4096x2160,No
Nvidia,23 Watts,1024 MB ,128 Bit ,34.1GB/sec,1066 MHz,GeForce GT 330M,"
10-Jan-2010 ",2560x1600,No
Nvidia,23 Watts,1024 MB ,128 Bit ,34.1GB/sec,1066 MHz,GeForce GT 325M,"
10-Jan-2010 ",2560x1600,No
Nvidia,33 Watts,2048 MB ,64 Bit ,14.4GB/sec,900 MHz,GeForce 825M 2GB,"
27-Jan-2014 ",4096x2160,No
Nvidia,23 Watts,,128 Bit ,21.3GB/sec,667 MHz,GeForce 320M,"
01-Apr-2010 ",2560x1600,No
Nvidia,14 Watts,1024 MB ,128 Bit ,25.3GB/sec,790 MHz,GeForce GT 320M,"
21-Jan-2010 ",2560x1600,No
Nvidia,45 Watts,2048 MB ,128 Bit ,32GB/sec,1000 MHz,GeForce GTX 850M 2GB,"
12-Mar-2014 ",4096x2160,Yes
Nvidia,14 Watts,512 MB ,64 Bit ,12.6GB/sec,790 MHz,GeForce 310M,"
10-Jan-2010 ",2560x1600,No
Nvidia,14 Watts,512 MB ,64 Bit ,12.6GB/sec,790 MHz,GeForce 315M,"
05-Jan-2011 ",2560x1600,No
Nvidia,100 Watts,3072 MB ,192 Bit ,120GB/sec,1250 MHz,GeForce GTX 870M 3GB,"
12-Mar-2014 ",4096x2160,Yes
Nvidia,15 Watts,1024 MB ,64 Bit ,14.4GB/sec,900 MHz,GeForce 820M 1GB,"
27-Nov-2013 ",2560x1600,No
Nvidia,14 Watts,512 MB ,64 Bit ,11.2GB/sec,700 MHz,GeForce 305M,"
10-Jan-2010 ",2560x1600,Yes
Nvidia,100 Watts,1024 MB ,256 Bit ,160GB/sec,1250 MHz,GeForce GTX 675MX Mac Edition,"
01-Apr-2013 ",4096x2160,Yes
Nvidia,100 Watts,4096 MB ,256 Bit ,115.2GB/sec,900 MHz,GeForce GTX 680M,"
05-Jun-2012 ",4096x2160,Yes
Nvidia,100 Watts,2048 MB ,256 Bit ,115.2GB/sec,900 MHz,GeForce GTX 675MX,"
01-Oct-2012 ",4096x2160,Yes
Nvidia,122 Watts,2048 MB ,256 Bit ,160GB/sec,1250 MHz,GeForce GTX 680MX,"
23-Oct-2012 ",4096x2160,Yes
Nvidia,200 Watts,4096 MB ,256 Bit ,230.4GB/sec,900 MHz,GeForce GTX 680M SLI,"
01-Jun-2012 ",4096x2160,Yes
Nvidia,100 Watts,2048 MB ,256 Bit ,96GB/sec,750 MHz,GeForce GTX 675M,"
22-Mar-2012 ",2560x1600,Yes
Nvidia,200 Watts,4096 MB ,256 Bit ,192GB/sec,750 MHz,GeForce GTX 675M SLI,"
22-Mar-2012 ",2560x1600,Yes
Nvidia,60 Watts,2048 MB ,128 Bit ,80.2GB/sec,1253 MHz,GeForce GTX 860M 2GB,"
12-Mar-2014 ",4096x2160,Yes
Nvidia,150 Watts,6144 MB ,192 Bit ,134.4GB/sec,700 MHz,GeForce GTX 670MX SLI,"
01-Oct-2012 ",4096x2160,Yes
Nvidia,14 Watts,1024 MB ,64 Bit ,10.7GB/sec,667 MHz,GeForce 310M v2,"
10-Jan-2010 ",2560x1600,No
Nvidia,75 Watts,1536 MB ,192 Bit ,72GB/sec,750 MHz,GeForce GTX 670M,"
22-Mar-2012 ",2560x1600,Yes
Nvidia,75 Watts,3072 MB ,192 Bit ,72GB/sec,750 MHz,GeForce GTX 670M 3GB,"
01-Mar-2012 ",2560x1600,Yes
Nvidia,75 Watts,3072 MB ,192 Bit ,67.2GB/sec,700 MHz,GeForce GTX 670MX,"
01-Oct-2012 ",4096x2160,Yes
Nvidia,50 Watts,2048 MB ,128 Bit ,64GB/sec,1000 MHz,GeForce GTX 660M,"
22-Mar-2012 ",4096x2160,Yes
Nvidia,90 Watts,4096 MB ,128 Bit ,128GB/sec,1000 MHz,GeForce GT 650M v2 SLI,"
22-Mar-2012 ",4096x2160,Yes
Nvidia,45 Watts,1024 MB ,128 Bit ,80.3GB/sec,1254 MHz,GeForce GT 650M Mac 1GB Edition,"
12-Jul-2012 ",4096x2160,Yes
Nvidia,32 Watts,2048 MB ,128 Bit ,28.8GB/sec,900 MHz,GeForce GT 645M,"
01-Oct-2012 ",4096x2160,No
Nvidia,32 Watts,2048 MB ,128 Bit ,50.2GB/sec,785 MHz,GeForce GT 640M LE v2,"
05-May-2012 ",2560x1600,No
Nvidia,20 Watts,1024 MB ,128 Bit ,28.8GB/sec,900 MHz,GeForce GT 640M LE,"
22-Mar-2012 ",4096x2160,No
Nvidia,45 Watts,1024 MB ,128 Bit ,28.8GB/sec,900 MHz,GeForce GT 650M,"
22-Mar-2012 ",4096x2160,No
Nvidia,32 Watts,2048 MB ,128 Bit ,28.8GB/sec,900 MHz,GeForce GT 640M,"
22-Mar-2012 ",4096x2160,No
Nvidia,35 Watts,2048 MB ,128 Bit ,28.8GB/sec,900 MHz,GeForce GT 635M v3,"
06-Mar-2012 ",2560x1600,No
Nvidia,33 Watts,1024 MB ,128 Bit ,28.8GB/sec,900 MHz,GeForce GT 635M v2,"
22-Mar-2012 ",2560x1600,No
Nvidia,33 Watts,1024 MB ,128 Bit ,28.8GB/sec,900 MHz,GeForce GT 630M,"
22-Mar-2012 ",2560x1600,No
Nvidia,15 Watts,2048 MB ,64 Bit ,14.4GB/sec,900 MHz,GeForce GT 625M,"
01-Oct-2012 ",2560x1600,No
Nvidia,25 Watts,1024 MB ,128 Bit ,28.8GB/sec,900 MHz,GeForce GT 620M v2,"
23-Aug-2012 ",2560x1600,No
Nvidia,35 Watts,2048 MB ,128 Bit ,28.8GB/sec,900 MHz,GeForce GT 630M v3,"
22-Mar-2012 ",2560x1600,No
Nvidia,15 Watts,1024 MB ,64 Bit ,14.4GB/sec,900 MHz,GeForce GT 620M,"
22-Mar-2012 ",2560x1600,No
Nvidia,20 Watts,2048 MB ,64 Bit ,12.8GB/sec,800 MHz,GeForce 610M v5,"
07-Dec-2011 ",2560x1600,No
Nvidia,33 Watts,2048 MB ,128 Bit ,57.6GB/sec,900 MHz,GeForce GT 630M v2,"
22-Mar-2012 ",2560x1600,No
Nvidia,25 Watts,2048 MB ,64 Bit ,14.4GB/sec,900 MHz,GeForce 830M 2GB,"
12-Mar-2014 ",4096x2160,No
Nvidia,20 Watts,1024 MB ,64 Bit ,14.4GB/sec,900 MHz,GeForce 610M v4,"
01-Dec-2011 ",2560x1600,No
Nvidia,12 Watts,1024 MB ,64 Bit ,14.4GB/sec,900 MHz,GeForce 610M v3,"
01-Dec-2011 ",2560x1600,No
Nvidia,12 Watts,1024 MB ,64 Bit ,14.4GB/sec,900 MHz,GeForce 610M v2,"
01-Dec-2011 ",2560x1600,No
Nvidia,200 Watts,8192 MB ,256 Bit ,320GB/sec,1250 MHz,GeForce GTX 780M SLI,"
30-May-2013 ",4096x2160,Yes
Nvidia,122 Watts,4096 MB ,256 Bit ,160GB/sec,1250 MHz,GeForce GTX 780M,"
30-May-2013 ",4096x2160,Yes
Nvidia,150 Watts,4096 MB ,192 Bit ,192GB/sec,1000 MHz,GeForce GTX 770M SLI,"
30-May-2013 ",4096x2160,Yes
Nvidia,75 Watts,3072 MB ,192 Bit ,96.2GB/sec,1002 MHz,GeForce GTX 770M,"
30-May-2013 ",4096x2160,Yes
Nvidia,35 Watts,2048 MB ,128 Bit ,28.8GB/sec,900 MHz,GeForce GT 635M,"
06-Mar-2012 ",2560x1600,No
Nvidia,125 Watts,4096 MB ,128 Bit ,128GB/sec,1000 MHz,GeForce GTX 765M SLI,"
30-May-2013 ",4096x2160,Yes
Nvidia,100 Watts,2048 MB ,256 Bit ,115.2GB/sec,900 MHz,GeForce GTX 775M Mac Edition,"
08-Nov-2013 ",4096x2160,Yes
Nvidia,100 Watts,4096 MB ,128 Bit ,128GB/sec,1000 MHz,GeForce GTX 760M SLI,"
30-May-2013 ",4096x2160,Yes
Nvidia,65 Watts,2048 MB ,128 Bit ,64.1GB/sec,1002 MHz,GeForce GTX 765M,"
30-May-2013 ",4096x2160,Yes
Nvidia,100 Watts,4096 MB ,128 Bit ,172.8GB/sec,1350 MHz,GeForce GT 755M SLI,"
25-Jun-2013 ",4096x2160,Yes
Nvidia,55 Watts,2048 MB ,128 Bit ,64.1GB/sec,1002 MHz,GeForce GTX 760M,"
30-May-2013 ",4096x2160,Yes
Nvidia,50 Watts,2048 MB ,128 Bit ,28.8GB/sec,900 MHz,GeForce GT 750M v3,"
09-Jan-2013 ",4096x2160,Yes
Nvidia,50 Watts,2048 MB ,128 Bit ,80.2GB/sec,1253 MHz,GeForce GT 750M Mac Edition,"
08-Nov-2013 ",4096x2160,Yes
Nvidia,80 Watts,4096 MB ,128 Bit ,160GB/sec,1250 MHz,GeForce GT 750M SLI,"
01-Apr-2013 ",4096x2160,Yes
Nvidia,50 Watts,2048 MB ,128 Bit ,28.8GB/sec,900 MHz,GeForce GT 750M,"
09-Jan-2013 ",4096x2160,Yes
Nvidia,50 Watts,2048 MB ,128 Bit ,64GB/sec,1000 MHz,GeForce GT 750M 2GB GDDR5,"
09-Jan-2013 ",4096x2160,No
Nvidia,45 Watts,2048 MB ,128 Bit ,28.8GB/sec,900 MHz,GeForce GT 745M v2,"
01-Apr-2013 ",4096x2160,No
Nvidia,45 Watts,2048 MB ,128 Bit ,28.8GB/sec,900 MHz,GeForce GT 740M v2,"
01-Apr-2013 ",4096x2160,No
Nvidia,45 Watts,2048 MB ,128 Bit ,28.8GB/sec,900 MHz,GeForce GT 745M,"
01-Apr-2013 ",4096x2160,No
Nvidia,50 Watts,2048 MB ,128 Bit ,86.4GB/sec,1350 MHz,GeForce GT 755M,"
25-Jun-2013 ",4096x2160,No
Nvidia,33 Watts,2048 MB ,64 Bit ,14.4GB/sec,900 MHz,GeForce GT 740M 64-bit Edition,"
20-Jun-2013 ",4096x2160,Yes
Nvidia,45 Watts,2048 MB ,128 Bit ,28.8GB/sec,900 MHz,GeForce GT 740M,"
01-Apr-2013 ",4096x2160,No
Nvidia,33 Watts,2048 MB ,128 Bit ,28.8GB/sec,900 MHz,GeForce GT 730M v2,"
06-Mar-2014 ",4096x2160,No
Nvidia,33 Watts,2048 MB ,128 Bit ,28.8GB/sec,900 MHz,GeForce GT 730M,"
20-Jan-2013 ",4096x2160,No
Nvidia,33 Watts,2048 MB ,64 Bit ,14.4GB/sec,900 MHz,GeForce GT 720M 2GB,"
01-Apr-2013 ",2560x1600,No
Nvidia,17 Watts,2048 MB ,64 Bit ,14.4GB/sec,900 MHz,GeForce GT 735M,"
01-Apr-2013 ",4096x2160,No
Nvidia,15 Watts,1024 MB ,64 Bit ,14.4GB/sec,900 MHz,GeForce 710M,"
09-Jan-2013 ",2560x1600,No
Nvidia,33 Watts,1024 MB ,64 Bit ,14.4GB/sec,900 MHz,GeForce GT 720M,"
01-Apr-2013 ",2560x1600,No
Nvidia,45 Watts,2048 MB ,128 Bit ,64GB/sec,1000 MHz,GeForce GT 650M v2,"
22-Mar-2012 ",4096x2160,Yes
Nvidia,200 Watts,16384 MB ,256 Bit ,320.8GB/sec,1253 MHz,GeForce GTX 980M 8GB SLI,"
07-Oct-2014 ",4096x2160,Yes
Nvidia,122 Watts,8192 MB ,256 Bit ,160.4GB/sec,1253 MHz,GeForce GTX 980MX 8GB,"
01-Jun-2016 ",4096x2160,Yes
Nvidia,100 Watts,8192 MB ,256 Bit ,160.4GB/sec,1253 MHz,GeForce GTX 980M 8GB,"
07-Oct-2014 ",4096x2160,Yes
Nvidia,100 Watts,4096 MB ,256 Bit ,160.4GB/sec,1253 MHz,GeForce GTX 980M 4GB,"
07-Oct-2014 ",4096x2160,Yes
Nvidia,75 Watts,3072 MB ,192 Bit ,120.3GB/sec,1253 MHz,GeForce GTX 970MX 3GB,"
01-Jun-2016 ",4096x2160,Yes
Nvidia,150 Watts,12288 MB ,192 Bit ,240.6GB/sec,1253 MHz,GeForce GTX 970M 6GB SLI,"
07-Oct-2014 ",4096x2160,Yes
Nvidia,81 Watts,3072 MB ,192 Bit ,120.3GB/sec,1253 MHz,GeForce GTX 970M 3GB,"
07-Oct-2014 ",4096x2160,Yes
Nvidia,81 Watts,6144 MB ,192 Bit ,120.3GB/sec,1253 MHz,GeForce GTX 970M 6GB,"
07-Oct-2014 ",4096x2160,Yes
Nvidia,100 Watts,4096 MB ,128 Bit ,160GB/sec,1250 MHz,GeForce GTX 965M 4GB SLI,"
07-Jan-2015 ",4096x2160,Yes
Nvidia,165 Watts,4096 MB ,256 Bit ,224GB/sec,1750 MHz,GeForce GTX 980 4GB,"
22-Sep-2015 ",4096x2160,Yes
Nvidia,50 Watts,4096 MB ,128 Bit ,80.2GB/sec,1253 MHz,GeForce GTX 960M 4GB,"
12-Mar-2015 ",4096x2160,Yes
Nvidia,50 Watts,4096 MB ,128 Bit ,80GB/sec,1250 MHz,GeForce GTX 965M 4GB,"
07-Jan-2015 ",4096x2160,Yes
Nvidia,50 Watts,2048 MB ,128 Bit ,80.2GB/sec,1253 MHz,GeForce GTX 960M 2GB,"
12-Mar-2015 ",4096x2160,No
Nvidia,20 Watts,1024 MB ,64 Bit ,14.4GB/sec,900 MHz,GeForce 610M,"
01-Dec-2011 ",2560x1600,No
Nvidia,50 Watts,2048 MB ,128 Bit ,32GB/sec,1000 MHz,GeForce GTX 950M v2 2GB,"
12-Mar-2015 ",4096x2160,No
Nvidia,25 Watts,2048 MB ,64 Bit ,16GB/sec,1001 MHz,GeForce 940MX 2GB,"
01-Mar-2016 ",4096x2160,No
Nvidia,40 Watts,2048 MB ,128 Bit ,32GB/sec,1000 MHz,GeForce 945M 2GB,"
27-Oct-2015 ",4096x2160,No
Nvidia,50 Watts,4096 MB ,128 Bit ,28.8GB/sec,900 MHz,GeForce GTX 950M v2 4GB,"
12-Mar-2015 ",4096x2160,No
Nvidia,70 Watts,2048 MB ,128 Bit ,80GB/sec,1250 MHz,GeForce GTX 965M 2GB,"
07-Jan-2015 ",4096x2160,Yes
Nvidia,15 Watts,1024 MB ,64 Bit ,14.4GB/sec,900 MHz,GeForce 705M 1GB,"
01-Jun-2013 ",2560x1600,No
Nvidia,25 Watts,2048 MB ,64 Bit ,40GB/sec,1250 MHz,GeForce 930MX 2GB,"
01-Mar-2016 ",4096x2160,No
Nvidia,50 Watts,2048 MB ,128 Bit ,80GB/sec,1250 MHz,GeForce GTX 950M 2GB,"
12-Mar-2015 ",4096x2160,Yes
Nvidia,30 Watts,2048 MB ,64 Bit ,16GB/sec,1000 MHz,GeForce 940M 2GB,"
13-Mar-2015 ",4096x2160,No
Nvidia,25 Watts,2048 MB ,64 Bit ,36GB/sec,1125 MHz,GeForce 920MX 2GB,"
01-Mar-2016 ",4096x2160,No
Nvidia,25 Watts,2048 MB ,64 Bit ,14.4GB/sec,900 MHz,GeForce 930M 2GB,"
13-Mar-2015 ",4096x2160,No
Nvidia,25 Watts,4096 MB ,64 Bit ,16GB/sec,1000 MHz,GeForce 940M 4GB,"
13-Mar-2015 ",4096x2160,No
Nvidia,25 Watts,4096 MB ,64 Bit ,14.4GB/sec,900 MHz,GeForce 920M 4GB,"
13-Mar-2015 ",4096x2160,No
Nvidia,25 Watts,2048 MB ,64 Bit ,14.4GB/sec,900 MHz,GeForce 910M 2GB,"
27-Jul-2015 ",4096x2160,No
Nvidia,25 Watts,2048 MB ,64 Bit ,14.4GB/sec,900 MHz,GeForce 920M 2GB,"
13-Mar-2015 ",4096x2160,No
Nvidia,35 Watts,256 MB ,256 Bit ,35.2GB/sec,550 MHz,GeForce Go 7800,"
01-Mar-2006 ",2560x1600,No
Nvidia,,512 MB ,128 Bit ,16GB/sec,500 MHz,GeForce Go 7700,"
02-Jan-2006 ",2560x1600,No
Nvidia,,64 MB ,64 Bit ,11.2GB/sec,700 MHz,GeForce Go 7300,"
01-Feb-2006 ",2560x1600,No
Nvidia,,256 MB ,128 Bit ,19.2GB/sec,600 MHz,GeForce Go 7600 GT,"
02-Aug-2006 ",2560x1600,No
Nvidia,25 Watts,1024 MB ,64 Bit ,14.4GB/sec,900 MHz,GeForce 920M 1GB,"
13-Mar-2015 ",4096x2160,No
Nvidia,,128 MB ,64 Bit ,7.2GB/sec,450 MHz,GeForce Go 7400,"
01-Feb-2006 ",2560x1600,No
Nvidia,,256 MB ,128 Bit ,17.6GB/sec,550 MHz,GeForce Go 6800,"
25-Feb-2005 ",,No
Nvidia,,256 MB ,128 Bit ,9.6GB/sec,300 MHz,GeForce Go 6600,"
29-Sep-2005 ",,No
Nvidia,,512 MB ,128 Bit ,12.2GB/sec,380 MHz,GeForce Go 7600 512MB DDR2,"
01-Mar-2006 ",2560x1600,No
Nvidia,,32 MB ,64 Bit ,2.8GB/sec,350 MHz,GeForce Go 6400,"
01-Feb-2006 ",,No
Nvidia,,,,,,GeForce Go 6150,"
01-Feb-2006 ",,No
Nvidia,,,,,,GeForce Go 6100,"
01-Feb-2006 ",,No
Nvidia,10 Watts,32 MB ,64 Bit ,2.4GB/sec,300 MHz,GeForce Go 6200,"
01-Feb-2006 ",,No
Nvidia,,,,,,GeForce 8800M GT,"
01-Nov-2007 ",2560x1600,No
Nvidia,,320 MB ,,,,GeForce 8800M GS,"
01-Nov-2007 ",2560x1600,No
Nvidia,,256 MB ,128 Bit ,16GB/sec,500 MHz,GeForce Go 7600,"
01-Mar-2006 ",2560x1600,No
Nvidia,29 Watts,,128 Bit ,25.6GB/sec,800 MHz,GeForce 8700M GT,"
01-Jun-2007 ",2560x1600,Yes
Nvidia,29 Watts,256 MB ,128 Bit ,25.6GB/sec,800 MHz,GeForce 8700M GT 256MB,"
01-Jun-2007 ",2560x1600,Yes
Nvidia,20 Watts,512 MB ,128 Bit ,22.4GB/sec,700 MHz,GeForce 8600M GT 512MB,"
01-Jun-2007 ",2560x1600,Yes
Nvidia,20 Watts,256 MB ,128 Bit ,22.4GB/sec,700 MHz,GeForce 8600M GT,"
01-Jun-2007 ",2560x1600,Yes
Nvidia,11 Watts,256 MB ,64 Bit ,9.6GB/sec,600 MHz,GeForce 8400M GS,"
01-May-2007 ",2560x1600,No
Nvidia,18 Watts,512 MB ,128 Bit ,22.4GB/sec,700 MHz,GeForce 8600M GS,"
01-Jun-2007 ",2560x1600,No
Nvidia,10 Watts,256 MB ,64 Bit ,9.6GB/sec,600 MHz,GeForce 8400M G,"
01-May-2007 ",2560x1600,No
Nvidia,,,,,,GeForce 7000M/nForce 610M,"
01-Feb-2006 ",2560x1600,No
Nvidia,,,128 Bit ,,,GeForce 8200M G,"
01-Jun-2008 ",2560x1600,No
Nvidia,14 Watts,512 MB ,128 Bit ,19.2GB/sec,600 MHz,GeForce 8400M GT,"
01-May-2007 ",2560x1600,No
Intel,65 Watts,,128 Bit ,12.8GB/sec,800 MHz,Iris i5 5675C,"
02-Jun-2015 ",2560x1600,No
Intel,,,128 Bit ,21.3GB/sec,667 MHz,HD Xeon E3-1235,"
01-Apr-2011 ",,No
Intel,73 Watts,,64 Bit ,10.7GB/sec,667 MHz,HD i5 K655,"
30-May-2010 ",,No
Intel,,,128 Bit ,21.3GB/sec,667 MHz,HD Xeon E3-1225,"
01-Apr-2011 ",,No
Intel,,,128 Bit ,17.1GB/sec,533 MHz,Intel HD Pentium G620,"
01-May-2011 ",,No
Intel,45 Watts,,,,,Intel Media Accelerator HD,"
25-Jan-2010 ",1600x1200,No
Intel,,,64 Bit ,,,Intel GMA X4500,"
01-May-2008 ",2560x1600,No
Intel,47 Watts,,128 Bit ,34.1GB/sec,1067 MHz,Intel HD Pentium G4520,"
01-Sep-2015 ",4096x2160,No
Intel,,,,,,Intel Q45 Express Chipset,"
01-Aug-2008 ",,No
AMD,200 Watts,8192 MB ,512 Bit ,256GB/sec,500 MHz,Radeon RX Vega 64 Nano 8GB,"
30-Sep-2017 ",3840x2160,Yes
AMD,375 Watts,8192 MB ,512 Bit ,256GB/sec,500 MHz,Radeon RX Vega 64 Liquid 8GB,"
30-Jul-2017 ",7680x4320,Yes
AMD,,,128 Bit ,,,Radeon Xpress 1200 Series,"
28-Feb-2007 ",2048x1536,No
AMD,300 Watts,6144 MB ,768 Bit ,480GB/sec,1250 MHz,Radeon Sky 900,"
25-Mar-2013 ",,No
AMD,,256 MB ,256 Bit ,75.5GB/sec,1180 MHz,Radeon X850 XT Platinum,"
21-Dec-2004 ",2048x1536,No
AMD,225 Watts,6144 MB ,384 Bit ,264GB/sec,1375 MHz,Radeon Sky 700,"
25-Mar-2013 ",,No
AMD,750 Watts,16384 MB ,512 Bit ,1280GB/sec,1250 MHz,Radeon R9 295X2 Crossfire,"
08-Apr-2014 ",4096x2160,Yes
AMD,500 Watts,8192 MB ,512 Bit ,640GB/sec,1250 MHz,Radeon R9 295X2 XFX Hydra 8GB Edition,"
29-Apr-2014 ",4096x2160,Yes
AMD,500 Watts,8192 MB ,512 Bit ,640GB/sec,1250 MHz,Radeon R9 295X2,"
29-Apr-2014 ",4096x2160,Yes
AMD,290 Watts,8192 MB ,512 Bit ,352GB/sec,1375 MHz,Radeon R9 290X XFX Double Dissipation 8GB Edition,"
07-Nov-2014 ",4096x2160,Yes
AMD,150 Watts,4096 MB ,256 Bit ,153.6GB/sec,1200 MHz,Radeon Sky 500,"
25-Mar-2013 ",,No
AMD,175 Watts,4096 MB ,4096 Bit ,512GB/sec,500 MHz,Radeon R9 Nano 4GB,"
27-Aug-2015 ",4096x2160,Yes
AMD,290 Watts,4096 MB ,512 Bit ,320GB/sec,1250 MHz,Radeon R9 290X XFX Core 4GB Edition,"
24-Oct-2013 ",4096x2160,Yes
AMD,500 Watts,8192 MB ,4096 Bit ,1024GB/sec,500 MHz,Radeon R9 FURY X 4GB Crossfire,"
24-Jun-2015 ",4096x2160,Yes
AMD,,,64 Bit ,3.2GB/sec,400 MHz,Radeon Xpress X200,"
01-Nov-2004 ",,No
AMD,375 Watts,4096 MB ,4096 Bit ,512GB/sec,500 MHz,Radeon R9 FURY Sapphire Tri-X 4GB Edition,"
10-Jul-2015 ",4096x2160,Yes
AMD,275 Watts,4096 MB ,4096 Bit ,512GB/sec,500 MHz,Radeon R9 FURY X 4GB,"
24-Jun-2015 ",4096x2160,Yes
AMD,275 Watts,4096 MB ,4096 Bit ,512GB/sec,500 MHz,Radeon R9 FURY 4GB,"
10-Jul-2015 ",4096x2160,Yes
AMD,300 Watts,8192 MB ,512 Bit ,384GB/sec,1500 MHz,Radeon R9 390X XFX Double Dissipation Black 8GB Edition,"
18-Jun-2015 ",4096x2160,Yes
AMD,300 Watts,8192 MB ,512 Bit ,384GB/sec,1500 MHz,Radeon R9 390X PowerColor PCS+ 8GB Edition,"
18-Jun-2015 ",4096x2160,Yes
AMD,275 Watts,8192 MB ,512 Bit ,384GB/sec,1500 MHz,Radeon R9 390X XFX Double Dissipation 8GB Edition,"
18-Jun-2015 ",4096x2160,Yes
AMD,375 Watts,8192 MB ,512 Bit ,384GB/sec,1500 MHz,Radeon R9 390X Sapphire Tri-X 8GB Edition,"
18-Jun-2015 ",4096x2160,Yes
AMD,375 Watts,8192 MB ,512 Bit ,384GB/sec,1500 MHz,Radeon R9 390X Sapphire Tri-X w/ Back Plate 8GB Edition,"
18-Jun-2015 ",4096x2160,Yes
AMD,375 Watts,8192 MB ,512 Bit ,384GB/sec,1500 MHz,Radeon R9 390X Sapphire Nitro w/ Back Plate 8GB Edition,"
18-Jun-2015 ",4096x2160,Yes
AMD,300 Watts,8192 MB ,512 Bit ,384GB/sec,1500 MHz,Radeon R9 390X HIS IceQ X² OC 8GB Edition,"
18-Jun-2015 ",4096x2160,Yes
AMD,300 Watts,8192 MB ,512 Bit ,390.4GB/sec,1525 MHz,Radeon R9 390X MSI Gaming 8GB Edition,"
18-Jun-2015 ",4096x2160,Yes
AMD,275 Watts,8192 MB ,512 Bit ,390.4GB/sec,1525 MHz,Radeon R9 390X PowerColor Devil 8GB Edition,"
13-Aug-2015 ",4096x2160,Yes
AMD,300 Watts,8192 MB ,512 Bit ,384GB/sec,1500 MHz,Radeon R9 390X Gigabyte G1 Gaming 8GB Edition,"
18-Jun-2015 ",4096x2160,Yes
AMD,550 Watts,16384 MB ,512 Bit ,768GB/sec,1500 MHz,Radeon R9 390X Crossfire,"
18-Jun-2015 ",4096x2160,Yes
AMD,375 Watts,8192 MB ,512 Bit ,384GB/sec,1500 MHz,Radeon R9 390X Asus DirectCU III Strix Gaming OC 8GB Edition,"
18-Jun-2015 ",4096x2160,Yes
AMD,300 Watts,8192 MB ,512 Bit ,384GB/sec,1500 MHz,Radeon R9 390X Club3D royalQueen OC 8GB Edition,"
18-Jun-2015 ",4096x2160,Yes
AMD,275 Watts,8192 MB ,512 Bit ,384GB/sec,1500 MHz,Radeon R9 390 XFX Double Dissipation 8GB Edition,"
18-Jun-2015 ",4096x2160,Yes
AMD,275 Watts,8192 MB ,512 Bit ,384GB/sec,1500 MHz,Radeon R9 390X,"
18-Jun-2015 ",4096x2160,Yes
AMD,300 Watts,8192 MB ,512 Bit ,384GB/sec,1500 MHz,Radeon R9 390 PowerColor PCS+ 8GB Edition,"
18-Jun-2015 ",4096x2160,Yes
AMD,275 Watts,8192 MB ,512 Bit ,384GB/sec,1500 MHz,Radeon R9 390X Asus DirectCU II 8GB Edition,"
18-Jun-2015 ",4096x2160,Yes
AMD,375 Watts,8192 MB ,512 Bit ,384GB/sec,1500 MHz,Radeon R9 390 Sapphire Nitro 8GB Edition,"
18-Jun-2015 ",4096x2160,Yes
AMD,375 Watts,8192 MB ,512 Bit ,384GB/sec,1500 MHz,Radeon R9 390 Sapphire Nitro w/ Back Plate 8GB Edition,"
16-Sep-2015 ",4096x2160,Yes
AMD,275 Watts,8192 MB ,512 Bit ,384GB/sec,1500 MHz,Radeon R9 390 Gigabyte G1 Gaming 8GB Edition,"
18-Jun-2015 ",4096x2160,Yes
AMD,275 Watts,8192 MB ,512 Bit ,390.4GB/sec,1525 MHz,Radeon R9 390 MSI Gaming 8GB Edition,"
18-Jun-2015 ",4096x2160,Yes
AMD,550 Watts,16384 MB ,512 Bit ,768GB/sec,1500 MHz,Radeon R9 390 Crossfire,"
18-Jun-2015 ",4096x2160,Yes
AMD,580 Watts,16384 MB ,512 Bit ,691.2GB/sec,1350 MHz,Radeon R9 390 PowerColor Devil 13 Dual Core 16GB Edition,"
03-Sep-2015 ",4096x2160,Yes
AMD,300 Watts,8192 MB ,512 Bit ,384GB/sec,1500 MHz,Radeon R9 390 Asus DirectCU III OC Strix Gaming 8GB Edition,"
18-Jun-2015 ",4096x2160,Yes
AMD,225 Watts,4096 MB ,256 Bit ,185.6GB/sec,1450 MHz,Radeon R9 380X XFX Double Dissipation Black OC 4GB Edition,"
19-Nov-2015 ",4096x2160,Yes
AMD,550 Watts,16384 MB ,512 Bit ,768GB/sec,1500 MHz,Radeon R9 390 Gigabyte G1 Gaming 8GB Edition Crossfire,"
18-Jun-2015 ",4096x2160,Yes
AMD,190 Watts,4096 MB ,256 Bit ,182.4GB/sec,1425 MHz,Radeon R9 380X XFX Double Dissipation XXX OC 4GB Edition,"
19-Nov-2015 ",4096x2160,Yes
AMD,275 Watts,8192 MB ,512 Bit ,384GB/sec,1500 MHz,Radeon R9 390,"
18-Jun-2015 ",4096x2160,Yes
AMD,300 Watts,8192 MB ,512 Bit ,384GB/sec,1500 MHz,Radeon R9 390 Club3D royalQueen OC 8GB Edition,"
18-Jun-2015 ",4096x2160,Yes
AMD,225 Watts,4096 MB ,256 Bit ,192GB/sec,1500 MHz,Radeon R9 380X Sapphire Nitro 4GB Edition,"
19-Nov-2015 ",4096x2160,Yes
AMD,190 Watts,4096 MB ,256 Bit ,182.4GB/sec,1425 MHz,Radeon R9 380X HIS IceQ X² Turbo 4GB Edition,"
19-Nov-2015 ",4096x2160,Yes
AMD,300 Watts,8192 MB ,512 Bit ,384GB/sec,1500 MHz,Radeon R9 390 Asus DirectCU II 8GB Edition,"
18-Jun-2015 ",4096x2160,Yes
AMD,190 Watts,4096 MB ,256 Bit ,182.4GB/sec,1425 MHz,Radeon R9 380X HIS IceQ X² OC 4GB Edition,"
19-Nov-2015 ",4096x2160,Yes
AMD,225 Watts,4096 MB ,256 Bit ,188.8GB/sec,1475 MHz,Radeon R9 380X PowerColor PCS+ Myst. 4GB Edition,"
19-Nov-2015 ",4096x2160,Yes
AMD,190 Watts,4096 MB ,256 Bit ,182.4GB/sec,1425 MHz,Radeon R9 380X Gigabyte Gaming G1 4GB Edition,"
19-Nov-2015 ",4096x2160,Yes
AMD,190 Watts,4096 MB ,256 Bit ,182.4GB/sec,1425 MHz,Radeon R9 380X Asus DirectCU II Strix Gaming 4GB Edition,"
19-Nov-2015 ",4096x2160,Yes
AMD,190 Watts,4096 MB ,256 Bit ,182.4GB/sec,1425 MHz,Radeon R9 380X,"
19-Nov-2015 ",4096x2160,Yes
AMD,225 Watts,2048 MB ,256 Bit ,176GB/sec,1375 MHz,Radeon R9 380 Sapphire ITX Compact OC 2GB Edition,"
18-Jun-2015 ",4096x2160,Yes
AMD,190 Watts,4096 MB ,256 Bit ,182.4GB/sec,1425 MHz,Radeon R9 380X Asus DirectCU II OC Strix Gaming 4GB Edition,"
19-Nov-2015 ",4096x2160,Yes
AMD,190 Watts,4096 MB ,256 Bit ,182.4GB/sec,1425 MHz,Radeon R9 380 XFX Double Dissipation 4GB Edition,"
18-Jun-2015 ",4096x2160,Yes
AMD,190 Watts,2048 MB ,256 Bit ,188.8GB/sec,1475 MHz,Radeon R9 380 PowerColor PCS+ 2GB Edition,"
18-Jun-2015 ",4096x2160,Yes
AMD,190 Watts,4096 MB ,256 Bit ,188.8GB/sec,1475 MHz,Radeon R9 380 PowerColor PCS+ 4GB Edition,"
18-Jun-2015 ",4096x2160,Yes
AMD,225 Watts,4096 MB ,256 Bit ,185.6GB/sec,1450 MHz,Radeon R9 380 Sapphire Nitro 4GB Edition,"
18-Jun-2015 ",4096x2160,Yes
AMD,190 Watts,4096 MB ,256 Bit ,182.4GB/sec,1425 MHz,Radeon R9 380 HIS IceQ X² OC 4GB Edition,"
18-Jun-2015 ",4096x2160,Yes
AMD,225 Watts,2048 MB ,256 Bit ,176GB/sec,1375 MHz,Radeon R9 380 Sapphire Dual-X OC 2GB Edition,"
18-Jun-2015 ",4096x2160,Yes
AMD,190 Watts,2048 MB ,256 Bit ,176GB/sec,1375 MHz,Radeon R9 380 MSI OC 2GB Edition,"
18-Jun-2015 ",4096x2160,Yes
AMD,190 Watts,4096 MB ,256 Bit ,185.6GB/sec,1450 MHz,Radeon R9 380 MSI Gaming 4GB Edition,"
18-Jun-2015 ",4096x2160,Yes
AMD,190 Watts,4096 MB ,256 Bit ,182.4GB/sec,1425 MHz,Radeon R9 380 HIS IceQ X² 4GB Edition,"
18-Jun-2015 ",4096x2160,Yes
AMD,190 Watts,2048 MB ,256 Bit ,176GB/sec,1375 MHz,Radeon R9 380 Gigabyte WindForce 2X OC (rev 1.0) 2GB Edition,"
18-Jun-2015 ",4096x2160,Yes
AMD,190 Watts,2048 MB ,256 Bit ,179.2GB/sec,1400 MHz,Radeon R9 380 MSI Gaming 2GB Edition,"
18-Jun-2015 ",4096x2160,Yes
AMD,400 Watts,4096 MB ,256 Bit ,352GB/sec,1375 MHz,Radeon R9 380 Crossfire,"
18-Jun-2015 ",4096x2160,Yes
AMD,190 Watts,4096 MB ,256 Bit ,182.4GB/sec,1425 MHz,Radeon R9 380 Gigabyte G1 Gaming 4GB Edition,"
18-Jun-2015 ",4096x2160,Yes
AMD,190 Watts,2048 MB ,256 Bit ,176GB/sec,1375 MHz,Radeon R9 380 (OEM),"
07-May-2015 ",4096x2160,Yes
AMD,190 Watts,4096 MB ,256 Bit ,188.8GB/sec,1475 MHz,Radeon R9 380 Club3D royalQueen OC 4GB Edition,"
18-Jun-2015 ",4096x2160,Yes
AMD,190 Watts,2048 MB ,256 Bit ,176GB/sec,1375 MHz,Radeon R9 380 Asus DirectCU II OC Strix Gaming 2GB Edition,"
18-Jun-2015 ",4096x2160,Yes
AMD,150 Watts,2048 MB ,256 Bit ,179.2GB/sec,1400 MHz,Radeon R9 370 (OEM),"
07-May-2015 ",4096x2160,Yes
AMD,300 Watts,8192 MB ,256 Bit ,358.4GB/sec,1400 MHz,Radeon R7 370 Sapphire Nitro 4GB Edition Crossfire,"
18-Jun-2015 ",4096x2160,Yes
AMD,180 Watts,2048 MB ,256 Bit ,179.2GB/sec,1400 MHz,Radeon R9 370X,"
27-Aug-2015 ",4096x2160,Yes
AMD,190 Watts,2048 MB ,256 Bit ,176GB/sec,1375 MHz,Radeon R9 380,"
18-Jun-2015 ",4096x2160,Yes
AMD,150 Watts,2048 MB ,256 Bit ,179.2GB/sec,1400 MHz,Radeon R7 370 Sapphire Nitro 2GB Edition,"
18-Jun-2015 ",4096x2160,Yes
AMD,220 Watts,8192 MB ,256 Bit ,364.8GB/sec,1425 MHz,Radeon R7 370 MSI Gaming 4GB Edition Crossfire,"
18-Jun-2015 ",4096x2160,Yes
AMD,150 Watts,2048 MB ,256 Bit ,179.2GB/sec,1400 MHz,Radeon R7 370 Sapphire Dual-X OC 2GB Edition,"
18-Jun-2015 ",4096x2160,Yes
AMD,150 Watts,4096 MB ,256 Bit ,179.2GB/sec,1400 MHz,Radeon R7 370 Sapphire Nitro 4GB Edition,"
18-Jun-2015 ",4096x2160,Yes
AMD,110 Watts,2048 MB ,256 Bit ,179.2GB/sec,1400 MHz,Radeon R7 370 MSI OC 2GB Edition,"
18-Jun-2015 ",4096x2160,Yes
AMD,110 Watts,2048 MB ,256 Bit ,182.4GB/sec,1425 MHz,Radeon R7 370 PowerColor PCS+ 2GB Edition,"
18-Jun-2015 ",4096x2160,Yes
AMD,190 Watts,4096 MB ,256 Bit ,176GB/sec,1375 MHz,Radeon R9 380 Asus DirectCU II OC Strix Gaming 4GB Edition,"
18-Jun-2015 ",4096x2160,Yes
AMD,110 Watts,4096 MB ,256 Bit ,182.4GB/sec,1425 MHz,Radeon R7 370 MSI Gaming 4GB Edition,"
18-Jun-2015 ",4096x2160,Yes
AMD,85 Watts,2048 MB ,128 Bit ,104GB/sec,1625 MHz,Radeon R9 360 (OEM),"
07-May-2015 ",4096x2160,Yes
AMD,110 Watts,2048 MB ,256 Bit ,182.4GB/sec,1425 MHz,Radeon R7 370 MSI Gaming 2GB Edition,"
18-Jun-2015 ",4096x2160,Yes
AMD,225 Watts,4096 MB ,256 Bit ,358.4GB/sec,1400 MHz,Radeon R7 370 Crossfire,"
18-Jun-2015 ",4096x2160,Yes
AMD,150 Watts,4096 MB ,256 Bit ,179.2GB/sec,1400 MHz,Radeon R7 370 Asus DirectCU II OC Strix Gaming 4GB Edition,"
18-Jun-2015 ",4096x2160,Yes
AMD,120 Watts,2048 MB ,128 Bit ,104GB/sec,1625 MHz,Radeon R7 360X [not released],"
30-Oct-2015 ",2560x1600,Yes
AMD,110 Watts,2048 MB ,256 Bit ,179.2GB/sec,1400 MHz,Radeon R7 370 Gigabyte WindForce 2X OC (Rev 1.0) 2GB Edition,"
18-Jun-2015 ",4096x2160,Yes
AMD,150 Watts,2048 MB ,256 Bit ,179.2GB/sec,1400 MHz,Radeon R7 370 Asus DirectCU II OC Strix Gaming 2GB Edition,"
18-Jun-2015 ",4096x2160,Yes
AMD,110 Watts,2048 MB ,256 Bit ,179.2GB/sec,1400 MHz,Radeon R7 370,"
18-Jun-2015 ",4096x2160,Yes
AMD,150 Watts,2048 MB ,128 Bit ,104GB/sec,1625 MHz,Radeon R7 360 v2 Sapphire Nitro 2GB Edition,"
18-Jun-2015 ",4096x2160,Yes
AMD,100 Watts,2048 MB ,128 Bit ,112GB/sec,1750 MHz,Radeon R7 360 v3,"
18-Jun-2015 ",4096x2160,Yes
AMD,100 Watts,2048 MB ,128 Bit ,96GB/sec,1500 MHz,Radeon R7 360 XFX Double Dissipation Best Buy 2GB Edition,"
18-Jun-2015 ",4096x2160,Yes
AMD,100 Watts,2048 MB ,128 Bit ,104GB/sec,1625 MHz,Radeon R7 360 v2 MSI OC 2GB Edition,"
18-Jun-2015 ",4096x2160,Yes
AMD,100 Watts,2048 MB ,128 Bit ,96GB/sec,1500 MHz,Radeon R7 360 XFX Double Dissipation 2GB Edition,"
18-Jun-2015 ",4096x2160,Yes
AMD,100 Watts,2048 MB ,128 Bit ,105.6GB/sec,1650 MHz,Radeon R7 360 v2 PowerColor OC 2GB Edition,"
18-Jun-2015 ",4096x2160,Yes
AMD,100 Watts,2048 MB ,128 Bit ,96GB/sec,1500 MHz,Radeon R7 360 XFX Core 2GB Edition,"
18-Jun-2015 ",4096x2160,Yes
AMD,100 Watts,2048 MB ,128 Bit ,104GB/sec,1625 MHz,Radeon R7 360 v2 HIS iCooler 2GB Edition,"
18-Jun-2015 ",4096x2160,Yes
AMD,150 Watts,2048 MB ,128 Bit ,96GB/sec,1500 MHz,Radeon R7 360 Sapphire OC 2GB Edition,"
18-Jun-2015 ",4096x2160,Yes
AMD,150 Watts,2048 MB ,128 Bit ,104GB/sec,1625 MHz,Radeon R7 360 v2 Gigabyte OC 2GB Edition,"
18-Jun-2015 ",4096x2160,Yes
AMD,200 Watts,4096 MB ,128 Bit ,192GB/sec,1500 MHz,Radeon R7 360 Crossfire,"
18-Jun-2015 ",2560x1600,Yes
AMD,50 Watts,2048 MB ,128 Bit ,96GB/sec,1500 MHz,Radeon R7 360 HIS GREEN iCooler OC 2GB Edition,"
09-Mar-2016 ",4096x2160,Yes
AMD,100 Watts,2048 MB ,128 Bit ,104GB/sec,1625 MHz,Radeon R7 360 v2 Asus OC 2GB Edition,"
18-Jun-2015 ",4096x2160,Yes
AMD,50 Watts,2048 MB ,128 Bit ,28.8GB/sec,900 MHz,Radeon R7 340 (OEM),"
05-May-2015 ",2560x1600,No
AMD,100 Watts,2048 MB ,128 Bit ,104GB/sec,1625 MHz,Radeon R7 360 v2,"
18-Jun-2015 ",4096x2160,Yes
AMD,65 Watts,2048 MB ,128 Bit ,72GB/sec,1125 MHz,Radeon R5 340 (OEM),"
05-May-2015 ",4096x2160,No
AMD,50 Watts,2048 MB ,128 Bit ,28.8GB/sec,900 MHz,Radeon R5 330 (OEM),"
05-May-2015 ",4096x2160,No
AMD,75 Watts,2048 MB ,128 Bit ,96GB/sec,1500 MHz,Radeon R7 360,"
18-Jun-2015 ",4096x2160,Yes
AMD,65 Watts,2048 MB ,128 Bit ,73.6GB/sec,1150 MHz,Radeon R7 350 [not released],"
01-Sep-2015 ",2560x1600,Yes
AMD,300 Watts,4096 MB ,512 Bit ,320GB/sec,1250 MHz,Radeon R9 290X XFX Black Edition,"
01-Dec-2013 ",4096x2160,Yes
AMD,350 Watts,8192 MB ,4096 Bit ,1024GB/sec,500 MHz,Radeon Pro Duo 8GB [not released],"
26-Apr-2016 ",4096x2160,Yes
AMD,290 Watts,8192 MB ,512 Bit ,352GB/sec,1375 MHz,Radeon R9 290X Sapphire Vapor-X 8GB Edition,"
07-Nov-2014 ",4096x2160,Yes
AMD,290 Watts,4096 MB ,512 Bit ,361GB/sec,1410 MHz,Radeon R9 290X Sapphire Vapor-X Tri-X OC 4GB Edition,"
29-Apr-2014 ",4096x2160,Yes
AMD,,8192 MB ,512 Bit ,691.2GB/sec,1350 MHz,Radeon R9 290X PowerColor PCS+ 4GB Edition Crossfire,"
07-Jan-2014 ",4096x2160,Yes
AMD,290 Watts,4096 MB ,512 Bit ,332.8GB/sec,1300 MHz,Radeon R9 290X Sapphire Tri-X OC Edition,"
01-Dec-2013 ",4096x2160,Yes
AMD,65 Watts,1024 MB ,128 Bit ,73.6GB/sec,1150 MHz,Radeon R7 350 (OEM),"
05-May-2015 ",2560x1600,No
AMD,290 Watts,4096 MB ,512 Bit ,345.6GB/sec,1350 MHz,Radeon R9 290X PowerColor PCS+ 4GB Edition,"
07-Jan-2014 ",4096x2160,Yes
AMD,,4096 MB ,512 Bit ,320GB/sec,1250 MHz,Radeon R9 290X PowerColor OC Edition,"
26-Oct-2013 ",4096x2160,Yes
AMD,290 Watts,4096 MB ,512 Bit ,320GB/sec,1250 MHz,Radeon R9 290X MSI Lightning Edition,"
01-Mar-2014 ",4096x2160,Yes
AMD,580 Watts,8192 MB ,512 Bit ,640GB/sec,1250 MHz,Radeon R9 290X MSI Gaming Edition Crossfire,"
01-Dec-2013 ",4096x2160,Yes
AMD,290 Watts,4096 MB ,512 Bit ,320GB/sec,1250 MHz,Radeon R9 290X MSI Gaming Edition,"
01-Dec-2013 ",4096x2160,Yes
AMD,,8192 MB ,512 Bit ,640GB/sec,1250 MHz,Radeon R9 290X Gigabyte WindForce 3X OC Edition Crossfire,"
01-Dec-2013 ",4096x2160,Yes
AMD,290 Watts,8192 MB ,512 Bit ,320GB/sec,1250 MHz,Radeon R9 290X MSI Gaming 8GB Edition,"
06-Nov-2014 ",4096x2160,Yes
AMD,250 Watts,4096 MB ,512 Bit ,320GB/sec,1250 MHz,Radeon R9 290X Club3D royalKing Edition,"
24-Oct-2013 ",4096x2160,Yes
AMD,500 Watts,8192 MB ,512 Bit ,640GB/sec,1250 MHz,Radeon R9 290X Crossfire,"
24-Oct-2013 ",4096x2160,Yes
AMD,600 Watts,8192 MB ,512 Bit ,691.2GB/sec,1350 MHz,Radeon R9 290X Asus DirectCU II OC Edition Crossfire,"
01-Dec-2013 ",4096x2160,Yes
AMD,300 Watts,4096 MB ,512 Bit ,345.6GB/sec,1350 MHz,Radeon R9 290X Asus DirectCU II OC Edition,"
19-Dec-2013 ",4096x2160,Yes
AMD,290 Watts,4096 MB ,512 Bit ,320GB/sec,1250 MHz,Radeon R9 290X Gigabyte WindForce 3X OC Edition,"
01-Dec-2013 ",4096x2160,Yes
AMD,290 Watts,4096 MB ,512 Bit ,320GB/sec,1250 MHz,Radeon R9 290X,"
24-Oct-2013 ",4096x2160,Yes
AMD,375 Watts,4096 MB ,512 Bit ,345.6GB/sec,1350 MHz,Radeon R9 290X Asus ROG Matrix Platinum Edition,"
19-Mar-2014 ",4096x2160,Yes
AMD,250 Watts,4096 MB ,512 Bit ,320GB/sec,1250 MHz,Radeon R9 290 XFX Black Edition,"
05-Nov-2013 ",4096x2160,Yes
AMD,300 Watts,4096 MB ,512 Bit ,320GB/sec,1250 MHz,Radeon R9 290X Asus DirectCU II Edition,"
06-Jan-2014 ",4096x2160,Yes
AMD,275 Watts,4096 MB ,512 Bit ,358.4GB/sec,1400 MHz,Radeon R9 290 Sapphire Vapor-X OC Edition,"
05-Apr-2014 ",4096x2160,Yes
AMD,250 Watts,4096 MB ,512 Bit ,320GB/sec,1250 MHz,Radeon R9 290 XFX Double Dissipation Edition,"
20-Dec-2013 ",4096x2160,Yes
AMD,250 Watts,4096 MB ,512 Bit ,320GB/sec,1250 MHz,Radeon R9 290 VTX3D X-Edition,"
05-Nov-2013 ",4096x2160,Yes
AMD,275 Watts,4096 MB ,512 Bit ,332.8GB/sec,1300 MHz,Radeon R9 290 Sapphire Tri-X OC Edition,"
05-Dec-2013 ",4096x2160,Yes
AMD,250 Watts,4096 MB ,512 Bit ,320GB/sec,1250 MHz,Radeon R9 290 PowerColor OC Edition,"
05-Nov-2013 ",4096x2160,Yes
AMD,275 Watts,4096 MB ,512 Bit ,320GB/sec,1250 MHz,Radeon R9 290 MSI Gaming Edition,"
23-Dec-2013 ",4096x2160,Yes
AMD,550 Watts,8192 MB ,512 Bit ,665.6GB/sec,1300 MHz,Radeon R9 290 Sapphire Tri-X OC Edition Crossfire,"
05-Dec-2013 ",4096x2160,Yes
AMD,275 Watts,4096 MB ,512 Bit ,320GB/sec,1250 MHz,Radeon R9 290 Sapphire BF4 Edition,"
05-Nov-2013 ",4096x2160,Yes
AMD,275 Watts,4096 MB ,512 Bit ,345.6GB/sec,1350 MHz,Radeon R9 290 PowerColor PCS+ Edition,"
13-Jan-2014 ",4096x2160,Yes
AMD,,8192 MB ,512 Bit ,640GB/sec,1250 MHz,Radeon R9 290 Gigabyte WindForce 3X OC Edition Crossfire,"
05-Dec-2013 ",4096x2160,Yes
AMD,275 Watts,4096 MB ,512 Bit ,320GB/sec,1250 MHz,Radeon R9 290 Gigabyte WindForce 3X OC Edition,"
05-Dec-2013 ",4096x2160,Yes
AMD,275 Watts,4096 MB ,512 Bit ,320GB/sec,1250 MHz,Radeon R9 290 Club3D royalAce 4GB Edition,"
05-Nov-2013 ",4096x2160,Yes
AMD,250 Watts,4096 MB ,512 Bit ,320GB/sec,1250 MHz,Radeon R9 290 Club3D royalKing 4GB Edition,"
05-Nov-2013 ",4096x2160,Yes
AMD,275 Watts,4096 MB ,512 Bit ,320GB/sec,1250 MHz,Radeon R9 290 Asus DirectCU II OC Edition,"
17-Jan-2014 ",4096x2160,Yes
AMD,190 Watts,2048 MB ,256 Bit ,179.2GB/sec,1400 MHz,Radeon R9 285 Sapphire ITX Compact OC 2GB Edition,"
02-Sep-2014 ",4096x2160,Yes
AMD,190 Watts,2048 MB ,256 Bit ,176GB/sec,1375 MHz,Radeon R9 285 XFX Double D 2GB Edition,"
02-Sep-2014 ",4096x2160,Yes
AMD,550 Watts,8192 MB ,512 Bit ,640GB/sec,1250 MHz,Radeon R9 290 Crossfire,"
05-Nov-2013 ",4096x2160,Yes
AMD,190 Watts,2048 MB ,256 Bit ,176GB/sec,1375 MHz,Radeon R9 285 Sapphire Dual-X 2GB Edition,"
02-Sep-2014 ",4096x2160,Yes
AMD,275 Watts,4096 MB ,512 Bit ,320GB/sec,1250 MHz,Radeon R9 290,"
05-Nov-2013 ",4096x2160,Yes
AMD,190 Watts,2048 MB ,256 Bit ,176GB/sec,1375 MHz,Radeon R9 285 Sapphire ITX Compact 2GB Edition,"
02-Sep-2014 ",4096x2160,Yes
AMD,190 Watts,2048 MB ,256 Bit ,179.2GB/sec,1400 MHz,Radeon R9 285 Sapphire Dual-X OC 2GB Edition,"
01-Sep-2014 ",4096x2160,Yes
AMD,190 Watts,2048 MB ,256 Bit ,176GB/sec,1375 MHz,Radeon R9 285 Club3D royalQueen 2GB Edition,"
02-Sep-2014 ",4096x2160,Yes
AMD,190 Watts,2048 MB ,256 Bit ,176GB/sec,1375 MHz,Radeon R9 285 PowerColor TurboDuo OC 2GB Edition,"
02-Sep-2014 ",4096x2160,Yes
AMD,190 Watts,2048 MB ,256 Bit ,179.2GB/sec,1400 MHz,Radeon R9 285 MSI Gaming 2GB Edition,"
02-Sep-2014 ",4096x2160,Yes
AMD,190 Watts,2048 MB ,256 Bit ,179.2GB/sec,1400 MHz,Radeon R9 285 Asus Strix OC 2GB Edition,"
02-Sep-2014 ",4096x2160,Yes
AMD,190 Watts,2048 MB ,256 Bit ,176GB/sec,1375 MHz,Radeon R9 285 2GB,"
02-Sep-2014 ",4096x2160,Yes
AMD,250 Watts,3072 MB ,384 Bit ,288GB/sec,1500 MHz,Radeon R9 280X XFX Double D 3GB Edition,"
08-Oct-2013 ",4096x2160,Yes
AMD,250 Watts,3072 MB ,384 Bit ,297.6GB/sec,1550 MHz,Radeon R9 280X XFX Double D Black Edition,"
09-Oct-2013 ",4096x2160,Yes
AMD,190 Watts,2048 MB ,256 Bit ,179.2GB/sec,1400 MHz,Radeon R9 285 Gigabyte WindForce 2X OC 2GB Edition,"
02-Sep-2014 ",4096x2160,Yes
AMD,250 Watts,3072 MB ,384 Bit ,288GB/sec,1500 MHz,Radeon R9 280X VisionTek 3GB Edition,"
08-Oct-2013 ",4096x2160,Yes
AMD,500 Watts,6144 MB ,384 Bit ,595.2GB/sec,1550 MHz,Radeon R9 280X Sapphire Vapor-X 3GB OC Edition Crossfire,"
08-Oct-2013 ",4096x2160,Yes
AMD,250 Watts,3072 MB ,384 Bit ,288GB/sec,1500 MHz,Radeon R9 280X Sapphire TRI-X OC 3GB Edition,"
20-Dec-2013 ",4096x2160,Yes
AMD,250 Watts,3072 MB ,384 Bit ,288GB/sec,1500 MHz,Radeon R9 280X Sapphire Vapor-X 3GB TRI-X OC Edition,"
01-Mar-2014 ",4096x2160,Yes
AMD,250 Watts,3072 MB ,384 Bit ,307.2GB/sec,1600 MHz,Radeon R9 280X Sapphire Toxic 3GB OC Edition,"
08-Oct-2013 ",4096x2160,Yes
AMD,250 Watts,6144 MB ,384 Bit ,288GB/sec,1500 MHz,Radeon R9 280X MSI Gaming 6GB Edition,"
08-Mar-2014 ",4096x2160,Yes
AMD,250 Watts,3072 MB ,384 Bit ,288GB/sec,1500 MHz,Radeon R9 280X Sapphire Dual-X 3GB OC Edition,"
08-Oct-2013 ",4096x2160,Yes
AMD,250 Watts,3072 MB ,384 Bit ,297.6GB/sec,1550 MHz,Radeon R9 280X Sapphire Vapor-X 3GB OC Edition,"
08-Oct-2013 ",4096x2160,Yes
AMD,250 Watts,3072 MB ,384 Bit ,288GB/sec,1500 MHz,Radeon R9 280X MSI Gaming 3GB Edition,"
08-Oct-2013 ",4096x2160,Yes
AMD,250 Watts,3072 MB ,384 Bit ,288GB/sec,1500 MHz,Radeon R9 280X HIS iPower IceQ X² Edition,"
08-Oct-2013 ",4096x2160,Yes
AMD,250 Watts,3072 MB ,384 Bit ,288GB/sec,1500 MHz,Radeon R9 280X PowerColor TurboDuo 3GB OC Edition,"
05-Dec-2013 ",4096x2160,Yes
AMD,250 Watts,3072 MB ,384 Bit ,288GB/sec,1500 MHz,Radeon R9 280X Gigabyte 3GB OC Edition,"
09-Oct-2013 ",4096x2160,Yes
AMD,375 Watts,3072 MB ,384 Bit ,307.2GB/sec,1600 MHz,Radeon R9 280X Matrix Platinum 3GB Edition,"
08-Oct-2013 ",4096x2160,Yes
AMD,280 Watts,3072 MB ,384 Bit ,288GB/sec,1500 MHz,Radeon R9 280X Club3D royalKing Edition,"
08-Oct-2013 ",4096x2160,Yes
AMD,550 Watts,6144 MB ,384 Bit ,576GB/sec,1500 MHz,Radeon R9 280X Crossfire,"
01-Oct-2013 ",4096x2160,Yes
AMD,250 Watts,3072 MB ,384 Bit ,307.2GB/sec,1600 MHz,Radeon R9 280X DirectCU II TOP 3GB Edition,"
09-Oct-2013 ",4096x2160,Yes
AMD,280 Watts,3072 MB ,384 Bit ,288GB/sec,1500 MHz,Radeon R9 280X Club3D royalQueen Edition,"
08-Oct-2013 ",4096x2160,Yes
AMD,250 Watts,3072 MB ,384 Bit ,288GB/sec,1500 MHz,Radeon R9 280X Asus Matrix 3GB Edition,"
08-Oct-2013 ",4096x2160,Yes
AMD,200 Watts,3072 MB ,384 Bit ,249.6GB/sec,1300 MHz,Radeon R9 280 XFX Double D Black 3GB Edition,"
04-Mar-2014 ",4096x2160,Yes
AMD,200 Watts,3072 MB ,384 Bit ,240GB/sec,1250 MHz,Radeon R9 280 PowerColor TurboDuo OC 3GB Edition,"
04-Mar-2014 ",4096x2160,Yes
AMD,200 Watts,3072 MB ,384 Bit ,240GB/sec,1250 MHz,Radeon R9 280 HIS IceQ OC 3GB Edition,"
04-Mar-2014 ",4096x2160,Yes
AMD,225 Watts,3072 MB ,384 Bit ,240GB/sec,1250 MHz,Radeon R9 280 Gigabyte WindForce 3X OC 3GB Edition,"
17-Mar-2014 ",4096x2160,Yes
AMD,200 Watts,3072 MB ,384 Bit ,240GB/sec,1250 MHz,Radeon R9 280 MSI Gaming 3GB Edition,"
11-Mar-2014 ",4096x2160,Yes
AMD,200 Watts,3072 MB ,384 Bit ,240GB/sec,1250 MHz,Radeon R9 280 Club3D royalKing 3GB Edition,"
04-Mar-2014 ",4096x2160,Yes
AMD,200 Watts,3072 MB ,384 Bit ,249.6GB/sec,1300 MHz,Radeon R9 280 Asus DirectCU II TOP 3GB Edition,"
04-Mar-2014 ",4096x2160,Yes
AMD,200 Watts,3072 MB ,384 Bit ,240GB/sec,1250 MHz,Radeon R9 280 Sapphire Dual-X OC 3GB Edition,"
04-Mar-2014 ",4096x2160,Yes
AMD,250 Watts,3072 MB ,384 Bit ,288GB/sec,1500 MHz,Radeon R9 280X,"
08-Oct-2013 ",4096x2160,Yes
AMD,400 Watts,6144 MB ,384 Bit ,480GB/sec,1250 MHz,Radeon R9 280 Crossfire,"
04-Mar-2014 ",4096x2160,Yes
AMD,180 Watts,4096 MB ,256 Bit ,179.2GB/sec,1400 MHz,Radeon R9 270X XFX Double D 4GB Edition,"
08-Oct-2013 ",4096x2160,Yes
AMD,180 Watts,2048 MB ,256 Bit ,185.6GB/sec,1450 MHz,Radeon R9 270X XFX Double D Black Edition,"
08-Oct-2013 ",4096x2160,Yes
AMD,180 Watts,2048 MB ,256 Bit ,185.6GB/sec,1450 MHz,Radeon R9 270X Sapphire Vapor-X 2GB OC Edition,"
08-Oct-2013 ",4096x2160,Yes
AMD,180 Watts,2048 MB ,256 Bit ,179.2GB/sec,1400 MHz,Radeon R9 270X VTX3D v2 2GB X-Edition,"
19-Dec-2013 ",4096x2160,Yes
AMD,180 Watts,2048 MB ,256 Bit ,192GB/sec,1500 MHz,Radeon R9 270X Sapphire Toxic 2GB OC Edition,"
08-Oct-2013 ",4096x2160,Yes
AMD,180 Watts,4096 MB ,256 Bit ,179.2GB/sec,1400 MHz,Radeon R9 270X Sapphire Dual-X 4GB OC Edition,"
08-Oct-2013 ",4096x2160,Yes
AMD,180 Watts,2048 MB ,256 Bit ,179.2GB/sec,1400 MHz,Radeon R9 270X Sapphire Dual-X 2GB OC Edition,"
08-Oct-2013 ",4096x2160,Yes
AMD,200 Watts,3072 MB ,384 Bit ,240GB/sec,1250 MHz,Radeon R9 280,"
04-Mar-2014 ",4096x2160,Yes
AMD,180 Watts,2048 MB ,256 Bit ,192GB/sec,1500 MHz,Radeon R9 270X Sapphire Black Diamond 2GB Edition,"
21-Apr-2014 ",4096x2160,Yes
AMD,180 Watts,2048 MB ,256 Bit ,182.4GB/sec,1425 MHz,Radeon R9 270X PowerColor PCS+ Edition,"
26-Nov-2013 ",4096x2160,Yes
AMD,180 Watts,2048 MB ,256 Bit ,179.2GB/sec,1400 MHz,Radeon R9 270X MSI Hawk Edition,"
09-Oct-2013 ",4096x2160,Yes
AMD,180 Watts,2048 MB ,256 Bit ,179.2GB/sec,1400 MHz,Radeon R9 270X PowerColor 2GB OC TurboDuo Edition,"
08-Oct-2013 ",4096x2160,Yes
AMD,180 Watts,2048 MB ,256 Bit ,179.2GB/sec,1400 MHz,Radeon R9 270X PowerColor Devil Edition,"
31-Oct-2013 ",4096x2160,Yes
AMD,,8192 MB ,256 Bit ,358.4GB/sec,1400 MHz,Radeon R9 270X MSI Gaming 4GB Edition Crossfire,"
09-Oct-2013 ",4096x2160,Yes
AMD,180 Watts,4096 MB ,256 Bit ,358.4GB/sec,1400 MHz,Radeon R9 270X MSI Gaming 2GB Edition Crossfire,"
09-Oct-2013 ",4096x2160,Yes
AMD,180 Watts,2048 MB ,256 Bit ,179.2GB/sec,1400 MHz,Radeon R9 270X PowerColor 2GB OC Edition,"
08-Oct-2013 ",4096x2160,Yes
AMD,180 Watts,2048 MB ,256 Bit ,179.2GB/sec,1400 MHz,Radeon R9 270X MSI Gaming ITX 2GB Edition,"
06-May-2014 ",4096x2160,Yes
AMD,180 Watts,2048 MB ,256 Bit ,179.2GB/sec,1400 MHz,Radeon R9 270X HIS IceQ X2 Turbo Edition,"
09-Oct-2013 ",4096x2160,Yes
AMD,180 Watts,8192 MB ,256 Bit ,358.4GB/sec,1400 MHz,Radeon R9 270X Gigabyte 4GB OC Edition Crossfire,"
09-Oct-2013 ",4096x2160,Yes
AMD,180 Watts,2048 MB ,256 Bit ,179.2GB/sec,1400 MHz,Radeon R9 270X MSI Gaming 2GB Edition,"
09-Oct-2013 ",4096x2160,Yes
AMD,175 Watts,2048 MB ,256 Bit ,179.2GB/sec,1400 MHz,Radeon R9 270X Club3D royalQueen Edition,"
08-Oct-2013 ",4096x2160,Yes
AMD,180 Watts,4096 MB ,256 Bit ,179.2GB/sec,1400 MHz,Radeon R9 270X Gigabyte 4GB OC Edition,"
09-Oct-2013 ",4096x2160,Yes
AMD,180 Watts,2048 MB ,256 Bit ,179.2GB/sec,1400 MHz,Radeon R9 270X Gigabyte 2GB OC Edition,"
09-Oct-2013 ",4096x2160,Yes
AMD,180 Watts,2048 MB ,256 Bit ,179.2GB/sec,1400 MHz,Radeon R9 270X,"
08-Oct-2013 ",4096x2160,Yes
AMD,225 Watts,4096 MB ,256 Bit ,179.2GB/sec,1400 MHz,Radeon R9 270X Asus DirectCU II 4GB Edition,"
09-Oct-2013 ",4096x2160,Yes
AMD,360 Watts,4096 MB ,256 Bit ,358.4GB/sec,1400 MHz,Radeon R9 270X Crossfire,"
08-Oct-2013 ",4096x2160,Yes
AMD,150 Watts,2048 MB ,256 Bit ,179.2GB/sec,1400 MHz,Radeon R9 270 XFX Double D 2GB Edition,"
 13-Nov-2013 ",4096x2160,Yes
AMD,,2048 MB ,256 Bit ,179.2GB/sec,1400 MHz,Radeon R9 270 Sapphire Dual-X 2GB OC Edition,"
13-Nov-2013 ",4096x2160,Yes
AMD,180 Watts,4096 MB ,256 Bit ,179.2GB/sec,1400 MHz,Radeon R9 270X MSI Gaming 4GB Edition,"
09-Oct-2013 ",4096x2160,Yes
AMD,,2048 MB ,256 Bit ,179.2GB/sec,1400 MHz,Radeon R9 270 PowerColor 2GB OC Edition,"
13-Nov-2013 ",4096x2160,Yes
AMD,175 Watts,2048 MB ,256 Bit ,179.2GB/sec,1400 MHz,Radeon R9 270 MSI Gaming 2GB Edition,"
13-Nov-2013 ",4096x2160,Yes
AMD,150 Watts,2048 MB ,256 Bit ,179.2GB/sec,1400 MHz,Radeon R9 270 v2,"
13-Mar-2015 ",4096x2160,Yes
AMD,175 Watts,2048 MB ,256 Bit ,179.2GB/sec,1400 MHz,Radeon R9 270 DirectCU II OC Edition,"
13-Nov-2013 ",4096x2160,Yes
AMD,175 Watts,2048 MB ,256 Bit ,179.2GB/sec,1400 MHz,Radeon R9 270 HIS IceQ X² Turbo Edition,"
13-Nov-2013 ",4096x2160,Yes
AMD,150 Watts,2048 MB ,256 Bit ,179.2GB/sec,1400 MHz,Radeon R9 270 HIS iCooler 2GB Edition,"
13-Nov-2013 ",4096x2160,Yes
AMD,175 Watts,2048 MB ,256 Bit ,179.2GB/sec,1400 MHz,Radeon R9 270 Gigabyte WindForce 2X OC Edition,"
13-Nov-2013 ",4096x2160,Yes
AMD,300 Watts,4096 MB ,256 Bit ,358.4GB/sec,1400 MHz,Radeon R9 270 Crossfire,"
13-Nov-2013 ",4096x2160,Yes
AMD,180 Watts,2048 MB ,256 Bit ,179.2GB/sec,1400 MHz,Radeon R9 270X DirectCU II TOP 2GB Edition,"
08-Oct-2013 ",4096x2160,Yes
AMD,150 Watts,2048 MB ,256 Bit ,179.2GB/sec,1400 MHz,Radeon R9 270 HIS IceQ XÂ² 2GB Edition,"
13-Nov-2013 ",4096x2160,Yes
AMD,300 Watts,4096 MB ,256 Bit ,358.4GB/sec,1400 MHz,Radeon R9 270 Club3D 14Series Edition Crossfire,"
18-Dec-2013 ",4096x2160,Yes
AMD,146 Watts,2048 MB ,256 Bit ,179.2GB/sec,1400 MHz,Radeon R9 270 Club3D '14Series Edition,"
18-Dec-2013 ",4096x2160,Yes
AMD,,2048 MB ,128 Bit ,104GB/sec,1625 MHz,Radeon R9 255 (OEM),"
21-Dec-2013 ",4096x2160,Yes
AMD,115 Watts,2048 MB ,128 Bit ,104GB/sec,1625 MHz,Radeon R9 260 (OEM),"
21-Dec-2013 ",4096x2160,Yes
AMD,150 Watts,2048 MB ,256 Bit ,179.2GB/sec,1400 MHz,Radeon R9 270,"
13-Nov-2013 ",4096x2160,Yes
AMD,150 Watts,2048 MB ,256 Bit ,179.2GB/sec,1400 MHz,Radeon R7 265 Sapphire Dual-X 2GB Edition,"
13-Feb-2014 ",4096x2160,Yes
AMD,150 Watts,2048 MB ,256 Bit ,179.2GB/sec,1400 MHz,Radeon R7 265 Gigabyte WindForce 2X OC 2GB Edition,"
18-Mar-2014 ",4096x2160,Yes
AMD,150 Watts,2048 MB ,256 Bit ,179.2GB/sec,1400 MHz,Radeon R7 265 Asus DirectCU II 2GB Edition,"
13-Feb-2014 ",4096x2160,Yes
AMD,300 Watts,4096 MB ,256 Bit ,358.4GB/sec,1400 MHz,Radeon R7 265 Crossfire,"
13-Feb-2014 ",4096x2160,Yes
AMD,150 Watts,2048 MB ,256 Bit ,179.2GB/sec,1400 MHz,Radeon R7 265 PowerColor TurboDuo OC 2GB Edition,"
19-Mar-2014 ",4096x2160,Yes
AMD,115 Watts,2048 MB ,128 Bit ,102.4GB/sec,1600 MHz,Radeon R7 260X XFX Double D 2GB Edition,"
08-Oct-2013 ",4096x2160,Yes
AMD,146 Watts,2048 MB ,256 Bit ,179.2GB/sec,1400 MHz,Radeon R9 270 Club3D royalQueen Edition,"
13-Nov-2013 ",4096x2160,Yes
AMD,150 Watts,2048 MB ,256 Bit ,179.2GB/sec,1400 MHz,Radeon R7 265,"
13-Feb-2014 ",4096x2160,Yes
AMD,115 Watts,2048 MB ,128 Bit ,105.6GB/sec,1650 MHz,Radeon R7 260X VisionTek OC 2GB Edition,"
08-Oct-2013 ",4096x2160,Yes
AMD,150 Watts,2048 MB ,256 Bit ,179.2GB/sec,1400 MHz,Radeon R7 265 MSI OC 2GB Edition,"
13-Feb-2014 ",4096x2160,Yes
ATI,225 Watts,,8192 Bit ,1024GB/sec,500 MHz,Radeon RX 490 8GB [not released],"
01-Nov-2016 ",5760x2160,Yes
ATI,150 Watts,,,,1750 MHz,Radeon RX 480X 8GB [not released],"
01-Nov-2016 ",4096x2160,Yes
ATI,250 Watts,,,,500 MHz,Radeon RX 490X 8GB [not released],"
01-Jun-2016 ",4096x2160,Yes
ATI,150 Watts,8192 MB ,256 Bit ,256GB/sec,2000 MHz,Radeon RX 480 XFX Triple X OC 8GB,"
29-Jun-2016 ",4096x2160,No
AMD,85 Watts,2048 MB ,128 Bit ,80GB/sec,1250 MHz,Radeon R7 260X v3 Sapphire 2GB Edition,"
05-Feb-2015 ",4096x3112,Yes
ATI,150 Watts,8192 MB ,256 Bit ,256GB/sec,2000 MHz,Radeon RX 480 XFX GTR Hard Swap Black Edition 8GB,"
29-Jul-2016 ",4096x2160,No
ATI,150 Watts,4096 MB ,256 Bit ,224GB/sec,1750 MHz,Radeon RX 480 XFX RS Hard Swap 4GB,"
29-Jun-2016 ",4096x2160,No
ATI,150 Watts,8192 MB ,256 Bit ,256GB/sec,2000 MHz,Radeon RX 480 XFX RS Hard Swap Triple X 8GB,"
29-Jul-2016 ",4096x2160,No
ATI,175 Watts,,,,500 MHz,Radeon RX 480X 4GB [not released],"
01-Nov-2016 ",4096x2160,Yes
AMD,85 Watts,2048 MB ,128 Bit ,80GB/sec,1250 MHz,Radeon R7 260X v3 PowerColor OC v4 2GB Edition,"
08-Oct-2013 ",4096x2160,Yes
AMD,85 Watts,2048 MB ,128 Bit ,80GB/sec,1250 MHz,Radeon R7 260X v3 PowerColor OC v3 2GB Edition,"
08-Oct-2013 ",4096x2160,Yes
AMD,85 Watts,2048 MB ,128 Bit ,80GB/sec,1250 MHz,Radeon R7 260X v3 Gigabyte OC Rev. 3.0 2GB Edition,"
05-Feb-2015 ",4096x3112,Yes
AMD,300 Watts,4096 MB ,256 Bit ,358.4GB/sec,1400 MHz,Radeon R7 265 Sapphire Dual-X 2GB Edition Crossfire,"
13-Feb-2014 ",4096x2160,Yes
AMD,85 Watts,2048 MB ,128 Bit ,80GB/sec,1250 MHz,Radeon R7 260X v3 MSI OC 2GB Edition,"
05-Feb-2015 ",4096x3112,Yes
AMD,85 Watts,2048 MB ,128 Bit ,80GB/sec,1250 MHz,Radeon R7 260X v3 Asus OC 2GB Edition,"
08-Oct-2013 ",4096x3112,Yes
AMD,85 Watts,2048 MB ,128 Bit ,80GB/sec,1250 MHz,Radeon R7 260X v3,"
05-Feb-2015 ",4096x3112,Yes
AMD,105 Watts,1024 MB ,128 Bit ,102.4GB/sec,1600 MHz,Radeon R7 260X v2 XFX Core 1GB Edition,"
08-Oct-2013 ",4096x2160,Yes
AMD,105 Watts,2048 MB ,128 Bit ,102.4GB/sec,1600 MHz,Radeon R7 260X v2 XFX Core 2GB Edition,"
08-Oct-2013 ",4096x2160,Yes
AMD,105 Watts,2048 MB ,128 Bit ,96GB/sec,1500 MHz,Radeon R7 260X v2 Sapphire OC 2GB Edition,"
20-Dec-2013 ",4096x2160,Yes
AMD,105 Watts,2048 MB ,128 Bit ,96GB/sec,1500 MHz,Radeon R7 260X v2 Sapphire iCafe Gaming OC 2GB Edition,"
28-Feb-2015 ",4096x2160,Yes
AMD,105 Watts,2048 MB ,128 Bit ,96GB/sec,1500 MHz,Radeon R7 260X v2 MSI OC v2 2GB Edition,"
08-Oct-2013 ",4096x2160,Yes
AMD,105 Watts,2048 MB ,128 Bit ,96GB/sec,1500 MHz,Radeon R7 260X v2 MSI OC v1 2GB Edition,"
08-Oct-2013 ",4096x2160,Yes
AMD,105 Watts,1024 MB ,128 Bit ,96GB/sec,1500 MHz,Radeon R7 260X v2 MSI OC 1GB Edition,"
08-Oct-2013 ",4096x2160,Yes
AMD,105 Watts,1024 MB ,128 Bit ,102.4GB/sec,1600 MHz,Radeon R7 260X v2 HIS iPower IceQ X² Turbo 1GB Edition,"
31-Oct-2013 ",4096x2160,Yes
AMD,105 Watts,1024 MB ,128 Bit ,96GB/sec,1500 MHz,Radeon R7 260X v2 MSI 1GB Edition,"
08-Oct-2013 ",4096x2160,Yes
AMD,105 Watts,2048 MB ,128 Bit ,96GB/sec,1500 MHz,Radeon R7 260X v2 HIS iPower IceQ X² 2GB Edition,"
09-Oct-2013 ",4096x2160,Yes
AMD,105 Watts,1024 MB ,128 Bit ,96GB/sec,1500 MHz,Radeon R7 260X v2 PowerColor OC 1GB Edition,"
08-Oct-2013 ",4096x2160,Yes
AMD,105 Watts,2048 MB ,128 Bit ,96GB/sec,1500 MHz,Radeon R7 260X v2 MSI OC 2GB Edition,"
08-Oct-2013 ",4096x2160,Yes
AMD,105 Watts,1024 MB ,128 Bit ,96GB/sec,1500 MHz,Radeon R7 260X v2 Sapphire OC 1GB Edition,"
26-Dec-2013 ",4096x2160,Yes
AMD,105 Watts,2048 MB ,128 Bit ,96GB/sec,1500 MHz,Radeon R7 260X v2 HIS iCooler 2GB Edition,"
08-Oct-2013 ",4096x2160,Yes
AMD,105 Watts,1024 MB ,128 Bit ,96GB/sec,1500 MHz,Radeon R7 260X v2 HIS iCooler 1GB Edition,"
31-Oct-2013 ",4096x2160,Yes
AMD,105 Watts,1024 MB ,128 Bit ,96GB/sec,1500 MHz,Radeon R7 260X v2 Gigabyte OC 1GB Edition,"
26-Dec-2013 ",4096x2160,Yes
AMD,105 Watts,1024 MB ,128 Bit ,102.4GB/sec,1600 MHz,Radeon R7 260X v2 Asus DirectCU II OC 1GB Edition,"
08-Oct-2013 ",4096x2160,Yes
AMD,105 Watts,1024 MB ,128 Bit ,96GB/sec,1500 MHz,Radeon R7 260X v2,"
08-Oct-2013 ",4096x2160,Yes
AMD,115 Watts,2048 MB ,128 Bit ,105.6GB/sec,1650 MHz,Radeon R7 260X PowerColor TurboDuo OC 2GB Edition,"
08-Oct-2013 ",4096x2160,Yes
AMD,115 Watts,2048 MB ,128 Bit ,104GB/sec,1625 MHz,Radeon R7 260X MSI 2GB Edition,"
08-Oct-2013 ",4096x2160,Yes
AMD,115 Watts,2048 MB ,128 Bit ,104GB/sec,1625 MHz,Radeon R7 260X Gigabyte 2GB OC Rev. 2.0 Edition,"
09-Oct-2013 ",4096x2160,Yes
AMD,115 Watts,2048 MB ,128 Bit ,104GB/sec,1625 MHz,Radeon R7 260X Gigabyte 2GB OC Rev. 1.0 Edition,"
09-Oct-2013 ",4096x2160,Yes
AMD,120 Watts,2048 MB ,128 Bit ,105.6GB/sec,1650 MHz,Radeon R7 260X Sapphire 2GB OC Edition,"
08-Oct-2013 ",4096x2160,Yes
AMD,115 Watts,2048 MB ,128 Bit ,112GB/sec,1750 MHz,Radeon R7 260X Asus DirectCU II OC Edition,"
08-Oct-2013 ",4096x2160,Yes
AMD,115 Watts,2048 MB ,128 Bit ,104GB/sec,1625 MHz,Radeon R7 260X MSI 2GB OC Edition,"
08-Oct-2013 ",4096x2160,Yes
AMD,105 Watts,2048 MB ,128 Bit ,105.6GB/sec,1650 MHz,Radeon R7 260X Club3D royalKing Edition,"
08-Oct-2013 ",4096x2160,Yes
AMD,230 Watts,4096 MB ,128 Bit ,208GB/sec,1625 MHz,Radeon R7 260X Crossfire,"
01-Oct-2013 ",2560x1600,Yes
AMD,115 Watts,2048 MB ,128 Bit ,104GB/sec,1625 MHz,Radeon R7 260X Asus DirectCU II 2GB Edition,"
08-Oct-2013 ",4096x2160,Yes
AMD,115 Watts,2048 MB ,128 Bit ,104GB/sec,1625 MHz,Radeon R7 260X,"
08-Oct-2013 ",4096x2160,Yes
ATI,150 Watts,8192 MB ,256 Bit ,256GB/sec,2000 MHz,Radeon RX 480 XFX Black Edition 8GB,"
29-Jun-2016 ",4096x2160,No
ATI,150 Watts,4096 MB ,256 Bit ,224GB/sec,1750 MHz,Radeon RX 480 XFX 4GB,"
29-Jun-2016 ",4096x2160,No
ATI,150 Watts,8192 MB ,256 Bit ,256GB/sec,2000 MHz,Radeon RX 480 Sapphire Nitro+ 8GB,"
29-Jul-2016 ",3840x2160,No
ATI,150 Watts,4096 MB ,256 Bit ,224GB/sec,1750 MHz,Radeon RX 480 Sapphire NITRO+ 4GB,"
29-Jun-2016 ",4096x2160,No
ATI,150 Watts,4096 MB ,256 Bit ,224GB/sec,1750 MHz,Radeon RX 480 Sapphire 4GB,"
29-Jun-2016 ",4096x2160,No
ATI,150 Watts,8192 MB ,256 Bit ,256GB/sec,2000 MHz,Radeon RX 480 PowerColour 8GB,"
29-Jun-2016 ",7680x4320,No
ATI,120 Watts,4096 MB ,256 Bit ,224GB/sec,1750 MHz,Radeon RX 480 PowerColor Red Dragon 4GB,"
01-Jun-2016 ",4096x2160,No
ATI,150 Watts,8192 MB ,256 Bit ,256GB/sec,2000 MHz,Radeon RX 480 PowerColor Red Dragon 8GB,"
29-Jul-2016 ",7680x4320,No
ATI,150 Watts,8192 MB ,256 Bit ,256GB/sec,2000 MHz,Radeon RX 480 PowerColor Red Devil 8GB,"
29-Jul-2016 ",4096x2160,No
ATI,150 Watts,8192 MB ,256 Bit ,256GB/sec,2000 MHz,Radeon RX 480 Sapphire 8GB,"
29-Jun-2016 ",7680x4320,No
ATI,150 Watts,4096 MB ,256 Bit ,224GB/sec,1750 MHz,Radeon RX 480 PowerColor 4GB,"
29-Jun-2016 ",4096x2160,No
ATI,150 Watts,4096 MB ,256 Bit ,224GB/sec,1750 MHz,Radeon RX 480 MSI GAMING 4G,"
29-Jun-2016 ",4096x2160,No
ATI,150 Watts,8192 MB ,256 Bit ,256GB/sec,2000 MHz,Radeon RX 480 MSI Gaming 8GB,"
15-Aug-2016 ",4096x2160,No
ATI,150 Watts,4096 MB ,256 Bit ,224GB/sec,1750 MHz,Radeon RX 480 MSI GAMING X 4G,"
29-Jun-2016 ",4096x2160,No
ATI,150 Watts,8192 MB ,256 Bit ,256GB/sec,2000 MHz,Radeon RX 480 MSI Gaming X 8GB,"
15-Aug-2016 ",4096x2160,No
ATI,150 Watts,8192 MB ,256 Bit ,256GB/sec,2000 MHz,Radeon RX 480 MSI Armor OC 8GB,"
Unknown Release Date ",4096x2160,No
ATI,120 Watts,4096 MB ,256 Bit ,224GB/sec,1750 MHz,Radeon RX 480 MSI Armor OC 4GB,"
Unknown Release Date ",4096x2160,No
ATI,150 Watts,8192 MB ,256 Bit ,256GB/sec,2000 MHz,Radeon RX 480 HIS IceQ X² Roaring Turbo GB,"
29-Jun-2016 ",5120x2160,No
AMD,95 Watts,2048 MB ,128 Bit ,96GB/sec,1500 MHz,Radeon R7 260,"
17-Dec-2013 ",4096x2160,Yes
ATI,150 Watts,8192 MB ,256 Bit ,256GB/sec,2000 MHz,Radeon RX 480 MSI 8GB,"
29-Jun-2016 ",7680x4320,No
ATI,120 Watts,4096 MB ,256 Bit ,224GB/sec,1750 MHz,Radeon RX 480 MSI Armor 4GB,"
Unknown Release Date ",4096x2160,No
AMD,95 Watts,1024 MB ,128 Bit ,96GB/sec,1500 MHz,Radeon R7 260 MSI 1GB OC Edition,"
20-Jan-2014 ",4096x2160,Yes
ATI,120 Watts,4096 MB ,256 Bit ,224GB/sec,1750 MHz,Radeon RX 480 MSI 4GB,"
01-Jun-2016 ",4096x2160,No
AMD,80 Watts,1024 MB ,128 Bit ,72GB/sec,1125 MHz,Radeon R7 250X Sapphire 1GB Edition,"
13-Feb-2014 ",4096x2160,Yes
ATI,150 Watts,8192 MB ,256 Bit ,256GB/sec,2000 MHz,Radeon RX 480 HIS IceQ X² Roaring Turbo 8GB,"
29-Jun-2016 ",4096x2160,No
AMD,80 Watts,1024 MB ,128 Bit ,83.2GB/sec,1300 MHz,Radeon R7 250X Sapphire Vapor-X OC Edition,"
13-Feb-2014 ",4096x2160,Yes
AMD,80 Watts,1024 MB ,128 Bit ,72GB/sec,1125 MHz,Radeon R7 250X PowerColor 1GB Edition,"
 13-Feb-2014 ",4096x2160,Yes
AMD,80 Watts,1024 MB ,128 Bit ,72GB/sec,1125 MHz,Radeon R7 250X Gigabyte OC 1GB Edition,"
13-Feb-2014 ",4096x2160,Yes
AMD,83 Watts,1024 MB ,128 Bit ,72GB/sec,1125 MHz,Radeon R7 250X MSI 1GB Edition,"
13-Feb-2014 ",4096x2160,Yes
AMD,80 Watts,1024 MB ,128 Bit ,72GB/sec,1125 MHz,Radeon R7 250X HIS iCooler 1GB Edition,"
13-Feb-2014 ",4096x2160,Yes
AMD,160 Watts,4096 MB ,128 Bit ,144GB/sec,1125 MHz,Radeon R7 250X Crossfire,"
10-Feb-2014 ",4096x2160,Yes
AMD,80 Watts,2048 MB ,128 Bit ,72GB/sec,1125 MHz,Radeon R7 250X Gigabyte OC 2GB Edition,"
13-Feb-2014 ",4096x2160,Yes
AMD,80 Watts,1024 MB ,128 Bit ,72GB/sec,1125 MHz,Radeon R7 250X Asus 1GB Edition,"
13-Feb-2014 ",4096x2160,Yes
AMD,61 Watts,1024 MB ,128 Bit ,72GB/sec,1125 MHz,Radeon R7 250E Club3D Low Profile 1GB Edition,"
20-Dec-2013 ",4096x2160,Yes
AMD,75 Watts,1024 MB ,128 Bit ,72GB/sec,1125 MHz,Radeon R7 250E Sapphire Ultimate 1GB Edition,"
20-Dec-2013 ",4096x2160,Yes
AMD,55 Watts,1024 MB ,128 Bit ,72GB/sec,1125 MHz,Radeon R7 250E,"
20-Dec-2013 ",4096x2160,Yes
AMD,80 Watts,2048 MB ,128 Bit ,73.6GB/sec,1150 MHz,Radeon R7 250X Asus 2GB Edition,"
13-Feb-2014 ",4096x2160,Yes
AMD,65 Watts,2048 MB ,128 Bit ,25.6GB/sec,800 MHz,Radeon R7 250 v2 XFX 2GB Edition,"
09-Oct-2013 ",2560x1600,No
AMD,80 Watts,2048 MB ,128 Bit ,72GB/sec,1125 MHz,Radeon R7 250X,"
10-Feb-2014 ",4096x2160,Yes
AMD,65 Watts,2048 MB ,128 Bit ,28.8GB/sec,900 MHz,Radeon R7 250 v2 Sapphire 2GB Edition,"
09-Oct-2013 ",2560x1600,No
AMD,65 Watts,2048 MB ,128 Bit ,28.8GB/sec,900 MHz,Radeon R7 250 v2 MSI OC 2GB Edition,"
11-Oct-2013 ",2560x1600,No
AMD,65 Watts,1024 MB ,128 Bit ,25.6GB/sec,800 MHz,Radeon R7 250 v2 XFX Core 1GB Edition,"
09-Oct-2013 ",2560x1600,Yes
AMD,65 Watts,2048 MB ,128 Bit ,28.8GB/sec,900 MHz,Radeon R7 250 v2 HIS 2GB Edition,"
09-Oct-2013 ",2560x1600,No
ATI,150 Watts,8192 MB ,256 Bit ,256GB/sec,2000 MHz,Radeon RX 480 HIS IceQ X² Roaring OC GB,"
29-Jun-2016 ",5120x2880,No
AMD,48 Watts,2048 MB ,128 Bit ,28.8GB/sec,900 MHz,Radeon R7 250 v2 Club3D 2GB Edition,"
09-Oct-2013 ",2560x1600,No
AMD,65 Watts,2048 MB ,128 Bit ,28.8GB/sec,900 MHz,Radeon R7 250 v2 2GB,"
08-Oct-2013 ",2560x1600,No
ATI,150 Watts,8192 MB ,256 Bit ,256GB/sec,2000 MHz,Radeon RX 480 Gigabyte Windforce 8GB,"
29-Jun-2016 ",7680x4320,No
ATI,150 Watts,8192 MB ,256 Bit ,256GB/sec,2000 MHz,Radeon RX 480 HIS IceQ X2 Roaring OC 8GB,"
29-Jun-2016 ",5120x2880,No
ATI,150 Watts,8192 MB ,256 Bit ,256GB/sec,2000 MHz,Radeon RX 480 HIS 8GB,"
29-Jun-2016 ",7680x4320,No
ATI,150 Watts,4096 MB ,256 Bit ,224GB/sec,1750 MHz,Radeon RX 480 Gigabyte Windforce 4GB,"
29-Jun-2016 ",4096x2160,No
ATI,150 Watts,8192 MB ,256 Bit ,256GB/sec,2000 MHz,Radeon RX 480 Gigabyte G1 Gaming 8GB,"
29-Jun-2016 ",7680x4320,No
ATI,120 Watts,4096 MB ,256 Bit ,224GB/sec,1750 MHz,Radeon RX 480 Gigabyte G1 Gaming 4GB,"
01-Jun-2016 ",4096x2160,No
ATI,150 Watts,8192 MB ,256 Bit ,256GB/sec,2000 MHz,Radeon RX 480 Gigabyte 8GB,"
29-Jun-2016 ",7680x4320,No
ATI,150 Watts,4096 MB ,256 Bit ,224GB/sec,1750 MHz,Radeon RX 480 GIGABYTE G1 Gaming 4GB,"
29-Jun-2016 ",4096x2160,No
ATI,150 Watts,4096 MB ,256 Bit ,224GB/sec,1750 MHz,Radeon RX 480 ASUS DUAL OC 4GB,"
29-Jun-2016 ",4096x2160,No
ATI,150 Watts,8192 MB ,256 Bit ,256GB/sec,2000 MHz,Radeon RX 480 Asus 8GB,"
29-Jun-2016 ",7680x4320,No
ATI,150 Watts,8192 MB ,256 Bit ,256GB/sec,2000 MHz,Radeon RX 480 Armor 8GB,"
Unknown Release Date ",7680x4320,No
ATI,150 Watts,8192 MB ,256 Bit ,256GB/sec,2000 MHz,Radeon RX 480 Asus ROG Strix Gaming 8GB,"
29-Jun-2016 ",7680x4320,No
ATI,150 Watts,8192 MB ,256 Bit ,256GB/sec,2000 MHz,Radeon RX 480 Asus ROG Strix OC 8GB,"
29-Jun-2016 ",7680x4320,No
ATI,300 Watts,16384 MB ,256 Bit ,512GB/sec,2000 MHz,Radeon RX 480 8GB Crossfire,"
29-Jun-2016 ",4096x2160,Yes
ATI,150 Watts,8192 MB ,256 Bit ,256GB/sec,2000 MHz,Radeon RX 480 8GB,"
29-Jun-2016 ",4096x2160,Yes
ATI,150 Watts,8192 MB ,256 Bit ,256GB/sec,2000 MHz,Radeon RX 480 Diamond 8GB,"
29-Jun-2016 ",7680x4320,No
ATI,120 Watts,4096 MB ,256 Bit ,224GB/sec,1750 MHz,Radeon RX 470 XFX RS Black Limited Edition 4GB,"
04-Aug-2016 ",4096x2160,No
ATI,120 Watts,4096 MB ,256 Bit ,224GB/sec,1750 MHz,Radeon RX 480 4GB,"
01-Jun-2016 ",4096x2160,Yes
ATI,120 Watts,4096 MB ,256 Bit ,224GB/sec,1750 MHz,Radeon RX 470 XFX RS Triple X 4GB,"
04-Aug-2016 ",4096x2160,Yes
AMD,65 Watts,1024 MB ,128 Bit ,73.6GB/sec,1150 MHz,Radeon R7 250 Sapphire 1GB Edition,"
08-Oct-2013 ",2560x1600,No
AMD,75 Watts,1024 MB ,128 Bit ,73.6GB/sec,1150 MHz,Radeon R7 250 PowerColor OC 1GB Edition,"
08-Oct-2013 ",2560x1600,No
ATI,120 Watts,4096 MB ,256 Bit ,211.2GB/sec,1650 MHz,Radeon RX 470 XFX Single Fan Triple X 4GB,"
04-Aug-2016 ",4096x2160,Yes
ATI,120 Watts,4096 MB ,256 Bit ,224GB/sec,1750 MHz,Radeon RX 470 XFX RS Black Edition 4GB,"
04-Aug-2016 ",4096x2160,Yes
AMD,130 Watts,2048 MB ,128 Bit ,147.2GB/sec,1150 MHz,Radeon R7 250 Sapphire 1GB Edition Crossfire,"
08-Oct-2013 ",2560x1600,Yes
AMD,65 Watts,2048 MB ,128 Bit ,73.6GB/sec,1150 MHz,Radeon R7 250 HIS IceQ Boost Clock 2GB Edition,"
08-Oct-2013 ",2560x1600,Yes
AMD,65 Watts,1024 MB ,128 Bit ,73.6GB/sec,1150 MHz,Radeon R7 250 Gigabyte OC 1GB Edition,"
09-Oct-2013 ",2560x1600,No
AMD,65 Watts,1024 MB ,128 Bit ,73.6GB/sec,1150 MHz,Radeon R7 250 Asus 1GB Edition,"
08-Oct-2013 ",2560x1600,No
AMD,65 Watts,1024 MB ,128 Bit ,73.6GB/sec,1150 MHz,Radeon R7 250 HIS iCooler 1GB Edition,"
09-Oct-2013 ",2560x1600,No
AMD,65 Watts,2048 MB ,128 Bit ,73.6GB/sec,1150 MHz,Radeon R7 250 2GB,"
08-Oct-2013 ",2560x1600,Yes
AMD,65 Watts,1024 MB ,128 Bit ,73.6GB/sec,1150 MHz,Radeon R7 250 Diamond 1GB Edition,"
08-Oct-2013 ",2560x1600,No
AMD,130 Watts,2048 MB ,128 Bit ,147.2GB/sec,1150 MHz,Radeon R7 250 1GB Crossfire,"
08-Oct-2013 ",2560x1600,Yes
AMD,65 Watts,1024 MB ,128 Bit ,73.6GB/sec,1150 MHz,Radeon R7 250 1GB,"
08-Oct-2013 ",2560x1600,No
AMD,35 Watts,4096 MB ,128 Bit ,21.3GB/sec,667 MHz,Radeon R7 240 XFX Core Low Profile 4GB Edition,"
08-Oct-2013 ",4096x2160,No
AMD,65 Watts,2048 MB ,128 Bit ,73.6GB/sec,1150 MHz,Radeon R7 250 Gigabyte OC 2GB Edition,"
09-Oct-2013 ",2560x1600,Yes
AMD,35 Watts,2048 MB ,128 Bit ,25.6GB/sec,800 MHz,Radeon R7 240 XFX Low Profile 2GB Edition,"
08-Oct-2013 ",4096x2160,No
AMD,59 Watts,1024 MB ,128 Bit ,73.6GB/sec,1150 MHz,Radeon R7 250 MSI OC 1GB Edition,"
11-Oct-2013 ",2560x1600,No
AMD,30 Watts,1024 MB ,128 Bit ,73.6GB/sec,1150 MHz,Radeon R7 240 v2 Sapphire 1GB Edition,"
08-Oct-2013 ",4096x2160,No
AMD,30 Watts,2048 MB ,128 Bit ,72GB/sec,1125 MHz,Radeon R7 240 v2 2GB,"
08-Oct-2013 ",4096x2160,No
AMD,30 Watts,2048 MB ,128 Bit ,73.6GB/sec,1150 MHz,Radeon R7 240 v2 HIS iCooler Boost Clock 2GB Edition,"
09-Oct-2013 ",4096x2160,Yes
AMD,30 Watts,1024 MB ,128 Bit ,72GB/sec,1125 MHz,Radeon R7 240 v2 1GB,"
08-Oct-2013 ",4096x2160,No
AMD,35 Watts,1024 MB ,128 Bit ,28.8GB/sec,900 MHz,Radeon R7 240 Sapphire 4GB Edition,"
08-Oct-2013 ",4096x2160,No
AMD,35 Watts,1024 MB ,128 Bit ,28.8GB/sec,900 MHz,Radeon R7 240 Sapphire 1GB Edition,"
08-Oct-2013 ",4096x2160,No
ATI,120 Watts,4096 MB ,256 Bit ,224GB/sec,1750 MHz,Radeon RX 470 Sapphire Platinum Edition 4GB,"
04-Aug-2016 ",4096x2160,No
AMD,30 Watts,2048 MB ,128 Bit ,28.8GB/sec,900 MHz,Radeon R7 240 PowerColor OC V2 2GB Edition,"
08-Oct-2013 ",4096x2160,No
ATI,120 Watts,8192 MB ,256 Bit ,256GB/sec,2000 MHz,Radeon RX 470 Sapphire Nitro+ 8GB,"
04-Aug-2016 ",4096x2160,No
ATI,120 Watts,4096 MB ,256 Bit ,224GB/sec,1750 MHz,Radeon RX 470 Sapphire Nitro+ 4GB,"
04-Aug-2016 ",4096x2160,No
ATI,120 Watts,4096 MB ,256 Bit ,224GB/sec,1750 MHz,Radeon RX 470 PowerColor Red Devil 4GB,"
04-Aug-2016 ",4096x2160,No
ATI,110 Watts,4096 MB ,256 Bit ,211.2GB/sec,1650 MHz,Radeon RX 470 MSI Gaming X 4GB,"
04-Aug-2016 ",4096x2160,No
ATI,120 Watts,4096 MB ,256 Bit ,211.2GB/sec,1650 MHz,Radeon RX 470 PowerColour Red Dragon 4GB,"
04-Aug-2016 ",4096x2160,No
ATI,110 Watts,4096 MB ,256 Bit ,211.2GB/sec,1650 MHz,Radeon RX 470 MSI Gaming 4GB,"
04-Aug-2016 ",4096x2160,No
ATI,110 Watts,8192 MB ,256 Bit ,211.2GB/sec,1650 MHz,Radeon RX 470 MSI Gaming X 8GB,"
04-Aug-2016 ",4096x2160,No
ATI,120 Watts,4096 MB ,256 Bit ,211.2GB/sec,1650 MHz,Radeon RX 470 HIS IceQ X2 Turbo 4GB,"
04-Aug-2016 ",4096x2160,No
ATI,110 Watts,,256 Bit ,211.2GB/sec,1650 MHz,Radeon RX 470 MSI Gaming 8GB,"
04-Aug-2016 ",4096x2160,Yes
ATI,120 Watts,4096 MB ,256 Bit ,211.2GB/sec,1650 MHz,Radeon RX 470 HIS IceQ X2 OC 4GB,"
04-Aug-2016 ",4096x2160,Yes
ATI,120 Watts,4096 MB ,256 Bit ,211.2GB/sec,1650 MHz,Radeon RX 470 ASUS ROG Strix Gaming 4GB,"
04-Aug-2016 ",4096x2160,No
ATI,120 Watts,4096 MB ,256 Bit ,211.2GB/sec,1650 MHz,Radeon RX 470 4GB,"
04-Aug-2016 ",4096x2160,Yes
ATI,75 Watts,4096 MB ,128 Bit ,112GB/sec,1750 MHz,Radeon RX 460 VisionTek Overclocked Edition 4GB,"
28-Jul-2016 ",5120x2880,No
ATI,75 Watts,4096 MB ,128 Bit ,112GB/sec,1750 MHz,Radeon RX 460 XFX 4GB Twin Fan,"
08-Aug-2016 ",7680x4320,No
ATI,75 Watts,2048 MB ,128 Bit ,112GB/sec,1750 MHz,Radeon RX 460 XFX Black Wolf 2GB,"
08-Aug-2016 ",7680x4320,Yes
ATI,120 Watts,4096 MB ,256 Bit ,211.2GB/sec,1650 MHz,Radeon RX 470 Asus ROG Strix Gaming OC 4GB,"
04-Aug-2016 ",4096x2160,No
ATI,75 Watts,4096 MB ,128 Bit ,112GB/sec,1750 MHz,Radeon RX 460 XFX 4GB Single Fan,"
08-Aug-2016 ",7680x4320,No
ATI,75 Watts,2048 MB ,128 Bit ,112GB/sec,1750 MHz,Radeon RX 460 XFX 2GB Single Fan,"
08-Aug-2016 ",7680x4320,No
ATI,120 Watts,4096 MB ,256 Bit ,211.2GB/sec,1650 MHz,Radeon RX 470 GIGABYTE G1 4GB,"
04-Aug-2016 ",4096x2160,No
ATI,150 Watts,2048 MB ,128 Bit ,112GB/sec,1750 MHz,Radeon RX 460 XFX 2GB Twin Fan,"
28-Jul-2016 ",4096x2160,No
ATI,75 Watts,2048 MB ,128 Bit ,112GB/sec,1750 MHz,Radeon RX 460 Sapphire Nitro 2G D5,"
08-Aug-2016 ",7680x4320,No
ATI,75 Watts,4096 MB ,128 Bit ,112GB/sec,1750 MHz,Radeon RX 460 MSI OC 4GB,"
08-Aug-2016 ",5120x2880,No
ATI,75 Watts,2048 MB ,128 Bit ,112GB/sec,1750 MHz,Radeon RX 460 MSI OC 2GB,"
08-Aug-2016 ",7680x4320,No
ATI,150 Watts,4096 MB ,128 Bit ,112GB/sec,1750 MHz,Radeon RX 460 Sapphire Nitro 4G D5,"
28-Jul-2016 ",7680x4320,No
ATI,75 Watts,2048 MB ,128 Bit ,112GB/sec,1750 MHz,Radeon RX 460 Gigabyte WindForce 2GB,"
 08-Aug-2016 ",7680x4320,No
ATI,75 Watts,2048 MB ,128 Bit ,112GB/sec,1750 MHz,Radeon RX 460 HIS iCooler OC 2GB,"
08-Aug-2016 ",7680x4320,No
ATI,75 Watts,4096 MB ,128 Bit ,,1750 MHz,Radeon RX 460 Gigabyte Windforce 2X OC 4GB,"
08-Aug-2016 ",5120x2880,No
ATI,75 Watts,2048 MB ,32 Bit ,112GB/sec,1750 MHz,Radeon RX 460 Dataland X-Serial 4GB,"
28-Jul-2016 ",7680x4320,Yes
ATI,75 Watts,2048 MB ,128 Bit ,112GB/sec,1750 MHz,Radeon RX 460 PowerColor Red Dragon 2GB,"
08-Aug-2016 ",5120x2880,No
ATI,75 Watts,4096 MB ,128 Bit ,112GB/sec,1750 MHz,Radeon RX 460 HIS iCooler OC 4GB,"
08-Aug-2016 ",5120x2880,No
ATI,75 Watts,4096 MB ,128 Bit ,112GB/sec,1750 MHz,Radeon RX 460 Asus ROG Strix Gaming OC 4GB,"
08-Aug-2016 ",5120x2880,No
ATI,75 Watts,4096 MB ,128 Bit ,112GB/sec,1750 MHz,Radeon RX 460 Asus ROG Strix Gaming 4GB,"
08-Aug-2016 ",7680x4320,No
ATI,75 Watts,2048 MB ,128 Bit ,112GB/sec,1750 MHz,Radeon RX 460 ASUS DUAL OC 2GB,"
08-Aug-2016 ",7680x4320,No
ATI,75 Watts,4096 MB ,128 Bit ,112GB/sec,1750 MHz,Radeon RX 460 PowerColor Red Dragon 4GB,"
08-Aug-2016 ",5120x2880,No
ATI,75 Watts,2048 MB ,128 Bit ,112GB/sec,1750 MHz,Radeon RX 460 ASUS DUAL 2GB,"
08-Aug-2016 ",7680x4320,No
AMD,30 Watts,2048 MB ,128 Bit ,28.8GB/sec,900 MHz,Radeon R7 240 PowerColor OC 2GB Edition,"
08-Oct-2013 ",4096x2160,No
ATI,75 Watts,,,,1750 MHz,Radeon RX 460 2GB,"
08-Aug-2016 ",7680x4320,No
AMD,35 Watts,2048 MB ,128 Bit ,28.8GB/sec,900 MHz,Radeon R7 240 MSI OC 2GB Edition,"
16-Oct-2013 ",4096x2160,No
ATI,75 Watts,,,,1750 MHz,Radeon RX 460 4GB,"
08-Aug-2016 ",5120x2880,Yes
AMD,35 Watts,2048 MB ,128 Bit ,28.8GB/sec,900 MHz,Radeon R7 240 Asus Low Profile 2GB Edition,"
08-Oct-2013 ",4096x2160,No
AMD,30 Watts,2048 MB ,128 Bit ,28.8GB/sec,900 MHz,Radeon R7 240 2GB,"
08-Oct-2013 ",4096x2160,No
AMD,30 Watts,2048 MB ,128 Bit ,28.8GB/sec,900 MHz,Radeon R7 240 Gigabyte OC 2GB Edition,"
09-Oct-2013 ",4096x2160,No
AMD,35 Watts,4096 MB ,128 Bit ,28.8GB/sec,900 MHz,Radeon R7 240 MSI Low Profile 4GB Edition,"
16-Oct-2013 ",4096x2160,No
AMD,35 Watts,4096 MB ,128 Bit ,28.8GB/sec,900 MHz,Radeon R7 240 Asus Low Profile OC 4GB Edition,"
08-Oct-2013 ",4096x2160,No
AMD,30 Watts,1024 MB ,128 Bit ,25.6GB/sec,800 MHz,Radeon R7 240 Asus 1GB Edition,"
08-Oct-2013 ",4096x2160,No
AMD,35 Watts,2048 MB ,128 Bit ,28.8GB/sec,900 MHz,Radeon R7 240 MSI Low Profile 2GB Edition,"
16-Oct-2013 ",4096x2160,No
AMD,35 Watts,1024 MB ,64 Bit ,14.4GB/sec,900 MHz,Radeon R5 235,"
21-Dec-2013 ",2560x1600,No
AMD,37 Watts,1024 MB ,64 Bit ,14.4GB/sec,900 MHz,Radeon R5 235X,"
21-Dec-2013 ",2560x1600,No
AMD,19 Watts,1024 MB ,64 Bit ,12.8GB/sec,800 MHz,Radeon R5 230 Sapphire Flex 1GB Edition,"
03-Apr-2014 ",2560x1600,No
AMD,19 Watts,2048 MB ,64 Bit ,10.7GB/sec,667 MHz,Radeon R5 230 Sapphire 2GB Edition,"
03-Apr-2014 ",2560x1600,No
AMD,19 Watts,1024 MB ,64 Bit ,10.7GB/sec,667 MHz,Radeon R5 230 Sapphire 1GB Edition,"
03-Apr-2014 ",2560x1600,No
AMD,19 Watts,2048 MB ,64 Bit ,8GB/sec,500 MHz,Radeon R5 230 MSI 2GB Edition,"
03-Apr-2014 ",2560x1600,No
AMD,19 Watts,1024 MB ,64 Bit ,8GB/sec,500 MHz,Radeon R5 230 MSI 1GB Edition,"
03-Apr-2014 ",2560x1600,No
AMD,19 Watts,2048 MB ,64 Bit ,8GB/sec,500 MHz,Radeon R5 230 HIS Silence 2GB Edition,"
03-Apr-2014 ",2560x1600,No
AMD,19 Watts,1024 MB ,64 Bit ,10.7GB/sec,667 MHz,Radeon R5 230 PowerColor 1GB Edition,"
03-Apr-2014 ",2560x1600,No
AMD,19 Watts,2048 MB ,64 Bit ,9.6GB/sec,600 MHz,Radeon R5 230 Asus Silent 2GB Edition,"
03-Apr-2014 ",2560x1600,No
AMD,19 Watts,1024 MB ,64 Bit ,8.5GB/sec,533 MHz,Radeon R5 230,"
03-Apr-2014 ",2560x1600,No
AMD,19 Watts,1024 MB ,64 Bit ,8.5GB/sec,533 MHz,Radeon R5 230 Gigabyte 1GB Edition,"
03-Apr-2014 ",2560x1600,No
ATI,250 Watts,32000 MB ,256 Bit ,512GB/sec,2000 MHz,Radeon Pro Duo 32GB,"
25-Apr-2017 ",7680x4320,Yes
AMD,,256 MB ,256 Bit ,69.1GB/sec,1080 MHz,Radeon X850 XT,"
01-Dec-2004 ",2048x1536,No
AMD,19 Watts,1024 MB ,64 Bit ,9.6GB/sec,600 MHz,Radeon R5 230 Asus Silent 1GB Edition,"
03-Apr-2014 ",2560x1600,No
AMD,,256 MB ,256 Bit ,69.1GB/sec,1080 MHz,Radeon X850 Series,"
01-Dec-2004 ",2048x1536,No
AMD,,256 MB ,256 Bit ,64GB/sec,1000 MHz,Radeon X800 XT,"
01-Dec-2004 ",2048x1536,No
AMD,30 Watts,1024 MB ,64 Bit ,16GB/sec,1000 MHz,Radeon R5 240 v1,"
21-Apr-2013 ",4096x2160,No
AMD,19 Watts,1024 MB ,64 Bit ,8.5GB/sec,533 MHz,Radeon R5 220,"
21-Dec-2013 ",2560x1600,No
AMD,,256 MB ,256 Bit ,71.7GB/sec,1120 MHz,Radeon X800 XT Platinum,"
02-Jan-2004 ",2048x1536,No
AMD,,256 MB ,256 Bit ,62.7GB/sec,980 MHz,Radeon X800 GTO,"
15-Nov-2005 ",2048x1536,No
AMD,,256 MB ,256 Bit ,51.2GB/sec,800 MHz,Radeon X800 SE,"
16-Oct-2004 ",2048x1536,No
AMD,,256 MB ,512 Bit ,125.4GB/sec,980 MHz,Radeon X800 XL,"
01-Dec-2004 ",2048x1536,No
AMD,,128 MB ,128 Bit ,9.6GB/sec,600 MHz,Radeon X600 Series,"
21-Jun-2004 ",2048x1536,No
AMD,,128 MB ,128 Bit ,6.4GB/sec,400 MHz,Radeon X300 Series,"
01-Jun-2004 ",1600x1200,No
AMD,,256 MB ,256 Bit ,57.6GB/sec,900 MHz,Radeon X800 Pro,"
05-May-2004 ",2048x1536,No
AMD,,256 MB ,128 Bit ,8GB/sec,500 MHz,Radeon X550 Series,"
21-Jun-2005 ",2048x1536,No
AMD,,256 MB ,256 Bit ,62.7GB/sec,980 MHz,Radeon X800 GT,"
01-Sep-2005 ",2048x1536,No
AMD,295 Watts,8192 MB ,512 Bit ,256GB/sec,500 MHz,Radeon RX Vega 64 Air 8GB,"
30-Jul-2017 ",7680x4320,Yes
ATI,75 Watts,4096 MB ,,,1750 MHz,Radeon RX 460 HIS Slim-iCooler OC 4GB,"
29-Nov-2016 ",5120x2880,No
AMD,,128 MB ,128 Bit ,11.2GB/sec,700 MHz,Radeon X700 Series,"
02-Jan-2004 ",2048x1536,No
AMD,150 Watts,8192 MB ,128 Bit ,256GB/sec,2000 MHz,Radeon RX 580 XFX GTS XXX 8GB,"
18-Apr-2017 ",4096x2160,Yes
AMD,,16 MB ,64 Bit ,1GB/sec,130 MHz,Rage 128 Ultra 16MB,"
01-Aug-1998 ",1600x1200,No
AMD,150 Watts,8192 MB ,128 Bit ,256GB/sec,2000 MHz,Radeon RX 580 XFX GTS Black 8GB,"
18-Apr-2017 ",4096x2160,Yes
AMD,150 Watts,4096 MB ,128 Bit ,224GB/sec,1750 MHz,Radeon RX 580 XFX GTS XXX 4GB,"
18-Apr-2017 ",4096x2160,Yes
AMD,,32 MB ,128 Bit ,2.3GB/sec,143 MHz,Rage 128 Pro,"
01-Aug-1999 ",,No
AMD,150 Watts,8192 MB ,128 Bit ,256GB/sec,2000 MHz,Radeon RX 580 XFX GTS Black Core 8GB,"
18-Apr-2017 ",4096x2160,Yes
AMD,150 Watts,8192 MB ,128 Bit ,256GB/sec,2000 MHz,Radeon RX 580 XFX GTR Black 8GB,"
18-Apr-2017 ",4096x2160,Yes
AMD,150 Watts,8192 MB ,128 Bit ,256GB/sec,2000 MHz,Radeon RX 580 XFX GTR XXX 8GB,"
18-Apr-2017 ",4096x2160,Yes
AMD,150 Watts,8192 MB ,128 Bit ,256GB/sec,2000 MHz,Radeon RX 580 Sapphire Pulse 8GB,"
18-Apr-2017 ",4096x2160,Yes
AMD,150 Watts,8192 MB ,128 Bit ,256GB/sec,2000 MHz,Radeon RX 580 VisionTek OC 8GB,"
18-Apr-2017 ",4096x2160,Yes
AMD,150 Watts,8192 MB ,128 Bit ,224GB/sec,1750 MHz,Radeon RX 580 Sapphire Pulse 4GB,"
18-Apr-2017 ",4096x2160,Yes
AMD,150 Watts,8192 MB ,128 Bit ,256GB/sec,2000 MHz,Radeon RX 580 XFX GTR-S Black 8GB,"
18-Apr-2017 ",4096x2160,Yes
AMD,150 Watts,8192 MB ,128 Bit ,224GB/sec,1750 MHz,Radeon RX 580 Sapphire Nitro+ 4GB,"
18-Apr-2017 ",4096x2160,Yes
AMD,150 Watts,8192 MB ,128 Bit ,256GB/sec,2000 MHz,Radeon RX 580 Sapphire Nitro+ Limited 8GB,"
18-Apr-2017 ",4096x2160,Yes
AMD,150 Watts,4096 MB ,128 Bit ,224GB/sec,1750 MHz,Radeon RX 580 PowerColor Red Dragon 4GB,"
18-Apr-2017 ",4096x2160,Yes
AMD,150 Watts,8192 MB ,128 Bit ,256GB/sec,2000 MHz,Radeon RX 580 PowerColor Red Dragon 8GB,"
18-Apr-2017 ",4096x2160,Yes
AMD,150 Watts,8192 MB ,128 Bit ,256GB/sec,2000 MHz,Radeon RX 580 PowerColor Red Devil Golden Sample 8GB,"
18-Apr-2017 ",4096x2160,Yes
AMD,150 Watts,8192 MB ,128 Bit ,256GB/sec,2000 MHz,Radeon RX 580 MSI Gaming X+ 8GB,"
18-Apr-2017 ",4096x2160,Yes
AMD,150 Watts,8192 MB ,128 Bit ,256GB/sec,2000 MHz,Radeon RX 580 Sapphire Nitro+ 8GB,"
18-Apr-2017 ",4096x2160,Yes
AMD,150 Watts,4096 MB ,128 Bit ,224GB/sec,1750 MHz,Radeon RX 580 MSI Gaming X 4GB,"
18-Apr-2017 ",4096x2160,Yes
AMD,150 Watts,8192 MB ,128 Bit ,256GB/sec,2000 MHz,Radeon RX 580 MSI Gaming X 8GB,"
18-Apr-2017 ",4096x2160,Yes
AMD,150 Watts,8192 MB ,128 Bit ,256GB/sec,2000 MHz,Radeon RX 580 PowerColor Red Devil 8GB,"
18-Apr-2017 ",4096x2160,Yes
AMD,150 Watts,4096 MB ,128 Bit ,224GB/sec,1750 MHz,Radeon RX 580 MSI Armor OC 4GB,"
18-Apr-2017 ",4096x2160,Yes
AMD,150 Watts,8192 MB ,128 Bit ,256GB/sec,2000 MHz,Radeon RX 580 MSI Armor OC 8GB,"
18-Apr-2017 ",4096x2160,Yes
AMD,150 Watts,4096 MB ,128 Bit ,224GB/sec,1750 MHz,Radeon RX 580 MSI Armor 4GB,"
18-Apr-2017 ",4096x2160,Yes
AMD,150 Watts,8192 MB ,128 Bit ,256GB/sec,2000 MHz,Radeon RX 580 HIS IceQ X2 Roaring Turbo 8GB,"
18-Apr-2017 ",4096x2160,Yes
AMD,150 Watts,8192 MB ,128 Bit ,256GB/sec,2000 MHz,Radeon RX 580 MSI Armor 8GB,"
18-Apr-2017 ",4096x2160,Yes
AMD,150 Watts,8192 MB ,128 Bit ,256GB/sec,2000 MHz,Radeon RX 580 Gigabyte Gaming 8GB,"
18-Apr-2017 ",4096x2160,Yes
AMD,150 Watts,8192 MB ,128 Bit ,256GB/sec,2000 MHz,Radeon RX 580 HIS IceQ X2 Turbo 8GB,"
18-Apr-2017 ",4096x2160,Yes
AMD,150 Watts,4096 MB ,128 Bit ,224GB/sec,1750 MHz,Radeon RX 580 HIS IceQ X2 OC 4GB,"
18-Apr-2017 ",4096x2160,Yes
AMD,150 Watts,4096 MB ,128 Bit ,224GB/sec,1750 MHz,Radeon RX 580 Gigabyte Gaming 4GB,"
18-Apr-2017 ",4096x2160,Yes
AMD,150 Watts,8192 MB ,128 Bit ,256GB/sec,2000 MHz,Radeon RX 580 Gigabyte Aorus XTR 8GB,"
18-Apr-2017 ",4096x2160,Yes
AMD,150 Watts,8192 MB ,128 Bit ,256GB/sec,2000 MHz,Radeon RX 580 HIS IceQ X2 OC 8GB,"
18-Apr-2017 ",4096x2160,Yes
AMD,150 Watts,4096 MB ,128 Bit ,224GB/sec,1750 MHz,Radeon RX 580 Gigabyte Aorus 4GB,"
18-Apr-2017 ",4096x2160,Yes
AMD,150 Watts,8192 MB ,128 Bit ,256GB/sec,2000 MHz,Radeon RX 580 Asus ROG Strix Gaming OC 8GB,"
18-Apr-2017 ",4096x2160,Yes
AMD,150 Watts,8192 MB ,128 Bit ,256GB/sec,2000 MHz,Radeon RX 580 Asus Dual 8GB,"
18-Apr-2017 ",4096x2160,Yes
AMD,150 Watts,8192 MB ,128 Bit ,256GB/sec,2000 MHz,Radeon RX 580 Asus ROG Strix Gaming 8GB,"
18-Apr-2017 ",4096x2160,Yes
AMD,150 Watts,8192 MB ,128 Bit ,256GB/sec,2000 MHz,Radeon RX 580 Gigabyte Aorus 8GB,"
18-Apr-2017 ",4096x2160,Yes
AMD,150 Watts,8192 MB ,128 Bit ,256GB/sec,2000 MHz,Radeon RX 580 Asus ROG Strix TOP 8GB,"
18-Apr-2017 ",4096x2160,Yes
AMD,150 Watts,4096 MB ,128 Bit ,224GB/sec,1750 MHz,Radeon RX 580 4GB,"
18-Apr-2017 ",4096x2160,Yes
AMD,195 Watts,8192 MB ,128 Bit ,224GB/sec,1750 MHz,Radeon RX 570 Sapphire Nitro+ 8GB,"
18-Apr-2017 ",4096x2160,Yes
AMD,195 Watts,4096 MB ,128 Bit ,224GB/sec,1750 MHz,Radeon RX 570 Sapphire Nitro+ 4GB,"
18-Apr-2017 ",4096x2160,Yes
AMD,120 Watts,4096 MB ,128 Bit ,224GB/sec,1750 MHz,Radeon RX 570 Sapphire Pulse 4GB,"
18-Apr-2017 ",4096x2160,Yes
AMD,150 Watts,8192 MB ,128 Bit ,256GB/sec,2000 MHz,Radeon RX 580 8GB,"
18-Apr-2017 ",4096x2160,Yes
AMD,120 Watts,4096 MB ,128 Bit ,224GB/sec,1750 MHz,Radeon RX 570 MSI Gaming X 4GB,"
18-Apr-2017 ",4096x2160,Yes
AMD,120 Watts,8192 MB ,128 Bit ,224GB/sec,1750 MHz,Radeon RX 570 MSI Gaming X 8GB,"
18-Apr-2017 ",4096x2160,Yes
AMD,120 Watts,4096 MB ,128 Bit ,224GB/sec,1750 MHz,Radeon RX 570 PowerColor Red Dragon 4GB,"
18-Apr-2017 ",4096x2160,Yes
AMD,120 Watts,4096 MB ,128 Bit ,224GB/sec,1750 MHz,Radeon RX 570 PowerColor Red Devil 4GB,"
18-Apr-2017 ",4096x2160,Yes
AMD,120 Watts,4096 MB ,128 Bit ,224GB/sec,1750 MHz,Radeon RX 570 Sapphire Pulse ITX 4GB,"
18-Apr-2017 ",4096x2160,Yes
AMD,120 Watts,4096 MB ,128 Bit ,224GB/sec,1750 MHz,Radeon RX 570 MSI Gaming 4GB,"
18-Apr-2017 ",4096x2160,Yes
AMD,120 Watts,8192 MB ,128 Bit ,224GB/sec,1750 MHz,Radeon RX 570 MSI Gaming 8GB,"
18-Apr-2017 ",4096x2160,Yes
AMD,120 Watts,8192 MB ,128 Bit ,224GB/sec,1750 MHz,Radeon RX 570 MSI Armor OC 8GB,"
18-Apr-2017 ",4096x2160,Yes
AMD,120 Watts,4096 MB ,128 Bit ,224GB/sec,1750 MHz,Radeon RX 570 MSI Armor OC 4GB,"
18-Apr-2017 ",4096x2160,Yes
AMD,120 Watts,8192 MB ,128 Bit ,224GB/sec,1750 MHz,Radeon RX 570 MSI Armor 8GB,"
18-Apr-2017 ",4096x2160,Yes
AMD,120 Watts,4096 MB ,128 Bit ,224GB/sec,1750 MHz,Radeon RX 570 HIS IceQ X2 OC 4GB,"
18-Apr-2017 ",4096x2160,Yes
AMD,120 Watts,4096 MB ,128 Bit ,224GB/sec,1750 MHz,Radeon RX 570 Dataland X-Serial 4GB,"
18-Apr-2017 ",4096x2160,Yes
AMD,120 Watts,4096 MB ,128 Bit ,224GB/sec,1750 MHz,Radeon RX 570 Gigabyte Aorus 4GB,"
18-Apr-2017 ",7680x4320,Yes
AMD,120 Watts,4096 MB ,128 Bit ,224GB/sec,1750 MHz,Radeon RX 570 MSI Armor 4GB,"
18-Apr-2017 ",4096x2160,Yes
AMD,120 Watts,4096 MB ,128 Bit ,224GB/sec,1750 MHz,Radeon RX 570 Gigabyte Gaming 4GB,"
18-Apr-2017 ",4096x2160,Yes
AMD,120 Watts,4096 MB ,128 Bit ,224GB/sec,1750 MHz,Radeon RX 570 Asus ROG Strix Gaming OC 4GB,"
18-Apr-2017 ",4096x2160,Yes
AMD,120 Watts,4096 MB ,128 Bit ,224GB/sec,1750 MHz,Radeon RX 570 Asus ROG Strix Gaming 4GB,"
18-Apr-2017 ",4096x2160,Yes
AMD,120 Watts,4096 MB ,128 Bit ,224GB/sec,1750 MHz,Radeon RX 570 Asus Expedition OC 4GB,"
18-Apr-2017 ",4096x2160,Yes
AMD,120 Watts,8192 MB ,128 Bit ,224GB/sec,1750 MHz,Radeon RX 570 8GB,"
18-Apr-2017 ",4096x2160,Yes
AMD,120 Watts,4096 MB ,128 Bit ,224GB/sec,1750 MHz,Radeon RX 570 4GB,"
18-Apr-2017 ",4096x2160,Yes
AMD,120 Watts,4096 MB ,128 Bit ,224GB/sec,1750 MHz,Radeon RX 570 Asus Expedition 4GB,"
18-Apr-2017 ",4096x2160,Yes
AMD,80 Watts,4096 MB ,128 Bit ,112GB/sec,1750 MHz,Radeon RX 560 Yeston Gaea 4GB,"
18-Apr-2017 ",5120x2880,No
AMD,80 Watts,4096 MB ,128 Bit ,112GB/sec,1750 MHz,Radeon RX 560 XFX Single Fan OC 4GB,"
18-Apr-2017 ",5120x2880,No
AMD,75 Watts,2048 MB ,,,1750 MHz,Radeon RX 560D 2GB,"
05-Jul-2017 ",7680x4320,No
AMD,80 Watts,2048 MB ,128 Bit ,112GB/sec,1750 MHz,Radeon RX 560 XFX Double Dissipation OC 2GB,"
18-Apr-2017 ",5120x2880,No
AMD,80 Watts,2048 MB ,128 Bit ,112GB/sec,1750 MHz,Radeon RX 560 XFX Single Fan OC 2GB,"
18-Apr-2017 ",5120x2880,No
AMD,80 Watts,4096 MB ,128 Bit ,112GB/sec,1750 MHz,Radeon RX 560 XFX Double Dissipation OC 4GB,"
18-Apr-2017 ",5120x2880,No
AMD,80 Watts,2048 MB ,128 Bit ,112GB/sec,1750 MHz,Radeon RX 560 VisionTek Overclocked 2GB,"
18-Apr-2017 ",5120x2880,No
AMD,80 Watts,2048 MB ,128 Bit ,112GB/sec,1750 MHz,Radeon RX 560 Sapphire Pulse OC 2GB,"
18-Apr-2017 ",5120x2880,No
AMD,80 Watts,2048 MB ,128 Bit ,112GB/sec,1750 MHz,Radeon RX 560 XFX Slim Single Slot 2GB,"
18-Apr-2017 ",5120x2880,No
AMD,80 Watts,4096 MB ,128 Bit ,112GB/sec,1750 MHz,Radeon RX 560 Sapphire Pulse OC 4GB,"
18-Apr-2017 ",5120x2880,No
AMD,45 Watts,4096 MB ,128 Bit ,112GB/sec,1750 MHz,Radeon RX 560 Sapphire Pulse 4GB,"
18-Apr-2017 ",5120x2880,No
AMD,80 Watts,4096 MB ,128 Bit ,112GB/sec,1750 MHz,Radeon RX 560 PowerColor Red Dragon OC 4GB,"
18-Apr-2017 ",5120x2880,No
AMD,80 Watts,2048 MB ,128 Bit ,112GB/sec,1750 MHz,Radeon RX 560 PowerColor Red Dragon OC 2GB,"
18-Apr-2017 ",5120x2880,No
AMD,80 Watts,4096 MB ,128 Bit ,112GB/sec,1750 MHz,Radeon RX 560 Sapphire Pulse Mining 4GB,"
18-Apr-2017 ",5120x2880,No
AMD,80 Watts,4096 MB ,128 Bit ,112GB/sec,1750 MHz,Radeon RX 560 Kuroutoshikou 4GB,"
18-Apr-2017 ",5120x2880,No
AMD,80 Watts,2048 MB ,128 Bit ,112GB/sec,1750 MHz,Radeon RX 560 PowerColor Red Dragon OC V3 2GB,"
18-Apr-2017 ",5120x2880,No
AMD,80 Watts,2048 MB ,128 Bit ,112GB/sec,1750 MHz,Radeon RX 560 HIS iCooler OC 2GB,"
18-Apr-2017 ",5120x2880,No
AMD,80 Watts,2048 MB ,128 Bit ,112GB/sec,1750 MHz,Radeon RX 560 HIS Green iCooler OC 2GB,"
18-Apr-2017 ",5120x2880,No
AMD,80 Watts,4096 MB ,128 Bit ,112GB/sec,1750 MHz,Radeon RX 560 PowerColor Red Dragon V3 4GB,"
18-Apr-2017 ",5120x2880,No
AMD,80 Watts,4096 MB ,128 Bit ,112GB/sec,1750 MHz,Radeon RX 560 HIS Green iCooler OC 4GB,"
18-Apr-2017 ",5120x2880,No
AMD,80 Watts,2048 MB ,128 Bit ,112GB/sec,1750 MHz,Radeon RX 560 MSI Aero ITX OC 2GB,"
18-Apr-2017 ",5120x2880,No
AMD,75 Watts,4096 MB ,128 Bit ,112GB/sec,1750 MHz,Radeon RX 560 Dataland X-Serial War 4GB,"
18-Apr-2017 ",5120x2880,No
AMD,80 Watts,4096 MB ,128 Bit ,112GB/sec,1750 MHz,Radeon RX 560 Gigabyte Gaming OC 4GB,"
18-Apr-2017 ",5120x2880,No
AMD,80 Watts,4096 MB ,128 Bit ,112GB/sec,1750 MHz,Radeon RX 560 MSI Aero ITX OC 4GB,"
18-Apr-2017 ",5120x2880,No
AMD,80 Watts,2048 MB ,128 Bit ,112GB/sec,1750 MHz,Radeon RX 560 Gigabyte Gaming OC 2GB,"
18-Apr-2017 ",5120x2880,No
AMD,75 Watts,4096 MB ,128 Bit ,112GB/sec,1750 MHz,Radeon RX 560 Dataland X-Serial God of War 4GB,"
18-Apr-2017 ",5120x2880,No
AMD,75 Watts,4096 MB ,128 Bit ,112GB/sec,1750 MHz,Radeon RX 560 Asus ROG Strix Gaming 4GB,"
18-Apr-2017 ",5120x2880,No
AMD,80 Watts,2048 MB ,128 Bit ,112GB/sec,1750 MHz,Radeon RX 560 Dataland X-Serial War 2GB,"
18-Apr-2017 ",5120x2880,No
AMD,75 Watts,4096 MB ,128 Bit ,112GB/sec,1750 MHz,Radeon RX 560 Asus ROG Strix Gaming OC 4GB,"
18-Apr-2017 ",5120x2880,No
AMD,80 Watts,2048 MB ,128 Bit ,112GB/sec,1750 MHz,Radeon RX 560 Dataland X-Serial God of War 2GB,"
18-Apr-2017 ",5120x2880,No
AMD,75 Watts,4096 MB ,128 Bit ,112GB/sec,1750 MHz,Radeon RX 560 Asus Dual Fan OC 4GB,"
18-Apr-2017 ",5120x2880,No
AMD,75 Watts,4096 MB ,128 Bit ,112GB/sec,1750 MHz,Radeon RX 560 Asus Dual Fan 4GB,"
18-Apr-2017 ",5120x2880,No
AMD,80 Watts,4096 MB ,128 Bit ,112GB/sec,1750 MHz,Radeon RX 560 4GB,"
18-Apr-2017 ",5120x2880,No
AMD,80 Watts,2048 MB ,128 Bit ,112GB/sec,1750 MHz,Radeon RX 560 2GB,"
18-Apr-2017 ",5120x2880,No
AMD,75 Watts,2048 MB ,128 Bit ,112GB/sec,1750 MHz,Radeon RX 560 Asus Dual Fan OC 2GB,"
18-Apr-2017 ",5120x2880,No
AMD,75 Watts,2048 MB ,128 Bit ,112GB/sec,1750 MHz,Radeon RX 560 Asus Dual Fan 2GB,"
18-Apr-2017 ",5120x2880,No
AMD,75 Watts,4096 MB ,,,1750 MHz,Radeon RX 550 4GB [not released],"
18-Apr-2017 ",5120x2880,No
AMD,75 Watts,2048 MB ,,,1750 MHz,Radeon RX 550 2GB [not released],"
18-Apr-2017 ",5120x2880,No
AMD,,,64 Bit ,3.2GB/sec,400 MHz,Radeon Xpress 1150,"
01-Jun-2006 ",2048x1536,No
AMD,66 Watts,512 MB ,256 Bit ,44.2GB/sec,690 MHz,Radeon X1950 Pro,"
01-Oct-2006 ",2560x1600,Yes
AMD,125 Watts,512 MB ,256 Bit ,64GB/sec,1000 MHz,Radeon X1950 XTX,"
07-Oct-2006 ",,Yes
AMD,96 Watts,512 MB ,256 Bit ,57.6GB/sec,900 MHz,Radeon X1950 XT,"
17-Oct-2006 ",,Yes
AMD,,128 MB ,128 Bit ,,,Radeon Xpress 1100 128mb,"
01-May-2006 ",2048x1536,No
AMD,135 Watts,512 MB ,256 Bit ,49.6GB/sec,775 MHz,Radeon X1900 XTX,"
01-Jan-2006 ",,Yes
AMD,57 Watts,256 MB ,256 Bit ,38.4GB/sec,600 MHz,Radeon X1950 GT,"
29-Jan-2007 ",,Yes
AMD,,256 MB ,256 Bit ,64GB/sec,1000 MHz,Radeon X1950 Series,"
02-Jan-2006 ",2560x1600,Yes
AMD,100 Watts,256 MB ,256 Bit ,46.4GB/sec,725 MHz,Radeon X1900 XT,"
01-Jan-2006 ",,Yes
AMD,,256 MB ,256 Bit ,64GB/sec,1000 MHz,Radeon X1900 Series,"
02-Jan-2006 ",2560x1600,Yes
AMD,75 Watts,256 MB ,256 Bit ,42.2GB/sec,660 MHz,Radeon X1900 GT Rev. 2,"
01-Oct-2006 ",,Yes
AMD,70 Watts,256 MB ,256 Bit ,64GB/sec,500 MHz,Radeon X1800 XL,"
01-Oct-2005 ",,Yes
AMD,42 Watts,512 MB ,128 Bit ,25.6GB/sec,800 MHz,Radeon X1650 SE,"
02-Jan-2007 ",2048x1536,Yes
AMD,,256 MB ,256 Bit ,44.8GB/sec,700 MHz,Radeon X1800 Series 256MB,"
02-Jan-2005 ",2560x1600,Yes
AMD,113 Watts,512 MB ,256 Bit ,44.8GB/sec,700 MHz,Radeon X1800 XT,"
01-Oct-2005 ",,Yes
AMD,48 Watts,256 MB ,256 Bit ,31.7GB/sec,495 MHz,Radeon X1800 GTO,"
01-Mar-2006 ",,Yes
AMD,75 Watts,256 MB ,256 Bit ,38.4GB/sec,600 MHz,Radeon X1900 GT,"
01-May-2006 ",,Yes
AMD,44 Watts,256 MB ,128 Bit ,22.4GB/sec,700 MHz,Radeon X1650 PRO ,"
23-Aug-2006 ",,Yes
AMD,48 Watts,512 MB ,256 Bit ,31.7GB/sec,495 MHz,Radeon X1800 GTO²,"
01-Mar-2006 ",,Yes
AMD,55 Watts,256 MB ,128 Bit ,22.4GB/sec,700 MHz,Radeon X1650 XT ,"
30-Oct-2010 ",,Yes
AMD,,128 MB ,128 Bit ,12.8GB/sec,400 MHz,Radeon X1650 GT,"
01-May-2007 ",,Yes
AMD,27 Watts,512 MB ,128 Bit ,12.8GB/sec,400 MHz,Radeon X1600,"
01-Jan-2007 ",2048x1536,Yes
AMD,42 Watts,256 MB ,128 Bit ,22.1GB/sec,690 MHz,Radeon X1600 XT ,"
01-Oct-2005 ",,Yes
AMD,,256 MB ,64 Bit ,6.4GB/sec,400 MHz,Radeon X1650 PowerColor 256MB Edition,"
01-Feb-2007 ",2560x1600,Yes
AMD,41 Watts,512 MB ,128 Bit ,12.5GB/sec,390 MHz,Radeon X1600 Pro 512MB,"
01-Oct-2005 ",2048x1536,Yes
AMD,22 Watts,256 MB ,128 Bit ,12.8GB/sec,400 MHz,Radeon X1300 XT ,"
12-Aug-2006 ",,No
AMD,31 Watts,256 MB ,128 Bit ,6.4GB/sec,400 MHz,Radeon X1300 PRO,"
01-Nov-2006 ",,No
AMD,24 Watts,256 MB ,128 Bit ,10.7GB/sec,333 MHz,Radeon X1050 256MB,"
01-Dec-2006 ",,No
AMD,,,64 Bit ,,,Radeon X1200 128mb,"
28-Feb-2007 ",2048x1536,No
AMD,14 Watts,,64 Bit ,,,Radeon X1270,"
01-Feb-2007 ",2048x1536,No
AMD,24 Watts,128 MB ,64 Bit ,1.6GB/sec,200 MHz,Radeon X1050 XT ,"
07-Dec-2006 ",,No
AMD,,64 MB ,64 Bit ,2GB/sec,250 MHz,Radeon X1300 LE ,"
05-Oct-2005 ",,No
Intel,,,,,,Intel Q43 Express Chipset,"
01-Aug-2008 ",,No
AMD,,256 MB ,128 Bit ,4GB/sec,250 MHz,Radeon X1300 256MB,"
01-Dec-2005 ",2048x1536,No
AMD,24 Watts,128 MB ,64 Bit ,5.3GB/sec,333 MHz,Radeon X1050,"
07-Dec-2006 ",2560x1600,No
Intel,24 Watts,,,,,Intel G45 Express Chipset,"
01-Jun-2008 ",,No
Intel,25 Watts,,,,,Intel G41 Express Chipset,"
01-Sep-2008 ",,No
Intel,19 Watts,,,,,Intel G33 Express Chipset,"
01-Jun-2007 ",1600x900,No
Intel,24 Watts,,,,,Intel G43 Express Chipset,"
01-Aug-2008 ",,No
Intel,13 Watts,,64 Bit ,,,Intel 865G,"
01-May-2003 ",1280x1024,No
Intel,17 Watts,,,,,Intel G31 Express Chipset,"
01-Aug-2007 ",,No
Intel,,,,,,Intel B43 Express Chipset,"
01-Dec-2008 ",,No
Intel,28 Watts,,,,,Intel G35 Express Chipset,"
01-Aug-2007 ",,No
Intel,17 Watts,,,,,Intel 82915G,"
01-Jun-2004 ",,No
Intel,6 Watts,,64 Bit ,1.1GB/sec,133 MHz,Intel 82845G,"
01-May-2002 ",,No
Intel,,,,,,Intel 82945G,"
01-May-2005 ",,No
Intel,,,,,167 MHz,Intel 845GV ,"
01-Oct-2002 ",,No
AMD,27 Watts,256 MB ,128 Bit ,12.8GB/sec,400 MHz,Radeon X1550,"
08-Jan-2007 ",2048x1536,Yes
Intel,45 Watts,,,,,Intel GMA HD,"
25-Jan-2010 ",1600x1200,No
Intel,,,,,,Intel GMA X3100,"
09-May-2007 ",1600x1200,No
Intel,84 Watts,,128 Bit ,25.6GB/sec,800 MHz,Intel HD Graphics P4600,"
01-Jun-2013 ",2560x1600,No
Intel,17 Watts,,,,,Intel GMA 3100,"
30-Jun-2007 ",2048x1536,No
Intel,86 Watts,,128 Bit ,25.6GB/sec,800 MHz,Intel HD Graphics P4700,"
01-Jun-2013 ",2560x1600,No
Intel,,,128 Bit ,25.6GB/sec,800 MHz,Intel HD Graphics P4000,"
01-Mar-2012 ",,No
Intel,45 Watts,,128 Bit ,25.6GB/sec,800 MHz,Intel HD Graphics Desktop (Ivy Bridge),"
01-Oct-2012 ",2560x1600,No
Intel,,,128 Bit ,21.3GB/sec,667 MHz,Intel HD Graphics P3000,"
01-Apr-2011 ",,No
Intel,47 Watts,,128 Bit ,34.1GB/sec,1067 MHz,Intel HD Graphics 510 Desktop,"
01-Sep-2015 ",4096x2160,No
Intel,65 Watts,,128 Bit ,25.6GB/sec,800 MHz,Intel HD Graphics Desktop (Sandy Bridge),"
01-May-2011 ",2560x1600,No
Intel,15 Watts,,128 Bit ,34.1GB/sec,1066 MHz,Intel HD Graphics 610,"
01-Jan-2017 ",,No
Intel,10 Watts,,128 Bit ,21.3GB/sec,667 MHz,Intel HD Graphics Desktop (Bay Trail),"
11-Sep-2013 ",2560x1600,No
Intel,91 Watts,,128 Bit ,34.1GB/sec,1067 MHz,Intel HD Graphics 530 Desktop,"
05-Aug-2015 ",4096x2160,No
Intel,88 Watts,,128 Bit ,25.6GB/sec,800 MHz,Intel HD Graphics 4600 Desktop,"
03-Jun-2013 ",2560x1600,No
Intel,,,128 Bit ,25.6GB/sec,800 MHz,Intel HD Graphics 4400 Desktop,"
05-Jun-2013 ",2560x1600,No
Intel,20 Watts,,128 Bit ,25.6GB/sec,800 MHz,Intel HD Graphics 4200 Desktop,"
01-Jul-2013 ",2560x1600,No
Intel,4 Watts,,128 Bit ,25.6GB/sec,800 MHz,Intel HD Graphics Desktop (Haswell),"
01-Jun-2013 ",2560x1600,No
Intel,77 Watts,,128 Bit ,25.6GB/sec,800 MHz,Intel HD Graphics 4000 Desktop,"
23-Mar-2012 ",2560x1600,No
Intel,,,64 Bit ,12.8GB/sec,800 MHz,Intel HD Graphics 2500 Desktop,"
01-Apr-2012 ",,No
Intel,95 Watts,,128 Bit ,21.3GB/sec,667 MHz,Intel HD Graphics 3000 Desktop,"
01-Feb-2011 ",2560x1600,No
Intel,,,,,,Intel 915GM/GMS,"
01-Mar-2003 ",1600x1200,No
Intel,,,,,,Intel 945GM Express Family,"
01-Mar-2005 ",1600x1200,No
Intel,,,,,,Intel 945 Express Family,"
01-Mar-2005 ",1600x1200,No
Intel,47 Watts,,128 Bit ,34.1GB/sec,1067 MHz,HD i3 6100,"
01-Sep-2015 ",4096x2160,No
Intel,95 Watts,,128 Bit ,21.3GB/sec,667 MHz,Intel HD Graphics 2000 Desktop,"
01-Feb-2011 ",2560x1600,No
Intel,47 Watts,,128 Bit ,34.1GB/sec,1067 MHz,HD i3 6300,"
01-Sep-2015  ",4096x2160,No
Intel,,,64 Bit ,6.4GB/sec,400 MHz,Intel GMA 3000,"
01-Jul-2006 ",,No
Intel,,,64 Bit ,10.7GB/sec,667 MHz,HD i3 560,"
30-May-2010 ",2560x1600,No
Intel,,,64 Bit ,10.7GB/sec,667 MHz,HD i3 540,"
30-Mar-2010 ",2560x1600,No
Intel,47 Watts,,128 Bit ,34.1GB/sec,1067 MHz,HD i3 6320,"
01-Sep-2015 ",4096x2160,No
Intel,,,128 Bit ,21.3GB/sec,667 MHz,HD i3 2130,"
04-Sep-2011 ",2560x1600,No
Intel,,,64 Bit ,10.7GB/sec,667 MHz,HD i3 550,"
30-May-2010 ",2560x1600,No
Intel,,,64 Bit ,10.7GB/sec,667 MHz,HD i3 2125,"
04-Sep-2011 ",2560x1600,No
Intel,,,64 Bit ,10.7GB/sec,667 MHz,HD i3 530,"
30-Mar-2010 ",2560x1600,No
Intel,35 Watts,,64 Bit ,10.7GB/sec,667 MHz,HD i3 2100T,"
30-Mar-2011 ",2560x1600,No
Intel,,,128 Bit ,17.1GB/sec,533 MHz,Intel HD Pentium G630T,"
01-Sep-2011 ",,No
Intel,65 Watts,,64 Bit ,10.7GB/sec,667 MHz,HD i3 2120,"
20-Feb-2011 ",2560x1600,No
Intel,,,64 Bit ,10.7GB/sec,667 MHz,Intel HD Pentium G840,"
22-May-2011 ",,No
Intel,65 Watts,,128 Bit ,21.3GB/sec,667 MHz,HD i3 2100,"
30-Mar-2011 ",2560x1600,No
Intel,65 Watts,,64 Bit ,10.7GB/sec,667 MHz,HD i3 2105,"
30-Mar-2011 ",2560x1600,No
Intel,,,128 Bit ,17.1GB/sec,533 MHz,Intel HD Pentium G620T,"
01-May-2011 ",,No
Intel,35 Watts,,128 Bit ,34.1GB/sec,1067 MHz,HD i3 6300T,"
01-Sep-2015 ",4096x2160,No
Intel,,,128 Bit ,17.1GB/sec,533 MHz,Intel HD Pentium G630,"
01-Sep-2011 ",,No
Intel,65 Watts,,128 Bit ,34.1GB/sec,1067 MHz,HD i7 6700,"
01-Sep-2015 ",4096x2160,No
Intel,91 Watts,,128 Bit ,34.1GB/sec,1067 MHz,HD i7 6700K,"
05-Aug-2015 ",4096x2160,No
Intel,35 Watts,,128 Bit ,34.1GB/sec,1067 MHz,HD i7 6700T,"
01-Sep-2015 ",4096x2160,No
Intel,77 Watts,,128 Bit ,25.6GB/sec,800 MHz,HD i7 3770T,"
29-Apr-2012 ",2560x1600,No
Intel,88 Watts,,128 Bit ,25.6GB/sec,800 MHz,HD i7 4790K,"
22-Jun-2014 ",2560x1600,No
Intel,77 Watts,,128 Bit ,25.6GB/sec,800 MHz,HD i7 3770K,"
29-Apr-2012 ",2560x1600,No
Intel,77 Watts,,128 Bit ,25.6GB/sec,800 MHz,HD i7 3770S,"
29-Apr-2012 ",2560x1600,No
Intel,95 Watts,,128 Bit ,21.3GB/sec,667 MHz,HD i7 2600,"
09-Jan-2011 ",2560x1600,No
Intel,77 Watts,,128 Bit ,25.6GB/sec,800 MHz,HD i7 3770,"
29-Apr-2012 ",2560x1600,No
Intel,95 Watts,,128 Bit ,21.3GB/sec,667 MHz,HD i7 2600K,"
09-Jan-2011 ",2560x1600,No
Intel,95 Watts,,128 Bit ,21.3GB/sec,667 MHz,HD i7 2700K,"
23-Oct-2011 ",2560x1600,No
Intel,8 Watts,,128 Bit ,25.6GB/sec,800 MHz,HD i3 3220,"
01-Sep-2012 ",2560x1600,No
Intel,35 Watts,,128 Bit ,34.1GB/sec,1067 MHz,Intel HD Pentium G4400T,"
01-Sep-2015 ",4096x2160,No
Intel,95 Watts,,128 Bit ,21.3GB/sec,667 MHz,HD i7 2600S,"
09-Jan-2011 ",2560x1600,No
Intel,47 Watts,,128 Bit ,34.1GB/sec,1067 MHz,Intel HD Pentium G4400,"
01-Sep-2015 ",4096x2160,No
Intel,47 Watts,,128 Bit ,34.1GB/sec,1067 MHz,Intel HD Pentium G4500,"
01-Sep-2015 ",4096x2160,No
Intel,55 Watts,,128 Bit ,21.3GB/sec,667 MHz,Intel HD Pentium G1620,"
22-Jan-2013 ",,No
Intel,65 Watts,,128 Bit ,34.1GB/sec,1067 MHz,HD i5 6402P,"
27-Dec-2015 ",4096x2160,No
Intel,73 Watts,,64 Bit ,10.7GB/sec,667 MHz,HD i5 670,"
30-Mar-2010 ",,No
Intel,73 Watts,,64 Bit ,10.7GB/sec,667 MHz,HD i5 680,"
30-May-2010 ",,No
Intel,65 Watts,,128 Bit ,34.1GB/sec,1067 MHz,HD i5 6600T,"
01-Sep-2015 ",4096x2160,No
Intel,65 Watts,,128 Bit ,34.1GB/sec,1067 MHz,HD i5 6600,"
01-Sep-2015 ",4096x2160,No
Intel,91 Watts,,128 Bit ,34.1GB/sec,1067 MHz,HD i5 6600K,"
05-Aug-2015 ",4096x2160,No
Intel,87 Watts,,64 Bit ,10.7GB/sec,667 MHz,HD i5 661,"
30-Mar-2010 ",,No
Intel,35 Watts,,128 Bit ,34.1GB/sec,1067 MHz,HD i5 6500T,"
01-Sep-2015 ",4096x2160,No
Intel,73 Watts,,64 Bit ,10.7GB/sec,667 MHz,HD i5 655K,"
30-Mar-2010 ",,No
Intel,73 Watts,,64 Bit ,10.7GB/sec,667 MHz,HD i5 660,"
30-Mar-2010 ",,No
Intel,35 Watts,,128 Bit ,34.1GB/sec,1067 MHz,HD i5 6400T,"
01-Sep-2015 ",4096x2160,No
Intel,65 Watts,,128 Bit ,34.1GB/sec,1067 MHz,HD i5 6400,"
01-Sep-2015 ",4096x2160,No
Intel,65 Watts,,128 Bit ,34.1GB/sec,1067 MHz,HD i5 6500,"
01-Sep-2015 ",4096x2160,No
Intel,95 Watts,,64 Bit ,10.7GB/sec,667 MHz,HD i5 2500,"
30-Mar-2011 ",,No
Intel,,,64 Bit ,12.8GB/sec,800 MHz,HD i5 3550,"
01-Apr-2012 ",,No
Intel,95 Watts,,64 Bit ,10.7GB/sec,667 MHz,HD i5 2400,"
30-Mar-2011 ",,No
Intel,95 Watts,,64 Bit ,10.7GB/sec,667 MHz,HD i5 2310,"
30-May-2011 ",,No
Intel,,,64 Bit ,10.7GB/sec,667 MHz,HD i5 2320,"
04-Sep-2011 ",2560x1600,No
Intel,,,64 Bit ,12.8GB/sec,800 MHz,HD i5 3570k,"
29-Apr-2012 ",2560x1600,No
Intel,65 Watts,128 MB ,128 Bit ,14.9GB/sec,933 MHz,Iris Pro Graphics 6200 Desktop,"
02-Jun-2015 ",2560x1600,No
Intel,95 Watts,,64 Bit ,10.7GB/sec,667 MHz,HD i5 2300,"
30-Mar-2011 ",,No
Intel,28 Watts,,128 Bit ,25.6GB/sec,800 MHz,Iris Pro Graphics 5200 Desktop,"
03-Jun-2013 ",2560x1600,No
Intel,65 Watts,,64 Bit ,10.7GB/sec,667 MHz,HD i5 2405S,"
30-May-2011 ",,No
Intel,54 Watts,,128 Bit ,34.1GB/sec,1067 MHz,HD i3 6308P,"
27-Dec-2015 ",4096x2160,No
Intel,65 Watts,,64 Bit ,10.7GB/sec,667 MHz,HD i5 2400S,"
30-Mar-2011 ",,No
Intel,73 Watts,,64 Bit ,10.7GB/sec,667 MHz,HD i5 650,"
30-Mar-2010 ",,No
Intel,95 Watts,,64 Bit ,10.7GB/sec,667 MHz,HD i5 2500K,"
30-Mar-2011 ",,No
Intel,28 Watts,,128 Bit ,25.6GB/sec,800 MHz,Iris Graphics 5100 Desktop,"
29-Apr-2013 ",2560x1600,No
AMD,375 Watts,6144 MB ,384 Bit ,576GB/sec,1500 MHz,Radeon HD 7990,"
23-Apr-2013 ",2560x1600,Yes
AMD,500 Watts,6144 MB ,192 Bit ,264GB/sec,1375 MHz,Radeon HD 7970 X2 Devil 13,"
30-Jul-2012 ",4096x2160,Yes
AMD,375 Watts,6144 MB ,384 Bit ,576GB/sec,1500 MHz,Radeon HD 8990 (OEM),"
24-Apr-2013 ",2560x1600,Yes
Nvidia,40 Watts,512 MB ,64 Bit ,11.2GB/sec,700 MHz,Quadro NVS 420,"
20-Jan-2009 ",2560x1600,No
AMD,,4096 MB ,512 Bit ,320GB/sec,1250 MHz,Radeon HD 6990 Gigabyte 4GB Edition,"
01-Mar-2011 ",2560x1600,Yes
AMD,19 Watts,1024 MB ,64 Bit ,6.4GB/sec,400 MHz,Radeon HD 5450 1024MB,"
04-Feb-2010 ",2560x1600,Yes
AMD,230 Watts,3072 MB ,384 Bit ,273.6GB/sec,1425 MHz,Radeon HD 7970 XFX Black Edition,"
30-Jan-2012 ",4096x2160,Yes
Nvidia,20 Watts,512 MB ,64 Bit ,14GB/sec,875 MHz,Quadro NVS 310 PNY Low Profile Edition,"
01-Jun-2012 ",2560x1600,No
Nvidia,189 Watts,4096 MB ,512 Bit ,102.4GB/sec,800 MHz,Quadro FX 5800,"
11-Nov-2008 ",2560x1600,Yes
Nvidia,35 Watts,512 MB ,64 Bit ,11.2GB/sec,700 MHz,Quadro NVS 450,"
01-Apr-2011 ",2560x1600,No
Nvidia,600 Watts,12288 MB ,384 Bit ,288GB/sec,750 MHz,Quadro Plex 7000,"
25-Jul-2011 ",2560x1600,Yes
Nvidia,,,128 Bit ,,,GeForce 7025 nForce 630a,"
01-Sep-2007 ",1920x1440,No
Nvidia,385 Watts,2048 MB ,256 Bit ,256GB/sec,1000 MHz,GeForce 9800 GX2 SLI,"
01-Mar-2008 ",2560x1600,Yes
Nvidia,225 Watts,12288 MB ,384 Bit ,288.4GB/sec,1502 MHz,Quadro K6000,"
23-Jul-2013 ",4096x2160,Yes
Nvidia,120 Watts,8192 MB ,256 Bit ,192.3GB/sec,1502 MHz,Quadro M4000,"
29-Jun-2015 ",4096x2160,No
Nvidia,,16 MB ,64 Bit ,800MB/sec,100 MHz,Vanta LT,"
01-Mar-2000 ",,No
Nvidia,150 Watts,8192 MB ,384 Bit ,192GB/sec,1000 MHz,Quadro K5200,"
22-Jul-2014 ",4096x2160,Yes
Nvidia,122 Watts,4096 MB ,256 Bit ,172.8GB/sec,1350 MHz,Quadro K5000,"
01-Aug-2012 ",4096x2160,Yes
Nvidia,45 Watts,1024 MB ,128 Bit ,28.8GB/sec,900 MHz,Quadro K620,"
22-Jul-2014 ",4096x2160,No
Nvidia,108 Watts,4096 MB ,256 Bit ,172.8GB/sec,1350 MHz,Quadro K4200,"
22-Jul-2014 ",4096x2160,Yes
Nvidia,68 Watts,4096 MB ,128 Bit ,80GB/sec,1250 MHz,Quadro K2200,"
22-Jul-2014 ",4096x2160,No
Nvidia,41 Watts,1024 MB ,128 Bit ,29GB/sec,905 MHz,Quadro K600 PNY 1GB Edition,"
01-Mar-2013 ",4096x2160,No
Nvidia,41 Watts,1024 MB ,128 Bit ,29GB/sec,905 MHz,Quadro K600,"
01-Mar-2013 ",4096x2160,No
Nvidia,41 Watts,1024 MB ,128 Bit ,28.8GB/sec,900 MHz,Quadro K420,"
22-Jul-2014 ",4096x2160,No
Nvidia,150 Watts,1536 MB ,384 Bit ,76.8GB/sec,800 MHz,Quadro CX,"
30-Oct-2008 ",2560x1600,Yes
Nvidia,204 Watts,6144 MB ,384 Bit ,143.4GB/sec,747 MHz,Quadro 6000,"
10-Dec-2010 ",2560x1600,Yes
Nvidia,142 Watts,2048 MB ,256 Bit ,89.9GB/sec,702 MHz,Quadro 4000,"
02-Nov-2010 ",2560x1600,No
Nvidia,40 Watts,1024 MB ,128 Bit ,25.6GB/sec,800 MHz,Quadro 600,"
01-Oct-2010 ",2560x1600,No
Nvidia,62 Watts,1024 MB ,128 Bit ,41.6GB/sec,650 MHz,Quadro 2000D,"
05-Oct-2011 ",2560x1600,Yes
Nvidia,38 Watts,512 MB ,64 Bit ,14.3GB/sec,891 MHz,Quadro 410,"
07-Aug-2012 ",4096x2160,No
Nvidia,32 Watts,512 MB ,64 Bit ,12.8GB/sec,800 MHz,Quadro 400,"
01-Jul-2011 ",2560x1600,No
Nvidia,20 Watts,,64 Bit ,8.5GB/sec,1066 MHz,ION LE,"
03-Jun-2008 ",2560x1600,No
Nvidia,141 Watts,512 MB ,256 Bit ,70.4GB/sec,1100 MHz,GeForce 9800 GTX+,"
16-Jan-2009 ",2560x1600,Yes
Nvidia,197 Watts,1024 MB ,256 Bit ,128GB/sec,1000 MHz,GeForce 9800 GX2,"
01-Mar-2008 ",2560x1600,Yes
Nvidia,62 Watts,1024 MB ,128 Bit ,41.6GB/sec,650 MHz,Quadro 2000,"
24-Dec-2010 ",2560x1600,No
Nvidia,152 Watts,2560 MB ,320 Bit ,120GB/sec,750 MHz,Quadro 5000,"
23-Feb-2011 ",2560x1600,Yes
Nvidia,172 Watts,768 MB ,384 Bit ,103.7GB/sec,1080 MHz,GeForce 8800 Ultra,"
01-May-2007 ",2560x1600,Yes
Nvidia,200 Watts,2048 MB ,512 Bit ,115.2GB/sec,900 MHz,GeForce 9800 GT 1GB SLI,"
21-Jul-2008 ",2560x1600,No
Nvidia,75 Watts,512 MB ,256 Bit ,57.6GB/sec,900 MHz,GeForce 9800 GT Green Edition,"
15-Mar-2009 ",2560x1600,Yes
Nvidia,280 Watts,1024 MB ,256 Bit ,140.8GB/sec,1100 MHz,GeForce 9800 GTX SLI,"
01-Apr-2008 ",2560x1600,Yes
Nvidia,140 Watts,512 MB ,256 Bit ,70.4GB/sec,1100 MHz,GeForce 9800 GTX,"
28-Mar-2008 ",2560x1600,Yes
Nvidia,105 Watts,512 MB ,256 Bit ,57.6GB/sec,900 MHz,GeForce 9800 GT,"
21-Jul-2008 ",2560x1600,Yes
Nvidia,50 Watts,512 MB ,256 Bit ,25.6GB/sec,400 MHz,GeForce 9600 GT Asus Magic HDMI 512MB Edition,"
01-Feb-2008 ",2560x1600,Yes
Nvidia,105 Watts,1024 MB ,256 Bit ,57.6GB/sec,900 MHz,GeForce 9800 GT 1GB,"
21-Jul-2008 ",2560x1600,Yes
Nvidia,84 Watts,768 MB ,192 Bit ,38.4GB/sec,800 MHz,GeForce 9600 GSO EVGA Dual-Slot 768MB Edition,"
01-May-2008 ",2560x1600,No
Nvidia,95 Watts,512 MB ,256 Bit ,57.6GB/sec,900 MHz,GeForce 9600 GT 512MB,"
01-Feb-2008 ",2560x1600,Yes
Nvidia,90 Watts,512 MB ,192 Bit ,43.2GB/sec,900 MHz,GeForce 9600 GSO 512MB,"
01-Oct-2008 ",2560x1600,Yes
Nvidia,50 Watts,512 MB ,128 Bit ,25.6GB/sec,800 MHz,GeForce 9500 GT,"
29-Jul-2008 ",2560x1600,Yes
Nvidia,84 Watts,384 MB ,192 Bit ,38.4GB/sec,800 MHz,GeForce 9600 GSO,"
01-May-2008 ",2560x1600,Yes
Nvidia,,768 MB ,192 Bit ,24GB/sec,500 MHz,GeForce 9600 GS,"
01-May-2008 ",2560x1600,Yes
Nvidia,,512 MB ,128 Bit ,16GB/sec,500 MHz,GeForce 9500 GS,"
01-Jul-2008 ",2560x1600,Yes
Nvidia,,,,,,GeForce 9480,"
01-Aug-2008 ",2560x1600,Yes
Nvidia,95 Watts,1024 MB ,256 Bit ,57.6GB/sec,900 MHz,GeForce 9600 GT 1GB,"
21-Feb-2008 ",2560x1600,Yes
Nvidia,50 Watts,1024 MB ,128 Bit ,12.8GB/sec,400 MHz,GeForce 9400 GT 1GB,"
26-Aug-2008 ",2560x1600,Yes
Nvidia,,512 MB ,64 Bit ,8GB/sec,500 MHz,GeForce 9300 GS,"
01-Jun-2008 ",2560x1600,No
Nvidia,12 Watts,,,,,GeForce 9400,"
01-Oct-2008 ",2560x1600,Yes
Nvidia,,,,,,GeForce 9300,"
01-Oct-2008 ",2560x1600,Yes
Nvidia,,,,,,GeForce 9200,"
02-Jan-2008 ",2560x1600,Yes
Nvidia,110 Watts,1024 MB ,256 Bit ,76.8GB/sec,600 MHz,GeForce 7950 GX2,"
01-Jun-2006 ",2560x1600,Yes
Nvidia,,512 MB ,64 Bit ,8GB/sec,500 MHz,GeForce 9300 GE,"
01-Jun-2008 ",2560x1600,Yes
Nvidia,50 Watts,512 MB ,128 Bit ,12.8GB/sec,400 MHz,GeForce 9400 GT,"
27-Aug-2008 ",2560x1600,Yes
Nvidia,65 Watts,512 MB ,256 Bit ,44.8GB/sec,700 MHz,GeForce 7950 GT,"
06-Aug-2006 ",2560x1600,Yes
Nvidia,84 Watts,512 MB ,256 Bit ,51.2GB/sec,800 MHz,GeForce 7900 GTX,"
01-Mar-2006 ",2560x1600,No
Nvidia,49 Watts,256 MB ,256 Bit ,42.2GB/sec,660 MHz,GeForce 7900 GS,"
01-Sep-2006 ",2560x1600,No
Nvidia,49 Watts,256 MB ,256 Bit ,42.2GB/sec,660 MHz,GeForce 7900 GT,"
01-Mar-2006 ",2560x1600,Yes
Nvidia,108 Watts,512 MB ,256 Bit ,54.4GB/sec,850 MHz,GeForce 7800 GTX,"
01-Jun-2005 ",2560x1600,No
Nvidia,40 Watts,,,,,GeForce 9100,"
02-Apr-2007 ",2560x1600,Yes
Nvidia,81 Watts,512 MB ,256 Bit ,42.2GB/sec,660 MHz,GeForce 7900 GTO,"
01-Sep-2006 ",2560x1600,No
Nvidia,40 Watts,256 MB ,128 Bit ,22.4GB/sec,700 MHz,GeForce 7600 GT 256MB,"
01-Mar-2006 ",2560x1600,No
Nvidia,65 Watts,256 MB ,256 Bit ,32GB/sec,500 MHz,GeForce 7800 GT,"
01-Aug-2005 ",2560x1600,No
Nvidia,,128 MB ,128 Bit ,12.8GB/sec,400 MHz,GeForce 7650 GS,"
22-Mar-2006 ",2560x1600,No
Nvidia,49 Watts,256 MB ,256 Bit ,38.4GB/sec,600 MHz,GeForce 7800 GS,"
01-Feb-2006 ",2560x1600,No
Nvidia,27 Watts,256 MB ,128 Bit ,12.8GB/sec,400 MHz,GeForce 7600 GS,"
 01-Mar-2006 ",2560x1600,Yes
Nvidia,27 Watts,256 MB ,128 Bit ,25.6GB/sec,800 MHz,GeForce 7600 GS Asus Silent Edition,"
01-Jul-2006 ",2048x1536,Yes
Nvidia,,,64 Bit ,6.4GB/sec,400 MHz,GeForce 7300 SE/7200 GS,"
22-Jan-2006 ",,No
Nvidia,23 Watts,256 MB ,64 Bit ,6.4GB/sec,400 MHz,GeForce 7300 GS 256MB,"
01-Jan-2006 ",2560x1600,No
Nvidia,,256 MB ,64 Bit ,5.2GB/sec,324 MHz,GeForce 7500 LE,"
22-Mar-2006 ",2560x1600,Yes
Nvidia,23 Watts,256 MB ,64 Bit ,5.3GB/sec,333 MHz,GeForce 7300 LE,"
01-Mar-2006 ",2560x1600,Yes
Nvidia,24 Watts,256 MB ,128 Bit ,10.4GB/sec,325 MHz,GeForce 7300 GT,"
01-May-2006 ",2560x1600,Yes
Nvidia,,256 MB ,64 Bit ,4.8GB/sec,300 MHz,GeForce 7100,"
01-Sep-2007 ",2560x1600,No
Nvidia,,,64 Bit ,5.3GB/sec,334 MHz,GeForce 7050,"
01-Sep-2007 ",2560x1600,No
Nvidia,,,128 Bit ,,,GeForce 7050 PV nForce 630a,"
30-Sep-2007 ",,No
Nvidia,143 Watts,640 MB ,320 Bit ,63.4GB/sec,792 MHz,GeForce 8800 GTS 640MB,"
01-Nov-2006 ",2560x1600,Yes
Nvidia,,128 MB ,64 Bit ,2.8GB/sec,350 MHz,GeForce 7100 GS Inno3D 128MB Edition,"
01-Jan-2005 ",2048x1536,No
Nvidia,158 Watts,768 MB ,384 Bit ,86.4GB/sec,900 MHz,GeForce 8800 GTX 768MB,"
01-Nov-2006 ",2560x1600,Yes
Nvidia,,256 MB ,64 Bit ,4.3GB/sec,533 MHz,GeForce 7100 GS Inno3D 256MB Edition,"
01-Jan-2005 ",2048x1536,No
Nvidia,12 Watts,,,,,ION,"
10-Jan-2010 ",2560x1600,No
Nvidia,135 Watts,512 MB ,256 Bit ,51.2GB/sec,800 MHz,GeForce 8800 GTS 512MB,"
01-Dec-2007 ",2560x1600,Yes
Nvidia,143 Watts,320 MB ,320 Bit ,63.4GB/sec,792 MHz,GeForce 8800 GTS,"
01-Feb-2007 ",2560x1600,Yes
Nvidia,270 Watts,1024 MB ,256 Bit ,102.4GB/sec,800 MHz,GeForce 8800 GTS 512MB SLI,"
01-Dec-2007 ",2560x1600,Yes
Nvidia,143 Watts,640 MB ,320 Bit ,72GB/sec,900 MHz,GeForce 8800 GTS EVGA SSC 640MB Edition,"
01-Nov-2006 ",2560x1600,No
Nvidia,105 Watts,512 MB ,256 Bit ,57.6GB/sec,900 MHz,GeForce 8800 GT,"
29-Oct-2007 ",2560x1600,Yes
Nvidia,47 Watts,512 MB ,128 Bit ,12.8GB/sec,400 MHz,GeForce 8600 GT Inno3D 512MB GDDR2,"
01-Jun-2007 ",2560x1600,Yes
Nvidia,75 Watts,512 MB ,128 Bit ,32GB/sec,1000 MHz,GeForce 8600 GTS 512MB,"
01-Apr-2007 ",2560x1600,Yes
Nvidia,75 Watts,256 MB ,128 Bit ,32GB/sec,1000 MHz,GeForce 8600 GTS 256MB,"
01-Apr-2007 ",2560x1600,Yes
Nvidia,105 Watts,384 MB ,192 Bit ,38.4GB/sec,800 MHz,GeForce 8800 GS,"
01-Jan-2008 ",2560x1600,Yes
Nvidia,75 Watts,512 MB ,128 Bit ,12.8GB/sec,400 MHz,GeForce 8600 GT Asus Magic 512MB DDR2,"
01-Apr-2007 ",2560x1600,Yes
Nvidia,47 Watts,256 MB ,128 Bit ,22.4GB/sec,700 MHz,GeForce 8600 GT,"
01-Apr-2007 ",2560x1600,Yes
Nvidia,,1024 MB ,128 Bit ,12.8GB/sec,400 MHz,GeForce 8600 GT Inno3D 1GB GDDR2,"
01-Jun-2007 ",2560x1600,Yes
Nvidia,,256 MB ,128 Bit ,12.8GB/sec,400 MHz,GeForce 8600 GT Inno3D 256MB GDDR2,"
01-Jun-2007 ",2560x1600,Yes
Nvidia,,256 MB ,128 Bit ,27.2GB/sec,850 MHz,GeForce 8600 GT 256MB DDR3 Fatal1ty Edition,"
01-Jun-2007 ",2560x1600,Yes
Nvidia,46 Watts,512 MB ,128 Bit ,22.4GB/sec,700 MHz,GeForce 8600 GT 512MB GDDR3,"
01-Apr-2007 ",2560x1600,Yes
Nvidia,30 Watts,1024 MB ,128 Bit ,12.8GB/sec,400 MHz,GeForce 8500 GT Inno3D 1GB Edition,"
01-May-2007 ",2560x1600,Yes
Nvidia,30 Watts,256 MB ,128 Bit ,12.8GB/sec,400 MHz,GeForce 8500 GT,"
01-Apr-2007 ",2560x1600,Yes
Nvidia,47 Watts,256 MB ,128 Bit ,12.8GB/sec,400 MHz,GeForce 8600 GS,"
01-Apr-2007 ",2560x1600,Yes
Nvidia,40 Watts,1024 MB ,64 Bit ,9.6GB/sec,600 MHz,GeForce 8400 GS Rev. 4 EVGA 1GB Edition,"
17-Apr-2007 ",2560x1600,No
Nvidia,40 Watts,512 MB ,64 Bit ,8GB/sec,500 MHz,GeForce 8400 GS Rev. 4,"
17-Apr-2007 ",2560x1600,No
Nvidia,,,64 Bit ,,,GeForce 8300,"
02-Jan-2008 ",2560x1600,Yes
Nvidia,25 Watts,512 MB ,64 Bit ,6.4GB/sec,400 MHz,GeForce 8400 GS Rev. 3,"
12-Jul-2010 ",2560x1600,No
Nvidia,,,,,800 MHz,GeForce 8200,"
02-Jan-2008 ",1920x1440,Yes
Nvidia,18 Watts,256 MB ,64 Bit ,6.4GB/sec,400 MHz,GeForce 8400 GS,"
17-Apr-2007 ",2048x1536,No
Nvidia,40 Watts,512 MB ,64 Bit ,12.8GB/sec,800 MHz,GeForce 8300 GS,"
01-Jul-2007 ",2560x1600,Yes
Nvidia,,32 MB ,128 Bit ,2.9GB/sec,183 MHz,Riva TNT2 Ultra,"
15-Mar-1999 ",,No
Nvidia,,,,,800 MHz,GeForce 8100 nForce 720a,"
17-Apr-2007 ",1920x1440,Yes
Nvidia,25 Watts,512 MB ,64 Bit ,6.4GB/sec,400 MHz,GeForce 8400 GS Rev. 2,"
01-Dec-2007 ",2560x1600,No
Nvidia,,32 MB ,64 Bit ,1.2GB/sec,150 MHz,Riva TNT2 M64,"
01-Oct-1999 ",,No
Nvidia,,32 MB ,128 Bit ,2.4GB/sec,150 MHz,Riva TNT2,"
15-Mar-1999 ",,No
Nvidia,,32 MB ,128 Bit ,2.7GB/sec,166 MHz,Riva TNT2 Pro,"
12-Oct-1999 ",,No
Nvidia,18 Watts,512 MB ,64 Bit ,12.6GB/sec,790 MHz,Quadro NVS 300,"
01-Dec-2010 ",2560x1600,No
Nvidia,20 Watts,512 MB ,64 Bit ,14GB/sec,875 MHz,Quadro NVS 310,"
01-Jun-2012 ",2560x1600,No
Nvidia,,16 MB ,128 Bit ,1.8GB/sec,110 MHz,Riva TNT,"
23-Mar-1998 ",,No
Nvidia,23 Watts,256 MB ,64 Bit ,11.2GB/sec,700 MHz,Quadro NVS 295,"
07-May-2009 ",2560x1600,No
Nvidia,21 Watts,256 MB ,64 Bit ,6.4GB/sec,400 MHz,Quadro NVS 290,"
04-Oct-2007 ",2560x1600,No
AMD,750 Watts,8192 MB ,512 Bit ,640GB/sec,1250 MHz,Radeon HD 6990 Crossfire,"
01-Mar-2011 ",2560x1600,Yes
Nvidia,18 Watts,128 MB ,128 Bit ,4.4GB/sec,275 MHz,Quadro NVS 285,"
06-Jun-2006 ",1920x1200,No
Nvidia,,64 MB ,128 Bit ,,,Quadro NVS 280,"
01-Apr-2004 ",,No
AMD,375 Watts,4096 MB ,256 Bit ,320GB/sec,1250 MHz,Radeon HD 6990,"
08-Mar-2011 ",2560x1600,Yes
AMD,375 Watts,4096 MB ,512 Bit ,320GB/sec,1250 MHz,Radeon HD 6990 Asus Edition,"
01-Mar-2011 ",2560x1600,Yes
Nvidia,,,64 Bit ,,125 MHz,Vanta 16MB,"
22-Mar-1999 ",1600x1280,No
AMD,250 Watts,2048 MB ,256 Bit ,179.2GB/sec,1400 MHz,Radeon HD 6970 XXX Edition,"
01-Dec-2010 ",2560x1600,Yes
AMD,250 Watts,2048 MB ,256 Bit ,176GB/sec,1375 MHz,Radeon HD 6970 Sapphire Edition,"
01-Dec-2011 ",2560x1600,Yes
AMD,250 Watts,2048 MB ,256 Bit ,176GB/sec,1375 MHz,Radeon HD 6970 MSI Edition,"
01-Dec-2010 ",2560x1600,Yes
AMD,250 Watts,2048 MB ,256 Bit ,176GB/sec,1375 MHz,Radeon HD 6970 Sapphire Dual Fan 2GB Edition,"
26-Sep-2011 ",2560x1600,Yes
AMD,250 Watts,2048 MB ,256 Bit ,176GB/sec,1375 MHz,Radeon HD 6970 Lightning Edition,"
01-Dec-2010 ",2560x1600,Yes
AMD,250 Watts,2048 MB ,256 Bit ,176GB/sec,1375 MHz,Radeon HD 6970 PowerColor 2GB Edition,"
14-Dec-2010 ",2560x1600,Yes
AMD,250 Watts,2048 MB ,256 Bit ,176GB/sec,1375 MHz,Radeon HD 6970 HIS IceQ 2GB Edition,"
14-Dec-2010 ",2560x1600,Yes
AMD,550 Watts,2048 MB ,256 Bit ,352GB/sec,1375 MHz,Radeon HD 6970 CrossFire,"
15-Dec-2010 ",2560x1600,Yes
AMD,250 Watts,2048 MB ,256 Bit ,176GB/sec,1375 MHz,Radeon HD 6970,"
14-Dec-2010 ",2560x1600,Yes
AMD,250 Watts,2048 MB ,256 Bit ,176GB/sec,1375 MHz,Radeon HD 6970 Asus Edition,"
01-Dec-2010 ",2560x1600,Yes
AMD,200 Watts,2048 MB ,256 Bit ,160GB/sec,1250 MHz,Radeon HD 6950 XFX 2GB Edition,"
14-Dec-2010 ",2560x1600,Yes
AMD,200 Watts,2048 MB ,256 Bit ,160GB/sec,1250 MHz,Radeon HD 6950 Sapphire 2GB Edition,"
01-Dec-2010 ",2560x1600,Yes
AMD,,2048 MB ,256 Bit ,160GB/sec,1250 MHz,Radeon HD 6950 Twin Frozr III Power Edition,"
01-Oct-2010 ",2560x1600,Yes
AMD,,1024 MB ,256 Bit ,160GB/sec,1250 MHz,Radeon HD 6950 Sapphire 1GB Edition,"
01-Oct-2011 ",2560x1600,Yes
AMD,200 Watts,2048 MB ,256 Bit ,160GB/sec,1250 MHz,Radeon HD 6950 PowerColor 2GB Edition,"
01-Dec-2010 ",2560x1600,Yes
AMD,,2048 MB ,256 Bit ,160GB/sec,1250 MHz,Radeon HD 6950 XFX Dual-Fan 2GB Edition,"
01-Oct-2010 ",2560x1600,Yes
AMD,200 Watts,1024 MB ,256 Bit ,160GB/sec,1250 MHz,Radeon HD 6950 PowerColor 1GB Edition,"
01-Dec-2010 ",2560x1600,Yes
AMD,400 Watts,4096 MB ,256 Bit ,320GB/sec,1250 MHz,Radeon HD 6950 Crossfire,"
01-Oct-2010 ",2560x1600,Yes
AMD,,2048 MB ,256 Bit ,163.8GB/sec,1280 MHz,Radeon HD 6950 IceQ X Turbo 2GB Edition,"
01-Jun-2011 ",2560x1600,Yes
AMD,200 Watts,1024 MB ,256 Bit ,160GB/sec,1250 MHz,Radeon HD 6950 Gigabyte WindForce 3X OC 1GB Edition,"
20-Dec-2010 ",2560x1600,Yes
AMD,,1024 MB ,256 Bit ,134.4GB/sec,1050 MHz,Radeon HD 6870 XFX DD XXX Edition,"
01-Nov-2011 ",2560x1600,Yes
AMD,,2048 MB ,256 Bit ,268.8GB/sec,1050 MHz,Radeon HD 6870 PowerColor X2 Edition,"
01-Jul-2011 ",2560x1600,Yes
AMD,150 Watts,2048 MB ,256 Bit ,134.4GB/sec,1050 MHz,Radeon HD 6870 XFX 2GB Edition,"
01-Oct-2010 ",2560x1600,Yes
AMD,,1024 MB ,256 Bit ,134.4GB/sec,1050 MHz,Radeon HD 6870 XFX 1GB Core Edition,"
01-Oct-2010 ",2560x1600,Yes
AMD,,1024 MB ,256 Bit ,134.4GB/sec,1050 MHz,Radeon HD 6870 MSI Hawk 1GB Edition,"
01-Feb-2011 ",2560x1600,Yes
AMD,251 Watts,1024 MB ,256 Bit ,134.4GB/sec,1050 MHz,Radeon HD 6870 Sapphire Dirt3 Edition,"
01-Oct-2010 ",2560x1600,Yes
AMD,200 Watts,2048 MB ,256 Bit ,160GB/sec,1250 MHz,Radeon HD 6950,"
15-Dec-2010 ",2560x1600,Yes
AMD,,1024 MB ,256 Bit ,134.4GB/sec,1050 MHz,Radeon HD 6870 IceQ X Edition,"
01-Mar-2011 ",2560x1600,Yes
AMD,,1024 MB ,256 Bit ,134.4GB/sec,1050 MHz,Radeon HD 6870 PowerColor 1GB Edition,"
01-Nov-2011 ",2560x1600,Yes
AMD,151 Watts,1024 MB ,256 Bit ,147.2GB/sec,1150 MHz,Radeon HD 6870 XFX Black Edition,"
01-Oct-2010 ",2560x1600,Yes
AMD,225 Watts,1024 MB ,256 Bit ,134.4GB/sec,1050 MHz,Radeon HD 6870 DirectCU 1GB Edition,"
01-Jan-2011 ",2560x1600,Yes
AMD,302 Watts,2048 MB ,256 Bit ,268.8GB/sec,1050 MHz,Radeon HD 6870 Crossfire,"
01-Oct-2010 ",2560x1600,Yes
AMD,251 Watts,1024 MB ,256 Bit ,134.4GB/sec,1050 MHz,Radeon HD 6870 Gigabyte OC Edition,"
01-Oct-2010 ",2560x1600,Yes
AMD,,1024 MB ,256 Bit ,128GB/sec,1000 MHz,Radeon HD 6850 XFX,"
01-Oct-2010 ",2560x1600,Yes
AMD,,1024 MB ,256 Bit ,134.4GB/sec,1050 MHz,Radeon HD 6850 XFX Black Edition,"
01-Oct-2010 ",2560x1600,Yes
AMD,,1024 MB ,256 Bit ,134.4GB/sec,1050 MHz,Radeon HD 6850 VTX3D 1GB X-Edition,"
01-Sep-2011 ",2560x1600,Yes
AMD,,1024 MB ,256 Bit ,128GB/sec,1000 MHz,Radeon HD 6850 Sapphire 1GB Edition,"
01-Oct-2010 ",2560x1600,Yes
AMD,151 Watts,1024 MB ,256 Bit ,134.4GB/sec,1050 MHz,Radeon HD 6870,"
22-Oct-2010 ",2560x1600,Yes
AMD,,1024 MB ,256 Bit ,140.8GB/sec,1100 MHz,Radeon HD 6850 Toxic 1GB Edition,"
01-Dec-2011 ",2560x1600,Yes
AMD,127 Watts,1024 MB ,256 Bit ,128GB/sec,1000 MHz,Radeon HD 6850 PowerColor Edition,"
01-Nov-2010 ",2560x1600,Yes
AMD,,1024 MB ,256 Bit ,140.8GB/sec,1100 MHz,Radeon HD 6850 MSI OC Power Edition,"
01-Oct-2010 ",2560x1600,Yes
AMD,,1024 MB ,256 Bit ,128GB/sec,1000 MHz,Radeon HD 6850 MSI OC 8cm PWM Fan Edition,"
01-Oct-2010 ",2560x1600,Yes
AMD,,1024 MB ,256 Bit ,140.8GB/sec,1100 MHz,Radeon HD 6850 IceQ X Turbo Edition,"
07-Mar-2011 ",2560x1600,Yes
AMD,,1024 MB ,256 Bit ,134.4GB/sec,1050 MHz,Radeon HD 6850 MSI OC 9cm PWM Fan Edition,"
01-Oct-2010 ",2560x1600,Yes
AMD,,1024 MB ,256 Bit ,128GB/sec,1000 MHz,Radeon HD 6850 IceQ X Edition,"
01-Mar-2011 ",2560x1600,Yes
AMD,,1024 MB ,256 Bit ,134.4GB/sec,1050 MHz,Radeon HD 6850 GigaByte Edition,"
22-Oct-2010 ",2560x1600,Yes
AMD,,1024 MB ,256 Bit ,128GB/sec,1000 MHz,Radeon HD 6850 DirectCU Edition,"
01-Oct-2010 ",2560x1600,Yes
AMD,,2048 MB ,256 Bit ,256GB/sec,1000 MHz,Radeon HD 6850 Crossfire,"
01-Oct-2010 ",2560x1600,Yes
AMD,1 Watts,1024 MB ,256 Bit ,140.8GB/sec,1100 MHz,Radeon HD 6850 Club-3D OC Edition,"
19-Nov-2010 ",2560x1600,Yes
AMD,127 Watts,1024 MB ,256 Bit ,128GB/sec,1000 MHz,Radeon HD 6850,"
22-Oct-2010 ",2560x1600,Yes
AMD,,1024 MB ,256 Bit ,134.4GB/sec,1050 MHz,Radeon HD 6790 XFX 1GB Edition,"
01-Apr-2011 ",2560x1600,Yes
AMD,,1024 MB ,256 Bit ,134.4GB/sec,1050 MHz,Radeon HD 6790 PowerColor 1GB Edition,"
01-Apr-2011 ",2560x1600,Yes
AMD,,1024 MB ,256 Bit ,140.8GB/sec,1100 MHz,Radeon HD 6790 IceQ X Turbo 1GB Edition,"
01-Apr-2011 ",2560x1600,Yes
AMD,,1024 MB ,128 Bit ,76.8GB/sec,1200 MHz,Radeon HD 6770 XFX 1GB GDDR5 Core Edition,"
01-Jan-2011 ",2560x1600,Yes
AMD,150 Watts,1024 MB ,256 Bit ,134.4GB/sec,1050 MHz,Radeon HD 6790,"
04-Apr-2011 ",2560x1600,Yes
AMD,108 Watts,1024 MB ,128 Bit ,76.8GB/sec,1200 MHz,Radeon HD 6770 PowerColor 1GB Edition,"
21-Jan-2011 ",2560x1600,Yes
AMD,108 Watts,1024 MB ,128 Bit ,76.8GB/sec,1200 MHz,Radeon HD 6770 Sapphire 1GB Edition,"
18-Apr-2011 ",2560x1600,Yes
AMD,,1024 MB ,128 Bit ,70.4GB/sec,1100 MHz,Radeon HD 6770 MSI MD 1GB,"
01-Oct-2010 ",2560x1600,Yes
AMD,108 Watts,1024 MB ,128 Bit ,76.8GB/sec,1200 MHz,Radeon HD 6770 Asus DirectCU 1GB Edition,"
21-Jan-2011 ",2560x1600,Yes
AMD,206 Watts,2048 MB ,128 Bit ,153.6GB/sec,1200 MHz,Radeon HD 6770 Crossfire,"
01-Jan-2011 ",2560x1600,Yes
AMD,108 Watts,1024 MB ,128 Bit ,76.8GB/sec,1200 MHz,Radeon HD 6770 Asus 1GB Edition,"
21-Jan-2011 ",2560x1600,Yes
AMD,108 Watts,1024 MB ,128 Bit ,76.8GB/sec,1200 MHz,Radeon HD 6770,"
21-Jan-2011 ",2560x1600,Yes
AMD,86 Watts,2048 MB ,128 Bit ,25.6GB/sec,800 MHz,Radeon HD 6750 v2,"
21-Jan-2011 ",2560x1600,Yes
AMD,86 Watts,1024 MB ,128 Bit ,73.6GB/sec,1150 MHz,Radeon HD 6750 PowerColor SCS3 Dirt3 1GB Edition,"
01-Apr-2011 ",2560x1600,Yes
AMD,86 Watts,1024 MB ,128 Bit ,25.6GB/sec,800 MHz,Radeon HD 6750 v2 PowerColor 1GB Edition,"
01-Dec-2011 ",2560x1600,Yes
AMD,86 Watts,1024 MB ,128 Bit ,64GB/sec,1000 MHz,Radeon HD 6750 PowerColor 1GB Edition,"
01-Apr-2011 ",2560x1600,Yes
AMD,86 Watts,2048 MB ,128 Bit ,21.3GB/sec,667 MHz,Radeon HD 6750 v2 PowerColor 2GB Edition,"
01-Dec-2011 ",2560x1600,Yes
AMD,86 Watts,1024 MB ,128 Bit ,73.6GB/sec,1150 MHz,Radeon HD 6750,"
21-Jan-2011 ",2560x1600,Yes
AMD,86 Watts,1024 MB ,128 Bit ,73.6GB/sec,1150 MHz,Radeon HD 6750 PowerColor Low Profile Dirt3 1GB Edition,"
01-Apr-2011 ",2560x1600,Yes
AMD,66 Watts,1024 MB ,128 Bit ,64GB/sec,1000 MHz,Radeon HD 6670 XFX Core 1GB Edition,"
19-Apr-2011 ",2560x1600,Yes
AMD,66 Watts,1024 MB ,128 Bit ,28.8GB/sec,900 MHz,Radeon HD 6670 v2 Gigabyte OC 1GB Edition,"
19-Apr-2011 ",2560x1600,Yes
AMD,86 Watts,1024 MB ,128 Bit ,76.8GB/sec,1200 MHz,Radeon HD 6750 Gigabyte OC 1GB Edition,"
01-Mar-2011 ",2560x1600,Yes
AMD,66 Watts,2048 MB ,128 Bit ,21.3GB/sec,667 MHz,Radeon HD 6670 v2 MSI 2GB Edition,"
19-Apr-2011 ",2560x1600,Yes
AMD,66 Watts,1024 MB ,128 Bit ,25.6GB/sec,800 MHz,Radeon HD 6670 v2 HIS Fan 1GB Edition,"
19-Apr-2011 ",2560x1600,Yes
AMD,66 Watts,2048 MB ,128 Bit ,19.2GB/sec,600 MHz,Radeon HD 6670 v2 Diamond 2GB Edition,"
19-Apr-2011 ",2560x1600,Yes
AMD,66 Watts,2048 MB ,128 Bit ,25.6GB/sec,800 MHz,Radeon HD 6670 v2 Gigabyte 2GB Edition,"
19-Apr-2011 ",2560x1600,Yes
AMD,66 Watts,1024 MB ,128 Bit ,25.6GB/sec,800 MHz,Radeon HD 6670 v2 Sapphire 1GB Edition,"
19-Apr-2011 ",2560x1600,Yes
AMD,66 Watts,1024 MB ,128 Bit ,64GB/sec,1000 MHz,Radeon HD 6670 Sapphire Ultimate 1GB Edition,"
19-Apr-2011 ",2560x1600,Yes
AMD,66 Watts,1024 MB ,128 Bit ,25.6GB/sec,800 MHz,Radeon HD 6670 v2 Gigabyte 1GB Edition,"
19-Apr-2011 ",2560x1600,Yes
AMD,66 Watts,1024 MB ,128 Bit ,64GB/sec,1000 MHz,Radeon HD 6670 Sapphire 1GB Edition,"
19-Apr-2011 ",2560x1600,Yes
AMD,66 Watts,2048 MB ,128 Bit ,25.6GB/sec,800 MHz,Radeon HD 6670 v2,"
19-Apr-2011 ",2560x1600,Yes
AMD,66 Watts,1024 MB ,128 Bit ,64GB/sec,1000 MHz,Radeon HD 6670 HIS Fan 1GB Edition,"
19-Apr-2011 ",2560x1600,Yes
AMD,66 Watts,1024 MB ,128 Bit ,64GB/sec,1000 MHz,Radeon HD 6670 MSI Dual Fan 1GB Edition,"
19-Apr-2011 ",2560x1600,Yes
AMD,66 Watts,1024 MB ,128 Bit ,64GB/sec,1000 MHz,Radeon HD 6670 MSI Single Fan 1GB Edition,"
19-Apr-2011 ",2560x1600,Yes
AMD,44 Watts,1024 MB ,128 Bit ,20.8GB/sec,650 MHz,Radeon HD 6570 v2 XFX Silent 1GB Edition,"
15-Nov-2011 ",2560x1600,Yes
AMD,44 Watts,1024 MB ,128 Bit ,21.3GB/sec,667 MHz,Radeon HD 6570 v2 Sapphire Hyper Memory 1GB Edition,"
19-Apr-2011 ",2560x1600,Yes
AMD,44 Watts,2048 MB ,128 Bit ,16GB/sec,500 MHz,Radeon HD 6570 v2 PowerColor 2GB Edition,"
19-Apr-2011 ",2560x1600,No
AMD,66 Watts,1024 MB ,128 Bit ,64GB/sec,1000 MHz,Radeon HD 6670,"
19-Apr-2011 ",2560x1600,Yes
AMD,44 Watts,1024 MB ,128 Bit ,28.8GB/sec,900 MHz,Radeon HD 6570 v2 MSI Single Fan 1GB Edition,"
19-Sep-2011 ",2560x1600,Yes
AMD,66 Watts,1024 MB ,128 Bit ,64GB/sec,1000 MHz,Radeon HD 6670 Asus 1GB Edition,"
19-Apr-2011 ",2560x1600,Yes
AMD,44 Watts,1024 MB ,128 Bit ,16GB/sec,500 MHz,Radeon HD 6570 v2 PowerColor 1GB Edition,"
19-Apr-2011 ",2560x1600,Yes
AMD,44 Watts,1024 MB ,128 Bit ,25.6GB/sec,800 MHz,Radeon HD 6570 v2 Sapphire 1GB Edition,"
19-Apr-2011 ",2560x1600,Yes
AMD,44 Watts,1024 MB ,128 Bit ,21.3GB/sec,667 MHz,Radeon HD 6570 v2 MSI Dual Fan 1GB Edition,"
19-Sep-2011 ",2560x1600,Yes
AMD,44 Watts,1024 MB ,128 Bit ,28.8GB/sec,900 MHz,Radeon HD 6570 v2,"
07-Feb-2011 ",2560x1600,Yes
AMD,44 Watts,4096 MB ,128 Bit ,25.6GB/sec,800 MHz,Radeon HD 6570 v2 Sapphire 4GB Edition,"
19-Apr-2011 ",2560x1600,Yes
AMD,18 Watts,2048 MB ,64 Bit ,9.3GB/sec,580 MHz,Radeon HD 6450 v4,"
05-Apr-2012 ",2560x1600,No
AMD,25 Watts,1024 MB ,64 Bit ,8.5GB/sec,533 MHz,Radeon HD 6450A,"
07-Apr-2011 ",2560x1600,No
AMD,18 Watts,1024 MB ,64 Bit ,12.8GB/sec,800 MHz,Radeon HD 6450 v3 Sapphire FleX 1GB Edition,"
19-Apr-2011 ",2560x1600,No
AMD,18 Watts,2048 MB ,64 Bit ,10.7GB/sec,667 MHz,Radeon HD 6450 v3 MSI Low Profile 2GB Edition,"
19-Apr-2011 ",2560x1600,No
AMD,18 Watts,1024 MB ,64 Bit ,12.8GB/sec,800 MHz,Radeon HD 6450 v3 Gigabyte OC 1GB Edition,"
17-Apr-2011 ",2560x1600,No
AMD,18 Watts,2048 MB ,64 Bit ,10.7GB/sec,667 MHz,Radeon HD 6450 v3 Sapphire 2GB Edition,"
19-Apr-2011 ",2560x1600,No
AMD,18 Watts,512 MB ,64 Bit ,8.5GB/sec,533 MHz,Radeon HD 6450 v3,"
07-Feb-2011 ",2560x1600,No
AMD,18 Watts,512 MB ,64 Bit ,25.6GB/sec,800 MHz,Radeon HD 6450 Sapphire OC 512MB Edition,"
07-Apr-2011 ",2560x1600,No
AMD,18 Watts,512 MB ,64 Bit ,28.8GB/sec,900 MHz,Radeon HD 6450 v2,"
07-Apr-2011 ",2560x1600,No
AMD,18 Watts,512 MB ,64 Bit ,25.6GB/sec,800 MHz,Radeon HD 6450,"
07-Apr-2011 ",2560x1600,No
AMD,18 Watts,1024 MB ,64 Bit ,9.6GB/sec,600 MHz,Radeon HD 6450 v3 Asus Low Profile Silent 2GB Edition,"
25-Aug-2011 ",2560x1600,No
AMD,19 Watts,512 MB ,64 Bit ,12.8GB/sec,800 MHz,Radeon HD 6350,"
07-Feb-2011 ",2560x1600,Yes
Nvidia,40 Watts,512 MB ,128 Bit ,25.6GB/sec,800 MHz,Quadro FX 580,"
09-Apr-2009 ",2560x1600,No
AMD,60 Watts,1024 MB ,128 Bit ,64GB/sec,1000 MHz,Radeon HD 6570,"
19-Apr-2011 ",2560x1600,Yes
Nvidia,171 Watts,1536 MB ,384 Bit ,76.8GB/sec,800 MHz,Quadro FX 5600,"
03-May-2007 ",2560x1600,No
AMD,18 Watts,1024 MB ,64 Bit ,10.7GB/sec,667 MHz,Radeon HD 6450 v3 MSI Low Profile 1GB Edition,"
19-Apr-2011 ",2560x1600,No
AMD,19 Watts,1024 MB ,64 Bit ,12.8GB/sec,800 MHz,Radeon HD 6290,"
04-Dec-2011 ",2560x1600,No
Nvidia,96 Watts,1024 MB ,256 Bit ,36.8GB/sec,575 MHz,Quadro FX 5500,"
20-Apr-2006 ",2560x1600,No
Nvidia,109 Watts,512 MB ,256 Bit ,36.8GB/sec,575 MHz,Quadro FX 4500,"
28-Jul-2005 ",2560x1600,No
Nvidia,28 Watts,512 MB ,64 Bit ,12.8GB/sec,800 MHz,Quadro FX 380 LP,"
30-Dec-2009 ",2560x1600,No
Nvidia,108 Watts,1024 MB ,256 Bit ,51.2GB/sec,800 MHz,Quadro FX 3800,"
30-Mar-2009 ",2560x1600,Yes
Nvidia,34 Watts,256 MB ,128 Bit ,22.4GB/sec,700 MHz,Quadro FX 380,"
31-Mar-2009 ",2560x1600,No
Nvidia,78 Watts,512 MB ,256 Bit ,51.2GB/sec,800 MHz,Quadro FX 3700,"
08-Jan-2008 ",2560x1600,No
Nvidia,30 Watts,128 MB ,128 Bit ,19.2GB/sec,600 MHz,Quadro FX 560,"
20-Apr-2006 ",,No
Nvidia,80 Watts,256 MB ,256 Bit ,42.2GB/sec,660 MHz,Quadro FX 3500,"
20-Apr-2006 ",2560x1600,Yes
Nvidia,134 Watts,768 MB ,384 Bit ,67.2GB/sec,700 MHz,Quadro FX 4600,"
05-Mar-2007 ",2560x1600,No
Nvidia,101 Watts,256 MB ,256 Bit ,28.8GB/sec,450 MHz,Quadro FX 3400,"
28-Jun-2004 ",2560x1600,No
Nvidia,83 Watts,256 MB ,256 Bit ,64GB/sec,1000 MHz,Quadro FX 3450,"
01-Jul-2005 ",,No
Nvidia,42 Watts,512 MB ,128 Bit ,12.8GB/sec,400 MHz,Quadro FX 1700,"
12-Sep-2007 ",2560x1600,No
Nvidia,38 Watts,256 MB ,128 Bit ,12.8GB/sec,400 MHz,Quadro FX 570,"
12-Jan-2007 ",2560x1600,No
Nvidia,70 Watts,128 MB ,256 Bit ,9.6GB/sec,300 MHz,Quadro FX 1400,"
09-Aug-2004 ",2560x1600,Yes
Nvidia,59 Watts,768 MB ,192 Bit ,38.4GB/sec,800 MHz,Quadro FX 1800,"
19-Nov-2011 ",2560x1600,No
AMD,18 Watts,1024 MB ,64 Bit ,10.7GB/sec,667 MHz,Radeon HD 6450 v3 Sapphire 1GB Edition,"
19-Apr-2011 ",2560x1600,No
Nvidia,,256 MB ,256 Bit ,13.6GB/sec,425 MHz,Quadro FX 3000,"
22-Jul-2003 ",2560x1600,No
Nvidia,55 Watts,128 MB ,256 Bit ,8.8GB/sec,275 MHz,Quadro FX 1300,"
28-Jun-2004 ",2560x1600,No
Nvidia,,128 MB ,128 Bit ,9.6GB/sec,300 MHz,Quadro FX 1000,"
21-Jan-2003 ",2560x1600,No
Nvidia,,128 MB ,128 Bit ,5.2GB/sec,325 MHz,Quadro FX 1100,"
03-Dec-2003 ",2560x1600,No
AMD,294 Watts,4096 MB ,256 Bit ,256GB/sec,1000 MHz,Radeon HD 5970 Eyefinity,"
18-Nov-2009 ",2560x1600,Yes
AMD,188 Watts,1024 MB ,256 Bit ,153.6GB/sec,1200 MHz,Radeon HD 5870 MSI Lightning Edition,"
23-Feb-2010 ",2560x1600,Yes
AMD,294 Watts,,512 Bit ,256GB/sec,1000 MHz,Radeon HD 5970,"
18-Nov-2009 ",2560x1600,Yes
Nvidia,,128 MB ,128 Bit ,12.8GB/sec,400 MHz,Quadro FX 2000 ,"
01-Jan-2003 ",,No
AMD,588 Watts,4096 MB ,512 Bit ,512GB/sec,1000 MHz,Radeon HD 5970 Crossfire,"
01-Nov-2009 ",2560x1600,Yes
AMD,350 Watts,2048 MB ,256 Bit ,307.2GB/sec,1200 MHz,Radeon HD 5870 Crossfire,"
18-Sep-2009 ",2560x1600,Yes
Nvidia,65 Watts,256 MB ,256 Bit ,40GB/sec,625 MHz,Quadro FX 1500,"
20-Apr-2006 ",2560x1600,No
AMD,300 Watts,1024 MB ,256 Bit ,153.6GB/sec,1200 MHz,Radeon HD 5870 Asus v2 1GB Edition,"
12-May-2010 ",2560x1600,Yes
AMD,195 Watts,2048 MB ,256 Bit ,153.6GB/sec,1200 MHz,Radeon HD 5870 2048MB,"
01-Sep-2009 ",2560x1600,Yes
AMD,151 Watts,1024 MB ,256 Bit ,144GB/sec,1125 MHz,Radeon HD 5850 XFX Black 1GB Edition,"
13-Apr-2010 ",2560x1600,Yes
AMD,151 Watts,1024 MB ,256 Bit ,134.4GB/sec,1050 MHz,Radeon HD 5850 PowerColor PCS+ 1GB Edition,"
01-Jan-2010 ",2560x1600,Yes
AMD,,1024 MB ,256 Bit ,134.4GB/sec,1050 MHz,Radeon HD 5850 Sapphire Vapor-X 1GB Edition,"
30-Sep-2009 ",2560x1600,Yes
Nvidia,150 Watts,1536 MB ,384 Bit ,76.8GB/sec,800 MHz,Quadro FX 4800,"
08-Nov-2011 ",2560x1600,No
AMD,151 Watts,1024 MB ,256 Bit ,128GB/sec,1000 MHz,Radeon HD 5850 MSI Twin Frozr II 1GB Edition,"
30-Sep-2009 ",2560x1600,Yes
AMD,188 Watts,1024 MB ,256 Bit ,153.6GB/sec,1200 MHz,Radeon HD 5870 1024MB,"
23-Sep-2009 ",2560x1600,Yes
AMD,175 Watts,1024 MB ,256 Bit ,128GB/sec,1000 MHz,Radeon HD 5830,"
01-Feb-2010 ",2560x1600,Yes
AMD,108 Watts,1024 MB ,128 Bit ,76.8GB/sec,1200 MHz,Radeon HD 5770 Sapphire Vapor-X Edition,"
13-Oct-2009 ",2560x1600,Yes
AMD,300 Watts,2048 MB ,256 Bit ,256GB/sec,1000 MHz,Radeon HD 5850 Crossfire,"
18-Sep-2009 ",2560x1600,Yes
AMD,151 Watts,1024 MB ,256 Bit ,128GB/sec,1000 MHz,Radeon HD 5850 Gigabyte OC 1GB Edition,"
01-Apr-2010 ",2560x1600,Yes
AMD,206 Watts,2048 MB ,128 Bit ,153.6GB/sec,1200 MHz,Radeon HD 5770 Crossfire,"
01-Oct-2009 ",2560x1600,Yes
AMD,185 Watts,2048 MB ,256 Bit ,128GB/sec,1000 MHz,Radeon HD 5850 2048MB,"
30-Sep-2009 ",2560x1600,Yes
AMD,108 Watts,1024 MB ,128 Bit ,76.8GB/sec,1200 MHz,Radeon HD 5770 Sapphire 1GB Edition,"
13-Oct-2009 ",2560x1600,Yes
AMD,151 Watts,1024 MB ,256 Bit ,144GB/sec,1125 MHz,Radeon HD 5850 HIS iCooler V Turbo 1GB Edition,"
30-Sep-2009 ",2560x1600,Yes
AMD,151 Watts,1024 MB ,256 Bit ,128GB/sec,1000 MHz,Radeon HD 5850 1024MB,"
30-Sep-2009 ",2560x1600,Yes
AMD,,1024 MB ,128 Bit ,76.8GB/sec,1200 MHz,Radeon HD 5770 Club 3D Edition,"
01-Nov-2009 ",2560x1600,Yes
AMD,150 Watts,1024 MB ,128 Bit ,76.8GB/sec,1200 MHz,Radeon HD 5770 Asus v2 Edition,"
01-Nov-2009 ",2560x1600,Yes
AMD,,1024 MB ,128 Bit ,76.8GB/sec,1200 MHz,Radeon HD 5770 MSI Hawk Edition,"
16-Dec-2009 ",2560x1600,Yes
AMD,108 Watts,512 MB ,128 Bit ,76.8GB/sec,1200 MHz,Radeon HD 5770 512MB,"
01-Oct-2009 ",2560x1600,Yes
AMD,,1024 MB ,256 Bit ,128GB/sec,1000 MHz,Radeon HD 5850 PowerColor 1GB Edition,"
01-Sep-2010 ",2560x1600,Yes
AMD,,1024 MB ,128 Bit ,153.6GB/sec,1200 MHz,Radeon HD 5770 Club 3D Edition CrossFire,"
01-Nov-2009 ",2560x1600,Yes
AMD,,1024 MB ,128 Bit ,64GB/sec,1000 MHz,Radeon HD 5670 Sapphire 1GB GDDR5,"
01-Dec-2009 ",2560x1600,Yes
AMD,86 Watts,512 MB ,128 Bit ,73.6GB/sec,1150 MHz,Radeon HD 5750 512MB,"
01-Oct-2009 ",2560x1600,Yes
AMD,,1024 MB ,128 Bit ,60.8GB/sec,950 MHz,Radeon HD 5670 MSI 1GB OC Edition,"
01-Jan-2010 ",2560x1600,Yes
AMD,86 Watts,1024 MB ,128 Bit ,73.6GB/sec,1150 MHz,Radeon HD 5750 1024MB,"
01-Oct-2009 ",2560x1600,Yes
AMD,108 Watts,1024 MB ,128 Bit ,76.8GB/sec,1200 MHz,Radeon HD 5770 1024MB,"
01-Oct-2009 ",2560x1600,Yes
AMD,,1024 MB ,128 Bit ,64GB/sec,1000 MHz,Radeon HD 5670 Gigabyte 1GB OC Edition,"
01-Jan-2010 ",2560x1600,Yes
AMD,64 Watts,1024 MB ,128 Bit ,25.6GB/sec,800 MHz,Radeon HD 5670 1GB DDR3,"
01-Jan-2010 ",2560x1600,Yes
AMD,,1024 MB ,128 Bit ,25.6GB/sec,800 MHz,Radeon HD 5570 XFX 1GB Edition,"
01-Feb-2010 ",2560x1600,Yes
AMD,64 Watts,1024 MB ,128 Bit ,64GB/sec,1000 MHz,Radeon HD 5670 1024MB,"
14-Jan-2010 ",2560x1600,Yes
AMD,64 Watts,1024 MB ,128 Bit ,64GB/sec,1000 MHz,Radeon HD 5670 Asus 1GB Edition,"
14-Jan-2010 ",2560x1600,Yes
AMD,64 Watts,1024 MB ,128 Bit ,25.6GB/sec,800 MHz,Radeon HD 5670 1GB DDR3 Sapphire Edition,"
14-Jan-2010 ",2560x1600,Yes
AMD,39 Watts,512 MB ,128 Bit ,28.8GB/sec,900 MHz,Radeon HD 5570 512MB,"
09-Feb-2010 ",2560x1600,Yes
AMD,,2048 MB ,128 Bit ,25.6GB/sec,800 MHz,Radeon HD 5570 XFX Eyefinity X 2GB Edition,"
01-Jul-2010 ",2560x1600,Yes
AMD,61 Watts,512 MB ,128 Bit ,64GB/sec,1000 MHz,Radeon HD 5670 512MB,"
14-Jan-2010 ",2560x1600,Yes
AMD,,1024 MB ,128 Bit ,64GB/sec,1000 MHz,Radeon HD 5670 Diamond 1GB GDDR5,"
01-Feb-2010 ",2560x1600,Yes
AMD,42 Watts,1024 MB ,128 Bit ,28.8GB/sec,900 MHz,Radeon HD 5570 1024MB,"
09-Feb-2010 ",2560x1600,Yes
AMD,,1024 MB ,64 Bit ,10.7GB/sec,667 MHz,Radeon HD 5450 Sapphire 1GB DDR3 Edition,"
01-Aug-2012 ",2560x1600,Yes
AMD,,1024 MB ,64 Bit ,7.2GB/sec,450 MHz,Radeon HD 5450 Asus Silent 1GB Edition,"
01-Mar-2010 ",2560x1600,Yes
AMD,19 Watts,256 MB ,64 Bit ,6.4GB/sec,400 MHz,Radeon HD 5450 256MB,"
04-Feb-2010 ",2560x1600,Yes
AMD,39 Watts,1024 MB ,128 Bit ,64GB/sec,1000 MHz,Radeon HD 5550 1024MB,"
09-Feb-2010 ",2560x1600,Yes
AMD,39 Watts,512 MB ,128 Bit ,64GB/sec,1000 MHz,Radeon HD 5550 512MB,"
09-Feb-2010 ",2560x1600,Yes
AMD,300 Watts,3072 MB ,384 Bit ,264GB/sec,1375 MHz,Radeon HD 7970 VTX3D 3GB Edition,"
01-Feb-2012 ",4096x2160,Yes
AMD,,512 MB ,64 Bit ,12.8GB/sec,800 MHz,Radeon HD 5450 Gigabyte OC 512MB Edition,"
01-Aug-2012 ",2560x1600,Yes
AMD,,3072 MB ,384 Bit ,264GB/sec,1375 MHz,Radeon HD 7970 PowerColor OC Edition,"
01-Feb-2012 ",4096x2160,Yes
AMD,40 Watts,2048 MB ,64 Bit ,6.4GB/sec,400 MHz,Radeon HD 5450 2GB,"
04-Feb-2010 ",2560x1600,Yes
AMD,250 Watts,3072 MB ,384 Bit ,273.6GB/sec,1425 MHz,Radeon HD 7970 VTX3D X 3GB Edition,"
09-Jan-2012 ",4096x2160,Yes
AMD,20 Watts,512 MB ,64 Bit ,6.4GB/sec,400 MHz,Radeon HD 5450 512MB,"
04-Feb-2010 ",2560x1600,Yes
AMD,230 Watts,3072 MB ,384 Bit ,273.6GB/sec,1425 MHz,Radeon HD 7970 OC Sapphire Edition,"
01-Mar-2012 ",4096x2160,Yes
AMD,,3072 MB ,384 Bit ,273.6GB/sec,1425 MHz,Radeon HD 7970 PCS+ VORTEXII Edition,"
01-Apr-2012 ",4096x2160,Yes
AMD,250 Watts,3072 MB ,384 Bit ,273.6GB/sec,1425 MHz,Radeon HD 7970 PowerColor LCS 3GB Edition,"
01-Jan-2012 ",4096x2160,Yes
AMD,,3072 MB ,384 Bit ,264GB/sec,1375 MHz,Radeon HD 7970 GigaByte SOC Edition,"
01-Jun-2012 ",4096x2160,Yes
AMD,,3072 MB ,384 Bit ,264GB/sec,1375 MHz,Radeon HD 7970 MSI OC Edition,"
01-Feb-2012 ",4096x2160,Yes
AMD,265 Watts,6144 MB ,384 Bit ,288GB/sec,1500 MHz,Radeon HD 7970 GHz Toxic 6GB Edition,"
01-Aug-2012 ",4096x2160,Yes
AMD,,3072 MB ,384 Bit ,264GB/sec,1375 MHz,Radeon HD 7970 HIS IceQ X² Edition,"
01-May-2012 ",4096x2160,Yes
AMD,,3072 MB ,384 Bit ,288GB/sec,1500 MHz,Radeon HD 7970 GHz Vapor-X 3GB,"
01-Aug-2012 ",4096x2160,Yes
AMD,,3072 MB ,384 Bit ,288GB/sec,1500 MHz,Radeon HD 7970 GHz XFX Double D Edition,"
01-Sep-2012 ",4096x2160,Yes
AMD,,6144 MB ,384 Bit ,288GB/sec,1500 MHz,Radeon HD 7970 GHz Vapor-X 6GB Edition,"
01-Aug-2012 ",4096x2160,Yes
AMD,230 Watts,3072 MB ,384 Bit ,264GB/sec,1375 MHz,Radeon HD 7970 OC GigaByte Edition,"
12-Jan-2012 ",4096x2160,Yes
AMD,,3072 MB ,384 Bit ,288GB/sec,1500 MHz,Radeon HD 7970 GHz WindForce 3X OC Edition,"
01-Oct-2012 ",4096x2160,Yes
AMD,,3072 MB ,384 Bit ,288GB/sec,1500 MHz,Radeon HD 7970 GHz HIS IceQ 3GB Edition,"
01-Aug-2012 ",4096x2160,Yes
AMD,300 Watts,3072 MB ,384 Bit ,288GB/sec,1500 MHz,Radeon HD 7970 GHz MSI Lightning BE 3GB Edition,"
05-Mar-2013 ",4096x2160,Yes
AMD,250 Watts,3072 MB ,384 Bit ,288GB/sec,1500 MHz,Radeon HD 7970 GHz Edition,"
22-Jun-2012 ",4096x2160,Yes
AMD,230 Watts,3072 MB ,384 Bit ,268.8GB/sec,1400 MHz,Radeon HD 7970 Lightning Edition,"
01-Feb-2012 ",4096x2160,Yes
AMD,300 Watts,3072 MB ,384 Bit ,268.8GB/sec,1400 MHz,Radeon HD 7970 DirectCU II TOP Edition,"
01-Feb-2012 ",4096x2160,Yes
AMD,,3072 MB ,384 Bit ,264GB/sec,1375 MHz,Radeon HD 7970 DirectCU II Edition,"
01-Feb-2012 ",4096x2160,Yes
AMD,250 Watts,3072 MB ,384 Bit ,288GB/sec,1500 MHz,Radeon HD 7970 Club3D royalAce Edition,"
01-Sep-2012 ",4096x2160,Yes
AMD,300 Watts,3072 MB ,384 Bit ,264GB/sec,1375 MHz,Radeon HD 7970 Asus Edition,"
01-Feb-2012 ",4096x2160,Yes
AMD,250 Watts,3072 MB ,384 Bit ,264GB/sec,1375 MHz,Radeon HD 7970,"
29-Dec-2011 ",4096x2160,Yes
AMD,500 Watts,6144 MB ,384 Bit ,633.6GB/sec,1650 MHz,Radeon HD 7970 Asus ARES II Edition,"
01-Jan-2013 ",2560x1600,Yes
AMD,300 Watts,3072 MB ,384 Bit ,316.8GB/sec,1650 MHz,Radeon HD 7970 GHz Matrix Platinum Edition,"
01-Oct-2012 ",4096x2160,Yes
AMD,460 Watts,6144 MB ,384 Bit ,528GB/sec,1375 MHz,Radeon HD 7970 Crossfire,"
01-Jan-2012 ",4096x2160,Yes
AMD,,3072 MB ,384 Bit ,240GB/sec,1250 MHz,Radeon HD 7950 Sapphire OC 3GB Edition,"
03-Jan-2012 ",4096x2160,Yes
AMD,,3072 MB ,384 Bit ,240GB/sec,1250 MHz,Radeon HD 7950 Vapor-X OC Edition,"
01-Aug-2012 ",4096x2160,Yes
AMD,,3072 MB ,384 Bit ,240GB/sec,1250 MHz,Radeon HD 7950 WindForce Boost Edition,"
01-Oct-2012 ",4096x2160,Yes
AMD,,3072 MB ,384 Bit ,240GB/sec,1250 MHz,Radeon HD 7950 Sapphire OC 3GB 950MHz Edition,"
03-May-2012 ",4096x2160,Yes
AMD,,3072 MB ,384 Bit ,240GB/sec,1250 MHz,Radeon HD 7950 VTX3D 3GB Boost X-Edition,"
01-Aug-2012 ",4096x2160,Yes
AMD,,3072 MB ,384 Bit ,240GB/sec,1250 MHz,Radeon HD 7950 PowerColor PCS+ Edition,"
01-Jan-2012 ",4096x2160,Yes
AMD,200 Watts,3072 MB ,384 Bit ,240GB/sec,1250 MHz,Radeon HD 7950 Sapphire FleX 3GB Edition ,"
15-Feb-2012 ",4096x2160,Yes
AMD,,3072 MB ,384 Bit ,240GB/sec,1250 MHz,Radeon HD 7950 Sapphire 3GB Boost Edition,"
01-Aug-2012 ",4096x2160,Yes
AMD,,3072 MB ,384 Bit ,240GB/sec,1250 MHz,Radeon HD 7950 MSI TwinFrozr Edition,"
01-Feb-2012 ",4096x2160,Yes
AMD,,6144 MB ,384 Bit ,480GB/sec,1250 MHz,Radeon HD 7950 MSI TwinFrozr Boost Edition Crossfire,"
10-Oct-2012 ",4096x2160,Yes
AMD,,3072 MB ,384 Bit ,240GB/sec,1250 MHz,Radeon HD 7950 MSI OC Black Edition ,"
10-Oct-2012 ",4096x2160,Yes
AMD,200 Watts,3072 MB ,384 Bit ,240GB/sec,1250 MHz,Radeon HD 7950 MSI TwinFrozr Boost Edition,"
10-Oct-2012 ",4096x2160,Yes
AMD,200 Watts,3072 MB ,384 Bit ,264GB/sec,1375 MHz,Radeon HD 7950 XFX Double D 3GB Edition,"
05-Apr-2012 ",4096x2160,Yes
AMD,,3072 MB ,384 Bit ,240GB/sec,1250 MHz,Radeon HD 7950 IceQ 3GB Edition,"
01-Aug-2012 ",4096x2160,Yes
AMD,160 Watts,3072 MB ,384 Bit ,240GB/sec,1250 MHz,Radeon HD 7950 IceQ Turbo 3GB Edition,"
01-Aug-2012 ",4096x2160,Yes
AMD,,3072 MB ,384 Bit ,240GB/sec,1250 MHz,Radeon HD 7950 Double D Edition,"
01-Jan-2012 ",4096x2160,Yes
AMD,,6144 MB ,384 Bit ,480GB/sec,1250 MHz,Radeon HD 7950 Gigabyte WindForce Edition Crossfire,"
01-Jun-2012 ",4096x2160,Yes
AMD,,3072 MB ,384 Bit ,240GB/sec,1250 MHz,Radeon HD 7950 Gigabyte WindForce Edition,"
01-Jun-2012 ",4096x2160,Yes
AMD,,3072 MB ,384 Bit ,264GB/sec,1375 MHz,Radeon HD 7950 Double D Black Edition,"
01-Jan-2012 ",4096x2160,Yes
AMD,225 Watts,3072 MB ,384 Bit ,240GB/sec,1250 MHz,Radeon HD 7950 DirectCU II TOP Edition,"
02-Feb-2012 ",4096x2160,Yes
AMD,360 Watts,6144 MB ,384 Bit ,480GB/sec,1250 MHz,Radeon HD 7950 Crossfire,"
01-Jan-2012 ",4096x2160,Yes
AMD,200 Watts,3072 MB ,384 Bit ,240GB/sec,1250 MHz,Radeon HD 7950 Club3D royalKing Edition,"
01-Nov-2012 ",4096x2160,Yes
AMD,,6144 MB ,384 Bit ,480GB/sec,1250 MHz,Radeon HD 7950 Boost Edition Crossfire,"
01-Aug-2012 ",4096x2160,Yes
AMD,540 Watts,9216 MB ,384 Bit ,720GB/sec,1250 MHz,Radeon HD 7950 3-way Crossfire,"
01-Jan-2012 ",4096x2160,Yes
AMD,200 Watts,3072 MB ,384 Bit ,240GB/sec,1250 MHz,Radeon HD 7950 Boost Edition,"
22-Jul-2012 ",4096x2160,Yes
AMD,225 Watts,3072 MB ,384 Bit ,240GB/sec,1250 MHz,Radeon HD 7950 Asus DirectCU II TOP 3GB Edition,"
31-Jan-2012 ",4096x2160,Yes
AMD,,2048 MB ,256 Bit ,192GB/sec,1500 MHz,Radeon HD 7870 XT Sapphire Edition,"
01-Oct-2012 ",4096x2160,Yes
AMD,185 Watts,2048 MB ,256 Bit ,192GB/sec,1500 MHz,Radeon HD 7870 XT PowerColor Myst. Edition,"
22-Nov-2012 ",4096x2160,Yes
AMD,200 Watts,3072 MB ,384 Bit ,240GB/sec,1250 MHz,Radeon HD 7950,"
31-Jan-2012 ",4096x2160,Yes
AMD,350 Watts,4096 MB ,256 Bit ,384GB/sec,1500 MHz,Radeon HD 7870 XT Crossfire,"
01-Nov-2012 ",4096x2160,Yes
AMD,185 Watts,2048 MB ,256 Bit ,192GB/sec,1500 MHz,Radeon HD 7870 XT,"
01-Nov-2012 ",4096x2160,Yes
AMD,,2048 MB ,256 Bit ,153.6GB/sec,1200 MHz,Radeon HD 7870 XFX Core Edition,"
01-Mar-2012 ",4096x2160,Yes
AMD,,4096 MB ,256 Bit ,320GB/sec,1250 MHz,Radeon HD 7870 Sapphire GHz OC Edition CrossFire,"
25-Jun-2012 ",4096x2160,Yes
AMD,,2048 MB ,256 Bit ,153.6GB/sec,1200 MHz,Radeon HD 7870 Twin Frozr III OC 2GB Edition,"
01-Feb-2012 ",4096x2160,Yes
AMD,175 Watts,2048 MB ,256 Bit ,156.8GB/sec,1225 MHz,Radeon HD 7870 PowerColor PCS+ 2GB Edition,"
05-Mar-2012 ",4096x2160,Yes
AMD,175 Watts,2048 MB ,256 Bit ,153.6GB/sec,1200 MHz,Radeon HD 7870 Sapphire GHz 2GB Edition,"
05-Mar-2012 ",4096x2160,Yes
AMD,,2048 MB ,256 Bit ,160GB/sec,1250 MHz,Radeon HD 7870 Sapphire GHz OC Edition,"
25-Jun-2012 ",4096x2160,Yes
AMD,,2048 MB ,256 Bit ,160GB/sec,1250 MHz,Radeon HD 7870 PCS+ Vortex II Edition,"
01-Sep-2012 ",4096x2160,Yes
AMD,,2048 MB ,256 Bit ,160GB/sec,1250 MHz,Radeon HD 7870 PowerColor Devil Edition,"
01-May-2012 ",4096x2160,Yes
AMD,,2048 MB ,256 Bit ,153.6GB/sec,1200 MHz,Radeon HD 7870 MSI OC Edition,"
01-Feb-2012 ",4096x2160,Yes
AMD,,2048 MB ,256 Bit ,160GB/sec,1250 MHz,Radeon HD 7870 HIS IceQ X Turbo Edition,"
01-Apr-2012 ",4096x2160,Yes
AMD,,2048 MB ,256 Bit ,153.6GB/sec,1200 MHz,Radeon HD 7870 PowerColor OC Edition,"
01-Jun-2012 ",4096x2160,Yes
AMD,,2048 MB ,256 Bit ,153.6GB/sec,1200 MHz,Radeon HD 7870 MSI Hawk Edition,"
01-Feb-2012 ",4096x2160,Yes
AMD,,2048 MB ,256 Bit ,153.6GB/sec,1200 MHz,Radeon HD 7870 HIS IceQ Turbo Edition,"
01-Apr-2012 ",4096x2160,Yes
AMD,175 Watts,2048 MB ,256 Bit ,153.6GB/sec,1200 MHz,Radeon HD 7870 Gigabyte OC Edition,"
01-May-2012 ",4096x2160,Yes
AMD,,2048 MB ,256 Bit ,153.6GB/sec,1200 MHz,Radeon HD 7870 HIS IceQ Edition,"
01-Apr-2012 ",4096x2160,Yes
AMD,,2048 MB ,256 Bit ,154.9GB/sec,1210 MHz,Radeon HD 7870 DirectCU II 2GB Edition,"
01-Jun-2012 ",4096x2160,Yes
AMD,,2048 MB ,256 Bit ,153.6GB/sec,1200 MHz,Radeon HD 7870 Double D Edition,"
01-Aug-2012 ",4096x2160,Yes
AMD,175 Watts,2048 MB ,256 Bit ,153.6GB/sec,1200 MHz,Radeon HD 7870 DirectCU II TOP v2 Edition,"
01-May-2012 ",4096x2160,Yes
AMD,350 Watts,4096 MB ,256 Bit ,307.2GB/sec,1200 MHz,Radeon HD 7870 Crossfire,"
01-Mar-2012 ",4096x2160,Yes
AMD,,2048 MB ,256 Bit ,160GB/sec,1250 MHz,Radeon HD 7870 Double D Black Edition,"
01-Aug-2012 ",4096x2160,Yes
AMD,175 Watts,2048 MB ,256 Bit ,153.6GB/sec,1200 MHz,Radeon HD 7870,"
05-Mar-2012 ",4096x2160,Yes
AMD,175 Watts,2048 MB ,256 Bit ,153.6GB/sec,1200 MHz,Radeon HD 7870 Club3D royalQueen 2GB Edition,"
05-Mar-2012 ",4096x2160,Yes
AMD,175 Watts,2048 MB ,256 Bit ,153.6GB/sec,1200 MHz,Radeon HD 7870 Club3D jokerCard 2GB Edition,"
05-Mar-2012 ",4096x2160,Yes
AMD,,1024 MB ,256 Bit ,160GB/sec,1250 MHz,Radeon HD 7850 XFX Core Edition,"
01-Mar-2012 ",4096x2160,Yes
AMD,,2048 MB ,256 Bit ,160GB/sec,1250 MHz,Radeon HD 7850 XFX DD Black Edition,"
01-Jun-2012 ",4096x2160,Yes
AMD,,1024 MB ,256 Bit ,153.6GB/sec,1200 MHz,Radeon HD 7850 XFX Ultra OC Edition,"
01-Jun-2012 ",4096x2160,Yes
AMD,,2048 MB ,256 Bit ,160GB/sec,1250 MHz,Radeon HD 7850 XFX Core 2GB Edition,"
01-Mar-2012 ",4096x2160,Yes
AMD,175 Watts,2048 MB ,256 Bit ,153.6GB/sec,1200 MHz,Radeon HD 7870 Club3D GHz Edition,"
01-Mar-2012 ",4096x2160,Yes
AMD,,1024 MB ,256 Bit ,156.8GB/sec,1225 MHz,Radeon HD 7850 VTX3D X-Edition,"
01-Jun-2012 ",4096x2160,Yes
AMD,,2048 MB ,256 Bit ,153.6GB/sec,1200 MHz,Radeon HD 7850 Twin Frozr III OC,"
01-Feb-2012 ",4096x2160,Yes
AMD,130 Watts,2048 MB ,256 Bit ,153.6GB/sec,1200 MHz,Radeon HD 7850 VisionTek 2GB Edition,"
12-May-2012 ",4096x2160,Yes
AMD,130 Watts,2048 MB ,256 Bit ,160GB/sec,1250 MHz,Radeon HD 7850 Sapphire OC Edition,"
14-Mar-2012 ",4096x2160,Yes
AMD,,2048 MB ,256 Bit ,153.6GB/sec,1200 MHz,Radeon HD 7850 HIS IceQ 2GB Turbo Edition,"
01-Dec-2012 ",4096x2160,Yes
AMD,,2048 MB ,256 Bit ,153.6GB/sec,1200 MHz,Radeon HD 7850 MSI Power Edition 2GB OC,"
01-May-2012 ",4096x2160,Yes
AMD,,1024 MB ,256 Bit ,153.6GB/sec,1200 MHz,Radeon HD 7850 MSI OC 1GB Edition,"
01-Feb-2012 ",4096x2160,Yes
AMD,,2048 MB ,256 Bit ,156.8GB/sec,1225 MHz,Radeon HD 7850 PowerColor PCS+ 2GB Edition,"
01-May-2012 ",4096x2160,Yes
AMD,,2048 MB ,256 Bit ,160GB/sec,1250 MHz,Radeon HD 7850 HIS IceQ X Turbo X Edition,"
01-Mar-2012 ",4096x2160,Yes
AMD,130 Watts,2048 MB ,256 Bit ,153.6GB/sec,1200 MHz,Radeon HD 7850 Gigabyte OC Edition,"
01-Feb-2012 ",4096x2160,Yes
AMD,,2048 MB ,256 Bit ,153.6GB/sec,1200 MHz,Radeon HD 7850 MSI OC 2GB Edition,"
01-Feb-2012 ",4096x2160,Yes
AMD,,1024 MB ,256 Bit ,153.6GB/sec,1200 MHz,Radeon HD 7850 Gigabyte OC 1GB Edition,"
01-Feb-2012 ",4096x2160,Yes
AMD,130 Watts,2048 MB ,256 Bit ,153.6GB/sec,1200 MHz,Radeon HD 7850 HIS Fan 2GB Edition,"
06-Mar-2012 ",4096x2160,Yes
AMD,130 Watts,2048 MB ,256 Bit ,153.6GB/sec,1200 MHz,Radeon HD 7850 Club3D royalQueen Edition,"
01-Feb-2012 ",4096x2160,Yes
AMD,,2048 MB ,256 Bit ,160GB/sec,1250 MHz,Radeon HD 7850 Direct CU II TOP,"
01-Jun-2012 ",4096x2160,Yes
AMD,150 Watts,2048 MB ,256 Bit ,153.6GB/sec,1200 MHz,Radeon HD 7850 Club3D royalAce Edition,"
01-Sep-2012 ",4096x2160,Yes
AMD,260 Watts,4096 MB ,256 Bit ,307.2GB/sec,1200 MHz,Radeon HD 7850 Crossfire,"
01-Mar-2012 ",4096x2160,Yes
AMD,,2048 MB ,256 Bit ,154.9GB/sec,1210 MHz,Radeon HD 7850 Direct CU II,"
01-Jun-2012 ",4096x2160,Yes
AMD,130 Watts,1024 MB ,256 Bit ,153.6GB/sec,1200 MHz,Radeon HD 7850 Club3D royalQueen 1GB Edition,"
01-Feb-2012 ",4096x2160,Yes
AMD,130 Watts,2048 MB ,256 Bit ,153.6GB/sec,1200 MHz,Radeon HD 7850 Club3D royalKing Edition,"
01-Feb-2012 ",4096x2160,Yes
AMD,,2048 MB ,256 Bit ,153.6GB/sec,1200 MHz,Radeon HD 7850 2GB PowerColor v2 Edition,"
01-May-2012 ",4096x2160,Yes
AMD,,2048 MB ,256 Bit ,153.6GB/sec,1200 MHz,Radeon HD 7850 2GB Sapphire Edition,"
01-Aug-2012 ",4096x2160,Yes
AMD,,1024 MB ,256 Bit ,160GB/sec,1250 MHz,Radeon HD 7850 1GB Sapphire Edition,"
01-Aug-2012 ",4096x2160,Yes
AMD,130 Watts,2048 MB ,256 Bit ,153.6GB/sec,1200 MHz,Radeon HD 7850,"
19-Mar-2012 ",4096x2160,Yes
AMD,,1024 MB ,128 Bit ,102.4GB/sec,1600 MHz,Radeon HD 7790 VTX3D X-Edition,"
01-Mar-2013 ",2560x1600,Yes
AMD,,2048 MB ,128 Bit ,102.4GB/sec,1600 MHz,Radeon HD 7790 VTX3D X-Edition v2,"
01-Mar-2013 ",2560x1600,Yes
AMD,,1024 MB ,128 Bit ,96GB/sec,1500 MHz,Radeon HD 7790 MSI 1GB OC Edition,"
22-Mar-2013 ",2560x1600,Yes
AMD,,2048 MB ,128 Bit ,102.4GB/sec,1600 MHz,Radeon HD 7790 VTX3D VChamp Edition,"
01-Mar-2013 ",2560x1600,Yes
AMD,,2048 MB ,128 Bit ,96GB/sec,1500 MHz,Radeon HD 7790 Gigabyte 2GB OC Edition,"
22-Mar-2013 ",2560x1600,Yes
AMD,,2048 MB ,128 Bit ,102.4GB/sec,1600 MHz,Radeon HD 7790 Sapphire OC Edition,"
01-Mar-2013 ",2560x1600,Yes
AMD,,1024 MB ,128 Bit ,96GB/sec,1500 MHz,Radeon HD 7790 PowerColor TurboDuo Edition,"
01-Mar-2013 ",2560x1600,Yes
AMD,,1024 MB ,128 Bit ,102.4GB/sec,1600 MHz,Radeon HD 7790 Sapphire Dual-X OC Edition,"
01-Mar-2013 ",2560x1600,Yes
AMD,,2048 MB ,128 Bit ,102.4GB/sec,1600 MHz,Radeon HD 7790 DirectCU II OC 2GB Edition,"
22-Mar-2013 ",2560x1600,Yes
AMD,,1024 MB ,128 Bit ,96GB/sec,1500 MHz,Radeon HD 7790 Gigabyte 1GB OC Edition,"
22-Mar-2013 ",2560x1600,Yes
AMD,,1024 MB ,128 Bit ,102.4GB/sec,1600 MHz,Radeon HD 7790 DirectCU II OC Edition,"
22-Mar-2013 ",2560x1600,Yes
AMD,80 Watts,1024 MB ,128 Bit ,72GB/sec,1125 MHz,Radeon HD 7770 XFX Double Dissipation 1GB Edition,"
31-Mar-2012 ",4096x2160,Yes
AMD,,1024 MB ,128 Bit ,79.7GB/sec,1245 MHz,Radeon HD 7770 XFX Ultra OC Edition,"
01-May-2012 ",4096x2160,Yes
AMD,85 Watts,1024 MB ,128 Bit ,96GB/sec,1500 MHz,Radeon HD 7790,"
22-Mar-2013 ",2560x1600,Yes
AMD,,1024 MB ,128 Bit ,72GB/sec,1125 MHz,Radeon HD 7770 XFX Core 1GB Edition,"
01-Feb-2012 ",4096x2160,Yes
AMD,170 Watts,2048 MB ,128 Bit ,192GB/sec,1500 MHz,Radeon HD 7790 Crossfire,"
22-Mar-2013 ",2560x1600,Yes
AMD,80 Watts,1024 MB ,128 Bit ,80GB/sec,1250 MHz,Radeon HD 7770 Sapphire GHz OC Edition,"
16-Feb-2012 ",4096x2160,Yes
AMD,,2048 MB ,128 Bit ,102.4GB/sec,1600 MHz,Radeon HD 7790 Club3D 13 Series Edition,"
01-Mar-2013 ",2560x1600,Yes
AMD,,1024 MB ,128 Bit ,80GB/sec,1250 MHz,Radeon HD 7770 VTX3D X-Edition,"
01-Jun-2012 ",4096x2160,Yes
AMD,,1024 MB ,128 Bit ,83.2GB/sec,1300 MHz,Radeon HD 7770 Vapor-X GHz OC Edition,"
01-Aug-2012 ",4096x2160,Yes
AMD,80 Watts,1024 MB ,128 Bit ,72GB/sec,1125 MHz,Radeon HD 7770 Sapphire Edition,"
01-Feb-2012 ",4096x2160,Yes
AMD,,1024 MB ,128 Bit ,72GB/sec,1125 MHz,Radeon HD 7770 MSI Power Edition,"
01-Feb-2012 ",4096x2160,Yes
AMD,,1024 MB ,128 Bit ,72GB/sec,1125 MHz,Radeon HD 7770 Sapphire Flex GHz Edition,"
01-Aug-2012 ",4096x2160,Yes
AMD,,1024 MB ,128 Bit ,72GB/sec,1125 MHz,Radeon HD 7770 PowerColor GHz Edition,"
01-Feb-2012 ",4096x2160,Yes
AMD,150 Watts,1024 MB ,128 Bit ,72GB/sec,1125 MHz,Radeon HD 7770 MSI PMD1 Edition,"
01-Feb-2012 ",4096x2160,Yes
AMD,,1024 MB ,128 Bit ,72GB/sec,1125 MHz,Radeon HD 7770 PowerColor PCS+ Edition,"
01-Mar-2012 ",4096x2160,Yes
AMD,,1024 MB ,128 Bit ,72GB/sec,1125 MHz,Radeon HD 7770 iCooler 1GB Edition,"
01-Apr-2012 ",4096x2160,Yes
AMD,,1024 MB ,128 Bit ,73.6GB/sec,1150 MHz,Radeon HD 7770 MSI 2PM OC Edition,"
02-Jan-2012 ",4096x2160,Yes
AMD,,1024 MB ,128 Bit ,72GB/sec,1125 MHz,Radeon HD 7770 Gigabyte OC rev. 2.0 Edition,"
01-Dec-2012 ",4096x2160,Yes
AMD,,1024 MB ,128 Bit ,80GB/sec,1250 MHz,Radeon HD 7770 Gigabyte OC Edition,"
01-Jun-2012 ",4096x2160,Yes
AMD,,1024 MB ,128 Bit ,73.6GB/sec,1150 MHz,Radeon HD 7770 Direct CU II TOP Edition,"
01-Jun-2012 ",4096x2160,Yes
AMD,150 Watts,1024 MB ,128 Bit ,73.6GB/sec,1150 MHz,Radeon HD 7770 DirectCU II V2 Edition,"
01-Jun-2012 ",4096x2160,Yes
AMD,,1024 MB ,128 Bit ,72GB/sec,1125 MHz,Radeon HD 7770 Ghost Thermal Edition,"
01-Feb-2012 ",4096x2160,Yes
AMD,,1024 MB ,128 Bit ,83.2GB/sec,1300 MHz,Radeon HD 7770 BE Super Overclock Edition,"
01-Feb-2012 ",4096x2160,Yes
AMD,150 Watts,2048 MB ,128 Bit ,73.6GB/sec,1150 MHz,Radeon HD 7770 Asus GHz Edition,"
01-Jun-2012 ",4096x2160,Yes
AMD,80 Watts,2048 MB ,128 Bit ,72GB/sec,1125 MHz,Radeon HD 7770 2GB GHz Edition,"
15-Feb-2012 ",4096x2160,Yes
AMD,,1024 MB ,128 Bit ,72GB/sec,1125 MHz,Radeon HD 7750 XFX Core Edition,"
01-Feb-2012 ",4096x2160,Yes
AMD,160 Watts,2048 MB ,128 Bit ,144GB/sec,1125 MHz,Radeon HD 7770 Crossfire,"
01-Feb-2012 ",4096x2160,Yes
AMD,,1024 MB ,128 Bit ,72GB/sec,1125 MHz,Radeon HD 7750 VTX3D 1GB GDDR5 Edition,"
01-Feb-2012 ",4096x2160,Yes
AMD,,2048 MB ,128 Bit ,25.6GB/sec,800 MHz,Radeon HD 7750 Sapphire 2GB DDR3 Edition,"
01-Aug-2012 ",4096x2160,Yes
AMD,,1024 MB ,128 Bit ,72GB/sec,1125 MHz,Radeon HD 7750 Sapphire Low Profile,"
01-Aug-2012 ",4096x2160,Yes
AMD,55 Watts,1024 MB ,128 Bit ,72GB/sec,1125 MHz,Radeon HD 7750 Sapphire Ultimate,"
01-Feb-2012 ",4096x2160,Yes
AMD,80 Watts,1024 MB ,128 Bit ,72GB/sec,1125 MHz,Radeon HD 7770 1GB GDDR5,"
15-Feb-2012 ",4096x2160,Yes
AMD,55 Watts,1024 MB ,128 Bit ,72GB/sec,1125 MHz,Radeon HD 7750 Sapphire 1GB GDDR5 Edition,"
01-Aug-2012 ",4096x2160,Yes
AMD,,1024 MB ,128 Bit ,25.6GB/sec,800 MHz,Radeon HD 7750 VTX3D 1GB DDR3 Edition,"
01-Oct-2012 ",4096x2160,Yes
AMD,,1024 MB ,128 Bit ,72GB/sec,1125 MHz,Radeon HD 7750 PowerColor 1GB Edition,"
01-May-2012 ",4096x2160,Yes
AMD,,4096 MB ,128 Bit ,25.6GB/sec,800 MHz,Radeon HD 7750 PowerColor 4GB DDR3 Edition,"
12-Dec-2012 ",4096x2160,Yes
AMD,,1024 MB ,128 Bit ,72GB/sec,1125 MHz,Radeon HD 7750 MSI PMD1 OC Edition,"
01-Feb-2012 ",4096x2160,Yes
AMD,,2048 MB ,128 Bit ,25.6GB/sec,800 MHz,Radeon HD 7750 MSI PMD 2GB DDR3 Edition,"
01-Aug-2012 ",4096x2160,Yes
AMD,,1024 MB ,128 Bit ,72GB/sec,1125 MHz,Radeon HD 7750 MSI OC Power Edition,"
01-May-2012 ",4096x2160,Yes
AMD,55 Watts,1024 MB ,128 Bit ,72GB/sec,1125 MHz,Radeon HD 7750 HIS iCooler Dual Fan 1GB Edition,"
15-Feb-2012 ",4096x2160,Yes
AMD,,1024 MB ,128 Bit ,72GB/sec,1125 MHz,Radeon HD 7750 MSI OC Edition,"
01-Aug-2012 ",4096x2160,Yes
AMD,,1024 MB ,128 Bit ,72GB/sec,1125 MHz,Radeon HD 7750 Gigabyte 1GB OC Edition,"
01-Feb-2012 ",4096x2160,Yes
AMD,,2048 MB ,128 Bit ,25.6GB/sec,800 MHz,Radeon HD 7750 Gigabyte OC 2GB DDR3 Edition,"
01-Oct-2012 ",4096x2160,Yes
AMD,61 Watts,1024 MB ,128 Bit ,72GB/sec,1125 MHz,Radeon HD 7750 Club3D Low Profile Edition,"
01-Aug-2012 ",4096x2160,Yes
AMD,110 Watts,2048 MB ,128 Bit ,144GB/sec,1125 MHz,Radeon HD 7750 Crossfire,"
01-Feb-2012 ",4096x2160,Yes
AMD,55 Watts,1024 MB ,128 Bit ,72GB/sec,1125 MHz,Radeon HD 7750 1GB GDDR5,"
15-Feb-2012 ",4096x2160,Yes
AMD,,1024 MB ,128 Bit ,72GB/sec,1125 MHz,Radeon HD 7750 Double D Black Edition,"
01-Jun-2012 ",4096x2160,Yes
AMD,47 Watts,1024 MB ,128 Bit ,28.8GB/sec,900 MHz,Radeon HD 7730 v2 Sapphire 1GB Edition,"
10-May-2013 ",4096x2160,Yes
AMD,,1024 MB ,128 Bit ,73.6GB/sec,1150 MHz,Radeon HD 7750 Asus 1GB Edition,"
01-Feb-2012 ",4096x2160,Yes
AMD,47 Watts,4096 MB ,128 Bit ,20.8GB/sec,650 MHz,Radeon HD 7730 v2 XFX Core 4GB Edition,"
11-Jul-2013 ",4096x2160,No
AMD,47 Watts,2048 MB ,128 Bit ,28.8GB/sec,900 MHz,Radeon HD 7730 v2 Sapphire 2GB Edition,"
10-May-2013 ",4096x2160,Yes
AMD,47 Watts,2048 MB ,128 Bit ,25.6GB/sec,800 MHz,Radeon HD 7730 v2 PowerColor 2GB Edition,"
24-Jul-2013 ",4096x2160,Yes
AMD,150 Watts,1024 MB ,256 Bit ,134.4GB/sec,1050 MHz,Radeon HD 7720,"
31-Mar-2013 ",2560x1600,Yes
AMD,47 Watts,2048 MB ,128 Bit ,28.8GB/sec,900 MHz,Radeon HD 7730 v2,"
01-May-2013 ",4096x2160,Yes
AMD,33 Watts,1024 MB ,128 Bit ,28.8GB/sec,900 MHz,Radeon HD 7650A,"
01-Jan-2012 ",2560x1600,Yes
AMD,45 Watts,1024 MB ,128 Bit ,64GB/sec,1000 MHz,Radeon HD 7670A,"
01-Jan-2012 ",2560x1600,Yes
AMD,75 Watts,1024 MB ,128 Bit ,73.6GB/sec,1150 MHz,Radeon HD 7750 Asus TOP 1GB Edition,"
01-Feb-2012 ",4096x2160,Yes
AMD,47 Watts,1024 MB ,128 Bit ,72GB/sec,1125 MHz,Radeon HD 7730,"
01-May-2013 ",4096x2160,Yes
AMD,66 Watts,2048 MB ,128 Bit ,25.6GB/sec,800 MHz,Radeon HD 7670 v2,"
05-Jan-2012 ",2560x1600,No
AMD,60 Watts,1024 MB ,128 Bit ,51.2GB/sec,800 MHz,Radeon HD 7570,"
05-Jan-2012 ",2560x1600,Yes
AMD,66 Watts,1024 MB ,128 Bit ,64GB/sec,1000 MHz,Radeon HD 7670,"
05-Jan-2012 ",2560x1600,Yes
AMD,60 Watts,1024 MB ,128 Bit ,25.6GB/sec,800 MHz,Radeon HD 7570 v2 Pegatron 1GB Edition,"
05-Jan-2012 ",2560x1600,No
AMD,44 Watts,1024 MB ,128 Bit ,28.8GB/sec,900 MHz,Radeon HD 7570 v2,"
05-Jan-2012 ",2560x1600,No
AMD,18 Watts,512 MB ,64 Bit ,28.8GB/sec,900 MHz,Radeon HD 7470,"
05-Jan-2012 ",2560x1600,No
AMD,18 Watts,1024 MB ,64 Bit ,12.8GB/sec,800 MHz,Radeon HD 7470A,"
01-Jan-2012 ",2560x1600,No
AMD,19 Watts,512 MB ,64 Bit ,12.8GB/sec,800 MHz,Radeon HD 7350,"
05-Jan-2012 ",2560x1600,No
AMD,25 Watts,,64 Bit ,12.8GB/sec,800 MHz,Radeon HD 7450A,"
01-Jan-2012 ",2560x1600,No
AMD,18 Watts,512 MB ,64 Bit ,8.5GB/sec,533 MHz,Radeon HD 7450,"
05-Jan-2012 ",2560x1600,No
AMD,150 Watts,2048 MB ,256 Bit ,179.2GB/sec,1400 MHz,Radeon HD 8860 (OEM),"
08-Jan-2013 ",4096x2160,Yes
AMD,175 Watts,2048 MB ,256 Bit ,153.6GB/sec,1200 MHz,Radeon HD 8870 (OEM),"
08-Jan-2013 ",4096x2160,Yes
AMD,85 Watts,1024 MB ,128 Bit ,96GB/sec,1500 MHz,Radeon HD 8770 (OEM),"
02-Sep-2013 ",2560x1600,Yes
AMD,250 Watts,3072 MB ,384 Bit ,264GB/sec,1375 MHz,Radeon HD 8970 (OEM),"
08-Jan-2013 ",4096x2160,Yes
AMD,200 Watts,3072 MB ,384 Bit ,240GB/sec,1250 MHz,Radeon HD 8950 (OEM),"
08-Jan-2013 ",4096x2160,Yes
AMD,55 Watts,2048 MB ,128 Bit ,72GB/sec,1125 MHz,Radeon HD 8740 (OEM),"
05-Sep-2013 ",4096x2160,Yes
AMD,80 Watts,2048 MB ,128 Bit ,72GB/sec,1125 MHz,Radeon HD 8760 (OEM),"
08-Jan-2013 ",4096x2160,Yes
AMD,75 Watts,2048 MB ,128 Bit ,73.6GB/sec,1150 MHz,Radeon HD 8670 (OEM),"
08-Jan-2013 ",2560x1600,Yes
AMD,18 Watts,512 MB ,64 Bit ,8.5GB/sec,533 MHz,Radeon HD 8450 (OEM),"
08-Jan-2013 ",2560x1600,No
AMD,18 Watts,512 MB ,64 Bit ,28.8GB/sec,900 MHz,Radeon HD 8470 (OEM),"
08-Jan-2013 ",2560x1600,No
AMD,25 Watts,512 MB ,64 Bit ,12.8GB/sec,800 MHz,Radeon HD 8350 (OEM),"
08-Jan-2013 ",2560x1600,No
AMD,30 Watts,2048 MB ,128 Bit ,28.8GB/sec,900 MHz,Radeon HD 8570 (OEM),"
08-Jan-2013 ",4096x2160,No
Nvidia,,256 MB ,256 Bit ,11.2GB/sec,350 MHz,GeForce 6800 XT,"
02-Jan-2005 ",2560x1600,Yes
Nvidia,124 Watts,256 MB ,256 Bit ,35.2GB/sec,550 MHz,GeForce 6800 Ultra,"
01-Mar-2005 ",2560x1600,Yes
Nvidia,74 Watts,256 MB ,256 Bit ,15.2GB/sec,475 MHz,GeForce FX 5950 Ultra,"
23-Oct-2003 ",2048x1536,No
Nvidia,,128 MB ,128 Bit ,5.1GB/sec,320 MHz,GeForce4 Ti 4800,"
20-Jan-2003 ",,No
Nvidia,,32 MB ,128 Bit ,2.7GB/sec,166 MHz,GeForce 256,"
31-Aug-1999 ",,No
Nvidia,35 Watts,128 MB ,256 Bit ,11.2GB/sec,350 MHz,GeForce FX 5900XT,"
01-Dec-2003 ",2048x1536,No
Nvidia,39 Watts,128 MB ,256 Bit ,11.2GB/sec,350 MHz,GeForce 6800 Series 128MB,"
01-Apr-2004 ",2560x1600,No
Nvidia,29 Watts,1024 MB ,64 Bit ,13.2GB/sec,825 MHz,GeForce GT 705,"
27-Mar-2014 ",4096x2160,No
Nvidia,,128 MB ,128 Bit ,4.4GB/sec,275 MHz,GeForce4 Ti 4800 SE,"
20-Jan-2003 ",,No
Nvidia,365 Watts,3072 MB ,384 Bit ,327.9GB/sec,854 MHz,GeForce GTX 590 Zotac Edition,"
01-Mar-2011 ",2560x1600,Yes
Nvidia,289 Watts,1792 MB ,448 Bit ,225.8GB/sec,1008 MHz,GeForce GTX 295 EVGA CO-OP 1792MB Edition,"
15-Jun-2009 ",2560x1600,Yes
Nvidia,500 Watts,3072 MB ,384 Bit ,354.8GB/sec,924 MHz,GeForce GTX 480 SLI,"
01-Mar-2010 ",2560x1600,Yes
Nvidia,,128 MB ,128 Bit ,4GB/sec,250 MHz,GeForce 3 Ti 500,"
01-Oct-2001 ",,No
Nvidia,75 Watts,256 MB ,128 Bit ,16.3GB/sec,510 MHz,GeForce GT 330,"
01-Feb-2010 ",2560x1600,No
Nvidia,289 Watts,1792 MB ,448 Bit ,235.9GB/sec,1053 MHz,GeForce GTX 295 EVGA CO-OP Hydro Copper 1792MB Edition,"
15-Jun-2009 ",2560x1600,Yes
Nvidia,69 Watts,1024 MB ,128 Bit ,54.4GB/sec,850 MHz,GeForce GT 340,"
01-Feb-2010 ",2560x1600,No
Nvidia,600 Watts,8192 MB ,512 Bit ,769GB/sec,1502 MHz,GeForce GTX 690 SLI,"
03-May-2012 ",4096x2160,Yes
Nvidia,31 Watts,512 MB ,64 Bit ,6.4GB/sec,400 MHz,GeForce 310 512MB,"
01-Nov-2009 ",2560x1600,No
Nvidia,33 Watts,512 MB ,64 Bit ,12.6GB/sec,790 MHz,GeForce 315 512MB,"
01-Feb-2010 ",2560x1600,No
Nvidia,43 Watts,1024 MB ,128 Bit ,25.3GB/sec,790 MHz,GeForce GT 320,"
01-Feb-2010 ",2560x1600,Yes
Nvidia,195 Watts,4096 MB ,256 Bit ,192.3GB/sec,1502 MHz,GeForce GTX 680 Zotac 4GB Edition,"
01-May-2012 ",4096x2160,Yes
Nvidia,300 Watts,4096 MB ,256 Bit ,384GB/sec,1500 MHz,GeForce GTX 690,"
03-May-2012 ",4096x2160,Yes
Nvidia,385 Watts,4096 MB ,512 Bit ,384.5GB/sec,1502 MHz,GeForce GTX 690 Asus 4GB Edition,"
01-May-2012 ",4096x2160,Yes
Nvidia,200 Watts,4096 MB ,256 Bit ,225.5GB/sec,1762 MHz,GeForce GTX 980 Zotac AMP! Omega Core 4GB Edition,"
01-Jul-2015 ",5120x3200,Yes
Nvidia,,2048 MB ,256 Bit ,211.5GB/sec,1652 MHz,GeForce GTX 680 Zotac AMP Edition ,"
01-Apr-2012 ",4096x2160,Yes
Nvidia,195 Watts,4096 MB ,256 Bit ,192.3GB/sec,1502 MHz,GeForce GTX 680 WinFast 4GB Edition,"
01-Mar-2012 ",4096x2160,Yes
Nvidia,780 Watts,8192 MB ,256 Bit ,769GB/sec,1502 MHz,GeForce GTX 680 Quad SLI,"
01-Mar-2012 ",4096x2160,Yes
Nvidia,,4096 MB ,512 Bit ,384.5GB/sec,1502 MHz,GeForce GTX 690 Hydro Copper Signature Edition,"
01-Sep-2012 ",4096x2160,Yes
Nvidia,,2048 MB ,256 Bit ,201.6GB/sec,1575 MHz,GeForce GTX 680 Phantom 2GB Edition,"
01-Apr-2012 ",4096x2160,Yes
Nvidia,195 Watts,2048 MB ,256 Bit ,192.3GB/sec,1502 MHz,GeForce GTX 680 Twin Frozr OC Edition,"
13-Apr-2012 ",4096x2160,Yes
Nvidia,195 Watts,4096 MB ,256 Bit ,192.3GB/sec,1502 MHz,GeForce GTX 680 PNY XLR8 Enthusiast 4GB Edition,"
23-Apr-2012 ",4096x2160,Yes
Nvidia,195 Watts,4096 MB ,256 Bit ,192.3GB/sec,1502 MHz,GeForce GTX 680 Phantom 4GB Edition,"
01-Jun-2012 ",4096x2160,Yes
Nvidia,215 Watts,2048 MB ,256 Bit ,201.6GB/sec,1575 MHz,GeForce GTX 680 Palit Jetstream 2GB Edition,"
01-Apr-2012 ",4096x2160,Yes
Nvidia,215 Watts,4096 MB ,256 Bit ,192.3GB/sec,1502 MHz,GeForce GTX 680 Palit Jetstream 4GB Edition,"
01-Apr-2012 ",4096x2160,Yes
Nvidia,220 Watts,11264 MB ,88 Bit ,484.4GB/sec,1376 MHz,GeForce GTX 1080 Ti Zotac Founders Edition 11GB,"
05-Mar-2017 ",7680x4320,Yes
Nvidia,390 Watts,4096 MB ,256 Bit ,384.5GB/sec,1502 MHz,GeForce GTX 680 SLI,"
01-Mar-2012 ",4096x2160,Yes
Nvidia,250 Watts,8192 MB ,256 Bit ,320.3GB/sec,1251 MHz,GeForce GTX 1080 Zotac AMP 8GB Edition,"
27-Jun-2016 ",7680x4320,Yes
Nvidia,220 Watts,11264 MB ,176 Bit ,493.5GB/sec,1402 MHz,GeForce GTX 1080 Ti Zotac AMP! Extreme,"
10-Mar-2017 ",7680x4320,Yes
Nvidia,180 Watts,8192 MB ,256 Bit ,320.3GB/sec,1251 MHz,GeForce GTX 1080 Zotac Founders 8GB Edition,"
27-May-2016 ",7680x4320,Yes
Nvidia,250 Watts,8192 MB ,256 Bit ,345.6GB/sec,1350 MHz,GeForce GTX 1080 Zotac AMP Extreme 8GB Edition,"
27-Jun-2016 ",7680x4320,Yes
Nvidia,220 Watts,11264 MB ,88 Bit ,484.4GB/sec,1376 MHz,GeForce GTX 1080 Ti Zotac PGF Extreme OC,"
10-Mar-2017 ",7680x4320,Yes
Nvidia,289 Watts,1792 MB ,448 Bit ,223.8GB/sec,999 MHz,GeForce GTX 295 EVGA Red 1792MB Edition,"
08-Jan-2009 ",2560x1600,Yes
Nvidia,220 Watts,11264 MB ,176 Bit ,484.4GB/sec,1376 MHz,GeForce GTX 1080 Ti SLI,"
05-Mar-2017 ",7680x3200,Yes
Nvidia,220 Watts,11264 MB ,88 Bit ,484.4GB/sec,1376 MHz,GeForce GTX 1080 Ti Zotac AMP!,"
10-Mar-2017 ",7680x4320,Yes
Nvidia,220 Watts,11264 MB ,88 Bit ,484.4GB/sec,1376 MHz,GeForce GTX 1080 Ti PNY Founders Edition 11GB,"
05-Mar-2017 ",7680x4320,Yes
Nvidia,220 Watts,11264 MB ,88 Bit ,484.4GB/sec,1376 MHz,GeForce GTX 1080 Ti MSI Lightning X 11GB,"
05-Mar-2017 ",7680x4320,Yes
Nvidia,250 Watts,11264 MB ,88 Bit ,484.4GB/sec,1376 MHz,GeForce GTX 1080 Ti MSI Gaming 11GB,"
05-Mar-2017 ",7680x4320,Yes
Nvidia,220 Watts,11264 MB ,88 Bit ,489.3GB/sec,1390 MHz,GeForce GTX 1080 Ti MSI Sea Hawk X 11GB,"
05-Mar-2017 ",7680x4320,Yes
Nvidia,220 Watts,11264 MB ,88 Bit ,484.4GB/sec,1376 MHz,GeForce GTX 1080 Ti Palit Founders Edition 11GB,"
05-Mar-2017 ",7680x4320,Yes
Nvidia,220 Watts,11264 MB ,88 Bit ,484.4GB/sec,1376 MHz,GeForce GTX 1080 Ti MSI Gaming X 11GB,"
05-Mar-2017 ",7680x4320,Yes
Nvidia,220 Watts,11264 MB ,88 Bit ,484.4GB/sec,1376 MHz,GeForce GTX 1080 Ti MSI Founders Edition 11GB,"
05-Mar-2017 ",7680x4320,Yes
Nvidia,220 Watts,11264 MB ,88 Bit ,484.4GB/sec,1376 MHz,GeForce GTX 1080 Ti MSI Sea Hawk 11GB,"
05-Mar-2017 ",7680x4320,Yes
Nvidia,220 Watts,11264 MB ,88 Bit ,484.4GB/sec,1376 MHz,GeForce GTX 1080 Ti MSI Armor 11GB Edition,"
05-Mar-2017 ",7680x4320,Yes
Nvidia,250 Watts,11264 MB ,88 Bit ,484.4GB/sec,1376 MHz,GeForce GTX 1080 Ti MSI Armor OC 11GB,"
05-Mar-2017 ",7680x4320,Yes
Nvidia,220 Watts,11264 MB ,88 Bit ,484.4GB/sec,1376 MHz,GeForce GTX 1080 Ti Kuroutoshikou Founders Edition 11GB,"
05-Mar-2017 ",7680x4320,Yes
Nvidia,220 Watts,11264 MB ,352 Bit ,502GB/sec,1426 MHz,GeForce GTX 1080 Ti Inno3D iChiLL X3 Ultra 11GB,"
05-Mar-2017 ",7680x3200,Yes
Nvidia,220 Watts,11264 MB ,88 Bit ,484.4GB/sec,1376 MHz,GeForce GTX 1080 Ti Manli F369G 11GB,"
22-Mar-2017 ",7680x4320,Yes
Nvidia,220 Watts,11264 MB ,88 Bit ,502GB/sec,1426 MHz,GeForce GTX 1080 Ti Inno3D iChiLL X4 11GB,"
05-Mar-2017 ",7680x4320,Yes
Nvidia,220 Watts,11264 MB ,352 Bit ,502GB/sec,1426 MHz,GeForce GTX 1080 Ti Inno3D iChiLL X3 11GB,"
05-Mar-2017 ",7680x3200,Yes
Nvidia,220 Watts,11264 MB ,88 Bit ,484.4GB/sec,1376 MHz,GeForce GTX 1080 Ti KFA Founders Edition 11GB,"
05-Mar-2017 ",7680x4320,Yes
Nvidia,220 Watts,11264 MB ,88 Bit ,484.4GB/sec,1376 MHz,GeForce GTX 1080 Ti Inno3D Founders Edition 11GB,"
05-Mar-2017 ",7680x4320,Yes
Nvidia,220 Watts,11264 MB ,352 Bit ,484.4GB/sec,1376 MHz,GeForce GTX 1080 Ti Inno3D Gaming OC 11GB,"
05-Mar-2017 ",7680x4320,No
Nvidia,220 Watts,11264 MB ,88 Bit ,484.4GB/sec,1376 MHz,GeForce GTX 1080 Ti Inno3D iChiLL Black 11GB,"
05-Mar-2017 ",7680x4320,Yes
Nvidia,220 Watts,11264 MB ,88 Bit ,484.4GB/sec,1376 MHz,GeForce GTX 1080 Ti Gigabyte Founders Edition 11GB,"
05-Mar-2017 ",7680x4320,Yes
Nvidia,220 Watts,11264 MB ,88 Bit ,502GB/sec,1426 MHz,GeForce GTX 1080 Ti Inno3D iChiLL X4 Ultra 11GB,"
10-Mar-2017 ",7680x4320,Yes
Nvidia,250 Watts,11264 MB ,176 Bit ,484.4GB/sec,1376 MHz,GeForce GTX 1080 Ti MSI Aero 11GB,"
05-Mar-2017 ",7680x4320,Yes
Nvidia,250 Watts,11264 MB ,176 Bit ,484.4GB/sec,1376 MHz,GeForce GTX 1080 Ti MSI Aero OC 11GB,"
05-Mar-2017 ",7680x4320,Yes
Nvidia,220 Watts,11264 MB ,88 Bit ,494.2GB/sec,1404 MHz,GeForce GTX 1080 Ti Gigabyte AORUS Xtreme Edition 11GB,"
05-Mar-2017 ",7680x4320,Yes
Nvidia,220 Watts,11264 MB ,352 Bit ,484.4GB/sec,1376 MHz,GeForce GTX 1080 Ti Galax Hall of Fame Edition 11GB,"
05-Mar-2017 ",7680x4320,Yes
Nvidia,220 Watts,11264 MB ,88 Bit ,484.4GB/sec,1376 MHz,GeForce GTX 1080 Ti Gigabyte G1 Gaming 11GB,"
05-Mar-2017 ",7680x4320,Yes
Nvidia,220 Watts,11264 MB ,352 Bit ,484.4GB/sec,1376 MHz,GeForce GTX 1080 Ti Galax Founders Edition 11GB,"
05-Mar-2017 ",7680x4320,No
Nvidia,220 Watts,11264 MB ,88 Bit ,484.4GB/sec,1376 MHz,GeForce GTX 1080 Ti EVGA SC2 Gaming 11GB,"
05-Mar-2017 ",7680x4320,Yes
Nvidia,220 Watts,11264 MB ,88 Bit ,484.4GB/sec,1376 MHz,GeForce GTX 1080 Ti EVGA SC Black Edition Gaming 11GB,"
05-Mar-2017 ",7680x4320,Yes
Nvidia,220 Watts,11264 MB ,352 Bit ,484.4GB/sec,1376 MHz,GeForce GTX 1080 Ti Gainward Founders Edition 11GB,"
05-Mar-2017 ",7680x4320,No
Nvidia,220 Watts,11264 MB ,88 Bit ,484.4GB/sec,1376 MHz,GeForce GTX 1080 Ti Colorful Founders Edition 11GB,"
05-Mar-2017 ",7680x4320,Yes
Nvidia,220 Watts,11264 MB ,352 Bit ,484.4GB/sec,1376 MHz,GeForce GTX 1080 Ti EVGA Founders Edition 11GB,"
05-Mar-2017 ",7680x3200,No
Nvidia,220 Watts,11264 MB ,88 Bit ,484.4GB/sec,1376 MHz,GeForce GTX 1080 Ti ELSA Founders Edition 11GB,"
05-Mar-2017 ",7680x4320,Yes
Nvidia,220 Watts,11264 MB ,88 Bit ,484.4GB/sec,1376 MHz,GeForce GTX 1080 Ti EVGA FTW3 Gaming 11GB,"
05-Mar-2017 ",7680x4320,Yes
Nvidia,220 Watts,11264 MB ,352 Bit ,484.4GB/sec,1376 MHz,GeForce GTX 1080 Ti ASUS Turbo 11GB,"
10-Mar-2017 ",7680x4320,No
Nvidia,220 Watts,11264 MB ,352 Bit ,488.6GB/sec,1388 MHz,GeForce GTX 1080 Ti ASUS ROG STRIX OC 11GB,"
05-Mar-2017 ",7680x4320,Yes
Nvidia,220 Watts,11264 MB ,352 Bit ,488.6GB/sec,1388 MHz,GeForce GTX 1080 Ti ASUS ROG STRIX 11GB,"
05-Mar-2017 ",7680x3200,Yes
Nvidia,220 Watts,11264 MB ,352 Bit ,484.4GB/sec,1376 MHz,GeForce GTX 1080 Ti,"
05-Mar-2017 ",7680x4320,Yes
Nvidia,220 Watts,11264 MB ,352 Bit ,484.4GB/sec,1376 MHz,GeForce GTX 1080 Ti ASUS Founders Edition 11GB,"
05-Mar-2017 ",7680x3200,No
Nvidia,200 Watts,8192 MB ,256 Bit ,320.3GB/sec,1251 MHz,GeForce GTX 1080 Palit Super JetStream 8GB Edition,"
27-May-2016 ",7680x4320,Yes
Nvidia,180 Watts,8192 MB ,256 Bit ,320.3GB/sec,1251 MHz,GeForce GTX 1080 PNY Founders 8GB Edition,"
27-May-2016 ",7680x4320,Yes
Nvidia,180 Watts,8192 MB ,256 Bit ,320.3GB/sec,1251 MHz,GeForce GTX 1080 Palit Founders 8GB Edition,"
27-May-2016 ",7680x4320,Yes
Nvidia,360 Watts,16384 MB ,256 Bit ,640.5GB/sec,1251 MHz,GeForce GTX 1080 SLI,"
27-May-2016 ",7680x4320,Yes
Nvidia,180 Watts,8192 MB ,256 Bit ,320.3GB/sec,1251 MHz,GeForce GTX 1080 MSI Armor 8GB Edition,"
27-May-2016 ",7680x4320,Yes
Nvidia,180 Watts,8192 MB ,256 Bit ,320GB/sec,1250 MHz,GeForce GTX 1080 MSI Founders 8GB Edition,"
27-May-2016 ",7680x4320,Yes
Nvidia,180 Watts,8192 MB ,256 Bit ,323.3GB/sec,1263 MHz,GeForce GTX 1080 MSI Gaming X 8GB Edition,"
27-May-2016 ",7680x4320,Yes
Nvidia,180 Watts,8192 MB ,256 Bit ,320.3GB/sec,1251 MHz,GeForce GTX 1080 Palit JetStream 8GB Edition,"
27-May-2016 ",7680x4320,Yes
Nvidia,200 Watts,8192 MB ,256 Bit ,320.3GB/sec,1251 MHz,GeForce GTX 1080 Palit GameRock 8GB Edition,"
27-May-2016 ",7680x4320,Yes
Nvidia,180 Watts,8192 MB ,256 Bit ,320.3GB/sec,1251 MHz,GeForce GTX 1080 MSI Armor OC 8GB Edition,"
27-May-2016 ",7680x4320,Yes
Nvidia,220 Watts,11264 MB ,88 Bit ,484.4GB/sec,1376 MHz,GeForce GTX 1080 Ti Inno3D Twin X2 11GB,"
05-Mar-2017 ",7680x4320,Yes
Nvidia,180 Watts,8192 MB ,256 Bit ,323.3GB/sec,1263 MHz,GeForce GTX 1080 MSI Sea Hawk 8GB Edition,"
27-May-2016 ",7680x4320,Yes
Nvidia,180 Watts,8192 MB ,256 Bit ,320.3GB/sec,1251 MHz,GeForce GTX 1080 MSI Aero OC 8GB Edition,"
27-May-2016 ",7680x4320,Yes
Nvidia,180 Watts,8192 MB ,256 Bit ,320.3GB/sec,1251 MHz,GeForce GTX 1080 MSI Aero 8GB Edition,"
27-May-2016 ",7680x4320,Yes
Nvidia,180 Watts,8192 MB ,256 Bit ,320GB/sec,1250 MHz,GeForce GTX 1080 Gigabyte Founders 8GB Edition,"
27-May-2016 ",7680x4320,Yes
Nvidia,180 Watts,8192 MB ,256 Bit ,320.3GB/sec,1251 MHz,GeForce GTX 1080 Gigabyte G1 Gaming 8GB Edition,"
27-Jun-2016 ",7680x4320,Yes
Nvidia,215 Watts,8192 MB ,256 Bit ,320.3GB/sec,1251 MHz,GeForce GTX 1080 EVGA FTW ACX 3.0 8GB Edition,"
27-Jun-2016 ",7680x4320,Yes
Nvidia,180 Watts,8192 MB ,256 Bit ,320.3GB/sec,1251 MHz,GeForce GTX 1080 EVGA ACX 3.0 8GB Edition,"
27-May-2016 ",7680x4320,Yes
Nvidia,180 Watts,8192 MB ,256 Bit ,320.3GB/sec,1251 MHz,GeForce GTX 1080 Colorful iGame X-TOP 8GB,"
27-May-2016 ",7680x4320,Yes
Nvidia,180 Watts,8192 MB ,256 Bit ,320.3GB/sec,1251 MHz,GeForce GTX 1080 Inno3D Founders 8GB Edition,"
27-May-2016 ",7680x4320,Yes
Nvidia,220 Watts,11264 MB ,352 Bit ,484.4GB/sec,1376 MHz,GeForce GTX 1080 Ti Gainward Founders Edition 11GB (China),"
 05-Mar-2017 ",7680x4320,No
Nvidia,180 Watts,8192 MB ,256 Bit ,320.3GB/sec,1251 MHz,GeForce GTX 1080 EVGA 8GB Edition,"
27-May-2016 ",7680x4320,Yes
Nvidia,300 Watts,8192 MB ,256 Bit ,320.3GB/sec,1251 MHz,GeForce GTX 1080 Asus ROG Strix Gaming 8GB,"
27-Jul-2016 ",7680x4320,No
Nvidia,300 Watts,8192 MB ,256 Bit ,320.3GB/sec,1251 MHz,GeForce GTX 1080 Asus ROG Strix Gaming OC 8GB Edition,"
27-May-2016 ",7680x4320,Yes
Nvidia,180 Watts,8192 MB ,256 Bit ,320.3GB/sec,1251 MHz,GeForce GTX 1080 EVGA SuperClocked ACX 3.0 8GB Edition,"
27-May-2016 ",7680x4320,Yes
Nvidia,180 Watts,8192 MB ,256 Bit ,320.3GB/sec,1251 MHz,GeForce GTX 1080 EVGA Founders 8GB Edition,"
27-May-2016 ",7680x4320,Yes
Nvidia,180 Watts,8192 MB ,256 Bit ,320.3GB/sec,1251 MHz,GeForce GTX 1080 Asus Founders 8GB Edition,"
27-May-2016 ",7680x4320,Yes
Nvidia,150 Watts,8192 MB ,256 Bit ,272GB/sec,2125 MHz,GeForce GTX 1070 Palit JetStream,"
10-Jun-2016 ",7680x4320,No
Nvidia,220 Watts,8192 MB ,256 Bit ,256.3GB/sec,2002 MHz,GeForce GTX 1070 Zotac AMP!,"
10-Jun-2016 ",7680x4320,No
Nvidia,150 Watts,8192 MB ,128 Bit ,256.3GB/sec,2002 MHz,GeForce GTX 1070 SLI,"
10-Jun-2016 ",7680x4320,Yes
Nvidia,150 Watts,8192 MB ,256 Bit ,259.5GB/sec,2027 MHz,GeForce GTX 1070 MSI Sea Hawk X 8GB Edition,"
10-Jun-2016 ",7680x4320,Yes
Nvidia,150 Watts,8192 MB ,256 Bit ,272GB/sec,2125 MHz,GeForce GTX 1070 Palit GameRock Premium,"
10-Jun-2016 ",7680x4320,No
Nvidia,150 Watts,8192 MB ,256 Bit ,256.3GB/sec,2002 MHz,GeForce GTX 1070 MSI Quick Silver OC 8GB,"
10-Jun-2016 ",7680x4320,Yes
Nvidia,150 Watts,8192 MB ,256 Bit ,262.7GB/sec,2052 MHz,GeForce GTX 1070 Zotac AMP! Xtreme,"
10-Jun-2016 ",7680x4320,No
Nvidia,180 Watts,8192 MB ,256 Bit ,320.3GB/sec,1251 MHz,GeForce GTX 1080,"
27-May-2016 ",7680x4320,Yes
Nvidia,150 Watts,8192 MB ,256 Bit ,256.3GB/sec,2002 MHz,GeForce GTX 1070 MSI Gaming Z 8GB,"
10-Jun-2016 ",7680x4320,Yes
Nvidia,150 Watts,8192 MB ,256 Bit ,259.5GB/sec,2027 MHz,GeForce GTX 1070 MSI Gaming X 8GB Edition,"
10-Jun-2016 ",7680x4320,Yes
Nvidia,150 Watts,8192 MB ,256 Bit ,272.3GB/sec,2127 MHz,GeForce GTX 1070 Palit Super JetStream,"
10-Jun-2016 ",7680x4320,No
Nvidia,150 Watts,8192 MB ,256 Bit ,256.3GB/sec,2002 MHz,GeForce GTX 1070 MSI Armor OC 8GB Edition,"
10-Jun-2016 ",7680x4320,Yes
Nvidia,150 Watts,8192 MB ,256 Bit ,256.3GB/sec,2002 MHz,GeForce GTX 1070 MSI Armor 8GB Edition,"
10-Jun-2016 ",7680x4320,Yes
Nvidia,150 Watts,8192 MB ,256 Bit ,256.3GB/sec,2002 MHz,GeForce GTX 1070 Leadtek WinFast HURRICANE,"
10-Jun-2016 ",7680x4320,No
Nvidia,150 Watts,8192 MB ,256 Bit ,256.3GB/sec,2002 MHz,GeForce GTX 1070 Gigabyte Xtreme Gaming,"
10-Jun-2016 ",7680x4320,No
Nvidia,150 Watts,8192 MB ,256 Bit ,256.3GB/sec,2002 MHz,GeForce GTX 1070 Gigabyte Mini ITX OC 8GB,"
01-Jul-2016 ",7680x4320,No
Nvidia,150 Watts,8192 MB ,256 Bit ,256.3GB/sec,2002 MHz,GeForce GTX 1070 Gigabyte Windforce OC,"
10-Jun-2016 ",7680x4320,No
Nvidia,150 Watts,8192 MB ,256 Bit ,256.3GB/sec,2002 MHz,GeForce GTX 1070 MSI Aero OC 8GB Edition,"
10-Jun-2016 ",7680x4320,Yes
Nvidia,150 Watts,8192 MB ,256 Bit ,256.3GB/sec,2002 MHz,GeForce GTX 1070 MSI Aero 8GB Edition,"
10-Jun-2016 ",7680x4320,Yes
Nvidia,150 Watts,8192 MB ,256 Bit ,256.3GB/sec,2002 MHz,GeForce GTX 1070 Gigabyte Founders 8GB Edition,"
10-Jun-2016 ",7680x4320,Yes
Nvidia,150 Watts,8192 MB ,256 Bit ,256.3GB/sec,2002 MHz,GeForce GTX 1070 Galax HOF Limited Edition 8GB,"
10-Jun-2016 ",7680x4320,Yes
Nvidia,150 Watts,8192 MB ,256 Bit ,256.3GB/sec,2002 MHz,GeForce GTX 1070 Galax EXOC 8GB,"
10-Jun-2016 ",7680x4320,Yes
Nvidia,150 Watts,8192 MB ,256 Bit ,256.3GB/sec,2002 MHz,GeForce GTX 1070 Galax Founders 8GB,"
10-Jun-2016 ",7680x4320,Yes
Nvidia,150 Watts,8192 MB ,256 Bit ,256.3GB/sec,2002 MHz,GeForce GTX 1070 Galax EX 8GB,"
10-Jun-2016 ",7680x4320,Yes
Nvidia,150 Watts,8192 MB ,256 Bit ,272.3GB/sec,2127 MHz,GeForce GTX 1070 Gainward Phoenix GLH,"
10-Jun-2016 ",7680x4320,No
Nvidia,180 Watts,8192 MB ,256 Bit ,256.3GB/sec,2002 MHz,GeForce GTX 1070 EVGA SC GAMING ACX 3.0 8GB Edition,"
10-Jun-2016 ",7680x4320,Yes
Nvidia,150 Watts,8192 MB ,256 Bit ,256.3GB/sec,2002 MHz,GeForce GTX 1070 EVGA Founders 8GB Edition,"
10-Jun-2016 ",7680x4320,Yes
Nvidia,150 Watts,8192 MB ,256 Bit ,256.3GB/sec,2002 MHz,GeForce GTX 1070 EVGA ACX 3.0 8GB Edition,"
10-Jun-2016 ",7680x4320,Yes
Nvidia,150 Watts,8192 MB ,256 Bit ,256.3GB/sec,2002 MHz,GeForce GTX 1070 Gainward,"
10-Jun-2016 ",7680x4320,No
Nvidia,150 Watts,8192 MB ,256 Bit ,256.3GB/sec,2002 MHz,GeForce GTX 1070 Colorful iGame X-TOP 8GB,"
10-Jun-2016 ",7680x4320,No
Nvidia,150 Watts,8192 MB ,256 Bit ,256.3GB/sec,2002 MHz,GeForce GTX 1070 Asus ROG Strix Gaming OC 8GB Edition,"
10-Jun-2016 ",7680x4320,Yes
Nvidia,150 Watts,8192 MB ,256 Bit ,256.3GB/sec,2002 MHz,GeForce GTX 1070 MSI Founders 8GB Edition,"
10-Jun-2016 ",7680x4320,Yes
Nvidia,150 Watts,8192 MB ,256 Bit ,256.3GB/sec,2002 MHz,GeForce GTX 1070 Gigabyte G1 Gaming 8GB Edition,"
10-Jun-2016 ",7680x4320,Yes
Nvidia,150 Watts,8192 MB ,256 Bit ,256.3GB/sec,2002 MHz,GeForce GTX 1070 Asus Turbo,"
10-Jun-2016 ",7680x4320,No
Nvidia,150 Watts,8192 MB ,256 Bit ,256.3GB/sec,2002 MHz,GeForce GTX 1070 Asus ROG Strix Gaming 8GB,"
10-Jun-2016 ",7680x4320,No
Nvidia,150 Watts,8192 MB ,128 Bit ,256.3GB/sec,2002 MHz,GeForce GTX 1070 Asus Founders SLI,"
10-Jun-2016 ",7680x4320,Yes
Nvidia,150 Watts,8192 MB ,256 Bit ,256.3GB/sec,2002 MHz,GeForce GTX 1070 Asus Founders,"
10-Jun-2016 ",7680x4320,Yes
Nvidia,150 Watts,8192 MB ,256 Bit ,256.3GB/sec,2002 MHz,GeForce GTX 1070 Asus Dual,"
13-Jul-2016 ",7680x4320,No
Nvidia,120 Watts,6144 MB ,192 Bit ,192.2GB/sec,2002 MHz,GeForce GTX 1060 Palit Super Jetstream 6GB,"
19-Jul-2016 ",7680x4320,No
Nvidia,120 Watts,6144 MB ,192 Bit ,192.2GB/sec,2002 MHz,GeForce GTX 1060 Zotac Mini 6GB,"
19-Jul-2016 ",7680x4320,No
Nvidia,120 Watts,6144 MB ,192 Bit ,192.2GB/sec,2002 MHz,GeForce GTX 1060 Palit Jetstream 6GB,"
19-Jul-2016 ",7680x4320,No
Nvidia,120 Watts,3072 MB ,192 Bit ,192.2GB/sec,2002 MHz,GeForce GTX 1060 MSI OC 3GB,"
18-Aug-2016 ",7680x4320,No
Nvidia,120 Watts,6144 MB ,192 Bit ,192.2GB/sec,2002 MHz,GeForce GTX 1060 Zotac AMP 6GB Edition,"
19-Jul-2016 ",7680x4320,No
Nvidia,120 Watts,3072 MB ,192 Bit ,192.2GB/sec,2002 MHz,GeForce GTX 1060 MSI OCV1 3G,"
29-Aug-2016 ",7680x4320,No
Nvidia,150 Watts,8192 MB ,256 Bit ,256.3GB/sec,2002 MHz,GeForce GTX 1070,"
10-Jun-2016 ",7680x4320,Yes
Nvidia,120 Watts,3072 MB ,192 Bit ,192.2GB/sec,2002 MHz,GeForce GTX 1060 MSI Gaming X 3GB,"
18-Aug-2016 ",7680x4320,No
Nvidia,120 Watts,6144 MB ,192 Bit ,192.2GB/sec,2002 MHz,GeForce GTX 1060 MSI Gaming X 6G Edition,"
19-Jul-2016 ",7680x4320,No
Nvidia,120 Watts,6144 MB ,192 Bit ,192.2GB/sec,2002 MHz,GeForce GTX 1060 MSI Gaming 6GB,"
19-Jul-2016 ",7680x4320,No
Nvidia,120 Watts,3072 MB ,192 Bit ,192.2GB/sec,2002 MHz,GeForce GTX 1060 MSI Armor V1 3G,"
18-Aug-2016 ",7680x4320,No
Nvidia,120 Watts,3072 MB ,192 Bit ,192.2GB/sec,2002 MHz,GeForce GTX 1060 MSI Gaming 3GB,"
18-Aug-2016 ",7680x4320,No
Nvidia,120 Watts,3072 MB ,192 Bit ,192.2GB/sec,2002 MHz,GeForce GTX 1060 Zotac Mini 3GB,"
18-Aug-2016 ",7680x4320,No
Nvidia,120 Watts,6144 MB ,192 Bit ,194.6GB/sec,2027 MHz,GeForce GTX 1060 MSI Armor 6G OC,"
19-Jul-2016 ",7680x4320,No
Nvidia,120 Watts,,192 Bit ,192.2GB/sec,2002 MHz,GeForce GTX 1060 KFA2 OC 6GB,"
19-Jul-2016 ",7680x4320,No
Nvidia,120 Watts,6144 MB ,192 Bit ,194.6GB/sec,2027 MHz,GeForce GTX 1060 MSI 6GT OC,"
19-Jul-2016 ",7680x4320,No
Nvidia,120 Watts,3072 MB ,192 Bit ,192.2GB/sec,2002 MHz,GeForce GTX 1060 MSI Armor OCV1 3G,"
18-Aug-2016 ",7680x4320,No
Nvidia,120 Watts,3072 MB ,192 Bit ,197GB/sec,2052 MHz,GeForce GTX 1060 Inno3D iChill X3 3GB,"
18-Aug-2016 ",7680x4320,No
Nvidia,120 Watts,6144 MB ,192 Bit ,192.2GB/sec,2002 MHz,GeForce GTX 1060 KFA2 EX OC White 6GB,"
19-Jul-2016 ",7680x4320,No
Nvidia,150 Watts,8192 MB ,256 Bit ,272.3GB/sec,2127 MHz,GeForce GTX 1070 Gainward Phoenix GS,"
10-Jun-2016 ",7680x4320,No
Nvidia,120 Watts,6144 MB ,192 Bit ,197GB/sec,2052 MHz,GeForce GTX 1060 Inno3D iChill X3,"
19-Jul-2016 ",7680x4320,No
Nvidia,130 Watts,6144 MB ,192 Bit ,192.2GB/sec,2002 MHz,GeForce GTX 1060 Inno3D Gaming OC 6GB,"
19-Jul-2016 ",7680x4320,No
Nvidia,120 Watts,6144 MB ,192 Bit ,192.2GB/sec,2002 MHz,GeForce GTX 1060 Gigabyte Xtreme Gaming 6GB,"
19-Jul-2016 ",7680x4320,No
Nvidia,120 Watts,6144 MB ,192 Bit ,192.2GB/sec,2002 MHz,GeForce GTX 1060 KFA2 EX OC Black 6GB,"
19-Jul-2016 ",7680x4320,No
Nvidia,120 Watts,6144 MB ,192 Bit ,192.2GB/sec,2002 MHz,GeForce GTX 1060 Inno3D Compact 6GB,"
19-Jul-2016 ",7680x4320,No
Nvidia,120 Watts,3072 MB ,192 Bit ,192.2GB/sec,2002 MHz,GeForce GTX 1060 Gigabyte Mini ITX OC 3GB,"
18-Aug-2016 ",7680x4320,No
Nvidia,120 Watts,6144 MB ,192 Bit ,192.2GB/sec,2002 MHz,GeForce GTX 1060 Gigabyte Mini ITX OC 6GB,"
19-Jul-2016 ",7680x4320,No
Nvidia,120 Watts,3072 MB ,192 Bit ,192.2GB/sec,2002 MHz,GeForce GTX 1060 Inno3D Compact 3GB,"
18-Aug-2016 ",7680x4320,No
Nvidia,120 Watts,6144 MB ,192 Bit ,192.2GB/sec,2002 MHz,GeForce GTX 1060 Gigabyte Windforce 2X OC 6GB,"
19-Jul-2016 ",7680x4320,No
Nvidia,120 Watts,6144 MB ,192 Bit ,192.2GB/sec,2002 MHz,GeForce GTX 1060 Gigabyte GTX G1 Gaming 6GB,"
19-Jul-2016 ",7680x4320,No
Nvidia,120 Watts,3072 MB ,192 Bit ,192.2GB/sec,2002 MHz,GeForce GTX 1060 Gigabyte Windforce 2X OC 3GB,"
18-Aug-2016 ",7680x4320,No
Nvidia,120 Watts,3072 MB ,192 Bit ,192.2GB/sec,2002 MHz,GeForce GTX 1060 Galax EX OC White 3GB,"
18-Aug-2016 ",7680x4320,No
Nvidia,120 Watts,3072 MB ,192 Bit ,192.2GB/sec,2002 MHz,GeForce GTX 1060 Gigabyte G1 Gaming 3GB,"
18-Aug-2016 ",7680x4320,No
Nvidia,120 Watts,3072 MB ,192 Bit ,192.2GB/sec,2002 MHz,GeForce GTX 1060 Galax OC 3GB,"
18-Aug-2016 ",7680x4320,No
Nvidia,120 Watts,3072 MB ,192 Bit ,192.2GB/sec,2002 MHz,GeForce GTX 1060 Galax Gamer OC 3GB,"
18-Aug-2016 ",7680x4320,No
Nvidia,120 Watts,6144 MB ,192 Bit ,192.2GB/sec,2002 MHz,GeForce GTX 1060 Gainward Phoenix GS 6GB,"
19-Jul-2016 ",7680x4320,No
Nvidia,120 Watts,3072 MB ,192 Bit ,192.2GB/sec,2002 MHz,GeForce GTX 1060 Galax EX OC Black 3GB,"
18-Aug-2016 ",7680x4320,No
Nvidia,120 Watts,3072 MB ,192 Bit ,192.2GB/sec,2002 MHz,GeForce GTX 1060 EVGA SC ACX 2.0 3GB,"
18-Aug-2016 ",7680x4320,No
Nvidia,120 Watts,6144 MB ,192 Bit ,192.2GB/sec,2002 MHz,GeForce GTX 1060 EVGA SSC GAMING ACX 3.0 6GB,"
30-Aug-2016 ",7680x4320,No
Nvidia,120 Watts,6144 MB ,192 Bit ,192.2GB/sec,2002 MHz,GeForce GTX 1060 EVGA SC GAMING 6GB,"
19-Jul-2016 ",7680x4320,No
Nvidia,120 Watts,3072 MB ,192 Bit ,192.2GB/sec,2002 MHz,GeForce GTX 1060 EVGA FTW+ ACX 3.0 3GB,"
18-Aug-2016 ",7680x4320,No
Nvidia,120 Watts,6144 MB ,192 Bit ,192.2GB/sec,2002 MHz,GeForce GTX 1060 EVGA ACX 2.0 6GB,"
19-Jul-2016 ",7680x4320,No
Nvidia,120 Watts,6144 MB ,192 Bit ,192.2GB/sec,2002 MHz,GeForce GTX 1060 EVGA GAMING,"
19-Jul-2016 ",7680x4320,No
Nvidia,120 Watts,6144 MB ,192 Bit ,194.6GB/sec,2027 MHz,GeForce GTX 1060 Asus ROG Strix Gaming OC 6GB Edition,"
19-Jul-2016 ",7680x4320,No
Nvidia,140 Watts,6144 MB ,192 Bit ,192.2GB/sec,2002 MHz,GeForce GTX 1060 EVGA FTW GAMING ACX 3.0,"
30-Aug-2016 ",7680x4320,No
Nvidia,120 Watts,6144 MB ,192 Bit ,192.2GB/sec,2002 MHz,GeForce GTX 1060 Asus Dual OC 6GB,"
19-Jul-2016 ",7680x4320,No
Nvidia,120 Watts,3072 MB ,192 Bit ,192.2GB/sec,2002 MHz,GeForce GTX 1060 EVGA ACX 2.0 3GB,"
18-Aug-2016 ",7680x4320,No
Nvidia,120 Watts,6144 MB ,192 Bit ,192.2GB/sec,2002 MHz,GeForce GTX 1060 Asus Turbo 6GB,"
19-Jul-2016 ",7680x4320,No
Nvidia,120 Watts,6144 MB ,192 Bit ,192.2GB/sec,2002 MHz,GeForce GTX 1060,"
19-Jul-2016 ",7680x4320,No
Nvidia,120 Watts,3072 MB ,192 Bit ,192.2GB/sec,2002 MHz,GeForce GTX 1060 Asus Dual 3GB,"
18-Aug-2016 ",7680x4320,No
Nvidia,120 Watts,6144 MB ,192 Bit ,192.2GB/sec,2002 MHz,GeForce GTX 1060 Asus Dual 6GB,"
19-Jul-2016 ",7680x4320,No
Nvidia,120 Watts,3072 MB ,192 Bit ,192.2GB/sec,2002 MHz,GeForce GTX 1060 Asus Dual OC 3GB,"
18-Aug-2016 ",7680x4320,No
Nvidia,120 Watts,3072 MB ,192 Bit ,192.2GB/sec,2002 MHz,GeForce GTX 1060 3GB,"
18-Aug-2016 ",7680x4320,No
Nvidia,75 Watts,2048 MB ,128 Bit ,112.1GB/sec,1752 MHz,GeForce GTX 1050 Zotac Mini 2GB,"
01-Nov-2016 ",7680x4320,No
Nvidia,75 Watts,4096 MB ,128 Bit ,112.1GB/sec,1752 MHz,GeForce GTX 1050 Ti Zotac OC Edition 4GB,"
18-Oct-2016 ",7680x4320,No
Nvidia,75 Watts,4096 MB ,128 Bit ,112.1GB/sec,1752 MHz,GeForce GTX 1050 Ti Zotac Mini 4GB,"
18-Oct-2016 ",7680x4320,No
Nvidia,75 Watts,4096 MB ,128 Bit ,112.1GB/sec,1752 MHz,GeForce GTX 1050 Ti PNY XLR8 Gaming Overclocked Edition 4GB,"
20-Oct-2016 ",7680x4320,No
Nvidia,75 Watts,4096 MB ,128 Bit ,112.1GB/sec,1752 MHz,GeForce GTX 1050 Ti MSI OC T 4GB,"
18-Oct-2016 ",7680x4320,No
Nvidia,75 Watts,4096 MB ,128 Bit ,112.1GB/sec,1752 MHz,GeForce GTX 1050 Ti Palit StormX 4GB,"
18-Oct-2016 ",7680x4320,No
Nvidia,75 Watts,4096 MB ,128 Bit ,112.1GB/sec,1752 MHz,GeForce GTX 1050 Ti MSI Gaming 4GB,"
18-Oct-2016 ",7680x4320,No
Nvidia,75 Watts,4096 MB ,128 Bit ,112.1GB/sec,1752 MHz,GeForce GTX 1050 Ti KFA2 OC 4GB,"
Unknown Release Date ",7680x4320,No
Nvidia,75 Watts,4096 MB ,128 Bit ,112.1GB/sec,1752 MHz,GeForce GTX 1050 Ti PNY 4GB,"
20-Oct-2016 ",7680x4320,No
Nvidia,75 Watts,4096 MB ,128 Bit ,112.1GB/sec,1752 MHz,GeForce GTX 1050 Ti MSI 4GB,"
18-Oct-2016 ",7680x4320,No
Nvidia,75 Watts,4096 MB ,128 Bit ,112.1GB/sec,1752 MHz,GeForce GTX 1050 Ti Inno3D Twin X2 4GB,"
Unknown Release Date ",7680x4320,No
Nvidia,75 Watts,4096 MB ,128 Bit ,112.1GB/sec,1752 MHz,GeForce GTX 1050 Ti MSI Gaming X 4GB,"
18-Oct-2016 ",7680x4320,No
Nvidia,75 Watts,4096 MB ,128 Bit ,112.1GB/sec,1752 MHz,GeForce GTX 1050 Ti Gigabyte Windforce OC 4GB,"
Unknown Release Date ",7680x4320,No
Nvidia,75 Watts,4096 MB ,128 Bit ,112.1GB/sec,1752 MHz,GeForce GTX 1050 Ti Inno3D 4GB,"
18-Oct-2016 ",7680x4320,No
Nvidia,75 Watts,4096 MB ,128 Bit ,112.1GB/sec,1752 MHz,GeForce GTX 1050 Ti Galax EXOC 4GB,"
18-Oct-2016 ",7680x4320,No
Nvidia,75 Watts,4096 MB ,128 Bit ,112.1GB/sec,1752 MHz,GeForce GTX 1050 Ti Gigabyte OC 4GB,"
Unknown Release Date ",7680x4320,No
Nvidia,75 Watts,4096 MB ,128 Bit ,112.1GB/sec,1752 MHz,GeForce GTX 1050 Ti Gigabyte D5 4GB,"
18-Oct-2016 ",7680x4320,No
Nvidia,75 Watts,4096 MB ,128 Bit ,112.1GB/sec,1752 MHz,GeForce GTX 1050 Ti Gigabyte G1 Gaming 4GB,"
18-Oct-2016 ",7680x4320,No
Nvidia,75 Watts,4096 MB ,128 Bit ,112.1GB/sec,1752 MHz,GeForce GTX 1050 Ti Gainward 4GB,"
Unknown Release Date ",7680x4320,No
Nvidia,75 Watts,4096 MB ,128 Bit ,112.1GB/sec,1752 MHz,GeForce GTX 1050 Ti Colorful iGame U-4G 4GB,"
25-Oct-2016 ",7680x4320,No
Nvidia,75 Watts,4096 MB ,128 Bit ,112.1GB/sec,1752 MHz,GeForce GTX 1050 Ti EVGA Gaming 4GB,"
Unknown Release Date ",7680x4320,No
Nvidia,75 Watts,4096 MB ,128 Bit ,112.1GB/sec,1752 MHz,GeForce GTX 1050 Ti MSI OC 4GB,"
18-Oct-2016 ",7680x4320,No
Nvidia,75 Watts,4096 MB ,128 Bit ,112.1GB/sec,1752 MHz,GeForce GTX 1050 Ti Galax OC 4GB,"
Unknown Release Date ",7680x4320,No
Nvidia,75 Watts,4096 MB ,128 Bit ,112.1GB/sec,1752 MHz,GeForce GTX 1050 Ti EVGA SSC Gaming ACX 3.0 4GB,"
Unknown Release Date ",7680x4320,No
Nvidia,75 Watts,4096 MB ,128 Bit ,112.1GB/sec,1752 MHz,GeForce GTX 1050 Ti EVGA FTW DT GAMING ACX 3.0 4GB,"
18-Oct-2016 ",7680x4320,No
Nvidia,75 Watts,4096 MB ,128 Bit ,112.1GB/sec,1752 MHz,GeForce GTX 1050 Ti EVGA FTW Gaming ACX 3.0 4GB,"
Unknown Release Date ",7680x4320,No
Nvidia,75 Watts,4096 MB ,128 Bit ,112.1GB/sec,1752 MHz,GeForce GTX 1050 Ti Asus ROG Strix Gaming OC 4GB,"
25-Oct-2016 ",7680x4320,No
Nvidia,75 Watts,4096 MB ,128 Bit ,112.1GB/sec,1752 MHz,GeForce GTX 1050 Ti Colorful iGame S-4G 4GB,"
25-Oct-2016 ",7680x4320,No
Nvidia,75 Watts,4096 MB ,128 Bit ,112.1GB/sec,1752 MHz,GeForce GTX 1050 Ti EVGA SC Gaming 4GB,"
Unknown Release Date ",7680x4320,No
Nvidia,75 Watts,4096 MB ,128 Bit ,112.1GB/sec,1752 MHz,GeForce GTX 1050 Ti Asus Expedition 4GB,"
Unknown Release Date ",7680x4320,No
Nvidia,75 Watts,2048 MB ,128 Bit ,112.1GB/sec,1752 MHz,GeForce GTX 1050 Palit StormX 2GB,"
Unknown Release Date ",7680x4320,No
Nvidia,75 Watts,4096 MB ,128 Bit ,112.1GB/sec,1752 MHz,GeForce GTX 1050 Ti Asus Dual 4GB,"
Unknown Release Date ",7680x4320,No
Nvidia,75 Watts,4096 MB ,128 Bit ,112.1GB/sec,1752 MHz,GeForce GTX 1050 Ti 4GB,"
18-Oct-2016 ",7680x4320,No
Nvidia,75 Watts,4096 MB ,128 Bit ,112.1GB/sec,1752 MHz,GeForce GTX 1050 Ti Asus Pheonix 4GB,"
25-Oct-2016 ",7680x4320,No
Nvidia,75 Watts,2048 MB ,128 Bit ,112.1GB/sec,1752 MHz,GeForce GTX 1050 PNY 2GB,"
20-Oct-2016 ",7680x4320,No
Nvidia,75 Watts,2048 MB ,128 Bit ,112.1GB/sec,1752 MHz,GeForce GTX 1050 MSI OC T 2GB,"
01-Nov-2016 ",7680x4320,No
Nvidia,75 Watts,2048 MB ,128 Bit ,112.1GB/sec,1752 MHz,GeForce GTX 1050 MSI Gaming 2GB,"
01-Nov-2016 ",7680x4320,No
Nvidia,75 Watts,2048 MB ,128 Bit ,112.1GB/sec,1752 MHz,GeForce GTX 1050 MSI OC 2GB,"
01-Nov-2016 ",7680x4320,No
Nvidia,75 Watts,2048 MB ,128 Bit ,112.1GB/sec,1752 MHz,GeForce GTX 1050 MSI Gaming X 2GB,"
01-Nov-2016 ",7680x4320,No
Nvidia,75 Watts,2048 MB ,128 Bit ,112.1GB/sec,1752 MHz,GeForce GTX 1050 KFA2 OC 2GB,"
Unknown Release Date ",7680x4320,No
Nvidia,75 Watts,2048 MB ,128 Bit ,112.1GB/sec,1752 MHz,GeForce GTX 1050 MSI 2GB,"
01-Nov-2016 ",7680x4320,No
Nvidia,75 Watts,2048 MB ,128 Bit ,112.1GB/sec,1752 MHz,GeForce GTX 1050 Inno3D Twin X2 2GB,"
Unknown Release Date ",7680x4320,No
Nvidia,75 Watts,2048 MB ,128 Bit ,112.1GB/sec,1752 MHz,GeForce GTX 1050 Gigabyte OC 2GB,"
01-Nov-2016 ",7680x4320,No
Nvidia,75 Watts,2048 MB ,128 Bit ,112.1GB/sec,1752 MHz,GeForce GTX 1050 Gigabyte D5 2GB,"
01-Nov-2016 ",7680x4320,No
Nvidia,75 Watts,2048 MB ,128 Bit ,112.1GB/sec,1752 MHz,GeForce GTX 1050 Galax OC 2GB,"
01-Nov-2016 ",7680x4320,No
Nvidia,75 Watts,2048 MB ,128 Bit ,112.1GB/sec,1752 MHz,GeForce GTX 1050 Inno3D 2GB,"
Unknown Release Date ",7680x4320,No
Nvidia,75 Watts,2048 MB ,128 Bit ,112.1GB/sec,1752 MHz,GeForce GTX 1050 Gigabyte Windforce OC 2GB,"
Unknown Release Date ",7680x4320,No
Nvidia,75 Watts,2048 MB ,128 Bit ,112.1GB/sec,1752 MHz,GeForce GTX 1050 Gigabyte G1 Gaming 2GB,"
Unknown Release Date ",7680x4320,No
Nvidia,75 Watts,2048 MB ,128 Bit ,112.1GB/sec,1752 MHz,GeForce GTX 1050 Galax EXOC 2GB,"
01-Nov-2016 ",7680x4320,No
Nvidia,75 Watts,2048 MB ,128 Bit ,112.1GB/sec,1752 MHz,GeForce GTX 1050 FTW DT Gaming ACX 3.0 2GB,"
Unknown Release Date ",7680x4320,No
Nvidia,75 Watts,2048 MB ,128 Bit ,112.1GB/sec,1752 MHz,GeForce GTX 1050 Gainward 2GB,"
Unknown Release Date ",7680x4320,No
Nvidia,75 Watts,2048 MB ,128 Bit ,112.1GB/sec,1752 MHz,GeForce GTX 1050 EVGA SSC Gaming ACX 3.0 2GB,"
Unknown Release Date ",7680x4320,No
Nvidia,75 Watts,2048 MB ,128 Bit ,112.1GB/sec,1752 MHz,GeForce GTX 1050 EVGA Gaming 2GB,"
Unknown Release Date ",7680x4320,No
Nvidia,75 Watts,2048 MB ,128 Bit ,112.1GB/sec,1752 MHz,GeForce GTX 1050 Colorful iGame U-2G 2GB,"
25-Oct-2016 ",7680x4320,No
Nvidia,75 Watts,2048 MB ,128 Bit ,112.1GB/sec,1752 MHz,GeForce GTX 1050 EVGA SC Gaming 2GB,"
Unknown Release Date ",7680x4320,No
Nvidia,,2048 MB ,256 Bit ,192.3GB/sec,1502 MHz,GeForce GTX 680 KFA2 LTD OC 2GB Edition,"
01-Aug-2012 ",4096x2160,Yes
Nvidia,75 Watts,2048 MB ,128 Bit ,112.1GB/sec,1752 MHz,GeForce GTX 1050,"
01-Nov-2016 ",7680x4320,Yes
Nvidia,30 Watts,2048 MB ,64 Bit ,32GB/sec,1000 MHz,GeForce GT 1030,"
17-May-2017 ",3840x2160,No
Nvidia,75 Watts,2048 MB ,128 Bit ,112.1GB/sec,1752 MHz,GeForce GTX 1050 EVGA FTW Gaming ACX 3.0 2GB,"
Unknown Release Date ",7680x4320,No
Nvidia,,2048 MB ,256 Bit ,192.3GB/sec,1502 MHz,GeForce GTX 680 Lightning Edition,"
01-Jun-2012 ",4096x2160,Yes
Nvidia,,2048 MB ,256 Bit ,192.3GB/sec,1502 MHz,GeForce GTX 680 Gigabyte OC Edition,"
01-Apr-2012 ",4096x2160,Yes
Nvidia,195 Watts,2048 MB ,256 Bit ,192.3GB/sec,1502 MHz,GeForce GTX 680 KFA2 2GB Edition,"
01-Mar-2012 ",4096x2160,Yes
Nvidia,195 Watts,4096 MB ,256 Bit ,192.3GB/sec,1502 MHz,GeForce GTX 680 Inno3D HerculeZ 2000 4GB Edition,"
07-Nov-2012 ",4096x2160,Yes
Nvidia,,2048 MB ,256 Bit ,198.4GB/sec,1550 MHz,GeForce GTX 680 Gigabyte SO 2GB Edition,"
01-Aug-2012 ",4096x2160,Yes
Nvidia,195 Watts,2048 MB ,256 Bit ,201.6GB/sec,1575 MHz,GeForce GTX 680 Hydro Copper Edition ,"
01-Mar-2012 ",4096x2160,Yes
Nvidia,195 Watts,4096 MB ,256 Bit ,192.3GB/sec,1502 MHz,GeForce GTX 680 Galaxy Edition,"
01-May-2012 ",4096x2160,Yes
Nvidia,195 Watts,2048 MB ,256 Bit ,192.3GB/sec,1502 MHz,GeForce GTX 680 Galaxy 2GB SOC Edition,"
01-Oct-2012 ",4096x2160,Yes
Nvidia,195 Watts,2048 MB ,256 Bit ,192.3GB/sec,1502 MHz,GeForce GTX 680 Galaxy 2GB OC Edition,"
01-Feb-2012 ",4096x2160,Yes
Nvidia,195 Watts,4096 MB ,256 Bit ,192.3GB/sec,1502 MHz,GeForce GTX 680 FTW 4GB Edition ,"
01-May-2012 ",4096x2160,Yes
Nvidia,195 Watts,4096 MB ,256 Bit ,192.3GB/sec,1502 MHz,GeForce GTX 680 Gainward 2GB Edition,"
22-May-2012 ",4096x2160,Yes
Nvidia,,4096 MB ,256 Bit ,192.3GB/sec,1502 MHz,GeForce GTX 680 Gigabyte OC 4GB Edition,"
01-Apr-2012 ",4096x2160,Yes
Nvidia,195 Watts,2048 MB ,256 Bit ,198.7GB/sec,1552 MHz,GeForce GTX 680 EVGA SC Signature 2 Edition,"
01-Dec-2012 ",4096x2160,Yes
Nvidia,,2048 MB ,256 Bit ,192.3GB/sec,1502 MHz,GeForce GTX 680 EXO 2GB Edition,"
01-Sep-2012 ",4096x2160,Yes
Nvidia,195 Watts,2048 MB ,256 Bit ,198.7GB/sec,1552 MHz,GeForce GTX 680 EVGA SC Edition,"
22-Mar-2012 ",4096x2160,Yes
Nvidia,195 Watts,2048 MB ,256 Bit ,192.3GB/sec,1502 MHz,GeForce GTX 680 EVGA SC Signature+ Edition,"
01-May-2012 ",4096x2160,Yes
Nvidia,195 Watts,2048 MB ,256 Bit ,198.7GB/sec,1552 MHz,GeForce GTX 680 EVGA SC Signature Edition,"
01-May-2012 ",4096x2160,Yes
Nvidia,,4096 MB ,256 Bit ,192.3GB/sec,1502 MHz,GeForce GTX 680 EVGA Classified Edition,"
01-Feb-2012 ",4096x2160,Yes
Nvidia,,4096 MB ,256 Bit ,192.3GB/sec,1502 MHz,GeForce GTX 680 EX OC 4GB Edition,"
01-Aug-2012 ",4096x2160,Yes
Nvidia,225 Watts,4096 MB ,256 Bit ,192.3GB/sec,1502 MHz,GeForce GTX 680 Asus DirectCU II 4GB Edition,"
07-Nov-2012 ",4096x2160,Yes
Nvidia,195 Watts,2048 MB ,256 Bit ,192.3GB/sec,1502 MHz,GeForce GTX 680,"
22-Mar-2012 ",4096x2160,Yes
Nvidia,,4096 MB ,256 Bit ,192.3GB/sec,1502 MHz,GeForce GTX 670 Zotac 4GB OC Edition,"
01-Feb-2012 ",4096x2160,Yes
Nvidia,,2048 MB ,256 Bit ,192.3GB/sec,1502 MHz,GeForce GTX 680 Direct CU II TOP,"
01-May-2012 ",4096x2160,Yes
Nvidia,,2048 MB ,256 Bit ,211.5GB/sec,1652 MHz,GeForce GTX 670 Zotac AMP Edition,"
01-May-2012 ",4096x2160,Yes
Nvidia,,2048 MB ,256 Bit ,192.3GB/sec,1502 MHz,GeForce GTX 680 Asus OC 2GB Edition,"
01-May-2012 ",4096x2160,Yes
Nvidia,340 Watts,4096 MB ,256 Bit ,384.5GB/sec,1502 MHz,GeForce GTX 670 SLI,"
01-May-2012 ",4096x2160,Yes
Nvidia,170 Watts,2048 MB ,256 Bit ,192.3GB/sec,1502 MHz,GeForce GTX 670 Palit 2GB Edition,"
10-May-2012 ",4096x2160,Yes
Nvidia,,2048 MB ,256 Bit ,192.3GB/sec,1502 MHz,GeForce GTX 670 SC 2GB Edition,"
01-May-2012 ",4096x2160,Yes
Nvidia,170 Watts,2048 MB ,256 Bit ,192.3GB/sec,1502 MHz,GeForce GTX 670 PNY 2GB Edition,"
01-May-2012 ",4096x2160,Yes
Nvidia,185 Watts,2048 MB ,256 Bit ,195.5GB/sec,1527 MHz,GeForce GTX 670 Jetstream 2GB Edition,"
01-May-2012 ",4096x2160,Yes
Nvidia,180 Watts,4096 MB ,256 Bit ,192.3GB/sec,1502 MHz,GeForce GTX 670 Gigabyte 3xWindForce 4GB Edition,"
01-May-2012 ",4096x2160,Yes
Nvidia,170 Watts,2048 MB ,256 Bit ,192.3GB/sec,1502 MHz,GeForce GTX 670 MSI OC Edition,"
01-May-2012 ",4096x2160,Yes
Nvidia,180 Watts,2048 MB ,256 Bit ,192.3GB/sec,1502 MHz,GeForce GTX 670 Gigabyte 3xWindForce Edition,"
01-May-2012 ",4096x2160,Yes
Nvidia,,2048 MB ,256 Bit ,195.5GB/sec,1527 MHz,GeForce GTX 670 Gainward Phantom Edition,"
01-May-2012 ",4096x2160,Yes
Nvidia,,2048 MB ,256 Bit ,192.3GB/sec,1502 MHz,GeForce GTX 670 Gigabyte 2xWindForce Edition,"
01-May-2012 ",4096x2160,Yes
Nvidia,170 Watts,2048 MB ,256 Bit ,192.3GB/sec,1502 MHz,GeForce GTX 670 Galaxy GC 2GB Edition,"
01-May-2012 ",4096x2160,Yes
Nvidia,170 Watts,4096 MB ,256 Bit ,192.3GB/sec,1502 MHz,GeForce GTX 670 SC+ 4GB Edition,"
01-May-2012 ",4096x2160,Yes
Nvidia,170 Watts,4096 MB ,256 Bit ,192.3GB/sec,1502 MHz,GeForce GTX 670 Galaxy GC 4GB Edition,"
01-May-2012 ",4096x2160,Yes
Nvidia,225 Watts,2048 MB ,256 Bit ,198.7GB/sec,1552 MHz,GeForce GTX 670 FTW 2GB,"
01-May-2012 ",4096x2160,Yes
Nvidia,170 Watts,2048 MB ,256 Bit ,198.7GB/sec,1552 MHz,GeForce GTX 670 FTW SIG2 2GB Edition,"
01-Dec-2012 ",4096x2160,Yes
Nvidia,170 Watts,4096 MB ,256 Bit ,192.3GB/sec,1502 MHz,GeForce GTX 670 EVGA FTW+ 4GB Edition,"
01-May-2012 ",4096x2160,Yes
Nvidia,170 Watts,2048 MB ,256 Bit ,192.3GB/sec,1502 MHz,GeForce GTX 670 Gainward 2GB Edition,"
01-May-2012 ",4096x2160,Yes
Nvidia,,2048 MB ,256 Bit ,192.3GB/sec,1502 MHz,GeForce GTX 670 MSI Power Edition,"
01-Jun-2012 ",4096x2160,Yes
Nvidia,170 Watts,2048 MB ,256 Bit ,192.3GB/sec,1502 MHz,GeForce GTX 670 FTW 2GB LE Edition,"
01-May-2012 ",4096x2160,Yes
Nvidia,450 Watts,4096 MB ,256 Bit ,397.3GB/sec,1552 MHz,GeForce GTX 670 FTW 2GB Edition SLI,"
01-May-2012 ",4096x2160,Yes
Nvidia,,2048 MB ,256 Bit ,192.3GB/sec,1502 MHz,GeForce GTX 670 DirectCU II Top Edition,"
01-May-2012 ",4096x2160,Yes
Nvidia,170 Watts,2048 MB ,256 Bit ,192.3GB/sec,1502 MHz,GeForce GTX 670 EVGA 2GB Edition,"
01-May-2012 ",4096x2160,Yes
Nvidia,,2048 MB ,256 Bit ,192.3GB/sec,1502 MHz,GeForce GTX 670 DirectCU II OC Edition,"
01-May-2012 ",4096x2160,Yes
Nvidia,,2048 MB ,256 Bit ,192.3GB/sec,1502 MHz,GeForce GTX 670 DirectCU II Mini Edition,"
01-Apr-2013 ",4096x2160,Yes
Nvidia,340 Watts,4096 MB ,512 Bit ,384.5GB/sec,1502 MHz,GeForce GTX 670 EVGA FTW+ 4GB Edition SLI,"
01-May-2012 ",4096x2160,No
Nvidia,170 Watts,4096 MB ,256 Bit ,192.3GB/sec,1502 MHz,GeForce GTX 670 Asus DirectCU II 4GB Edition,"
21-Aug-2012 ",4096x2160,Yes
Nvidia,170 Watts,2048 MB ,256 Bit ,192.3GB/sec,1502 MHz,GeForce GTX 670,"
10-May-2012 ",4096x2160,Yes
Nvidia,140 Watts,2048 MB ,192 Bit ,144.2GB/sec,1502 MHz,GeForce GTX 660 Zotac Synergy Edition,"
01-Sep-2012 ",4096x2160,Yes
Nvidia,,2048 MB ,192 Bit ,144.2GB/sec,1502 MHz,GeForce GTX 660 Zotac Edition,"
01-Sep-2012 ",4096x2160,Yes
Nvidia,,2048 MB ,192 Bit ,158.6GB/sec,1652 MHz,GeForce GTX 660 Zotac AMP Edition,"
01-Sep-2012 ",4096x2160,Yes
Nvidia,140 Watts,2048 MB ,192 Bit ,144.2GB/sec,1502 MHz,GeForce GTX 660 v2,"
13-Sep-2014 ",4096x2160,Yes
Nvidia,,4096 MB ,192 Bit ,288.4GB/sec,1502 MHz,GeForce GTX 660 Twin Frozr OC Edition SLI,"
01-Sep-2012 ",4096x2160,Yes
Nvidia,,2048 MB ,256 Bit ,192.3GB/sec,1502 MHz,GeForce GTX 670 DirectCU II Edition,"
01-May-2012 ",4096x2160,Yes
Nvidia,,2048 MB ,192 Bit ,144.2GB/sec,1502 MHz,GeForce GTX 660 WindForce 2X OC Edition,"
01-Sep-2012 ",4096x2160,Yes
Nvidia,,2048 MB ,192 Bit ,144.2GB/sec,1502 MHz,GeForce GTX 660 Twin Frozr Edition,"
01-Sep-2012 ",4096x2160,Yes
Nvidia,,2048 MB ,192 Bit ,144.2GB/sec,1502 MHz,GeForce GTX 660 Twin Frozr OC Edition,"
01-Sep-2012 ",4096x2160,Yes
Nvidia,150 Watts,2048 MB ,192 Bit ,144.2GB/sec,1502 MHz,GeForce GTX 660 Ti Zotac Edition,"
01-Aug-2012 ",4096x2160,Yes
Nvidia,,2048 MB ,192 Bit ,158.6GB/sec,1652 MHz,GeForce GTX 660 Ti Zotac AMP Extreme Edition,"
01-Sep-2012 ",4096x2160,Yes
Nvidia,,2048 MB ,192 Bit ,158.6GB/sec,1652 MHz,GeForce GTX 660 Ti Zotac AMP Edition,"
01-Aug-2012 ",4096x2160,Yes
Nvidia,150 Watts,2048 MB ,192 Bit ,144.2GB/sec,1502 MHz,GeForce GTX 660 Ti WindForce 2X OC Edition,"
16-Aug-2012 ",4096x2160,Yes
Nvidia,150 Watts,3072 MB ,192 Bit ,144.2GB/sec,1502 MHz,GeForce GTX 660 Ti Twin Frozr 3GB Edition,"
01-Aug-2012 ",4096x2160,Yes
Nvidia,150 Watts,3072 MB ,192 Bit ,144.2GB/sec,1502 MHz,GeForce GTX 660 Ti SC+ 3GB w/Backplate,"
01-Sep-2012 ",4096x2160,Yes
Nvidia,300 Watts,4096 MB ,192 Bit ,288.4GB/sec,1502 MHz,GeForce GTX 660 Ti SLI,"
01-Aug-2012 ",4096x2160,Yes
Nvidia,,2048 MB ,192 Bit ,144.2GB/sec,1502 MHz,GeForce GTX 660 Ti Power OC Edition,"
01-Aug-2012 ",4096x2160,Yes
Nvidia,190 Watts,2048 MB ,192 Bit ,144.2GB/sec,1502 MHz,GeForce GTX 660 Ti Power Edition,"
01-Aug-2012 ",4096x2160,Yes
Nvidia,150 Watts,2048 MB ,192 Bit ,144.2GB/sec,1502 MHz,GeForce GTX 660 Ti PNY Edition ,"
01-Aug-2012 ",4096x2160,Yes
Nvidia,300 Watts,4096 MB ,192 Bit ,288.4GB/sec,1502 MHz,GeForce GTX 660 Ti Power OC Edition SLI,"
01-Aug-2012 ",4096x2160,Yes
Nvidia,150 Watts,2048 MB ,192 Bit ,144.2GB/sec,1502 MHz,GeForce GTX 660 Ti MSI Gaming OC Edition,"
01-Aug-2012 ",4096x2160,Yes
Nvidia,150 Watts,3072 MB ,192 Bit ,144.2GB/sec,1502 MHz,GeForce GTX 660 Ti KFA² EX OC 3GB Edition,"
16-Aug-2012 ",4096x2160,Yes
Nvidia,,2048 MB ,192 Bit ,144.2GB/sec,1502 MHz,GeForce GTX 660 Ti MSI OC v1 Edition,"
01-Oct-2012 ",4096x2160,Yes
Nvidia,150 Watts,2048 MB ,192 Bit ,144.2GB/sec,1502 MHz,GeForce GTX 660 Ti KFA² EX OC 2GB Edition,"
16-Aug-2012 ",4096x2160,Yes
Nvidia,150 Watts,2048 MB ,192 Bit ,144.2GB/sec,1502 MHz,GeForce GTX 660 Ti Inno3D Edition,"
01-Aug-2012 ",4096x2160,Yes
Nvidia,160 Watts,2048 MB ,192 Bit ,146.6GB/sec,1527 MHz,GeForce GTX 660 Ti JetStream Edition,"
01-Aug-2012 ",4096x2160,Yes
Nvidia,300 Watts,4096 MB ,192 Bit ,288.4GB/sec,1502 MHz,GeForce GTX 660 Ti Gigabyte WindForce 2X OC 2GB Edition SLI,"
16-Aug-2012 ",4096x2160,Yes
Nvidia,150 Watts,3072 MB ,192 Bit ,144.2GB/sec,1502 MHz,GeForce GTX 660 Ti GC 3GB Edition,"
01-Aug-2012 ",4096x2160,Yes
Nvidia,150 Watts,3072 MB ,192 Bit ,144.2GB/sec,1502 MHz,GeForce GTX 660 Ti Gigabyte OC 3GB Edition,"
01-Aug-2012 ",4096x2160,Yes
Nvidia,,2048 MB ,192 Bit ,144.2GB/sec,1502 MHz,GeForce GTX 660 Ti Gainward Edition,"
01-Aug-2012 ",4096x2160,Yes
Nvidia,,2048 MB ,192 Bit ,146.6GB/sec,1527 MHz,GeForce GTX 660 Ti Gainward Phantom Edition,"
01-Aug-2012 ",4096x2160,Yes
Nvidia,150 Watts,2048 MB ,192 Bit ,144.2GB/sec,1502 MHz,GeForce GTX 660 Ti FTW Signature 2 Edition,"
01-Sep-2012 ",4096x2160,Yes
Nvidia,150 Watts,2048 MB ,192 Bit ,144.2GB/sec,1502 MHz,GeForce GTX 660 Ti GC 2GB Edition,"
01-Aug-2012 ",4096x2160,Yes
Nvidia,,2048 MB ,192 Bit ,144.2GB/sec,1502 MHz,GeForce GTX 660 Ti Direct CU II Top Edition,"
01-Aug-2012 ",4096x2160,Yes
Nvidia,150 Watts,2048 MB ,192 Bit ,146.4GB/sec,1525 MHz,GeForce GTX 660 Ti Asus Dragon DirectCU II TOP 2GB Edition,"
01-Jun-2013 ",4096x2160,Yes
Nvidia,150 Watts,2048 MB ,192 Bit ,144.2GB/sec,1502 MHz,GeForce GTX 660 Ti EVGA SC Edition,"
01-Aug-2012 ",4096x2160,Yes
Nvidia,225 Watts,2048 MB ,192 Bit ,144.2GB/sec,1502 MHz,GeForce GTX 660 Ti Direct CU II Edition,"
01-Aug-2012 ",4096x2160,Yes
Nvidia,150 Watts,2048 MB ,192 Bit ,144.2GB/sec,1502 MHz,GeForce GTX 660 Ti EVGA FTW Edition,"
01-Oct-2012 ",4096x2160,Yes
Nvidia,450 Watts,6144 MB ,192 Bit ,432.6GB/sec,1502 MHz,GeForce GTX 660 Ti 3-way SLI,"
01-Aug-2012 ",4096x2160,Yes
Nvidia,140 Watts,2048 MB ,192 Bit ,146.6GB/sec,1527 MHz,GeForce GTX 660 Palit OC 2GB Edition,"
01-Sep-2012 ",4096x2160,Yes
Nvidia,150 Watts,2048 MB ,192 Bit ,144.2GB/sec,1502 MHz,GeForce GTX 660 Ti,"
16-Aug-2012 ",4096x2160,Yes
Nvidia,225 Watts,2048 MB ,192 Bit ,144.2GB/sec,1502 MHz,GeForce GTX 660 Ti Direct CU II OC Edition,"
01-Sep-2012 ",4096x2160,Yes
Nvidia,150 Watts,2048 MB ,192 Bit ,163.4GB/sec,1702 MHz,GeForce GTX 660 Ti Colorful iGame ARES X 2GB Edition,"
16-Aug-2012 ",4096x2160,Yes
Nvidia,140 Watts,2048 MB ,192 Bit ,144.2GB/sec,1502 MHz,GeForce GTX 660 Palit 2GB Edition,"
06-Sep-2012 ",4096x2160,Yes
Nvidia,,2048 MB ,192 Bit ,144.2GB/sec,1502 MHz,GeForce GTX 660 MSI Gaming 2GB Edition,"
01-Sep-2013 ",4096x2160,Yes
Nvidia,,2048 MB ,192 Bit ,144.2GB/sec,1502 MHz,GeForce GTX 660 MSI OC 2GB Edition,"
01-Oct-2012 ",4096x2160,Yes
Nvidia,280 Watts,4096 MB ,192 Bit ,288.4GB/sec,1502 MHz,GeForce GTX 660 SLI,"
01-Sep-2012 ",4096x2160,Yes
Nvidia,,2048 MB ,192 Bit ,146.6GB/sec,1527 MHz,GeForce GTX 660 Golden Sample Edition,"
01-Oct-2012 ",4096x2160,Yes
Nvidia,,2048 MB ,192 Bit ,144.2GB/sec,1502 MHz,GeForce GTX 660 MSI Hawk 2GB Edition,"
01-Oct-2012 ",4096x2160,Yes
Nvidia,140 Watts,2048 MB ,192 Bit ,144.2GB/sec,1502 MHz,GeForce GTX 660 Inno3D Edition,"
01-Sep-2012 ",4096x2160,Yes
Nvidia,140 Watts,3072 MB ,192 Bit ,144.2GB/sec,1502 MHz,GeForce GTX 660 Gigabyte OC 3GB Edition,"
01-Sep-2012 ",4096x2160,Yes
Nvidia,,2048 MB ,192 Bit ,144.2GB/sec,1502 MHz,GeForce GTX 660 Gigabyte OC Edition,"
01-Sep-2012 ",4096x2160,Yes
Nvidia,260 Watts,4096 MB ,192 Bit ,288.4GB/sec,1502 MHz,GeForce GTX 660 Gigabyte OC 2GB Edition SLI,"
01-Sep-2012 ",4096x2160,Yes
Nvidia,,2048 MB ,192 Bit ,144.2GB/sec,1502 MHz,GeForce GTX 660 EVGA Superclocked Edition,"
01-Sep-2012 ",4096x2160,Yes
Nvidia,280 Watts,6144 MB ,192 Bit ,288.4GB/sec,1502 MHz,GeForce GTX 660 EVGA SC Signature 2 Edition SLI,"
01-Sep-2012 ",4096x2160,Yes
Nvidia,140 Watts,2048 MB ,192 Bit ,144.2GB/sec,1502 MHz,GeForce GTX 660 Galaxy GC Edition,"
01-Sep-2012 ",4096x2160,Yes
Nvidia,140 Watts,2048 MB ,192 Bit ,144.2GB/sec,1502 MHz,GeForce GTX 660 Gainward 2GB Edition,"
06-Sep-2012 ",4096x2160,Yes
Nvidia,140 Watts,3072 MB ,192 Bit ,144.2GB/sec,1502 MHz,GeForce GTX 660 EVGA SC Signature 2 Edition,"
01-Sep-2012 ",4096x2160,Yes
Nvidia,140 Watts,2048 MB ,192 Bit ,144.2GB/sec,1502 MHz,GeForce GTX 660 EVGA OC 2GB Edition,"
01-Sep-2012 ",4096x2160,Yes
Nvidia,140 Watts,3072 MB ,192 Bit ,144.2GB/sec,1502 MHz,GeForce GTX 660 EVGA FTW Signature 2 3GB Edition,"
01-Oct-2012 ",4096x2160,Yes
Nvidia,,2048 MB ,192 Bit ,144.2GB/sec,1502 MHz,GeForce GTX 660 EVGA FTW Signature 2 Edition,"
01-Oct-2012 ",4096x2160,Yes
Nvidia,,2048 MB ,192 Bit ,146.6GB/sec,1527 MHz,GeForce GTX 660 Direct CU II Top Edition,"
01-Sep-2012 ",4096x2160,Yes
Nvidia,,2048 MB ,192 Bit ,144.2GB/sec,1502 MHz,GeForce GTX 660 Direct CU II OC Edition,"
01-Sep-2012 ",4096x2160,Yes
Nvidia,,2048 MB ,192 Bit ,144.2GB/sec,1502 MHz,GeForce GTX 660 Direct CU II Edition,"
01-Sep-2012 ",4096x2160,Yes
Nvidia,64 Watts,1024 MB ,128 Bit ,80GB/sec,1250 MHz,GeForce GTX 650 Zotac Synergy 2GB Edition,"
06-Sep-2012 ",4096x2160,No
Nvidia,130 Watts,3072 MB ,192 Bit ,134.4GB/sec,1400 MHz,GeForce GTX 660 3GB (OEM),"
22-Aug-2012 ",4096x2160,Yes
Nvidia,130 Watts,1536 MB ,192 Bit ,134.4GB/sec,1400 MHz,GeForce GTX 660 1.5GB (OEM),"
22-Aug-2012 ",4096x2160,Yes
Nvidia,140 Watts,2048 MB ,192 Bit ,144.2GB/sec,1502 MHz,GeForce GTX 650 Ti Zotac Boost Edition,"
26-Mar-2013 ",4096x2160,Yes
Nvidia,110 Watts,2048 MB ,128 Bit ,86.4GB/sec,1350 MHz,GeForce GTX 650 Ti Zotac Synergy 2GB Edition,"
10-Jan-2012 ",4096x2160,No
Nvidia,140 Watts,2048 MB ,192 Bit ,144.2GB/sec,1502 MHz,GeForce GTX 660,"
13-Sep-2012 ",4096x2160,Yes
Nvidia,,2048 MB ,128 Bit ,89.6GB/sec,1400 MHz,GeForce GTX 650 Zotac AMP! Edition,"
01-Sep-2012 ",4096x2160,No
Nvidia,,2048 MB ,128 Bit ,99.2GB/sec,1550 MHz,GeForce GTX 650 Ti Zotac AMP! 2GB,"
01-Oct-2012 ",4096x2160,No
Nvidia,,1024 MB ,128 Bit ,80GB/sec,1250 MHz,GeForce GTX 650 Zotac OC 1GB Edition,"
01-Sep-2012 ",4096x2160,No
Nvidia,140 Watts,2048 MB ,192 Bit ,144.2GB/sec,1502 MHz,GeForce GTX 660 DA OC 2GB Edition,"
01-Sep-2012 ",4096x2160,Yes
Nvidia,,1024 MB ,128 Bit ,86.4GB/sec,1350 MHz,GeForce GTX 650 Ti Zotac 1GB Edition,"
01-Oct-2012 ",4096x2160,No
Nvidia,,2048 MB ,128 Bit ,86.4GB/sec,1350 MHz,GeForce GTX 650 Ti Zotac 2GB Edition,"
01-Oct-2012 ",4096x2160,No
Nvidia,,1024 MB ,128 Bit ,86.4GB/sec,1350 MHz,GeForce GTX 650 Ti Power Edition OC 1GB,"
01-Oct-2012 ",4096x2160,No
Nvidia,140 Watts,2048 MB ,192 Bit ,144.2GB/sec,1502 MHz,GeForce GTX 650 Ti MSI TF OC Boost Edition,"
26-Mar-2013 ",4096x2160,Yes
Nvidia,,1024 MB ,128 Bit ,86.4GB/sec,1350 MHz,GeForce GTX 650 Ti WindForce 2X 1GB Edition,"
01-Oct-2012 ",4096x2160,No
Nvidia,,1024 MB ,128 Bit ,86.4GB/sec,1350 MHz,GeForce GTX 650 Ti MSI 1GB Edition,"
01-Oct-2012 ",4096x2160,No
Nvidia,,1024 MB ,128 Bit ,86.4GB/sec,1350 MHz,GeForce GTX 650 Ti MSI OC 1GB Edition,"
01-Oct-2012 ",4096x2160,No
Nvidia,,2048 MB ,128 Bit ,86.4GB/sec,1350 MHz,GeForce GTX 650 Ti WindForce 2X 2GB Edition,"
01-Oct-2012 ",4096x2160,No
Nvidia,,1024 MB ,128 Bit ,88GB/sec,1375 MHz,GeForce GTX 650 Ti Golden Sample Edition,"
01-Oct-2012 ",4096x2160,No
Nvidia,,2048 MB ,128 Bit ,86.4GB/sec,1350 MHz,GeForce GTX 650 Ti EVGA SSC 2GB Edition,"
01-Oct-2012 ",4096x2160,No
Nvidia,110 Watts,2048 MB ,128 Bit ,86.4GB/sec,1350 MHz,GeForce GTX 650 Ti Gainward 2GB Edition,"
10-Jan-2012 ",4096x2160,No
Nvidia,100 Watts,1024 MB ,128 Bit ,88GB/sec,1375 MHz,GeForce GTX 650 Ti Palit 1GB OC Edition,"
01-Oct-2012 ",4096x2160,No
Nvidia,100 Watts,1024 MB ,128 Bit ,86.4GB/sec,1350 MHz,GeForce GTX 650 Ti Galaxy GC Edition,"
01-Oct-2012 ",4096x2160,No
Nvidia,,1024 MB ,128 Bit ,86.4GB/sec,1350 MHz,GeForce GTX 650 Ti Gainward 1GB Edition,"
10-Jan-2012 ",4096x2160,No
Nvidia,110 Watts,1024 MB ,128 Bit ,86.4GB/sec,1350 MHz,GeForce GTX 650 Ti EVGA SSC 1GB Edition,"
01-Oct-2012 ",4096x2160,No
Nvidia,140 Watts,2048 MB ,192 Bit ,144.2GB/sec,1502 MHz,GeForce GTX 650 Ti EVGA Boost SC Edition,"
26-Mar-2013 ",4096x2160,Yes
Nvidia,150 Watts,2048 MB ,128 Bit ,86.4GB/sec,1350 MHz,GeForce GTX 650 Ti DirectCU II OC 2GB,"
01-Oct-2012 ",4096x2160,No
Nvidia,140 Watts,1024 MB ,192 Bit ,120.3GB/sec,1253 MHz,GeForce GTX 650 Ti EVGA Boost Superclocked 1GB Edition,"
26-Mar-2013 ",4096x2160,Yes
Nvidia,150 Watts,1024 MB ,128 Bit ,86.4GB/sec,1350 MHz,GeForce GTX 650 Ti DirectCU II 1GB Edition,"
01-Oct-2012 ",4096x2160,No
Nvidia,140 Watts,2048 MB ,192 Bit ,146.6GB/sec,1527 MHz,GeForce GTX 650 Ti Boost Palit OC 2GB Edition,"
26-Mar-2013 ",4096x2160,Yes
Nvidia,,1024 MB ,128 Bit ,86.4GB/sec,1350 MHz,GeForce GTX 650 Ti DirectCU II OC 1GB,"
01-Oct-2012 ",4096x2160,No
Nvidia,150 Watts,1024 MB ,128 Bit ,86.4GB/sec,1350 MHz,GeForce GTX 650 Ti DirectCU II TOP 1GB,"
01-Oct-2012 ",4096x2160,No
Nvidia,134 Watts,1024 MB ,192 Bit ,120.3GB/sec,1253 MHz,GeForce GTX 650 Ti Boost Palit 1GB Edition,"
26-Mar-2013 ",4096x2160,Yes
Nvidia,,1024 MB ,192 Bit ,122.5GB/sec,1276 MHz,GeForce GTX 650 Ti Boost Golden Sample Edition,"
26-Mar-2013 ",4096x2160,Yes
Nvidia,140 Watts,2048 MB ,192 Bit ,144.2GB/sec,1502 MHz,GeForce GTX 650 Ti Boost MSI OC 2GB Edition,"
26-Mar-2013 ",4096x2160,Yes
Nvidia,,1024 MB ,192 Bit ,144.2GB/sec,1502 MHz,GeForce GTX 650 Ti Boost WindForce 2X OC Edition,"
26-Mar-2013 ",4096x2160,Yes
Nvidia,140 Watts,2048 MB ,192 Bit ,144.2GB/sec,1502 MHz,GeForce GTX 650 Ti Boost MSI Twin Frozr OC 2GB Edition,"
26-Mar-2013 ",4096x2160,Yes
Nvidia,110 Watts,1024 MB ,128 Bit ,86.4GB/sec,1350 MHz,GeForce GTX 650 Ti Asus PH 1GB Edition,"
31-Oct-2013 ",4096x2160,No
Nvidia,134 Watts,2048 MB ,192 Bit ,144.2GB/sec,1502 MHz,GeForce GTX 650 Ti Boost Edition,"
26-Mar-2013 ",4096x2160,Yes
Nvidia,268 Watts,4096 MB ,192 Bit ,288.4GB/sec,1502 MHz,GeForce GTX 650 Ti Boost Edition SLI,"
26-Mar-2013 ",4096x2160,Yes
Nvidia,110 Watts,1024 MB ,128 Bit ,86.4GB/sec,1350 MHz,GeForce GTX 650 Ti,"
09-Oct-2012 ",4096x2160,No
Nvidia,150 Watts,2048 MB ,192 Bit ,144.2GB/sec,1502 MHz,GeForce GTX 650 Ti Boost DirectCU II OC Edition,"
26-Mar-2013 ",4096x2160,Yes
Nvidia,65 Watts,1024 MB ,128 Bit ,80GB/sec,1250 MHz,GeForce GTX 650 PNY XLR8 Performance 1GB Edition,"
06-Sep-2012 ",4096x2160,No
Nvidia,,1024 MB ,128 Bit ,80GB/sec,1250 MHz,GeForce GTX 650 Power Edition OC 1GB,"
01-Sep-2012 ",4096x2160,No
Nvidia,65 Watts,2048 MB ,128 Bit ,80GB/sec,1250 MHz,GeForce GTX 650 PNY XLR8 Performance 2GB Edition,"
06-Sep-2012 ",4096x2160,No
Nvidia,64 Watts,1024 MB ,128 Bit ,80GB/sec,1250 MHz,GeForce GTX 650 Palit 1GB Edition,"
01-Sep-2012 ",4096x2160,No
Nvidia,,1024 MB ,128 Bit ,80GB/sec,1250 MHz,GeForce GTX 650 MSI OC v1 1GB Edition,"
01-Sep-2012 ",4096x2160,No
Nvidia,,2048 MB ,128 Bit ,80GB/sec,1250 MHz,GeForce GTX 650 MSI OC 2GB Edition,"
01-Sep-2012 ",4096x2160,No
Nvidia,75 Watts,2048 MB ,128 Bit ,80GB/sec,1250 MHz,GeForce GTX 650 Palit 2GB Edition,"
01-Oct-2012 ",4096x2160,No
Nvidia,,1024 MB ,128 Bit ,80GB/sec,1250 MHz,GeForce GTX 650 MSI OC 1GB,"
01-Sep-2012 ",4096x2160,No
Nvidia,,1024 MB ,128 Bit ,80GB/sec,1250 MHz,GeForce GTX 650 Power Edition 1GB,"
01-Sep-2012 ",4096x2160,No
Nvidia,,4096 MB ,128 Bit ,80GB/sec,1250 MHz,GeForce GTX 650 Gigabyte OC 4GB Edition,"
01-Sep-2012 ",4096x2160,No
Nvidia,,1024 MB ,128 Bit ,80GB/sec,1250 MHz,GeForce GTX 650 MSI 1GB,"
01-Sep-2012 ",4096x2160,No
Nvidia,64 Watts,1024 MB ,128 Bit ,80GB/sec,1250 MHz,GeForce GTX 650 Inno3D 1GB Edition,"
01-Sep-2012 ",4096x2160,No
Nvidia,64 Watts,1024 MB ,128 Bit ,80GB/sec,1250 MHz,GeForce GTX 650 Galaxy Green Edition,"
01-Sep-2012 ",4096x2160,No
Nvidia,,1024 MB ,128 Bit ,80GB/sec,1250 MHz,GeForce GTX 650 EX OC 1GB,"
01-Sep-2012 ",4096x2160,No
Nvidia,,2048 MB ,128 Bit ,80GB/sec,1250 MHz,GeForce GTX 650 Gigabyte OC 2GB Edition,"
01-Sep-2012 ",4096x2160,No
Nvidia,64 Watts,1024 MB ,128 Bit ,80GB/sec,1250 MHz,GeForce GTX 650 EVGA 1GB Edition,"
01-Sep-2012 ",4096x2160,No
Nvidia,65 Watts,1024 MB ,128 Bit ,80GB/sec,1250 MHz,GeForce GTX 650 Leadtek 1GB OC Edition,"
01-Sep-2012 ",4096x2160,No
Nvidia,,1024 MB ,128 Bit ,80GB/sec,1250 MHz,GeForce GTX 650 Gigabyte OC 1GB Edition,"
01-Sep-2012 ",4096x2160,No
Nvidia,64 Watts,2048 MB ,128 Bit ,80GB/sec,1250 MHz,GeForce GTX 650 EVGA SC 2GB Edition,"
01-Sep-2012 ",4096x2160,No
Nvidia,84 Watts,1024 MB ,128 Bit ,80GB/sec,1250 MHz,GeForce GTX 650 Galaxy GC Edition,"
01-Sep-2012 ",4096x2160,No
Nvidia,64 Watts,1024 MB ,128 Bit ,80GB/sec,1250 MHz,GeForce GTX 650 EVGA SC 1GB Edition,"
01-Sep-2012 ",4096x2160,No
Nvidia,75 Watts,2048 MB ,128 Bit ,80GB/sec,1250 MHz,GeForce GTX 650 Asus-E 2GB Edition,"
01-Oct-2012 ",4096x2160,No
Nvidia,150 Watts,1024 MB ,128 Bit ,81.6GB/sec,1275 MHz,GeForce GTX 650 DirectCU TOP 1GB Edition,"
01-Sep-2012 ",4096x2160,No
Nvidia,64 Watts,2048 MB ,128 Bit ,80GB/sec,1250 MHz,GeForce GTX 650 2GB,"
01-Sep-2012 ",4096x2160,No
Nvidia,75 Watts,2048 MB ,128 Bit ,80GB/sec,1250 MHz,GeForce GTX 650 Asus-E 1GB Edition,"
01-Oct-2012 ",4096x2160,No
Nvidia,64 Watts,1024 MB ,128 Bit ,80GB/sec,1250 MHz,GeForce GTX 650 1GB,"
01-Sep-2012 ",4096x2160,No
Nvidia,65 Watts,2048 MB ,128 Bit ,28.5GB/sec,891 MHz,GeForce GT 640 Zotac Zone 2GB Edition,"
08-Jun-2012 ",4096x2160,No
Nvidia,49 Watts,1024 MB ,64 Bit ,40.1GB/sec,1252 MHz,GeForce GT 640 v3 Zotac 1GB Edition,"
29-May-2013 ",4096x2160,No
Nvidia,49 Watts,2048 MB ,64 Bit ,40.1GB/sec,1252 MHz,GeForce GT 640 v3 Zotac 2GB Edition,"
29-May-2013 ",4096x2160,No
Nvidia,49 Watts,1024 MB ,64 Bit ,40.1GB/sec,1252 MHz,GeForce GT 640 v3 Asus Low Profile 1GB Edition,"
29-May-2013 ",4096x2160,No
Nvidia,49 Watts,1024 MB ,64 Bit ,40GB/sec,1250 MHz,GeForce GT 640 v2,"
05-Jun-2012 ",4096x2160,No
Nvidia,65 Watts,2048 MB ,128 Bit ,25.9GB/sec,810 MHz,GeForce GT 640 MSI V1 2GB Edition,"
05-Jun-2012 ",4096x2160,No
Nvidia,49 Watts,2048 MB ,64 Bit ,40.1GB/sec,1252 MHz,GeForce GT 640 v3,"
29-May-2013 ",4096x2160,No
Nvidia,65 Watts,2048 MB ,128 Bit ,25.6GB/sec,800 MHz,GeForce GT 640 Zotac Synergy 2GB Edition,"
05-Jun-2012 ",4096x2160,No
Nvidia,65 Watts,1024 MB ,128 Bit ,64GB/sec,1000 MHz,GeForce GTX 645 (OEM),"
22-Apr-2013 ",4096x2160,No
Nvidia,65 Watts,2048 MB ,128 Bit ,28.8GB/sec,900 MHz,GeForce GT 640 Gigabyte OC 2GB Edition,"
05-Jun-2012 ",4096x2160,Yes
Nvidia,65 Watts,1024 MB ,128 Bit ,28.5GB/sec,891 MHz,GeForce GT 640 Galaxy GC 1GB Edition,"
05-Jun-2012 ",4096x2160,No
Nvidia,65 Watts,4096 MB ,128 Bit ,21.3GB/sec,667 MHz,GeForce GT 640 EVGA 4GB Edition,"
08-Jun-2012 ",4096x2160,No
Nvidia,65 Watts,2048 MB ,128 Bit ,28.5GB/sec,891 MHz,GeForce GT 640,"
05-Jun-2012 ",4096x2160,No
Nvidia,65 Watts,2048 MB ,128 Bit ,28.5GB/sec,891 MHz,GeForce GT 640 Asus 2GB Edition,"
08-Jun-2012 ",4096x2160,No
Nvidia,65 Watts,1024 MB ,128 Bit ,21.3GB/sec,667 MHz,GeForce GT 630 Zotac Synergy 1GB Edition,"
15-May-2012 ",4096x2160,No
Nvidia,25 Watts,4096 MB ,64 Bit ,12.8GB/sec,800 MHz,GeForce GT 630 v3 Zotac Zone 4GB Edition,"
29-May-2013 ",4096x2160,No
Nvidia,35 Watts,2048 MB ,64 Bit ,16GB/sec,1001 MHz,GeForce GT 635 (OEM),"
01-Oct-2013 ",4096x2160,No
Nvidia,50 Watts,2048 MB ,128 Bit ,29GB/sec,905 MHz,GeForce GT 630 v4,"
24-Apr-2012 ",4096x2160,No
Nvidia,65 Watts,1024 MB ,128 Bit ,51.2GB/sec,800 MHz,GeForce GT 630 v2,"
15-May-2012 ",4096x2160,No
Nvidia,25 Watts,2048 MB ,64 Bit ,14.4GB/sec,900 MHz,GeForce GT 630 v3 Asus Silent 2GB Edition,"
29-May-2013 ",4096x2160,No
Nvidia,65 Watts,2048 MB ,128 Bit ,21.3GB/sec,667 MHz,GeForce GT 630 Zotac Synergy 2GB Edition,"
15-May-2012 ",4096x2160,No
Nvidia,65 Watts,1024 MB ,128 Bit ,22.4GB/sec,700 MHz,GeForce GT 630 Palit 1GB Edition,"
15-May-2012 ",4096x2160,No
Nvidia,65 Watts,4096 MB ,128 Bit ,32GB/sec,1000 MHz,GeForce GT 630 MSI 4GB Edition,"
15-May-2012 ",4096x2160,No
Nvidia,65 Watts,2048 MB ,128 Bit ,25.6GB/sec,800 MHz,GeForce GT 630 Gigabyte 2GB Edition,"
18-May-2012 ",4096x2160,No
Nvidia,25 Watts,2048 MB ,64 Bit ,14.4GB/sec,900 MHz,GeForce GT 630 v3,"
29-May-2013 ",4096x2160,No
Nvidia,65 Watts,4096 MB ,128 Bit ,17.1GB/sec,533 MHz,GeForce GT 630 Zotac Synergy 4GB Edition,"
15-May-2012 ",4096x2160,No
Nvidia,65 Watts,1024 MB ,128 Bit ,25.6GB/sec,800 MHz,GeForce GT 630 EVGA 1GB Edition,"
15-May-2012 ",4096x2160,No
Nvidia,65 Watts,2048 MB ,128 Bit ,17.1GB/sec,535 MHz,GeForce GT 630 Palit 2GB Edition,"
15-May-2012 ",4096x2160,No
Nvidia,49 Watts,2048 MB ,64 Bit ,8.5GB/sec,533 MHz,GeForce GT 620 Zotac Synergy 2GB Edition,"
15-May-2012 ",2560x1600,No
Nvidia,49 Watts,2048 MB ,64 Bit ,8GB/sec,500 MHz,GeForce GT 620 Galaxy 2GB Edition,"
15-May-2012 ",2560x1600,No
Nvidia,30 Watts,1024 MB ,64 Bit ,14.4GB/sec,898 MHz,GeForce GT 620 v2,"
02-Apr-2012 ",2560x1600,No
Nvidia,30 Watts,1024 MB ,64 Bit ,8.6GB/sec,535 MHz,GeForce GT 620 PNY PCIe 1GB Edition,"
01-May-2012 ",2560x1600,No
Nvidia,65 Watts,1024 MB ,128 Bit ,28.8GB/sec,900 MHz,GeForce GT 630,"
15-May-2012 ",4096x2160,No
Nvidia,29 Watts,2048 MB ,64 Bit ,8GB/sec,500 MHz,GeForce GT 610 MSI Low Profile 2GB Edition,"
14-May-2012 ",2560x1600,No
Nvidia,29 Watts,2048 MB ,64 Bit ,8.5GB/sec,533 MHz,GeForce GT 610 Zotac 2GB Synergy Edition,"
02-Apr-2012 ",2560x1600,No
Nvidia,29 Watts,2048 MB ,64 Bit ,8.6GB/sec,535 MHz,GeForce GT 610 Palit 2GB Edition,"
02-Apr-2012 ",2560x1600,No
Nvidia,49 Watts,1024 MB ,64 Bit ,14.4GB/sec,900 MHz,GeForce GT 620,"
15-May-2012 ",2560x1600,No
Nvidia,29 Watts,2048 MB ,64 Bit ,10.7GB/sec,667 MHz,GeForce GT 610 Gigabyte 2GB Edition,"
18-May-2012 ",2560x1600,No
Nvidia,29 Watts,2048 MB ,64 Bit ,9.6GB/sec,600 MHz,GeForce GT 610 Asus Silent 2GB Edition,"
28-May-2012 ",2560x1600,No
Nvidia,29 Watts,1024 MB ,64 Bit ,8GB/sec,500 MHz,GeForce GT 610 v2,"
09-Sep-2012 ",2560x1600,No
Nvidia,25 Watts,512 MB ,64 Bit ,14.4GB/sec,898 MHz,GeForce 605 512MB,"
01-Apr-2012 ",2560x1600,No
Nvidia,29 Watts,1024 MB ,64 Bit ,14.4GB/sec,900 MHz,GeForce GT 610,"
02-Apr-2012 ",2560x1600,No
Nvidia,25 Watts,1024 MB ,64 Bit ,14.4GB/sec,898 MHz,GeForce 605 1GB,"
02-Apr-2012 ",2560x1600,No
Nvidia,,64 MB ,128 Bit ,3.2GB/sec,200 MHz,GeForce 3 Ti 200,"
01-Oct-2001 ",,No
Nvidia,408 Watts,2048 MB ,512 Bit ,318GB/sec,1242 MHz,GeForce GTX 285 SLI,"
01-Dec-2008 ",2560x1600,Yes
Nvidia,289 Watts,1792 MB ,448 Bit ,223.8GB/sec,999 MHz,GeForce GTX 295,"
08-Jan-2009 ",2560x1600,Yes
Nvidia,204 Watts,1024 MB ,512 Bit ,159GB/sec,1242 MHz,GeForce GTX 285,"
23-Dec-2008 ",2560x1600,Yes
Nvidia,219 Watts,896 MB ,448 Bit ,127GB/sec,1134 MHz,GeForce GTX 275,"
15-Jan-2009 ",2560x1600,Yes
Nvidia,500 Watts,4096 MB ,512 Bit ,281.6GB/sec,1100 MHz,GeForce GTX 295 Asus Mars ROG 4GB Edition,"
17-Jun-2009 ",2560x1600,Yes
Nvidia,236 Watts,1024 MB ,512 Bit ,141.7GB/sec,1107 MHz,GeForce GTX 280,"
16-Jun-2009 ",2560x1600,Yes
Nvidia,430 Watts,1792 MB ,448 Bit ,254GB/sec,1134 MHz,GeForce GTX 275 SLI,"
15-Jan-2009 ",2560x1600,Yes
Nvidia,,64 MB ,128 Bit ,3.7GB/sec,230 MHz,GeForce 3,"
27-Feb-2001 ",,No
Nvidia,171 Watts,896 MB ,448 Bit ,117.6GB/sec,1050 MHz,GeForce GTX 260 v3 Zotac AMP²! 896MB Edition,"
16-Sep-2008 ",2560x1600,Yes
Nvidia,171 Watts,896 MB ,448 Bit ,123.2GB/sec,1100 MHz,GeForce GTX 260 v3 Palit Sonic Platinum 896MB Edition,"
27-Nov-2008 ",2560x1600,Yes
Nvidia,182 Watts,1792 MB ,448 Bit ,112.9GB/sec,1008 MHz,GeForce GTX 260 v4,"
08-Dec-2009 ",2560x1600,Yes
Nvidia,171 Watts,896 MB ,448 Bit ,123.2GB/sec,1100 MHz,GeForce GTX 260 v3 Gainward GS 896MB Edition,"
27-Nov-2008 ",2560x1600,Yes
Nvidia,171 Watts,896 MB ,448 Bit ,117.6GB/sec,1050 MHz,GeForce GTX 260 v3 MSI OC v4 896MB Edition,"
27-Nov-2008 ",2560x1600,Yes
Nvidia,171 Watts,896 MB ,448 Bit ,111.9GB/sec,999 MHz,GeForce GTX 260 v3,"
27-Nov-2008 ",2560x1600,Yes
Nvidia,125 Watts,1024 MB ,256 Bit ,64GB/sec,1000 MHz,GeForce GTS 250 Zotac ECO 1GB Edition,"
01-Sep-2009 ",2560x1600,Yes
Nvidia,182 Watts,896 MB ,448 Bit ,111.9GB/sec,999 MHz,GeForce GTX 260,"
16-Jun-2008 ",2560x1600,Yes
Nvidia,182 Watts,896 MB ,448 Bit ,111.9GB/sec,999 MHz,GeForce GTX 260 v2,"
16-Sep-2008 ",2560x1600,Yes
Nvidia,150 Watts,1024 MB ,256 Bit ,64GB/sec,1000 MHz,GeForce GTS 250 XFX Core 1GB Edition,"
04-Mar-2009 ",2560x1600,Yes
Nvidia,140 Watts,512 MB ,256 Bit ,70.4GB/sec,1100 MHz,GeForce GTS 250 v2,"
29-Jul-2008 ",2560x1600,Yes
Nvidia,110 Watts,512 MB ,256 Bit ,57.6GB/sec,900 MHz,GeForce GTS 250 v2 Gainward Deep Green 512MB Edition,"
29-Jul-2008 ",2560x1600,Yes
Nvidia,,3072 MB ,512 Bit ,476.9GB/sec,1242 MHz,GeForce GTX 285 3-Way SLI,"
01-Dec-2008 ",2560x1600,Yes
Nvidia,150 Watts,1024 MB ,256 Bit ,70.4GB/sec,1100 MHz,GeForce GTS 250,"
04-Mar-2009 ",2560x1600,Yes
Nvidia,120 Watts,1024 MB ,256 Bit ,70.4GB/sec,1100 MHz,GeForce GTS 240,"
01-Jul-2009 ",2560x1600,Yes
Nvidia,58 Watts,1024 MB ,256 Bit ,44.8GB/sec,700 MHz,GeForce GT 220,"
26-Jan-2010 ",2560x1600,No
Nvidia,75 Watts,1536 MB ,192 Bit ,24GB/sec,500 MHz,GeForce GT 230 v2,"
01-Oct-2009 ",2560x1600,No
Nvidia,58 Watts,512 MB ,128 Bit ,32GB/sec,1000 MHz,GeForce GT 220 v3,"
12-Oct-2009 ",2560x1600,No
Nvidia,58 Watts,1024 MB ,128 Bit ,6.4GB/sec,400 MHz,GeForce GT 220 v2 Galaxy 1GB Edition,"
12-Oct-2009 ",2560x1600,No
Nvidia,75 Watts,512 MB ,256 Bit ,57.6GB/sec,900 MHz,GeForce GT 230,"
12-Oct-2009 ",2560x1600,No
Nvidia,58 Watts,1024 MB ,128 Bit ,6.4GB/sec,400 MHz,GeForce GT 220 v2 MSI 1GB Edition,"
12-Oct-2009 ",2560x1600,No
Nvidia,58 Watts,1024 MB ,128 Bit ,25.3GB/sec,790 MHz,GeForce GT 220 v2,"
12-Oct-2009 ",2560x1600,No
Nvidia,31 Watts,512 MB ,64 Bit ,6.4GB/sec,400 MHz,GeForce 205,"
26-Nov-2009 ",2560x1600,No
Nvidia,31 Watts,1024 MB ,64 Bit ,8GB/sec,500 MHz,GeForce 210 1GB,"
12-Oct-2009 ",2560x1600,No
Nvidia,250 Watts,1536 MB ,384 Bit ,177.4GB/sec,924 MHz,GeForce GTX 480 Point of View Edition,"
01-Apr-2010 ",2560x1600,Yes
Nvidia,31 Watts,512 MB ,64 Bit ,4GB/sec,500 MHz,GeForce 210,"
01-Oct-2009 ",2560x1600,No
Nvidia,750 Watts,3072 MB ,256 Bit ,354.8GB/sec,924 MHz,GeForce GTX 480 3-way SLI,"
01-Mar-2010 ",2560x1600,Yes
Nvidia,69 Watts,1024 MB ,128 Bit ,54.4GB/sec,850 MHz,GeForce GT 240,"
01-Nov-2009 ",2560x1600,No
Nvidia,430 Watts,2560 MB ,320 Bit ,267.8GB/sec,837 MHz,GeForce GTX 470 SLI,"
01-Mar-2010 ",2560x1600,Yes
Nvidia,215 Watts,1280 MB ,320 Bit ,133.9GB/sec,837 MHz,GeForce GTX 470 Gigabyte SOC 1.2GB Edition,"
09-Jul-2010 ",2560x1600,Yes
Nvidia,250 Watts,1536 MB ,384 Bit ,192GB/sec,1000 MHz,GeForce GTX 480 MSI Lightning Edition,"
20-Sep-2010 ",2560x1600,Yes
Nvidia,250 Watts,1536 MB ,384 Bit ,177.4GB/sec,924 MHz,GeForce GTX 480,"
01-Mar-2010 ",2560x1600,Yes
Nvidia,215 Watts,1280 MB ,320 Bit ,133.9GB/sec,837 MHz,GeForce GTX 470,"
01-Mar-2010 ",2560x1600,Yes
Nvidia,,1024 MB ,256 Bit ,102.7GB/sec,802 MHz,GeForce GTX 465 MSI M2 Edition,"
01-Aug-2010 ",2560x1600,Yes
Nvidia,215 Watts,1280 MB ,320 Bit ,136GB/sec,850 MHz,GeForce GTX 470 Golden Sample Edition,"
01-Jun-2010 ",2560x1600,Yes
Nvidia,160 Watts,1024 MB ,256 Bit ,128.3GB/sec,1002 MHz,GeForce GTX 460 v2,"
24-Sep-2011 ",2560x1600,Yes
Nvidia,200 Watts,1024 MB ,256 Bit ,102.7GB/sec,802 MHz,GeForce GTX 465,"
01-May-2010 ",2560x1600,Yes
Nvidia,380 Watts,2048 MB ,256 Bit ,230.4GB/sec,900 MHz,GeForce GTX 460 SLI,"
01-Jul-2010 ",2560x1600,Yes
Nvidia,160 Watts,1024 MB ,256 Bit ,128.6GB/sec,1005 MHz,GeForce GTX 460 Point of View TGT Beast 1GB Edition,"
10-Sep-2010 ",2560x1600,Yes
Nvidia,150 Watts,1024 MB ,256 Bit ,108.8GB/sec,850 MHz,GeForce GTX 460 SE,"
01-Nov-2010 ",2560x1600,Yes
Nvidia,160 Watts,1024 MB ,256 Bit ,115.2GB/sec,900 MHz,GeForce GTX 460 MSI OC v1 1GB Edition,"
21-Sep-2010 ",2560x1600,Yes
Nvidia,160 Watts,1024 MB ,256 Bit ,115.2GB/sec,900 MHz,GeForce GTX 460 Palit Sonic 1GB Edition,"
12-Jul-2010 ",2560x1600,Yes
Nvidia,160 Watts,1024 MB ,256 Bit ,124.8GB/sec,975 MHz,GeForce GTX 460 MSI Hawk v2 1GB Edition,"
21-Sep-2010 ",2560x1600,Yes
Nvidia,,1024 MB ,256 Bit ,118.4GB/sec,925 MHz,GeForce GTX 460 PNY 1GB OC Edition,"
01-Aug-2010 ",2560x1600,Yes
Nvidia,160 Watts,1024 MB ,256 Bit ,115.2GB/sec,900 MHz,GeForce GTX 460 MSI OC v2 1GB Edition,"
21-Sep-2010 ",2560x1600,Yes
Nvidia,160 Watts,1024 MB ,256 Bit ,115.2GB/sec,900 MHz,GeForce GTX 460 MSI Hawk v1 1GB Edition,"
21-Sep-2010 ",2560x1600,Yes
Nvidia,180 Watts,2048 MB ,256 Bit ,115.2GB/sec,900 MHz,GeForce GTX 460 Gainward Golden Sample 2GB Edition,"
01-Jul-2010 ",2560x1600,Yes
Nvidia,160 Watts,1024 MB ,256 Bit ,115.2GB/sec,900 MHz,GeForce GTX 460 Gigabyte OC 1GB Edition,"
12-Jul-2010 ",2560x1600,Yes
Nvidia,160 Watts,1024 MB ,256 Bit ,115.2GB/sec,900 MHz,GeForce GTX 460 Gainward GS 1GB Edition,"
12-Jul-2010 ",2560x1600,Yes
Nvidia,225 Watts,1024 MB ,256 Bit ,128GB/sec,1000 MHz,GeForce GTX 460 Asus DirectCU TOP 1GB Edition,"
12-Aug-2010 ",2560x1600,Yes
Nvidia,160 Watts,1024 MB ,256 Bit ,115.2GB/sec,900 MHz,GeForce GTX 460 EVGA Superclocked 1GB Edition,"
12-Jul-2010 ",2560x1600,Yes
Nvidia,160 Watts,1024 MB ,256 Bit ,115.2GB/sec,900 MHz,GeForce GTX 460 Asus DirectCU II 1GB Edition,"
01-Jul-2010 ",2560x1600,Yes
Nvidia,106 Watts,1024 MB ,128 Bit ,17.1GB/sec,533 MHz,GeForce GTS 450 v4 Point of View 1GB Edition,"
11-Jul-2012 ",2560x1600,No
Nvidia,150 Watts,768 MB ,192 Bit ,86.4GB/sec,900 MHz,GeForce GTX 460 768MB,"
12-Jul-2010 ",2560x1600,Yes
Nvidia,96 Watts,1024 MB ,128 Bit ,22.4GB/sec,700 MHz,GeForce GTS 450 v4 Gainward 1GB Edition,"
11-Jul-2012 ",2560x1600,Yes
Nvidia,75 Watts,1024 MB ,128 Bit ,25.6GB/sec,800 MHz,GeForce GTS 450 v4 Asus DirectCU Silent 1GB Edition,"
11-Jul-2012 ",2560x1600,Yes
Nvidia,96 Watts,1024 MB ,128 Bit ,22.4GB/sec,700 MHz,GeForce GTS 450 v4 Palit 1GB Edition,"
11-Jul-2012 ",2560x1600,Yes
Nvidia,106 Watts,1024 MB ,128 Bit ,22.4GB/sec,700 MHz,GeForce GTS 450 v4,"
11-Jul-2012 ",2560x1600,No
Nvidia,75 Watts,1024 MB ,128 Bit ,25.6GB/sec,800 MHz,GeForce GTS 450 v4 Asus 1GB Edition,"
11-Jul-2012 ",2560x1600,Yes
Nvidia,106 Watts,1536 MB ,192 Bit ,86.6GB/sec,902 MHz,GeForce GTS 450 v2,"
11-Oct-2010 ",2560x1600,Yes
Nvidia,106 Watts,2048 MB ,128 Bit ,57.7GB/sec,902 MHz,GeForce GTS 450 v3,"
15-Mar-2011 ",2560x1600,Yes
Nvidia,107 Watts,1024 MB ,128 Bit ,64GB/sec,1000 MHz,GeForce GTS 450 Palit Sonic Platinum 1GB Edition,"
13-Sep-2010 ",2560x1600,Yes
Nvidia,106 Watts,1024 MB ,128 Bit ,57.7GB/sec,902 MHz,GeForce GTS 450 Point of View 1GB Edition,"
13-Sep-2010 ",2560x1600,Yes
Nvidia,106 Watts,1024 MB ,128 Bit ,57.7GB/sec,902 MHz,GeForce GTS 450 PNY XLR8 Performance 1GB Edition,"
15-Oct-2010 ",2560x1600,No
Nvidia,106 Watts,1024 MB ,128 Bit ,62.7GB/sec,980 MHz,GeForce GTS 450 MSI Cyclone 1GB Edition,"
13-Sep-2010 ",2560x1600,Yes
Nvidia,107 Watts,1024 MB ,128 Bit ,57.7GB/sec,902 MHz,GeForce GTS 450 Gigabyte OC 1GB Edition,"
13-Sep-2010 ",2560x1600,Yes
Nvidia,106 Watts,1024 MB ,128 Bit ,59.1GB/sec,924 MHz,GeForce GTS 450 Galaxy GC 1GB Edition,"
13-Sep-2010 ",2560x1600,Yes
Nvidia,106 Watts,1024 MB ,128 Bit ,57.7GB/sec,902 MHz,GeForce GTS 450 Gainward 1GB Edition,"
13-Sep-2010 ",2560x1600,Yes
Nvidia,107 Watts,1024 MB ,128 Bit ,65.7GB/sec,1026 MHz,GeForce GTS 450 EVGA FTW 1GB Edition,"
13-Sep-2010 ",2560x1600,No
Nvidia,107 Watts,1024 MB ,128 Bit ,60.8GB/sec,950 MHz,GeForce GTS 450 EVGA SuperClocked 1GB Edition,"
13-Sep-2010 ",2560x1600,Yes
Nvidia,106 Watts,1024 MB ,128 Bit ,57.7GB/sec,902 MHz,GeForce GTS 450 EVGA 1GB Edition,"
13-Sep-2010 ",2560x1600,Yes
Nvidia,106 Watts,1024 MB ,128 Bit ,57.7GB/sec,902 MHz,GeForce GTS 450 Asus DirectCU 1GB Edition,"
13-Sep-2010 ",2560x1600,Yes
Nvidia,106 Watts,1024 MB ,128 Bit ,60.8GB/sec,950 MHz,GeForce GTS 450 Asus DirectCU OC 1GB Edition,"
13-Sep-2010 ",2560x1600,Yes
Nvidia,65 Watts,1024 MB ,128 Bit ,51.2GB/sec,800 MHz,GeForce GT 440 Zotac 1GB Edition,"
01-Feb-2011 ",2560x1600,No
Nvidia,106 Watts,1024 MB ,128 Bit ,57.7GB/sec,902 MHz,GeForce GTS 450,"
03-Sep-2010 ",2560x1600,Yes
Nvidia,106 Watts,1024 MB ,128 Bit ,64GB/sec,1000 MHz,GeForce GTS 450 Asus DirectCU TOP 1GB Edition,"
13-Sep-2010 ",2560x1600,Yes
Nvidia,65 Watts,1024 MB ,128 Bit ,21.3GB/sec,667 MHz,GeForce GT 440 v2 Inno3D 2GB Edition,"
01-Mar-2011 ",2560x1600,No
Nvidia,56 Watts,1536 MB ,192 Bit ,43.2GB/sec,900 MHz,GeForce GT 440 v3,"
01-Oct-2010 ",2560x1600,No
Nvidia,65 Watts,1024 MB ,128 Bit ,28.8GB/sec,900 MHz,GeForce GT 440 v2 Gigabyte OC 1GB Edition,"
01-Mar-2011 ",2560x1600,No
Nvidia,65 Watts,1024 MB ,128 Bit ,21.3GB/sec,667 MHz,GeForce GT 440 v2 Zotac Synergy 2GB Edition,"
01-Mar-2011 ",2560x1600,No
Nvidia,65 Watts,1024 MB ,128 Bit ,51.2GB/sec,800 MHz,GeForce GT 440 Palit 1GB Edition,"
01-Feb-2011 ",2560x1600,No
Nvidia,65 Watts,1024 MB ,128 Bit ,51.2GB/sec,800 MHz,GeForce GT 440 Gigabyte Turbo Cache 1GB Edition,"
01-Feb-2011 ",2560x1600,No
Nvidia,160 Watts,1024 MB ,256 Bit ,115.2GB/sec,900 MHz,GeForce GTX 460,"
12-Jul-2010 ",2560x1600,Yes
Nvidia,65 Watts,1024 MB ,128 Bit ,51.2GB/sec,800 MHz,GeForce GT 440 Gainward 1GB Edition,"
01-Feb-2011 ",2560x1600,No
Nvidia,65 Watts,1024 MB ,128 Bit ,51.2GB/sec,800 MHz,GeForce GT 440 Asus 1GB Edition,"
01-Feb-2011 ",2560x1600,No
Nvidia,65 Watts,1024 MB ,128 Bit ,28.8GB/sec,900 MHz,GeForce GT 440 v2,"
01-Feb-2011 ",2560x1600,No
Nvidia,65 Watts,512 MB ,128 Bit ,51.2GB/sec,800 MHz,GeForce GT 440,"
01-Feb-2011 ",2560x1600,No
Nvidia,49 Watts,2048 MB ,128 Bit ,21.3GB/sec,667 MHz,GeForce GT 430 Zotac Synergy 2GB Edition,"
01-Oct-2010 ",2560x1600,No
Nvidia,49 Watts,4096 MB ,128 Bit ,17.1GB/sec,533 MHz,GeForce GT 430 Zotac Synergy 4GB Edition,"
01-Oct-2010 ",2560x1600,No
Nvidia,60 Watts,2048 MB ,128 Bit ,28.8GB/sec,900 MHz,GeForce GT 430 v2,"
11-Oct-2010 ",2560x1600,No
Nvidia,49 Watts,1024 MB ,128 Bit ,21.3GB/sec,667 MHz,GeForce GT 430 MSI OC 2GB Edition,"
01-Dec-2010 ",2560x1600,No
Nvidia,49 Watts,1024 MB ,128 Bit ,29.6GB/sec,925 MHz,GeForce GT 430 MSI Low Profile Single Fan OC 1GB Edition,"
01-Dec-2010 ",2560x1600,No
Nvidia,49 Watts,1024 MB ,128 Bit ,32GB/sec,1000 MHz,GeForce GT 430 MSI Low Profile Dual Fan OC 1GB Edition,"
01-Dec-2010 ",2560x1600,No
Nvidia,49 Watts,1024 MB ,128 Bit ,25.6GB/sec,800 MHz,GeForce GT 430 Gainward 1GB Edition,"
01-Oct-2010 ",2560x1600,No
Nvidia,49 Watts,4096 MB ,128 Bit ,21.3GB/sec,667 MHz,GeForce GT 430 Inno3D 4GB Edition,"
01-Dec-2010 ",2560x1600,No
Nvidia,49 Watts,1024 MB ,128 Bit ,28.8GB/sec,900 MHz,GeForce GT 430 Gigabyte OC 1GB Edition,"
01-Nov-2010 ",2560x1600,No
Nvidia,49 Watts,1024 MB ,128 Bit ,25.6GB/sec,800 MHz,GeForce GT 430 EVGA 1GB Edition,"
01-Oct-2010 ",2560x1600,No
Nvidia,50 Watts,2048 MB ,128 Bit ,16GB/sec,500 MHz,GeForce GT 430 AXLE 2GB Edition,"
01-Jan-2011 ",2560x1600,No
Nvidia,25 Watts,1024 MB ,64 Bit ,12.6GB/sec,790 MHz,GeForce 405,"
16-Sep-2011 ",2560x1600,No
Nvidia,50 Watts,2048 MB ,128 Bit ,28.8GB/sec,900 MHz,GeForce GT 420,"
03-Sep-2010 ",2560x1600,No
Nvidia,50 Watts,2048 MB ,128 Bit ,25.6GB/sec,800 MHz,GeForce GT 420 Gigabyte Rev. 3.0 2GB Edition,"
03-Sep-2010 ",2560x1600,No
Nvidia,49 Watts,1024 MB ,128 Bit ,28.8GB/sec,900 MHz,GeForce GT 430,"
11-Oct-2010 ",2560x1600,No
Nvidia,365 Watts,3072 MB ,384 Bit ,331.8GB/sec,864 MHz,GeForce GTX 590 EVGA Classified Hydro Copper Edition,"
24-Mar-2011 ",2560x1600,Yes
Nvidia,499 Watts,3072 MB ,384 Bit ,384.8GB/sec,1002 MHz,GeForce GTX 590 Mars II Asus Edition,"
01-Apr-2011 ",2560x1600,Yes
Nvidia,700 Watts,6144 MB ,384 Bit ,655.9GB/sec,854 MHz,GeForce GTX 590 SLI,"
24-Mar-2011 ",2560x1600,Yes
Nvidia,365 Watts,3072 MB ,384 Bit ,327.9GB/sec,854 MHz,GeForce GTX 590,"
24-Mar-2011 ",2560x1600,Yes
Nvidia,365 Watts,3072 MB ,384 Bit ,331.8GB/sec,864 MHz,GeForce GTX 590 EVGA Classified Edition,"
24-Mar-2011 ",2560x1600,Yes
Nvidia,255 Watts,1536 MB ,384 Bit ,196.8GB/sec,1025 MHz,GeForce GTX 580 Zotac AMP! Edition,"
01-Jan-2011 ",2560x1600,Yes
Nvidia,,1536 MB ,384 Bit ,196.6GB/sec,1024 MHz,GeForce GTX 580 Twin Frozr II OC Edition,"
01-Mar-2011 ",2560x1600,Yes
Nvidia,488 Watts,3072 MB ,384 Bit ,384.8GB/sec,1002 MHz,GeForce GTX 580 SLI,"
01-Nov-2010 ",2560x1600,Yes
Nvidia,244 Watts,3072 MB ,384 Bit ,193GB/sec,1005 MHz,GeForce GTX 580 Palit Dual Fan 3GB Edition,"
12-Jan-2011 ",2560x1600,Yes
Nvidia,244 Watts,3072 MB ,384 Bit ,201.6GB/sec,1050 MHz,GeForce GTX 580 Lightning Xtreme Edition,"
01-May-2011 ",2560x1600,Yes
Nvidia,,1536 MB ,384 Bit ,192.4GB/sec,1002 MHz,GeForce GTX 580 Gigabyte UD rev 1.0 Edition,"
01-Feb-2011 ",2560x1600,Yes
Nvidia,,1536 MB ,384 Bit ,192.4GB/sec,1002 MHz,GeForce GTX 580 Galaxy Edition,"
01-Nov-2010 ",2560x1600,Yes
Nvidia,,3072 MB ,384 Bit ,193GB/sec,1005 MHz,GeForce GTX 580 Gainward Phantom 3GB,"
09-Nov-2010 ",2560x1600,Yes
Nvidia,,1536 MB ,384 Bit ,193GB/sec,1005 MHz,GeForce GTX 580 Gainward GOOD Edition,"
01-May-2011 ",2560x1600,Yes
Nvidia,244 Watts,1536 MB ,384 Bit ,194.5GB/sec,1013 MHz,GeForce GTX 580 EVGA Superclocked Edition,"
01-Jan-2011 ",2560x1600,Yes
Nvidia,244 Watts,1536 MB ,384 Bit ,201.4GB/sec,1049 MHz,GeForce GTX 580 EVGA FTW Hydro Copper 2 1.5GB Edition,"
17-Jan-2011 ",2560x1600,Yes
Nvidia,244 Watts,1536 MB ,384 Bit ,194.5GB/sec,1013 MHz,GeForce GTX 580 EVGA CoD Black Ops 1.5GB Edition,"
09-Nov-2010 ",2560x1600,Yes
Nvidia,244 Watts,1536 MB ,384 Bit ,192.4GB/sec,1002 MHz,GeForce GTX 580 Asus DirectCU II Edition,"
01-Jan-2011 ",2560x1600,Yes
Nvidia,244 Watts,3072 MB ,384 Bit ,202.2GB/sec,1053 MHz,GeForce GTX 580 CUHC 3GB,"
01-Nov-2010 ",2560x1600,Yes
Nvidia,244 Watts,1536 MB ,384 Bit ,194.5GB/sec,1013 MHz,GeForce GTX 580 EVGA DS Superclocked 1.5GB Edition,"
22-Apr-2011 ",2560x1600,Yes
Nvidia,,1536 MB ,384 Bit ,192.4GB/sec,1002 MHz,GeForce GTX 580 Asus Matrix Edition,"
01-May-2011 ",2560x1600,Yes
Nvidia,244 Watts,3072 MB ,384 Bit ,202.2GB/sec,1053 MHz,GeForce GTX 580 EVGA Classified Ultra 3GB Edition,"
25-Nov-2011 ",2560x1600,Yes
Nvidia,244 Watts,1536 MB ,384 Bit ,192.4GB/sec,1002 MHz,GeForce GTX 580,"
09-Nov-2010 ",2560x1600,Yes
Nvidia,219 Watts,1280 MB ,320 Bit ,156GB/sec,975 MHz,GeForce GTX 570 Sonic Edition,"
01-Jun-2011 ",2560x1600,Yes
Nvidia,244 Watts,3072 MB ,384 Bit ,192.4GB/sec,1002 MHz,GeForce GTX 580 EVGA 3GB Edition,"
27-Jun-2011 ",2560x1600,Yes
Nvidia,219 Watts,1280 MB ,320 Bit ,160GB/sec,1000 MHz,GeForce GTX 570 SP Edition ,"
01-Dec-2010 ",2560x1600,Yes
Nvidia,410 Watts,2560 MB ,320 Bit ,304GB/sec,950 MHz,GeForce GTX 570 SLI,"
01-Dec-2010 ",2560x1600,Yes
Nvidia,,1280 MB ,320 Bit ,152GB/sec,950 MHz,GeForce GTX 570 MSI Power Edition,"
01-Apr-2011 ",2560x1600,Yes
Nvidia,,1280 MB ,320 Bit ,160GB/sec,1000 MHz,GeForce GTX 570 MSI OC Power Edition,"
01-Apr-2011 ",2560x1600,Yes
Nvidia,219 Watts,1280 MB ,320 Bit ,160GB/sec,1000 MHz,GeForce GTX 570 GS-GLH Edition,"
07-Dec-2010 ",2560x1600,Yes
Nvidia,,1280 MB ,320 Bit ,152GB/sec,950 MHz,GeForce GTX 570 Gigabyte SO Edition,"
01-May-2011 ",2560x1600,Yes
Nvidia,219 Watts,1280 MB ,320 Bit ,152GB/sec,950 MHz,GeForce GTX 570 Gigabyte Edition,"
01-Apr-2011 ",2560x1600,Yes
Nvidia,219 Watts,1280 MB ,320 Bit ,156GB/sec,975 MHz,GeForce GTX 570 EVGA SC Edition,"
01-Dec-2010 ",2560x1600,Yes
Nvidia,,1280 MB ,320 Bit ,156GB/sec,975 MHz,GeForce GTX 570 Gainward Phantom Edition,"
01-Jan-2011 ",2560x1600,Yes
Nvidia,,1280 MB ,320 Bit ,152GB/sec,950 MHz,GeForce GTX 570 Direct CU II Edition,"
01-Jul-2011 ",2560x1600,Yes
Nvidia,219 Watts,1280 MB ,320 Bit ,156GB/sec,975 MHz,GeForce GTX 570 Gainward Golden Sample 1.2GB Edition,"
07-Dec-2010 ",2560x1600,Yes
Nvidia,219 Watts,1280 MB ,320 Bit ,152GB/sec,950 MHz,GeForce GTX 570,"
07-Dec-2010 ",2560x1600,Yes
Nvidia,150 Watts,1024 MB ,256 Bit ,140.8GB/sec,1100 MHz,GeForce GTX 560 Zotac AMP! 1GB Edition,"
25-Jul-2011 ",2560x1600,Yes
Nvidia,150 Watts,1024 MB ,256 Bit ,128.3GB/sec,1002 MHz,GeForce GTX 560 Zotac 1GB Edition,"
17-May-2011 ",2560x1600,Yes
Nvidia,219 Watts,2560 MB ,320 Bit ,152GB/sec,950 MHz,GeForce GTX 570 EVGA HD 2.5GB Edition,"
01-Sep-2011 ",2560x1600,Yes
Nvidia,,1024 MB ,256 Bit ,128.3GB/sec,1002 MHz,GeForce GTX 560 Ti Zotac OC Edition,"
01-Feb-2011 ",2560x1600,Yes
Nvidia,170 Watts,1024 MB ,256 Bit ,140.8GB/sec,1100 MHz,GeForce GTX 560 Ti Zotac AMP! 1GB Edition,"
25-Jan-2011 ",2560x1600,Yes
Nvidia,,2048 MB ,256 Bit ,192.3GB/sec,1502 MHz,GeForce GTX 560 Ti Twin Frozr II/OC 2GB,"
01-May-2011 ",2560x1600,Yes
Nvidia,,2048 MB ,256 Bit ,128.3GB/sec,1002 MHz,GeForce GTX 560 Ti Twin Frozr II 2GB,"
01-May-2011 ",2560x1600,Yes
Nvidia,184 Watts,1024 MB ,256 Bit ,134.8GB/sec,1053 MHz,GeForce GTX 560 Ti Superclocked Edition,"
01-Mar-2011 ",2560x1600,Yes
Nvidia,180 Watts,1024 MB ,256 Bit ,134.4GB/sec,1050 MHz,GeForce GTX 560 Ti Sonic 1GB Edition,"
01-May-2012 ",2560x1600,Yes
Nvidia,300 Watts,2048 MB ,256 Bit ,256.5GB/sec,1002 MHz,GeForce GTX 560 Ti SLI,"
01-Jan-2011 ",2560x1600,Yes
Nvidia,,1024 MB ,256 Bit ,131.2GB/sec,1025 MHz,GeForce GTX 560 Ti Inno3D OC Edition,"
01-Jan-2011 ",2560x1600,Yes
Nvidia,170 Watts,1024 MB ,256 Bit ,134.4GB/sec,1050 MHz,GeForce GTX 560 Ti Twin Frozr II OC Edition,"
01-Feb-2011 ",2560x1600,Yes
Nvidia,,1024 MB ,256 Bit ,131.2GB/sec,1025 MHz,GeForce GTX 560 Ti Phantom 1GB Edition,"
01-Jan-2011 ",2560x1600,Yes
Nvidia,,1024 MB ,256 Bit ,134.8GB/sec,1053 MHz,GeForce GTX 560 Ti PNY OC2 1GB,"
01-Mar-2011 ",2560x1600,Yes
Nvidia,170 Watts,1024 MB ,256 Bit ,134.4GB/sec,1050 MHz,GeForce GTX 560 Ti Hawk Edition,"
09-Feb-2011 ",2560x1600,Yes
Nvidia,,1024 MB ,256 Bit ,128GB/sec,1000 MHz,GeForce GTX 560 Ti Gigabyte OC 1GB Edition,"
01-Jan-2011 ",2560x1600,Yes
Nvidia,,1024 MB ,256 Bit ,134.4GB/sec,1050 MHz,GeForce GTX 560 Ti Golden Sample Edition,"
01-Feb-2011 ",2560x1600,Yes
Nvidia,170 Watts,2048 MB ,256 Bit ,128.3GB/sec,1002 MHz,GeForce GTX 560 Ti EVGA 2GB Edition,"
10-Nov-2011 ",2560x1600,Yes
Nvidia,170 Watts,1024 MB ,256 Bit ,134.8GB/sec,1053 MHz,GeForce GTX 560 Ti Superclocked DS Edition,"
05-Nov-2011 ",2560x1600,Yes
Nvidia,,2048 MB ,256 Bit ,128.3GB/sec,1002 MHz,GeForce GTX 560 Ti DirectCUII TOP 2GB,"
25-Feb-2011 ",2560x1600,Yes
Nvidia,,1024 MB ,256 Bit ,146.6GB/sec,1145 MHz,GeForce GTX 560 Ti SOC Edition,"
01-Jan-2011 ",2560x1600,Yes
Nvidia,,1024 MB ,256 Bit ,134.4GB/sec,1050 MHz,GeForce GTX 560 Ti DirectCUII TOP 1GB,"
25-Feb-2011 ",2560x1600,Yes
Nvidia,170 Watts,2048 MB ,256 Bit ,128.3GB/sec,1002 MHz,GeForce GTX 560 Ti Gainward Phantom 2GB Edition,"
25-Jan-2011 ",2560x1600,Yes
Nvidia,,1024 MB ,256 Bit ,128GB/sec,1000 MHz,GeForce GTX 560 Ti DirectCUII 1GB,"
01-Feb-2011 ",2560x1600,Yes
Nvidia,,2048 MB ,256 Bit ,128.3GB/sec,1002 MHz,GeForce GTX 560 Ti DirectCUII 2GB,"
01-Feb-2011 ",2560x1600,Yes
Nvidia,,1024 MB ,256 Bit ,134.8GB/sec,1053 MHz,GeForce GTX 560 Ti Crysis 2 Maximum Edition,"
23-Mar-2011 ",2560x1600,Yes
Nvidia,,1024 MB ,256 Bit ,140.8GB/sec,1100 MHz,GeForce GTX 560 Ti AMP,"
08-Feb-2011 ",2560x1600,Yes
Nvidia,150 Watts,1024 MB ,256 Bit ,143.6GB/sec,1122 MHz,GeForce GTX 560 Sparkle Calibe DF 1GB Edition,"
19-May-2011 ",2560x1600,Yes
Nvidia,170 Watts,1024 MB ,256 Bit ,128.3GB/sec,1002 MHz,GeForce GTX 560 Ti,"
25-Jan-2011 ",2560x1600,Yes
Nvidia,210 Watts,1280 MB ,256 Bit ,121.6GB/sec,950 MHz,GeForce GTX 560 Ti 448 Edition ,"
29-Nov-2011 ",2560x1600,Yes
Nvidia,150 Watts,1024 MB ,192 Bit ,91.9GB/sec,957 MHz,GeForce GTX 560 SE (OEM),"
30-Mar-2012 ",2560x1600,Yes
Nvidia,210 Watts,1280 MB ,256 Bit ,124.8GB/sec,975 MHz,GeForce GTX 560 Ti 448 MSI Twin Frozr III Power OC 1.2GB Edition,"
29-Nov-2011 ",2560x1600,Yes
Nvidia,150 Watts,1024 MB ,256 Bit ,128.3GB/sec,1002 MHz,GeForce GTX 560 Gigabyte WindForce 2X Rev 3.0 1GB Edition,"
17-May-2011 ",2560x1600,Yes
Nvidia,150 Watts,2048 MB ,256 Bit ,128.3GB/sec,1002 MHz,GeForce GTX 560 Palit 2GB Edition,"
01-May-2011 ",2560x1600,Yes
Nvidia,150 Watts,1024 MB ,256 Bit ,130.6GB/sec,1020 MHz,GeForce GTX 560 MSI TwinFrozr II OC 1GB Edition,"
17-May-2011 ",2560x1600,Yes
Nvidia,150 Watts,1024 MB ,256 Bit ,128.3GB/sec,1002 MHz,GeForce GTX 560 Gigabyte WindForce 2X Rev 2.0 1GB Edition,"
17-May-2011 ",2560x1600,Yes
Nvidia,150 Watts,1024 MB ,256 Bit ,128.3GB/sec,1002 MHz,GeForce GTX 560 Gigabyte WindForce 2X Rev 1.0 1GB Edition,"
17-May-2011 ",2560x1600,Yes
Nvidia,150 Watts,2048 MB ,256 Bit ,128.3GB/sec,1002 MHz,GeForce GTX 560 Galaxy GC 2GB Edition,"
01-Dec-2011	 ",2560x1600,Yes
Nvidia,300 Watts,2048 MB ,256 Bit ,256.3GB/sec,1001 MHz,GeForce GTX 560 SLI,"
17-May-2011 ",2560x1600,Yes
Nvidia,150 Watts,2048 MB ,256 Bit ,131.3GB/sec,1026 MHz,GeForce GTX 560 EVGA Superclocked 2GB Edition,"
01-Jun-2011 ",2560x1600,Yes
Nvidia,150 Watts,1024 MB ,256 Bit ,129.3GB/sec,1010 MHz,GeForce GTX 560 Gainward Phantom 1GB Edition,"
28-Nov-2011 ",2560x1600,Yes
Nvidia,150 Watts,1024 MB ,256 Bit ,137.9GB/sec,1077 MHz,GeForce GTX 560 EVGA FTW+ 1GB Edition,"
15-Aug-2011 ",2560x1600,Yes
Nvidia,150 Watts,1024 MB ,256 Bit ,131.3GB/sec,1026 MHz,GeForce GTX 560 EVGA Superclocked 1GB Edition,"
17-May-2011 ",2560x1600,Yes
Nvidia,150 Watts,1024 MB ,256 Bit ,133.1GB/sec,1040 MHz,GeForce GTX 560 EVGA DS SSC 1GB Edition,"
02-Dec-2011 ",2560x1600,Yes
Nvidia,176 Watts,1024 MB ,256 Bit ,131.3GB/sec,1026 MHz,GeForce GTX 560 Club3D CoolStream Super OC 1GB Edition,"
17-May-2011 ",2560x1600,Yes
Nvidia,150 Watts,1024 MB ,256 Bit ,134.4GB/sec,1050 MHz,GeForce GTX 560 Asus DirectCU II TOP 1GB Edition,"
19-May-2011 ",2560x1600,Yes
Nvidia,150 Watts,1024 MB ,256 Bit ,128.3GB/sec,1002 MHz,GeForce GTX 560 EVGA 1GB Edition,"
17-May-2011 ",2560x1600,Yes
Nvidia,150 Watts,1024 MB ,256 Bit ,134.4GB/sec,1050 MHz,GeForce GTX 560 Asus DirectCU II OC 1GB Edition,"
17-May-2011 ",2560x1600,Yes
Nvidia,150 Watts,1280 MB ,320 Bit ,128.3GB/sec,802 MHz,GeForce GTX 560 (OEM),"
29-Nov-2011 ",2560x1600,Yes
Nvidia,150 Watts,1024 MB ,256 Bit ,128.3GB/sec,1002 MHz,GeForce GTX 560 ECS Black 1GB Edition,"
17-May-2011 ",2560x1600,Yes
Nvidia,150 Watts,1024 MB ,256 Bit ,128.3GB/sec,1002 MHz,GeForce GTX 560 Asus DirectCU 1GB Edition,"
17-May-2011 ",2560x1600,Yes
Nvidia,150 Watts,1024 MB ,256 Bit ,129.3GB/sec,1010 MHz,GeForce GTX 560 Gainward Golden Sample 1GB Edition,"
08-Sep-2011 ",2560x1600,Yes
Nvidia,150 Watts,1024 MB ,192 Bit ,91.9GB/sec,957 MHz,GeForce GTX 555 (OEM),"
01-May-2012 ",2560x1600,Yes
Nvidia,150 Watts,1024 MB ,256 Bit ,128.1GB/sec,1001 MHz,GeForce GTX 560,"
17-May-2011 ",2560x1600,Yes
Nvidia,,1024 MB ,192 Bit ,105.6GB/sec,1100 MHz,GeForce GTX 550 Ti Zotac AMP! Edition,"
01-Mar-2011 ",2560x1600,Yes
Nvidia,,1024 MB ,192 Bit ,98.4GB/sec,1025 MHz,GeForce GTX 550 Ti WindForce Edition,"
01-Sep-2011  ",2560x1600,Yes
Nvidia,250 Watts,2048 MB ,192 Bit ,196.8GB/sec,1025 MHz,GeForce GTX 550 Ti SLI,"
15-Mar-2011 ",2560x1600,Yes
Nvidia,116 Watts,1024 MB ,192 Bit ,98.4GB/sec,1025 MHz,GeForce GTX 550 Ti Zotac Edition,"
01-Mar-2011 ",2560x1600,Yes
Nvidia,116 Watts,1024 MB ,192 Bit ,98.4GB/sec,1025 MHz,GeForce GTX 550 Ti Palit Edition,"
01-Mar-2011 ",2560x1600,Yes
Nvidia,,1024 MB ,192 Bit ,103.2GB/sec,1075 MHz,GeForce GTX 550 Ti M2D1 OC Edition,"
01-May-2011 ",2560x1600,Yes
Nvidia,,1024 MB ,192 Bit ,98.5GB/sec,1026 MHz,GeForce GTX 550 Ti DirectCU TOP Edition,"
01-Mar-2011 ",2560x1600,Yes
Nvidia,,1024 MB ,192 Bit ,105.6GB/sec,1100 MHz,GeForce GTX 550 Ti Sonic Edition,"
01-Mar-2011 ",2560x1600,Yes
Nvidia,,1024 MB ,192 Bit ,100.8GB/sec,1050 MHz,GeForce GTX 550 Ti Gigabyte OC Edition,"
01-Jul-2011 ",2560x1600,Yes
Nvidia,116 Watts,1024 MB ,192 Bit ,104.5GB/sec,1089 MHz,GeForce GTX 550 Ti FPB,"
01-Mar-2011 ",2560x1600,Yes
Nvidia,,1024 MB ,192 Bit ,98.4GB/sec,1025 MHz,GeForce GTX 550 Ti Gainward Edition,"
01-Mar-2011 ",2560x1600,Yes
Nvidia,,1024 MB ,192 Bit ,108.3GB/sec,1128 MHz,GeForce GTX 550 Ti EVGA SC Edition,"
01-Mar-2011 ",2560x1600,Yes
Nvidia,,1024 MB ,192 Bit ,98.5GB/sec,1026 MHz,GeForce GTX 550 Ti DirectCU Edition,"
01-Mar-2011 ",2560x1600,Yes
Nvidia,116 Watts,1024 MB ,192 Bit ,105.6GB/sec,1100 MHz,GeForce GTX 550 Ti Golden Sample Edition,"
01-Mar-2011 ",2560x1600,Yes
Nvidia,,2048 MB ,192 Bit ,96.2GB/sec,1002 MHz,GeForce GTX 550 Ti EVGA 2GB Edition,"
01-Mar-2011 ",2560x1600,Yes
Nvidia,,1024 MB ,192 Bit ,103.2GB/sec,1075 MHz,GeForce GTX 550 Ti Cyclone II OC Edition,"
15-Mar-2011 ",2560x1600,Yes
Nvidia,,1024 MB ,192 Bit ,98.4GB/sec,1025 MHz,GeForce GTX 550 Ti Asus M2D1 Edition,"
01-May-2011 ",2560x1600,Yes
Nvidia,250 Watts,2048 MB ,192 Bit ,196.8GB/sec,1025 MHz,GeForce GTX 550 Ti Asus Edition SLI,"
15-Mar-2011 ",2560x1600,Yes
Nvidia,116 Watts,1024 MB ,192 Bit ,98.5GB/sec,1026 MHz,GeForce GTX 550 Ti Asus Edition,"
01-Mar-2011 ",2560x1600,Yes
Nvidia,116 Watts,1024 MB ,192 Bit ,98.4GB/sec,1025 MHz,GeForce GTX 550 Ti,"
15-Mar-2011 ",2560x1600,Yes
Nvidia,70 Watts,3072 MB ,192 Bit ,38.4GB/sec,800 MHz,GeForce GT 545 3GB,"
14-May-2011 ",2560x1600,Yes
Nvidia,70 Watts,1536 MB ,192 Bit ,38.4GB/sec,800 MHz,GeForce GT 545 1.5GB,"
14-May-2011 ",2560x1600,Yes
Nvidia,29 Watts,1024 MB ,64 Bit ,8.5GB/sec,533 MHz,GeForce GT 520 Zotac Synergy 1GB Edition,"
01-May-2011 ",2560x1600,No
Nvidia,105 Watts,1024 MB ,128 Bit ,63.9GB/sec,999 MHz,GeForce GT 545 (OEM),"
14-May-2011 ",2560x1600,Yes
Nvidia,29 Watts,1024 MB ,64 Bit ,8GB/sec,500 MHz,GeForce GT 520 v4,"
20-Aug-2012 ",2560x1600,No
Nvidia,29 Watts,2048 MB ,64 Bit ,14.4GB/sec,898 MHz,GeForce GT 520 v3,"
01-Feb-2012 ",2560x1600,No
Nvidia,29 Watts,1024 MB ,64 Bit ,10.7GB/sec,667 MHz,GeForce GT 520 Gigabyte 1GB Edition,"
13-Apr-2011 ",2560x1600,No
Nvidia,50 Watts,1024 MB ,128 Bit ,28.8GB/sec,900 MHz,GeForce GT 530,"
14-May-2011 ",2560x1600,Yes
Nvidia,29 Watts,1024 MB ,64 Bit ,10.7GB/sec,667 MHz,GeForce GT 520 v2,"
01-Feb-2012 ",2560x1600,No
Nvidia,29 Watts,1024 MB ,64 Bit ,14.4GB/sec,900 MHz,GeForce GT 520,"
13-Apr-2011 ",2560x1600,No
Nvidia,29 Watts,2048 MB ,64 Bit ,9.6GB/sec,600 MHz,GeForce GT 520 Asus Silent Low Profile 2GB Edition,"
13-Jun-2013 ",2560x1600,No
Nvidia,170 Watts,4096 MB ,256 Bit ,230.4GB/sec,1800 MHz,GeForce GTX 980 Zotac AMP! Omega 4GB Edition,"
19-Sep-2014 ",5120x3200,Yes
Nvidia,29 Watts,1024 MB ,64 Bit ,9.6GB/sec,600 MHz,GeForce GT 520 Asus Silent Low Profile 1GB Edition,"
13-Jun-2013 ",2560x1600,No
Nvidia,350 Watts,8192 MB ,256 Bit ,460.8GB/sec,1800 MHz,GeForce GTX 980 Zotac AMP! Extreme 4GB Edition SLI,"
19-Sep-2014 ",4096x2160,Yes
Nvidia,29 Watts,1024 MB ,64 Bit ,8.6GB/sec,535 MHz,GeForce GT 520 Gainward SilentFX 1GB Edition,"
13-Jun-2013 ",2560x1600,No
Nvidia,185 Watts,4096 MB ,256 Bit ,230.4GB/sec,1800 MHz,GeForce GTX 980 Zotac AMP! Extreme 4GB Edition,"
19-Sep-2014 ",5120x3200,Yes
Nvidia,165 Watts,4096 MB ,256 Bit ,224.4GB/sec,1753 MHz,GeForce GTX 980 Zotac 4GB Edition,"
19-Sep-2014 ",5120x3200,Yes
Nvidia,170 Watts,4096 MB ,256 Bit ,224.4GB/sec,1753 MHz,GeForce GTX 980 Zotac AMP! 4GB Edition,"
19-Sep-2014 ",5120x3200,Yes
Nvidia,25 Watts,1024 MB ,64 Bit ,14.4GB/sec,898 MHz,GeForce 510,"
29-Sep-2011 ",2560x1600,No
Nvidia,250 Watts,6144 MB ,384 Bit ,336.6GB/sec,1753 MHz,GeForce GTX 980 Ti Zotac ArcticStorm 6GB Edition,"
02-Jun-2015 ",5120x3200,Yes
Nvidia,250 Watts,6144 MB ,384 Bit ,336.6GB/sec,1753 MHz,GeForce GTX 980 Ti Zotac AMP! 6GB Edition,"
02-Jun-2015 ",5120x3200,Yes
Nvidia,500 Watts,12288 MB ,384 Bit ,692.4GB/sec,1803 MHz,GeForce GTX 980 Ti Zotac AMP! Extreme 6GB Edition SLI,"
02-Jun-2015 ",5120x3200,Yes
Nvidia,250 Watts,6144 MB ,384 Bit ,346.2GB/sec,1803 MHz,GeForce GTX 980 Ti Zotac AMP! Extreme 6GB Edition,"
02-Jun-2015 ",5120x3200,Yes
Nvidia,250 Watts,6144 MB ,384 Bit ,336.6GB/sec,1753 MHz,GeForce GTX 980 Ti Zotac 6GB Edition,"
02-Jun-2015 ",5120x3200,Yes
Nvidia,250 Watts,6144 MB ,384 Bit ,336.6GB/sec,1753 MHz,GeForce GTX 980 Ti PNY XLR8 OC 6GB Edition,"
07-Jul-2015 ",5120x3200,Yes
Nvidia,280 Watts,6144 MB ,384 Bit ,336.6GB/sec,1753 MHz,GeForce GTX 980 Ti Palit Super JetStream 6GB Edition,"
15-Jun-2015 ",5120x3200,Yes
Nvidia,250 Watts,6144 MB ,384 Bit ,336.6GB/sec,1753 MHz,GeForce GTX 980 Ti Palit JetStream 6GB Edition,"
02-Jun-2015 ",5120x3200,Yes
Nvidia,250 Watts,6144 MB ,384 Bit ,336.6GB/sec,1753 MHz,GeForce GTX 980 Ti Palit 6GB Edition,"
02-Jun-2015 ",5120x3200,Yes
Nvidia,250 Watts,6144 MB ,384 Bit ,340.6GB/sec,1774 MHz,GeForce GTX 980 Ti MSI Gaming Golden 6GB Edition,"
01-Oct-2015 ",5120x3200,Yes
Nvidia,250 Watts,6144 MB ,384 Bit ,340.6GB/sec,1774 MHz,GeForce GTX 980 Ti MSI Sea Hawk 6GB Edition,"
26-Aug-2015 ",5120x3200,Yes
Nvidia,250 Watts,6144 MB ,384 Bit ,336.6GB/sec,1753 MHz,GeForce GTX 980 Ti MSI 6GB Edition,"
02-Jun-2015 ",5120x3200,Yes
Nvidia,500 Watts,12288 MB ,384 Bit ,681.6GB/sec,1775 MHz,GeForce GTX 980 Ti MSI Gaming 6GB Edition SLI,"
02-Jun-2015 ",5120x3200,Yes
Nvidia,250 Watts,6144 MB ,384 Bit ,340.6GB/sec,1774 MHz,GeForce GTX 980 Ti MSI Lightning 6GB Edition,"
26-Aug-2015 ",5120x3200,Yes
Nvidia,250 Watts,6144 MB ,384 Bit ,336.6GB/sec,1753 MHz,GeForce GTX 980 Ti MSI Armor 2X OC 6GB Edition,"
02-Jun-2015 ",5120x3200,Yes
Nvidia,280 Watts,6144 MB ,384 Bit ,345.6GB/sec,1800 MHz,GeForce GTX 980 Ti Inno3D iChill X4 Ultra 6GB Edition,"
02-Jun-2015 ",5120x3200,Yes
Nvidia,280 Watts,6144 MB ,384 Bit ,345.6GB/sec,1800 MHz,GeForce GTX 980 Ti Inno3D iChill X3 Ultra 6GB Edition,"
02-Jun-2015 ",5120x3200,Yes
Nvidia,250 Watts,6144 MB ,384 Bit ,345.6GB/sec,1800 MHz,GeForce GTX 980 Ti Gigabyte XTREME Water 6GB Edition,"
11-Nov-2015 ",5120x3200,Yes
Nvidia,250 Watts,6144 MB ,384 Bit ,340.8GB/sec,1775 MHz,GeForce GTX 980 Ti MSI Gaming 6GB Edition,"
02-Jun-2015 ",5120x3200,Yes
Nvidia,290 Watts,6144 MB ,384 Bit ,349.4GB/sec,1820 MHz,GeForce GTX 980 Ti Inno3D iChill Black 6GB Edition,"
02-Jun-2015 ",5120x3200,Yes
Nvidia,250 Watts,6144 MB ,384 Bit ,345.6GB/sec,1800 MHz,GeForce GTX 980 Ti Gigabyte XTREME 6GB Edition,"
 11-Nov-2015 ",5120x3200,Yes
Nvidia,250 Watts,6144 MB ,384 Bit ,336.6GB/sec,1753 MHz,GeForce GTX 980 Ti Gigabyte G1 Gaming 6GB Edition,"
02-Jun-2015 ",5120x3200,Yes
Nvidia,250 Watts,6144 MB ,384 Bit ,336.6GB/sec,1753 MHz,GeForce GTX 980 Ti Gigabyte 6GB Edition,"
02-Jun-2015 ",5120x3200,Yes
Nvidia,250 Watts,6144 MB ,384 Bit ,336.6GB/sec,1753 MHz,GeForce GTX 980 Ti Gigabyte WindForce 3X OC 6GB Edition,"
01-Sep-2015 ",5120x3200,Yes
Nvidia,500 Watts,12288 MB ,384 Bit ,673.2GB/sec,1753 MHz,GeForce GTX 980 Ti Gigabyte G1 Gaming 6GB Edition SLI,"
02-Jun-2015 ",5120x3200,Yes
Nvidia,250 Watts,6144 MB ,384 Bit ,336.6GB/sec,1753 MHz,GeForce GTX 980 Ti Galax HOF WaterCooled 6GB Edition,"
09-Jun-2015 ",5120x3200,Yes
Nvidia,500 Watts,12288 MB ,384 Bit ,673.2GB/sec,1753 MHz,GeForce GTX 980 Ti Gigabyte 6GB Edition SLI,"
02-Jun-2015 ",4096x2160,Yes
Nvidia,250 Watts,6144 MB ,384 Bit ,336.6GB/sec,1753 MHz,GeForce GTX 980 Ti EVGA Superclocked+ ACX 2.0+ 6GB Edition,"
02-Jun-2015 ",5120x3200,Yes
Nvidia,250 Watts,6144 MB ,384 Bit ,336.6GB/sec,1753 MHz,GeForce GTX 980 Ti Galax HOF 6GB Edition,"
02-Jun-2015 ",5120x3200,Yes
Nvidia,250 Watts,12288 MB ,384 Bit ,673.2GB/sec,1753 MHz,GeForce GTX 980 Ti EVGA Superclocked ACX 2.0+ 6GB Edition SLI,"
02-Jun-2015 ",5120x3200,Yes
Nvidia,250 Watts,6144 MB ,384 Bit ,336.6GB/sec,1753 MHz,GeForce GTX 980 Ti EVGA Superclocked ACX 2.0+ 6GB Edition,"
02-Jun-2015 ",5120x3200,Yes
Nvidia,250 Watts,6144 MB ,384 Bit ,336.6GB/sec,1753 MHz,GeForce GTX 980 Ti EVGA Superclocked 6GB Edition,"
02-Jun-2015 ",5120x3200,Yes
Nvidia,250 Watts,6144 MB ,384 Bit ,336.6GB/sec,1753 MHz,GeForce GTX 980 Ti EVGA Hydro Copper 6GB Edition,"
02-Jun-2015 ",5120x3200,Yes
Nvidia,600 Watts,12288 MB ,384 Bit ,673.2GB/sec,1753 MHz,GeForce GTX 980 Ti EVGA Classified ACX 2.0+ 6GB Edition SLI,"
02-Jun-2015 ",5120x3200,Yes
Nvidia,250 Watts,6144 MB ,384 Bit ,336.6GB/sec,1753 MHz,GeForce GTX 980 Ti Galax HOF LN2 6GB Edition,"
02-Jun-2015 ",5120x3200,Yes
Nvidia,300 Watts,6144 MB ,384 Bit ,340.6GB/sec,1774 MHz,GeForce GTX 980 Ti EVGA Kingpin 6GB Edition,"
21-Jul-2015 ",5120x3200,Yes
Nvidia,250 Watts,6144 MB ,384 Bit ,336.6GB/sec,1753 MHz,GeForce GTX 980 Ti EVGA Hybrid 6GB Edition,"
02-Jun-2015 ",5120x3200,Yes
Nvidia,275 Watts,6144 MB ,384 Bit ,336.6GB/sec,1753 MHz,GeForce GTX 980 Ti EVGA FTW ACX 2.0+ 6GB Edition,"
11-Sep-2015 ",5120x3200,Yes
Nvidia,250 Watts,6144 MB ,384 Bit ,336.6GB/sec,1753 MHz,GeForce GTX 980 Ti EVGA ACX 2.0+ 6GB Edition,"
02-Jun-2015 ",5120x3200,Yes
Nvidia,375 Watts,6144 MB ,384 Bit ,345.6GB/sec,1800 MHz,GeForce GTX 980 Ti Asus DirectCU III OC Strix Gaming 6GB Edition,"
02-Jun-2015 ",5120x3200,Yes
Nvidia,300 Watts,6144 MB ,384 Bit ,336.6GB/sec,1753 MHz,GeForce GTX 980 Ti EVGA Classified ACX 2.0+ 6GB Edition,"
02-Jun-2015 ",5120x3200,Yes
Nvidia,250 Watts,6144 MB ,384 Bit ,336.6GB/sec,1753 MHz,GeForce GTX 980 Ti EVGA 6GB Edition,"
02-Jun-2015 ",5120x3200,Yes
Nvidia,250 Watts,6144 MB ,384 Bit ,336.6GB/sec,1753 MHz,GeForce GTX 980 Ti Asus 6GB Edition,"
02-Jun-2015 ",5120x3200,Yes
Nvidia,165 Watts,4096 MB ,256 Bit ,224.4GB/sec,1753 MHz,GeForce GTX 980 Point of View 4GB Edition,"
19-Sep-2014 ",5120x3200,Yes
Nvidia,750 Watts,12288 MB ,384 Bit ,691.2GB/sec,1800 MHz,GeForce GTX 980 Ti Asus DirectCU III OC Strix Gaming 6GB SLI,"
02-Jun-2015 ",5120x3200,Yes
Nvidia,500 Watts,12288 MB ,384 Bit ,673.2GB/sec,1753 MHz,GeForce GTX 980 Ti 6GB SLI,"
02-Jun-2015 ",4096x2160,Yes
Nvidia,180 Watts,4096 MB ,256 Bit ,224.4GB/sec,1753 MHz,GeForce GTX 980 PNY XLR8 Pro OC 4GB Edition,"
01-Jan-2015 ",5120x3200,Yes
Nvidia,180 Watts,4096 MB ,256 Bit ,224.4GB/sec,1753 MHz,GeForce GTX 980 Palit Trio 4GB Edition,"
01-Jun-2015 ",5120x3200,Yes
Nvidia,250 Watts,6144 MB ,384 Bit ,336.6GB/sec,1753 MHz,GeForce GTX 980 Ti 6GB,"
01-Jun-2015 ",5120x3200,Yes
Nvidia,180 Watts,4096 MB ,256 Bit ,230.4GB/sec,1800 MHz,GeForce GTX 980 Palit Super JetStream 4GB Edition,"
19-Sep-2014 ",5120x3200,Yes
Nvidia,165 Watts,4096 MB ,256 Bit ,224.4GB/sec,1753 MHz,GeForce GTX 980 PNY 4GB Edition,"
19-Sep-2014 ",5120x3200,Yes
Nvidia,180 Watts,4096 MB ,256 Bit ,224.4GB/sec,1753 MHz,GeForce GTX 980 Palit JetStream 4GB Edition,"
19-Sep-2014 ",5120x3200,Yes
Nvidia,180 Watts,4096 MB ,256 Bit ,224.4GB/sec,1753 MHz,GeForce GTX 980 Palit 4GB Edition,"
19-Sep-2014 ",5120x3200,Yes
Nvidia,165 Watts,4096 MB ,256 Bit ,224.4GB/sec,1753 MHz,GeForce GTX 980 MSI OC v1 4GB Edition,"
19-Sep-2014 ",5120x3200,Yes
Nvidia,340 Watts,8192 MB ,256 Bit ,448.8GB/sec,1753 MHz,GeForce GTX 980 MSI Gaming 4GB Edition SLI,"
19-Sep-2014 ",4096x2160,Yes
Nvidia,,12288 MB ,256 Bit ,673.2GB/sec,1753 MHz,GeForce GTX 980 MSI Gaming 4GB Edition 3-Way SLI,"
19-Sep-2014 ",4096x2160,Yes
Nvidia,165 Watts,4096 MB ,256 Bit ,224.4GB/sec,1753 MHz,GeForce GTX 980 MSI Armor 2X OC 4GB Edition,"
19-Sep-2014 ",5120x3200,Yes
Nvidia,165 Watts,4096 MB ,256 Bit ,224.4GB/sec,1753 MHz,GeForce GTX 980 MSI Gaming 4GB Edition,"
19-Sep-2014 ",5120x3200,Yes
Nvidia,170 Watts,4096 MB ,256 Bit ,224.4GB/sec,1753 MHz,GeForce GTX 980 Leadtek Winfast Hurricane 4GB Edition,"
20-Oct-2014 ",5120x3200,Yes
Nvidia,165 Watts,4096 MB ,256 Bit ,224.4GB/sec,1753 MHz,GeForce GTX 980 Leadtek WinFast 4GB Edition,"
04-Nov-2014 ",5120x3200,Yes
Nvidia,165 Watts,4096 MB ,256 Bit ,230.4GB/sec,1800 MHz,GeForce GTX 980 Inno3D iChill HerculeZ X4 ABU 4GB Edition,"
19-Sep-2014 ",5120x3200,Yes
Nvidia,180 Watts,4096 MB ,256 Bit ,224.4GB/sec,1753 MHz,GeForce GTX 980 MSI 4GB Edition,"
19-Sep-2014 ",5120x3200,Yes
Nvidia,300 Watts,4096 MB ,256 Bit ,227.2GB/sec,1775 MHz,GeForce GTX 980 Gigabyte XTREME 4GB Edition,"
11-Nov-2015 ",5120x3200,Yes
Nvidia,165 Watts,4096 MB ,256 Bit ,224.4GB/sec,1753 MHz,GeForce GTX 980 Inno3D 4GB Edition,"
19-Sep-2014 ",5120x3200,Yes
Nvidia,165 Watts,4096 MB ,256 Bit ,224.4GB/sec,1753 MHz,GeForce GTX 980 Inno3D iChill HerculeZ X4 Air 4GB Edition,"
19-Sep-2014 ",5120x3200,Yes
Nvidia,,8192 MB ,256 Bit ,448.8GB/sec,1753 MHz,GeForce GTX 980 Gigabyte G1 Gaming 4GB Edition SLI,"
19-Sep-2014 ",4096x2160,Yes
Nvidia,165 Watts,4096 MB ,256 Bit ,224.4GB/sec,1753 MHz,GeForce GTX 980 Gigabyte WindForce 3X 4GB Edition,"
19-Sep-2014 ",5120x3200,Yes
Nvidia,165 Watts,4096 MB ,256 Bit ,224.4GB/sec,1753 MHz,GeForce GTX 980 Gigabyte G1 Gaming 4GB Edition,"
19-Sep-2014 ",5120x3200,Yes
Nvidia,250 Watts,4096 MB ,256 Bit ,224.4GB/sec,1753 MHz,GeForce GTX 980 Galax 4GB Edition,"
19-Sep-2014 ",5120x3200,Yes
Nvidia,,8192 MB ,256 Bit ,448.8GB/sec,1753 MHz,GeForce GTX 980 EVGA Superclocked 4GB Edition SLI,"
19-Sep-2014 ",4096x2160,Yes
Nvidia,,8192 MB ,256 Bit ,448.8GB/sec,1753 MHz,GeForce GTX 980 EVGA Superclocked ACX 2.0 4GB Edition SLI,"
19-Sep-2014 ",4096x2160,Yes
Nvidia,250 Watts,4096 MB ,256 Bit ,224.4GB/sec,1753 MHz,GeForce GTX 980 Galax SOC 4GB Edition,"
30-Sep-2014 ",5120x3200,Yes
Nvidia,165 Watts,4096 MB ,256 Bit ,224.4GB/sec,1753 MHz,GeForce GTX 980 Gainward 4GB Edition,"
19-Sep-2014 ",5120x3200,Yes
Nvidia,165 Watts,4096 MB ,256 Bit ,224.4GB/sec,1753 MHz,GeForce GTX 980 Galax HOF 4GB Edition,"
10-Nov-2014 ",5120x3200,Yes
Nvidia,165 Watts,4096 MB ,256 Bit ,224.4GB/sec,1753 MHz,GeForce GTX 980 EVGA Superclocked ACX 2.0 4GB Edition,"
19-Sep-2014 ",5120x3200,Yes
Nvidia,165 Watts,4096 MB ,256 Bit ,224.4GB/sec,1753 MHz,GeForce GTX 980 EVGA Hydro Copper 4GB Edition,"
19-Sep-2014 ",5120x3200,Yes
Nvidia,165 Watts,4096 MB ,256 Bit ,224.4GB/sec,1753 MHz,GeForce GTX 980 EVGA Superclocked 4GB Edition,"
19-Sep-2014 ",5120x3200,Yes
Nvidia,165 Watts,4096 MB ,256 Bit ,224.4GB/sec,1753 MHz,GeForce GTX 980 EVGA FTW ACX 2.0 4GB Edition,"
19-Sep-2014 ",5120x3200,Yes
Nvidia,165 Watts,4096 MB ,256 Bit ,224.4GB/sec,1753 MHz,GeForce GTX 980 EVGA Hybrid 4GB Edition,"
26-Mar-2015 ",5120x3200,Yes
Nvidia,165 Watts,4096 MB ,256 Bit ,224.4GB/sec,1753 MHz,GeForce GTX 980 EVGA 4GB Edition,"
19-Sep-2014 ",5120x3200,Yes
Nvidia,,8192 MB ,256 Bit ,448.8GB/sec,1753 MHz,GeForce GTX 980 Asus Strix OC 4GB Edition SLI,"
19-Sep-2014 ",4096x2160,Yes
Nvidia,165 Watts,4096 MB ,256 Bit ,224.4GB/sec,1753 MHz,GeForce GTX 980 EVGA ACX 2.0 4GB Edition,"
19-Sep-2014 ",5120x3200,Yes
Nvidia,165 Watts,4096 MB ,256 Bit ,224.4GB/sec,1753 MHz,GeForce GTX 980 EVGA Classified ACX 2.0 4GB Edition,"
01-Oct-2014 ",5120x3200,Yes
Nvidia,165 Watts,4096 MB ,256 Bit ,224.4GB/sec,1753 MHz,GeForce GTX 980 EVGA Classified Kingpin ACX 2.0+ 4GB Edition,"
06-Feb-2015 ",5120x3200,Yes
Nvidia,300 Watts,4096 MB ,256 Bit ,224.4GB/sec,1753 MHz,GeForce GTX 980 Asus Strix OC 4GB Edition,"
19-Sep-2014 ",5120x3200,Yes
Nvidia,325 Watts,8192 MB ,256 Bit ,448.8GB/sec,1753 MHz,GeForce GTX 980 Asus ROG Matrix Platinum 4GB Edition SLI,"
03-Dec-2014 ",4096x2160,Yes
Nvidia,,8192 MB ,256 Bit ,448.8GB/sec,1753 MHz,GeForce GTX 980 EVGA Classified ACX 2.0 4GB Edition SLI,"
01-Oct-2014 ",4096x2160,Yes
Nvidia,225 Watts,4096 MB ,256 Bit ,224.4GB/sec,1753 MHz,GeForce GTX 980 Asus 4GB Edition,"
19-Sep-2014 ",5120x3200,Yes
Nvidia,350 Watts,8192 MB ,256 Bit ,448.8GB/sec,1753 MHz,GeForce GTX 980 4GB SLI,"
19-Sep-2014 ",4096x2160,Yes
Nvidia,,12288 MB ,256 Bit ,673.2GB/sec,1753 MHz,GeForce GTX 980 4GB 3-Way SLI,"
19-Sep-2014 ",4096x2160,Yes
Nvidia,165 Watts,4096 MB ,256 Bit ,224.4GB/sec,1753 MHz,GeForce GTX 980 4GB,"
19-Sep-2014 ",5120x3200,Yes
Nvidia,,8192 MB ,256 Bit ,460.8GB/sec,1800 MHz,GeForce GTX 970 Zotac AMP! Extreme Core 4GB Edition SLI,"
19-Sep-2014 ",4096x2160,Yes
Nvidia,160 Watts,4096 MB ,256 Bit ,225.4GB/sec,1761 MHz,GeForce GTX 970 Zotac AMP! Omega 4GB Edition,"
19-Sep-2014 ",5120x3200,Yes
Nvidia,148 Watts,4096 MB ,256 Bit ,224.4GB/sec,1753 MHz,GeForce GTX 970 Zotac AMP! Omega Core 4GB Edition,"
19-Sep-2014 ",5120x3200,Yes
Nvidia,175 Watts,4096 MB ,256 Bit ,230.4GB/sec,1800 MHz,GeForce GTX 970 Zotac AMP! Extreme Core 4GB Edition,"
19-Sep-2014 ",5120x3200,Yes
Nvidia,175 Watts,4096 MB ,256 Bit ,230.4GB/sec,1800 MHz,GeForce GTX 970 Zotac AMP! Extreme 4GB Edition,"
19-Sep-2014 ",5120x3200,Yes
Nvidia,300 Watts,4096 MB ,256 Bit ,224.4GB/sec,1753 MHz,GeForce GTX 980 Asus ROG Poseidon 4GB Edition,"
10-Nov-2014 ",5120x3200,Yes
Nvidia,375 Watts,4096 MB ,256 Bit ,224.4GB/sec,1753 MHz,GeForce GTX 980 Asus ROG Matrix Gold 4GB Edition,"
31-Mar-2015 ",5120x3200,Yes
Nvidia,,8192 MB ,256 Bit ,448.8GB/sec,1753 MHz,GeForce GTX 970 Zotac 4GB Edition SLI,"
19-Sep-2014 ",4096x2160,Yes
Nvidia,150 Watts,4096 MB ,256 Bit ,224.4GB/sec,1753 MHz,GeForce GTX 970 PNY 4GB Edition,"
19-Sep-2014 ",5120x3200,Yes
Nvidia,,8192 MB ,256 Bit ,460.8GB/sec,1800 MHz,GeForce GTX 970 Zotac AMP! Extreme 4GB Edition SLI,"
19-Sep-2014 ",4096x2160,Yes
Nvidia,148 Watts,4096 MB ,256 Bit ,224.4GB/sec,1753 MHz,GeForce GTX 970 Point of View 4GB Edition,"
19-Sep-2014 ",5120x3200,Yes
Nvidia,150 Watts,4096 MB ,256 Bit ,224.4GB/sec,1753 MHz,GeForce GTX 970 Palit 4GB Edition,"
19-Sep-2014 ",5120x3200,Yes
Nvidia,150 Watts,4096 MB ,256 Bit ,224.4GB/sec,1753 MHz,GeForce GTX 970 Palit JetStream 4GB Edition,"
19-Sep-2014 ",5120x3200,Yes
Nvidia,290 Watts,8192 MB ,256 Bit ,448.8GB/sec,1753 MHz,GeForce GTX 970 MSI Gaming 100 ME 4GB Edition SLI,"
28-Jan-2015 ",5120x3200,Yes
Nvidia,148 Watts,4096 MB ,256 Bit ,224.4GB/sec,1753 MHz,GeForce GTX 970 MSI Gaming 4GB Edition,"
19-Sep-2014 ",5120x3200,Yes
Nvidia,296 Watts,8192 MB ,256 Bit ,224.4GB/sec,1753 MHz,GeForce GTX 970 MSI Gaming 4GB Edition SLI,"
19-Sep-2014 ",5120x3200,Yes
Nvidia,150 Watts,4096 MB ,256 Bit ,224.4GB/sec,1753 MHz,GeForce GTX 970 Zotac 4GB Edition,"
19-Sep-2014 ",5120x3200,Yes
Nvidia,145 Watts,4096 MB ,256 Bit ,224.4GB/sec,1753 MHz,GeForce GTX 970 MSI Gaming 100 ME 4GB Edition,"
28-Jan-2015 ",5120x3200,Yes
Nvidia,148 Watts,4096 MB ,256 Bit ,224.4GB/sec,1753 MHz,GeForce GTX 970 MSI Armor 2X OC 4GB Edition,"
19-Sep-2014 ",5120x3200,Yes
Nvidia,300 Watts,4096 MB ,256 Bit ,224.4GB/sec,1753 MHz,GeForce GTX 980 Asus ROG Matrix Platinum 4GB Edition,"
03-Dec-2014 ",5120x3200,Yes
Nvidia,148 Watts,4096 MB ,256 Bit ,224.4GB/sec,1753 MHz,GeForce GTX 970 MSI OC 4GB Edition,"
19-Sep-2014 ",5120x3200,Yes
Nvidia,150 Watts,4096 MB ,256 Bit ,224.4GB/sec,1753 MHz,GeForce GTX 970 Leadtek WinFast Hurricane 4GB Edition,"
20-Oct-2014 ",5120x3200,Yes
Nvidia,145 Watts,4096 MB ,256 Bit ,224.4GB/sec,1753 MHz,GeForce GTX 970 MSI Gaming Golden 4GB Edition,"
14-Nov-2014 ",5120x3200,Yes
Nvidia,148 Watts,4096 MB ,256 Bit ,224.4GB/sec,1753 MHz,GeForce GTX 970 Leadtek WinFast 4GB Edition,"
04-Nov-2014 ",5120x3200,Yes
Nvidia,145 Watts,4096 MB ,256 Bit ,230.4GB/sec,1800 MHz,GeForce GTX 970 Inno3D iChill HerculeZ X4 ABU 4GB Edition,"
19-Sep-2014 ",5120x3200,Yes
Nvidia,145 Watts,4096 MB ,256 Bit ,224.4GB/sec,1753 MHz,GeForce GTX 970 Inno3D HerculeZ X2 OC 4GB Edition,"
29-Sep-2014 ",5120x3200,Yes
Nvidia,145 Watts,4096 MB ,256 Bit ,224.4GB/sec,1753 MHz,GeForce GTX 970 KFA2 EXOC Sniper 4GB Edition,"
18-Jan-2016 ",5120x3200,Yes
Nvidia,150 Watts,4096 MB ,256 Bit ,224.4GB/sec,1753 MHz,GeForce GTX 970 Gigabyte WindForce 3X OC 4GB Edition,"
29-Sep-2014 ",5120x3200,Yes
Nvidia,145 Watts,4096 MB ,256 Bit ,224.4GB/sec,1753 MHz,GeForce GTX 970 Galax OC 4GB Edition,"
 19-Sep-2014 ",5120x3200,Yes
Nvidia,148 Watts,4096 MB ,256 Bit ,224.4GB/sec,1753 MHz,GeForce GTX 970 Gigabyte Twin Turbo OC 4GB Edition,"
28-Jul-2015 ",5120x3200,Yes
Nvidia,350 Watts,8192 MB ,256 Bit ,448.8GB/sec,1753 MHz,GeForce GTX 970 Gigabyte G1 Gaming 4GB Edition SLI,"
19-Sep-2014 ",4096x2160,Yes
Nvidia,150 Watts,4096 MB ,256 Bit ,224.4GB/sec,1753 MHz,GeForce GTX 970 Gigabyte Mini-ITX OC 4GB Edition,"
21-Oct-2014 ",5120x3200,Yes
Nvidia,150 Watts,4096 MB ,256 Bit ,224.4GB/sec,1753 MHz,GeForce GTX 970 Gigabyte G1 Gaming 4GB Edition,"
19-Sep-2014 ",5120x3200,Yes
Nvidia,145 Watts,4096 MB ,256 Bit ,224.4GB/sec,1753 MHz,GeForce GTX 970 Galax EXOC 4GB Black Edition,"
31-Oct-2014 ",5120x3200,Yes
Nvidia,165 Watts,4096 MB ,256 Bit ,224.4GB/sec,1753 MHz,GeForce GTX 970 Galax HOF 4GB Edition,"
10-Oct-2014 ",5120x3200,Yes
Nvidia,148 Watts,4096 MB ,256 Bit ,227.2GB/sec,1775 MHz,GeForce GTX 970 Gigabyte XTREME 4GB Edition,"
11-Nov-2015 ",5120x3200,Yes
Nvidia,,8192 MB ,256 Bit ,448.8GB/sec,1753 MHz,GeForce GTX 970 Galax EXOC 4GB Black Edition SLI,"
31-Oct-2014 ",4096x2160,Yes
Nvidia,150 Watts,4096 MB ,256 Bit ,224.4GB/sec,1753 MHz,GeForce GTX 970 Gainward Phantom Phoenix 4GB Edition,"
21-Aug-2015 ",5120x3200,Yes
Nvidia,150 Watts,4096 MB ,256 Bit ,224.4GB/sec,1753 MHz,GeForce GTX 970 Gainward Phantom 4GB Edition,"
19-Sep-2014 ",5120x3200,Yes
Nvidia,,8192 MB ,256 Bit ,448.8GB/sec,1753 MHz,GeForce GTX 970 EVGA Superclocked ACX 2.0 4GB Edition SLI,"
19-Sep-2014 ",4096x2160,Yes
Nvidia,150 Watts,4096 MB ,256 Bit ,224.4GB/sec,1753 MHz,GeForce GTX 970 EVGA Superclocked ACX 2.0 4GB Edition,"
19-Sep-2014 ",5120x3200,Yes
Nvidia,,8192 MB ,256 Bit ,448.8GB/sec,1753 MHz,GeForce GTX 970 EVGA SSC ACX+ 2.0 4GB Edition SLI,"
08-Jan-2015 ",4096x2160,Yes
Nvidia,300 Watts,8192 MB ,256 Bit ,448.8GB/sec,1753 MHz,GeForce GTX 970 EVGA SSC ACX 2.0 4GB Edition SLI,"
19-Sep-2014 ",4096x2160,Yes
Nvidia,150 Watts,4096 MB ,256 Bit ,224.4GB/sec,1753 MHz,GeForce GTX 970 EVGA Superclocked 4GB Edition,"
19-Sep-2014 ",5120x3200,Yes
Nvidia,145 Watts,4096 MB ,256 Bit ,224.4GB/sec,1753 MHz,GeForce GTX 970 EVGA SSC ACX+ 2.0 4GB Edition,"
08-Jan-2015 ",5120x3200,Yes
Nvidia,160 Watts,4096 MB ,256 Bit ,224.4GB/sec,1753 MHz,GeForce GTX 970 EVGA FTW+ ACX 2.0+ 4GB Edition,"
19-Sep-2014 ",5120x3200,Yes
Nvidia,300 Watts,8192 MB ,256 Bit ,448.8GB/sec,1753 MHz,GeForce GTX 970 EVGA FTW+ ACX 2.0+ 4GB Edition SLI,"
19-Sep-2014 ",4096x2160,Yes
Nvidia,150 Watts,4096 MB ,256 Bit ,224.4GB/sec,1753 MHz,GeForce GTX 970 EVGA SSC ACX 2.0 4GB Edition,"
19-Sep-2014 ",5120x3200,Yes
Nvidia,150 Watts,4096 MB ,256 Bit ,224.4GB/sec,1753 MHz,GeForce GTX 970 EVGA Superclocked ACX 4GB Edition,"
19-Sep-2014 ",5120x3200,Yes
Nvidia,148 Watts,4096 MB ,256 Bit ,224.4GB/sec,1753 MHz,GeForce GTX 970 Asus Turbo OC 4GB Edition,"
05-May-2015 ",5120x3200,Yes
Nvidia,148 Watts,4096 MB ,256 Bit ,224.4GB/sec,1753 MHz,GeForce GTX 970 EVGA ACX 4GB Edition,"
19-Sep-2014 ",5120x3200,Yes
Nvidia,,8192 MB ,256 Bit ,448.8GB/sec,1753 MHz,GeForce GTX 970 Asus Strix OC 4GB Edition SLI,"
19-Sep-2014 ",4096x2160,Yes
Nvidia,148 Watts,4096 MB ,256 Bit ,224.4GB/sec,1753 MHz,GeForce GTX 970 EVGA ACX 2.0 4GB Edition,"
19-Sep-2014 ",5120x3200,Yes
Nvidia,225 Watts,4096 MB ,256 Bit ,224.4GB/sec,1753 MHz,GeForce GTX 970 Asus Strix OC 4GB Edition,"
19-Sep-2014 ",5120x3200,Yes
Nvidia,,4096 MB ,256 Bit ,448.8GB/sec,1753 MHz,GeForce GTX 970 EVGA FTW ACX 2.0 4GB Edition SLI,"
19-Sep-2014 ",4096x2160,Yes
Nvidia,160 Watts,4096 MB ,256 Bit ,224.4GB/sec,1753 MHz,GeForce GTX 970 EVGA FTW ACX 2.0 4GB Edition,"
19-Sep-2014 ",5120x3200,Yes
Nvidia,148 Watts,4096 MB ,256 Bit ,224.4GB/sec,1753 MHz,GeForce GTX 970 EVGA 4GB Edition,"
19-Sep-2014 ",5120x3200,Yes
Nvidia,325 Watts,8192 MB ,256 Bit ,448.8GB/sec,1753 MHz,GeForce GTX 970 4GB SLI,"
19-Sep-2014 ",4096x2160,Yes
Nvidia,148 Watts,4096 MB ,256 Bit ,224.4GB/sec,1753 MHz,GeForce GTX 970 Asus DirectCU Mini OC 4GB Edition,"
01-Dec-2014 ",5120x3200,Yes
Nvidia,120 Watts,2048 MB ,128 Bit ,112.2GB/sec,1753 MHz,GeForce GTX 960 Zotac v2 2GB Edition,"
22-Jan-2015 ",5120x3200,Yes
Nvidia,120 Watts,2048 MB ,128 Bit ,112.2GB/sec,1753 MHz,GeForce GTX 960 Zotac AMP! v2 2GB Edition,"
22-Jan-2015 ",5120x3200,Yes
Nvidia,145 Watts,4096 MB ,256 Bit ,224.4GB/sec,1753 MHz,GeForce GTX 970 4GB,"
19-Sep-2014 ",5120x3200,Yes
Nvidia,120 Watts,2048 MB ,128 Bit ,112.2GB/sec,1753 MHz,GeForce GTX 960 Zotac 2GB Edition,"
22-Jan-2015 ",5120x3200,Yes
Nvidia,120 Watts,2048 MB ,128 Bit ,112.2GB/sec,1753 MHz,GeForce GTX 960 Zotac AMP! 2GB Edition,"
22-Jan-2015 ",5120x3200,Yes
Nvidia,120 Watts,4096 MB ,128 Bit ,112.2GB/sec,1753 MHz,GeForce GTX 960 Zotac 4GB Edition,"
11-Mar-2015 ",5120x3200,Yes
Nvidia,140 Watts,2048 MB ,256 Bit ,224.4GB/sec,1753 MHz,GeForce GTX 960 Ti 2GB [not released],"
31-Oct-2015 ",4096x2160,Yes
Nvidia,120 Watts,2048 MB ,128 Bit ,112.2GB/sec,1753 MHz,GeForce GTX 960 Point of View AMMO OC 2GB Edition,"
22-Jan-2015 ",5120x3200,Yes
Nvidia,120 Watts,4096 MB ,128 Bit ,112.2GB/sec,1753 MHz,GeForce GTX 960 Zotac AMP! 4GB Edition,"
11-Mar-2015 ",5120x3200,Yes
Nvidia,140 Watts,4096 MB ,256 Bit ,224.4GB/sec,1753 MHz,GeForce GTX 960 Ti 4GB [not released],"
31-Oct-2015 ",4096x2160,Yes
Nvidia,120 Watts,2048 MB ,128 Bit ,112.2GB/sec,1753 MHz,GeForce GTX 960 PNY 2GB Edition,"
22-Jan-2015 ",5120x3200,Yes
Nvidia,120 Watts,2048 MB ,128 Bit ,115.2GB/sec,1800 MHz,GeForce GTX 960 Palit Super JetStream 2GB Edition,"
22-Jan-2015 ",5120x3200,Yes
Nvidia,120 Watts,4096 MB ,128 Bit ,112.2GB/sec,1753 MHz,GeForce GTX 960 Palit JetStream 4GB Edition,"
20-Mar-2015 ",5120x3200,Yes
Nvidia,120 Watts,4096 MB ,128 Bit ,112.2GB/sec,1753 MHz,GeForce GTX 960 PNY XLR8 4GB Edition,"
10-Mar-2015 ",5120x3200,Yes
Nvidia,120 Watts,2048 MB ,128 Bit ,115.2GB/sec,1800 MHz,GeForce GTX 960 Palit JetStream 2GB Edition,"
22-Jan-2015 ",5120x3200,Yes
Nvidia,120 Watts,2048 MB ,128 Bit ,112.2GB/sec,1753 MHz,GeForce GTX 960 Palit 2GB Edition,"
22-Jan-2015 ",5120x3200,Yes
Nvidia,120 Watts,2048 MB ,128 Bit ,112.2GB/sec,1753 MHz,GeForce GTX 960 MSI OC 2GB Edition,"
22-Jan-2015 ",5120x3200,Yes
Nvidia,240 Watts,8192 MB ,128 Bit ,224.4GB/sec,1753 MHz,GeForce GTX 960 MSI Gaming 4GB Edition SLI,"
10-Mar-2015 ",4096x2160,Yes
Nvidia,120 Watts,2048 MB ,128 Bit ,112.2GB/sec,1753 MHz,GeForce GTX 960 MSI Gaming 2GB Edition,"
22-Jan-2015 ",5120x3200,Yes
Nvidia,120 Watts,4096 MB ,128 Bit ,112.2GB/sec,1753 MHz,GeForce GTX 960 MSI Gaming 4GB Edition,"
10-Mar-2015 ",5120x3200,Yes
Nvidia,120 Watts,4096 MB ,128 Bit ,112.2GB/sec,1753 MHz,GeForce GTX 960 MSI Tiger OC 4GB Edition,"
10-Mar-2015 ",5120x3200,Yes
Nvidia,120 Watts,2048 MB ,128 Bit ,112.2GB/sec,1753 MHz,GeForce GTX 960 MSI 2GB Edition,"
22-Jan-2015 ",5120x3200,Yes
Nvidia,250 Watts,3072 MB ,384 Bit ,288.4GB/sec,1502 MHz,GeForce GTX 780 Zotac OC Edition,"
23-May-2013 ",4096x2160,Yes
Nvidia,450 Watts,6144 MB ,384 Bit ,576.8GB/sec,1502 MHz,GeForce GTX 780 Zotac OC Edition SLI,"
23-May-2013 ",4096x2160,Yes
Nvidia,160 Watts,2048 MB ,128 Bit ,115.2GB/sec,1800 MHz,GeForce GTX 960 Inno3D HerculeZ X3 Air Boss Ultra 2GB Edition,"
22-Jan-2015 ",5120x3200,Yes
Nvidia,120 Watts,4096 MB ,128 Bit ,112.2GB/sec,1753 MHz,GeForce GTX 960 Inno3D HerculeZ 2X OC 4GB Edition,"
03-Mar-2015 ",5120x3200,Yes
Nvidia,120 Watts,2048 MB ,128 Bit ,112.2GB/sec,1753 MHz,GeForce GTX 960 MSI Gaming 100ME 2GB Edition,"
22-Jan-2015 ",5120x3200,Yes
Nvidia,300 Watts,3072 MB ,384 Bit ,298GB/sec,1552 MHz,GeForce GTX 780 Zotac AMP! Edition,"
23-Aug-2013 ",4096x2160,Yes
Nvidia,,3072 MB ,384 Bit ,288.4GB/sec,1502 MHz,GeForce GTX 780 WindForce 3X OC Edition,"
23-May-2013 ",4096x2160,Yes
Nvidia,250 Watts,3072 MB ,384 Bit ,336GB/sec,1750 MHz,GeForce GTX 780 Ti WindForce 3X OC Edition,"
21-Nov-2013 ",4096x2160,Yes
Nvidia,250 Watts,3072 MB ,384 Bit ,345.6GB/sec,1800 MHz,GeForce GTX 780 Ti Zotac AMP! Edition,"
27-Nov-2013 ",4096x2160,Yes
Nvidia,250 Watts,3072 MB ,384 Bit ,336GB/sec,1750 MHz,GeForce GTX 780 Ti Palit JetStream Edition,"
21-Nov-2013 ",4096x2160,Yes
Nvidia,500 Watts,6144 MB ,384 Bit ,672GB/sec,1750 MHz,GeForce GTX 780 Ti SLI,"
07-Nov-2013 ",4096x2160,Yes
Nvidia,250 Watts,3072 MB ,384 Bit ,336GB/sec,1750 MHz,GeForce GTX 780 Ti MSI Gaming 3GB Edition,"
12-Dec-2013 ",4096x2160,Yes
Nvidia,250 Watts,3072 MB ,384 Bit ,336GB/sec,1750 MHz,GeForce GTX 780 Ti Gigabyte GHz Edition,"
01-Dec-2013 ",4096x2160,Yes
Nvidia,250 Watts,3072 MB ,384 Bit ,336GB/sec,1750 MHz,GeForce GTX 780 Ti PNY XLR8 Enthusiast OC Edition,"
07-Nov-2013 ",4096x2160,Yes
Nvidia,250 Watts,3072 MB ,384 Bit ,336GB/sec,1750 MHz,GeForce GTX 780 Ti Galaxy HOF+ Edition,"
07-Nov-2013 ",4096x2160,Yes
Nvidia,250 Watts,3072 MB ,384 Bit ,336GB/sec,1750 MHz,GeForce GTX 780 Ti Gainward Phantom Edition,"
26-Nov-2013 ",4096x2160,Yes
Nvidia,250 Watts,3072 MB ,384 Bit ,345.6GB/sec,1800 MHz,GeForce GTX 780 Ti HerculeZ X3 Ultra Edition,"
07-Nov-2013 ",4096x2160,Yes
Nvidia,250 Watts,3072 MB ,384 Bit ,336GB/sec,1750 MHz,GeForce GTX 780 Ti EVGA SuperClocked w/ ACX Edition,"
07-Nov-2013 ",4096x2160,Yes
Nvidia,250 Watts,3072 MB ,384 Bit ,336GB/sec,1750 MHz,GeForce GTX 780 Ti EVGA Classified Kingpin Edition,"
12-Dec-2013 ",4096x2160,Yes
Nvidia,250 Watts,3072 MB ,384 Bit ,336GB/sec,1750 MHz,GeForce GTX 780 Ti EVGA DC w/ ACX Edition,"
01-Dec-2013 ",4096x2160,Yes
Nvidia,250 Watts,3072 MB ,384 Bit ,336GB/sec,1750 MHz,GeForce GTX 780 Ti EVGA SuperClocked Edition,"
07-Nov-2013 ",4096x2160,Yes
Nvidia,250 Watts,3072 MB ,384 Bit ,336GB/sec,1750 MHz,GeForce GTX 780 Ti DirectCU II OC Edition,"
21-Nov-2013 ",4096x2160,Yes
Nvidia,250 Watts,3072 MB ,384 Bit ,336GB/sec,1750 MHz,GeForce GTX 780 Ti,"
07-Nov-2013 ",4096x2160,Yes
Nvidia,250 Watts,3072 MB ,384 Bit ,297.6GB/sec,1550 MHz,GeForce GTX 780 Palit Super JetStream Edition,"
01-Sep-2013 ",4096x2160,Yes
Nvidia,250 Watts,3072 MB ,384 Bit ,336GB/sec,1750 MHz,GeForce GTX 780 Ti Asus ROG Matrix Platinum Edition,"
19-Mar-2014 ",4096x2160,Yes
Nvidia,120 Watts,4096 MB ,128 Bit ,112.2GB/sec,1753 MHz,GeForce GTX 960 Inno3D HerculeZ 1X 4GB Edition,"
03-Mar-2015 ",5120x3200,Yes
Nvidia,120 Watts,4096 MB ,128 Bit ,112.2GB/sec,1753 MHz,GeForce GTX 960 Gigabyte WindForce 2X OC 4GB Edition,"
05-Mar-2015 ",5120x3200,Yes
Nvidia,120 Watts,2048 MB ,128 Bit ,112.2GB/sec,1753 MHz,GeForce GTX 960 Inno3D HerculeZ 2X OC 2GB Edition,"
22-Jan-2015 ",5120x3200,Yes
Nvidia,120 Watts,2048 MB ,128 Bit ,112.2GB/sec,1753 MHz,GeForce GTX 960 Inno3D HerculeZ 1X 2GB Edition,"
22-Jan-2015 ",5120x3200,Yes
Nvidia,500 Watts,6144 MB ,384 Bit ,576.8GB/sec,1502 MHz,GeForce GTX 780 SLI,"
23-May-2013 ",4096x2160,Yes
Nvidia,120 Watts,2048 MB ,128 Bit ,112.2GB/sec,1753 MHz,GeForce GTX 960 Gigabyte OC 2GB Edition,"
29-Jun-2015 ",5120x3200,Yes
Nvidia,120 Watts,2048 MB ,128 Bit ,112.2GB/sec,1753 MHz,GeForce GTX 960 Gigabyte IX OC 2GB Edition,"
22-Jan-2015 ",5120x3200,Yes
Nvidia,120 Watts,2048 MB ,128 Bit ,112.2GB/sec,1753 MHz,GeForce GTX 960 Gigabyte G1 Gaming 2GB Edition,"
22-Jan-2015 ",5120x3200,Yes
Nvidia,120 Watts,2048 MB ,128 Bit ,112.2GB/sec,1753 MHz,GeForce GTX 960 Gigabyte WindForce 2X OC 2GB Edition,"
22-Jan-2015 ",5120x3200,Yes
Nvidia,120 Watts,2048 MB ,128 Bit ,112.2GB/sec,1753 MHz,GeForce GTX 960 Galax OC 2GB Edition,"
22-Jan-2015 ",5120x3200,Yes
Nvidia,120 Watts,4096 MB ,128 Bit ,112.2GB/sec,1753 MHz,GeForce GTX 960 Galax KFA2 EXOC 4GB Edition,"
22-Jan-2015 ",5120x3200,No
Nvidia,120 Watts,2048 MB ,128 Bit ,112.2GB/sec,1753 MHz,GeForce GTX 960 Galax KFA2 EXOC 2GB Edition,"
22-Jan-2015 ",5120x3200,Yes
Nvidia,120 Watts,4096 MB ,128 Bit ,112.2GB/sec,1753 MHz,GeForce GTX 960 Gigabyte G1 Gaming 4GB Edition,"
05-Mar-2015 ",5120x3200,Yes
Nvidia,120 Watts,2048 MB ,128 Bit ,112.2GB/sec,1753 MHz,GeForce GTX 960 Galax EXOC White 2GB Edition,"
05-May-2015 ",5120x3200,Yes
Nvidia,120 Watts,4096 MB ,128 Bit ,112.2GB/sec,1753 MHz,GeForce GTX 960 Gigabyte OC 4GB Edition,"
29-Jun-2015 ",5120x3200,Yes
Nvidia,120 Watts,2048 MB ,128 Bit ,112.2GB/sec,1753 MHz,GeForce GTX 960 Galax 2GB Edition,"
22-Jan-2015 ",5120x3200,Yes
Nvidia,120 Watts,2048 MB ,128 Bit ,115.2GB/sec,1800 MHz,GeForce GTX 960 Gainward Phantom GLH 2GB Edition,"
22-Jan-2015 ",5120x3200,Yes
Nvidia,120 Watts,2048 MB ,128 Bit ,115.2GB/sec,1800 MHz,GeForce GTX 960 Gainward Phantom 2GB Edition,"
22-Jan-2015 ",5120x3200,Yes
Nvidia,120 Watts,2048 MB ,128 Bit ,112.2GB/sec,1753 MHz,GeForce GTX 960 Galax EXOC 2GB Edition,"
22-Jan-2015 ",5120x3200,Yes
Nvidia,120 Watts,2048 MB ,128 Bit ,112.2GB/sec,1753 MHz,GeForce GTX 960 Gainward OC 2GB Edition,"
22-Jan-2015 ",5120x3200,Yes
Nvidia,120 Watts,4096 MB ,128 Bit ,112.2GB/sec,1753 MHz,GeForce GTX 960 Galax Gamer OC Mini Black 4GB Edition,"
22-Jan-2015 ",5120x3200,Yes
Nvidia,160 Watts,4096 MB ,128 Bit ,112.2GB/sec,1753 MHz,GeForce GTX 960 EVGA SuperSC ACX 2.0+ 4GB Edition,"
22-Jan-2015 ",5120x3200,Yes
Nvidia,120 Watts,2048 MB ,128 Bit ,112.2GB/sec,1753 MHz,GeForce GTX 960 EVGA Superclocked 2GB Edition,"
22-Jan-2015 ",5120x3200,Yes
Nvidia,,3072 MB ,384 Bit ,288.4GB/sec,1502 MHz,GeForce GTX 780 MSI TwinFrozr Gaming OC Edition,"
30-Aug-2013 ",4096x2160,Yes
Nvidia,250 Watts,3072 MB ,384 Bit ,288.4GB/sec,1502 MHz,GeForce GTX 780 Palit JetStream Edition,"
23-May-2013 ",4096x2160,Yes
Nvidia,120 Watts,2048 MB ,128 Bit ,112.2GB/sec,1753 MHz,GeForce GTX 960 EVGA SuperSC ACX 2.0+ 2GB Edition,"
22-Jan-2015 ",5120x3200,Yes
Nvidia,,3072 MB ,384 Bit ,288.4GB/sec,1502 MHz,GeForce GTX 780 MSI Lightning Edition,"
30-Aug-2013 ",4096x2160,Yes
Nvidia,265 Watts,3072 MB ,384 Bit ,297.6GB/sec,1550 MHz,GeForce GTX 780 Inno3D iChill HerculeZ X3 Ultra DHS Edition,"
01-Jan-2013 ",4096x2160,Yes
Nvidia,250 Watts,3072 MB ,384 Bit ,288.4GB/sec,1502 MHz,GeForce GTX 780 Inno3D HerculeZ 2000 Edition,"
23-May-2013 ",4096x2160,Yes
Nvidia,250 Watts,6144 MB ,384 Bit ,288.4GB/sec,1502 MHz,GeForce GTX 780 MSI Gaming 6GB Edition,"
10-Sep-2013 ",4096x2160,Yes
Nvidia,,3072 MB ,384 Bit ,298.2GB/sec,1553 MHz,GeForce GTX 780 Inno3D Ice Dragon Edition,"
01-Jun-2013 ",4096x2160,Yes
Nvidia,,3072 MB ,384 Bit ,288.4GB/sec,1502 MHz,GeForce GTX 780 Gigabyte GHz Edition,"
01-Jul-2013 ",4096x2160,Yes
Nvidia,,3072 MB ,384 Bit ,288.4GB/sec,1502 MHz,GeForce GTX 780 Gainward Phantom GLH Edition,"
30-Jun-2013 ",4096x2160,Yes
Nvidia,500 Watts,6144 MB ,384 Bit ,576.8GB/sec,1502 MHz,GeForce GTX 780 EVGA SC w/ ACX Edition SLI,"
23-May-2013 ",4096x2160,Yes
Nvidia,250 Watts,3072 MB ,384 Bit ,288.4GB/sec,1502 MHz,GeForce GTX 780 EVGA Dual FTW w/ ACX Edition,"
23-May-2013 ",4096x2160,Yes
Nvidia,,3072 MB ,384 Bit ,288.4GB/sec,1502 MHz,GeForce GTX 780 Gainward Phantom Edition,"
30-Aug-2013 ",4096x2160,Yes
Nvidia,250 Watts,6144 MB ,384 Bit ,288.4GB/sec,1502 MHz,GeForce GTX 780 EVGA SC w/ ACX 6GB Edition,"
 10-Sep-2013 ",4096x2160,Yes
Nvidia,250 Watts,3072 MB ,384 Bit ,288.4GB/sec,1502 MHz,GeForce GTX 780 EVGA Dual Classified w/ ACX Edition,"
23-May-2013 ",4096x2160,Yes
Nvidia,250 Watts,6144 MB ,384 Bit ,288.4GB/sec,1502 MHz,GeForce GTX 780 Asus Strix OC 6GB Edition,"
22-May-2014 ",4096x2160,Yes
Nvidia,250 Watts,3072 MB ,384 Bit ,288.4GB/sec,1502 MHz,GeForce GTX 780 EVGA SC w/ ACX Edition,"
23-May-2013 ",4096x2160,Yes
Nvidia,250 Watts,3072 MB ,384 Bit ,288.4GB/sec,1502 MHz,GeForce GTX 780 EVGA SC Edition,"
23-May-2013 ",4096x2160,Yes
Nvidia,,3072 MB ,384 Bit ,288.4GB/sec,1502 MHz,GeForce GTX 780 DirectCU II Edition,"
01-Jul-2013 ",4096x2160,Yes
Nvidia,,3072 MB ,384 Bit ,288.4GB/sec,1502 MHz,GeForce GTX 780 DirectCU II OC Edition,"
01-Jul-2013 ",4096x2160,Yes
Nvidia,120 Watts,4096 MB ,128 Bit ,112.2GB/sec,1753 MHz,GeForce GTX 960 EVGA FTW ACX 2.0+ 4GB Edition,"
22-Jan-2015 ",5120x3200,Yes
Nvidia,250 Watts,3072 MB ,384 Bit ,288.4GB/sec,1502 MHz,GeForce GTX 780 Galaxy HOF 3GB Edition,"
01-Sep-2013 ",4096x2160,Yes
Nvidia,120 Watts,4096 MB ,128 Bit ,112.2GB/sec,1753 MHz,GeForce GTX 960 EVGA ACX 2.0+ 4GB Edition,"
22-Jan-2015 ",5120x3200,Yes
Nvidia,120 Watts,2048 MB ,128 Bit ,112.2GB/sec,1753 MHz,GeForce GTX 960 EVGA FTW ACX 2.0+ 2GB Edition,"
22-Jan-2015 ",5120x3200,Yes
Nvidia,300 Watts,8192 MB ,128 Bit ,224.4GB/sec,1753 MHz,GeForce GTX 960 Asus Turbo OC 4GB Edition SLI,"
05-May-2015 ",5120x3200,Yes
Nvidia,120 Watts,2048 MB ,128 Bit ,112.2GB/sec,1753 MHz,GeForce GTX 960 Asus Turbo OC 2GB Edition,"
05-May-2015 ",5120x3200,Yes
Nvidia,150 Watts,4096 MB ,128 Bit ,112.2GB/sec,1753 MHz,GeForce GTX 960 Asus Turbo OC 4GB Edition,"
05-May-2015 ",5120x3200,Yes
Nvidia,150 Watts,4096 MB ,128 Bit ,112.2GB/sec,1753 MHz,GeForce GTX 960 Asus Strix DirectCU II OC 4GB Edition,"
22-Jan-2015 ",5120x3200,Yes
Nvidia,120 Watts,2048 MB ,128 Bit ,112.2GB/sec,1753 MHz,GeForce GTX 960 EVGA ACX 2.0+ 2GB Edition,"
22-Jan-2015 ",5120x3200,Yes
Nvidia,120 Watts,2048 MB ,128 Bit ,112.2GB/sec,1753 MHz,GeForce GTX 960 2GB,"
22-Jan-2015 ",5120x3200,Yes
Nvidia,550 Watts,6144 MB ,384 Bit ,576.8GB/sec,1502 MHz,GeForce GTX 780 Asus ROG POSEIDON Edition SLI,"
18-Dec-2013 ",4096x2160,Yes
Nvidia,240 Watts,4096 MB ,128 Bit ,224.4GB/sec,1753 MHz,GeForce GTX 960 2GB SLI,"
22-Jan-2015 ",4096x2160,Yes
Nvidia,120 Watts,2048 MB ,128 Bit ,115.2GB/sec,1800 MHz,GeForce GTX 960 Asus Strix DirectCU II OC 2GB Edition,"
22-Jan-2015 ",5120x3200,Yes
Nvidia,120 Watts,2048 MB ,128 Bit ,112.3GB/sec,1755 MHz,GeForce GTX 950 Zotac AMP! 2GB Edition,"
20-Aug-2015 ",5120x3200,Yes
Nvidia,120 Watts,2048 MB ,128 Bit ,105.7GB/sec,1652 MHz,GeForce GTX 950 Zotac 2GB Edition,"
20-Aug-2015 ",5120x3200,Yes
Nvidia,120 Watts,2048 MB ,128 Bit ,108.9GB/sec,1701 MHz,GeForce GTX 950 Zotac OC 2GB Edition,"
20-Aug-2015 ",5120x3200,Yes
Nvidia,94 Watts,2048 MB ,128 Bit ,105.8GB/sec,1653 MHz,GeForce GTX 950 PNY 2GB Edition,"
20-Aug-2015 ",5120x3200,Yes
Nvidia,150 Watts,2048 MB ,128 Bit ,105.8GB/sec,1653 MHz,GeForce GTX 950 Palit StormX 2GB Edition,"
20-Aug-2015 ",5120x3200,Yes
Nvidia,75 Watts,2048 MB ,128 Bit ,105.8GB/sec,1653 MHz,GeForce GTX 950 LP MSI OC v3 2GB Edition,"
01-Mar-2016 ",5120x3200,Yes
Nvidia,100 Watts,2048 MB ,128 Bit ,106.4GB/sec,1663 MHz,GeForce GTX 950 MSI Gaming 2GB Edition,"
20-Aug-2015 ",5120x3200,Yes
Nvidia,500 Watts,6144 MB ,768 Bit ,576.8GB/sec,1502 MHz,GeForce GTX 780 Asus DirectCU II OC Edition SLI,"
01-Jul-2013 ",4096x2160,No
Nvidia,250 Watts,6144 MB ,384 Bit ,288.4GB/sec,1502 MHz,GeForce GTX 780 6GB,"
10-Sep-2013 ",4096x2160,Yes
Nvidia,,2048 MB ,256 Bit ,230.4GB/sec,1800 MHz,GeForce GTX 770 Zotac AMP! Edition,"
30-Jun-2013 ",4096x2160,Yes
Nvidia,250 Watts,3072 MB ,384 Bit ,288.4GB/sec,1502 MHz,GeForce GTX 780,"
23-May-2013	 ",4096x2160,Yes
Nvidia,90 Watts,2048 MB ,128 Bit ,105.8GB/sec,1653 MHz,GeForce GTX 950 MSI Armor 2X OC 2GB Edition,"
20-Aug-2015 ",5120x3200,Yes
Nvidia,,2048 MB ,256 Bit ,224.4GB/sec,1753 MHz,GeForce GTX 770 Zotac 2GB OC Edition,"
30-Jun-2013 ",4096x2160,Yes
Nvidia,230 Watts,4096 MB ,256 Bit ,224.3GB/sec,1752 MHz,GeForce GTX 770 Zotac 4GB Edition,"
30-May-2013 ",4096x2160,Yes
Nvidia,,2048 MB ,256 Bit ,224.3GB/sec,1752 MHz,GeForce GTX 770 WindForce 3X OC Edition,"
30-May-2013 ",4096x2160,Yes
Nvidia,90 Watts,2048 MB ,128 Bit ,105.8GB/sec,1653 MHz,GeForce GTX 950 Palit StormX Dual OC 2GB Edition,"
20-Aug-2015 ",5120x3200,Yes
Nvidia,,4096 MB ,256 Bit ,224.3GB/sec,1752 MHz,GeForce GTX 770 WindForce 3X OC 4GB Edition,"
30-May-2013 ",4096x2160,Yes
Nvidia,500 Watts,8192 MB ,256 Bit ,448.5GB/sec,1752 MHz,GeForce GTX 770 WindForce 3X OC 4GB Edition SLI,"
30-May-2013 ",4096x2160,Yes
Nvidia,230 Watts,2048 MB ,256 Bit ,218GB/sec,1703 MHz,GeForce GTX 770 PNY XLR8 Enthusiast Edition,"
01-May-2013 ",4096x2160,Yes
Nvidia,230 Watts,4096 MB ,256 Bit ,224.4GB/sec,1753 MHz,GeForce GTX 770 PNY Enthusiast 4GB OC Edition,"
30-Aug-2013 ",4096x2160,Yes
Nvidia,400 Watts,4096 MB ,256 Bit ,448.5GB/sec,1752 MHz,GeForce GTX 770 SLI,"
30-May-2013 ",4096x2160,Yes
Nvidia,150 Watts,2048 MB ,128 Bit ,112.2GB/sec,1753 MHz,GeForce GTX 960 Asus Mini OC 2GB Edition,"
22-Jan-2015 ",5120x3200,Yes
Nvidia,90 Watts,2048 MB ,128 Bit ,105.8GB/sec,1653 MHz,GeForce GTX 950 MSI OC 2GB Edition,"
20-Aug-2015 ",5120x3200,Yes
Nvidia,229 Watts,2048 MB ,256 Bit ,224.4GB/sec,1753 MHz,GeForce GTX 770 MSI TwinFrozr Edition,"
18-Jun-2013 ",4096x2160,Yes
Nvidia,,4096 MB ,256 Bit ,448.5GB/sec,1752 MHz,GeForce GTX 770 Palit JetStream 2GB Edition SLI,"
30-May-2013 ",4096x2160,Yes
Nvidia,,2048 MB ,256 Bit ,224.3GB/sec,1752 MHz,GeForce GTX 770 Palit JetStream 2GB Edition,"
30-May-2013 ",4096x2160,Yes
Nvidia,230 Watts,4096 MB ,256 Bit ,224.3GB/sec,1752 MHz,GeForce GTX 770 Palit JetStream 4GB Edition,"
30-May-2013 ",4096x2160,Yes
Nvidia,229 Watts,4096 MB ,256 Bit ,224.4GB/sec,1753 MHz,GeForce GTX 770 MSI TwinFrozr 4GB Edition,"
18-Jun-2013 ",4096x2160,Yes
Nvidia,280 Watts,2048 MB ,256 Bit ,224.4GB/sec,1753 MHz,GeForce GTX 770 MSI Lightning Edition,"
18-Jun-2013 ",4096x2160,Yes
Nvidia,256 Watts,4096 MB ,256 Bit ,230.4GB/sec,1800 MHz,GeForce GTX 770 Inno3D iChill HerculeZ X3 Ultra 4GB Edition,"
22-Jun-2013 ",4096x2160,Yes
Nvidia,230 Watts,4096 MB ,256 Bit ,224.3GB/sec,1752 MHz,GeForce GTX 770 Leadtek Hurricane III Edition,"
30-May-2013 ",4096x2160,Yes
Nvidia,244 Watts,2048 MB ,256 Bit ,230.4GB/sec,1800 MHz,GeForce GTX 770 Inno3D iChill HerculeZ X3 Ultra 2GB Edition,"
22-Jun-2013 ",4096x2160,Yes
Nvidia,230 Watts,2048 MB ,256 Bit ,224.4GB/sec,1753 MHz,GeForce GTX 770 Inno3D HerculeZ 2000 2GB Edition,"
01-May-2013 ",4096x2160,Yes
Nvidia,230 Watts,2048 MB ,256 Bit ,224.4GB/sec,1753 MHz,GeForce GTX 770 Galaxy HOF 2GB Edition,"
01-Jun-2013 ",4096x2160,Yes
Nvidia,,2048 MB ,256 Bit ,224.3GB/sec,1752 MHz,GeForce GTX 770 Gainward Phantom Edition,"
01-Jun-2013 ",4096x2160,Yes
Nvidia,230 Watts,2048 MB ,256 Bit ,224.3GB/sec,1752 MHz,GeForce GTX 770 Gainward 2GB Edition,"
30-May-2013 ",4096x2160,Yes
Nvidia,250 Watts,2048 MB ,256 Bit ,218GB/sec,1703 MHz,GeForce GTX 770 EVGA W/ ACX Edition,"
01-Jun-2013 ",4096x2160,Yes
Nvidia,500 Watts,4096 MB ,256 Bit ,436GB/sec,1703 MHz,GeForce GTX 770 EVGA SC W/ ACX Edition SLI,"
01-Jun-2013 ",4096x2160,Yes
Nvidia,250 Watts,2048 MB ,256 Bit ,218GB/sec,1703 MHz,GeForce GTX 770 EVGA SC W/ ACX Edition,"
01-Jun-2013 ",4096x2160,Yes
Nvidia,230 Watts,2048 MB ,256 Bit ,218GB/sec,1703 MHz,GeForce GTX 770 Galaxy GC 2GB Edition,"
30-May-2013 ",4096x2160,Yes
Nvidia,250 Watts,2048 MB ,256 Bit ,224.4GB/sec,1753 MHz,GeForce GTX 770 EVGA Superclocked Edition,"
01-Jun-2013 ",4096x2160,Yes
Nvidia,250 Watts,4096 MB ,256 Bit ,217.9GB/sec,1702 MHz,GeForce GTX 770 EVGA Dual SC W/ ACX 4GB Edition,"
01-Jun-2013 ",4096x2160,Yes
Nvidia,250 Watts,2048 MB ,256 Bit ,218GB/sec,1703 MHz,GeForce GTX 770 EVGA SC Edition,"
01-Jun-2013 ",4096x2160,Yes
Nvidia,400 Watts,6144 MB ,256 Bit ,448.8GB/sec,1753 MHz,GeForce GTX 770 EVGA 4GB Classified Edition SLI,"
30-Jun-2013 ",4096x2160,Yes
Nvidia,75 Watts,2048 MB ,128 Bit ,105.8GB/sec,1653 MHz,GeForce GTX 950 LP 2GB,"
01-Mar-2016 ",5120x3200,Yes
Nvidia,250 Watts,4096 MB ,256 Bit ,224.4GB/sec,1753 MHz,GeForce GTX 770 EVGA 4GB Classified Edition,"
01-Jun-2013 ",4096x2160,Yes
Nvidia,300 Watts,3072 MB ,384 Bit ,288.4GB/sec,1502 MHz,GeForce GTX 780 Asus ROG POSEIDON Edition,"
18-Dec-2013 ",4096x2160,Yes
Nvidia,,4096 MB ,256 Bit ,224.3GB/sec,1752 MHz,GeForce GTX 770 Gainward Phantom 4GB Edition,"
01-Jun-2013 ",4096x2160,Yes
Nvidia,75 Watts,2048 MB ,128 Bit ,105.8GB/sec,1653 MHz,GeForce GTX 950 LP Asus 2GB Edition,"
06-Mar-2016 ",5120x3200,Yes
Nvidia,110 Watts,2048 MB ,128 Bit ,108.8GB/sec,1700 MHz,GeForce GTX 950 Inno3D iChill 2GB Edition,"
20-Aug-2015 ",5120x3200,Yes
Nvidia,75 Watts,2048 MB ,128 Bit ,105.8GB/sec,1653 MHz,GeForce GTX 950 LP MSI OC v2 2GB Edition,"
01-Mar-2016 ",5120x3200,Yes
Nvidia,90 Watts,2048 MB ,128 Bit ,105.8GB/sec,1653 MHz,GeForce GTX 950 Inno3D OC 2GB Edition,"
20-Aug-2015 ",5120x3200,Yes
Nvidia,90 Watts,2048 MB ,128 Bit ,105.8GB/sec,1653 MHz,GeForce GTX 950 Galax KFA2 OC 2GB Edition,"
20-Aug-2015 ",5120x3200,Yes
Nvidia,110 Watts,2048 MB ,128 Bit ,108.8GB/sec,1700 MHz,GeForce GTX 950 Inno3D iChill Ultra 2GB Edition,"
20-Aug-2015 ",5120x3200,Yes
Nvidia,100 Watts,2048 MB ,128 Bit ,105.8GB/sec,1653 MHz,GeForce GTX 950 Gigabyte WindForce 2X OC 2GB Edition,"
20-Aug-2015 ",5120x3200,Yes
Nvidia,100 Watts,2048 MB ,128 Bit ,105.8GB/sec,1653 MHz,GeForce GTX 950 Gigabyte OC 2GB Edition,"
20-Aug-2015 ",5120x3200,Yes
Nvidia,120 Watts,2048 MB ,128 Bit ,112GB/sec,1750 MHz,GeForce GTX 950 Gigabyte XTREME Gaming 2GB Edition,"
09-Sep-2015 ",5120x3200,Yes
Nvidia,110 Watts,2048 MB ,128 Bit ,105.8GB/sec,1653 MHz,GeForce GTX 950 EVGA Superclocked+ ACX 2.0 2GB Edition,"
20-Aug-2015 ",5120x3200,Yes
Nvidia,90 Watts,2048 MB ,128 Bit ,107.7GB/sec,1683 MHz,GeForce GTX 950 Galax KFA2 EX OC White 2GB Edition,"
20-Aug-2015 ",5120x3200,Yes
Nvidia,125 Watts,2048 MB ,128 Bit ,105.8GB/sec,1653 MHz,GeForce GTX 950 EVGA SSC ACX 2.0 2GB Edition,"
20-Aug-2015 ",5120x3200,Yes
Nvidia,75 Watts,2048 MB ,128 Bit ,105.8GB/sec,1653 MHz,GeForce GTX 950 Asus OC 2GB Edition,"
20-Aug-2015 ",5120x3200,Yes
Nvidia,110 Watts,2048 MB ,128 Bit ,105.8GB/sec,1653 MHz,GeForce GTX 950 EVGA Superclocked 2.0 2GB Edition,"
20-Aug-2015 ",5120x3200,Yes
Nvidia,150 Watts,2048 MB ,128 Bit ,105.8GB/sec,1653 MHz,GeForce GTX 950 Asus DirectCU II OC Strix Gaming 2GB Edition,"
20-Aug-2015 ",5120x3200,Yes
Nvidia,90 Watts,2048 MB ,128 Bit ,105.8GB/sec,1653 MHz,GeForce GTX 950 Gainward 2GB Edition,"
20-Aug-2015 ",5120x3200,Yes
Nvidia,150 Watts,2048 MB ,128 Bit ,105.8GB/sec,1653 MHz,GeForce GTX 950 Asus Mini 2GB Edition,"
20-Aug-2015 ",5120x3200,Yes
Nvidia,180 Watts,4096 MB ,128 Bit ,211.6GB/sec,1653 MHz,GeForce GTX 950 2GB SLI,"
20-Aug-2015 ",4096x2160,Yes
Nvidia,90 Watts,2048 MB ,128 Bit ,105.8GB/sec,1653 MHz,GeForce GTX 950 2GB,"
20-Aug-2015 ",5120x3200,Yes
Nvidia,,4096 MB ,256 Bit ,448.8GB/sec,1753 MHz,GeForce GTX 770 DirectCU II 2GB OC Edition SLI,"
30-May-2013 ",4096x2160,Yes
Nvidia,60 Watts,2048 MB ,128 Bit ,80GB/sec,1250 MHz,GeForce GT 940 2GB [not released],"
31-Oct-2016 ",4096x2160,No
Nvidia,170 Watts,2048 MB ,256 Bit ,192.3GB/sec,1502 MHz,GeForce GTX 760 Zotac OC Edition,"
25-Jun-2013 ",4096x2160,Yes
Nvidia,230 Watts,2048 MB ,256 Bit ,224.3GB/sec,1752 MHz,GeForce GTX 770,"
30-May-2013 ",4096x2160,Yes
Nvidia,125 Watts,2048 MB ,128 Bit ,105.8GB/sec,1653 MHz,GeForce GTX 950 EVGA FTW ACX 2.0 2GB Edition,"
20-Aug-2015 ",5120x3200,Yes
Nvidia,170 Watts,2048 MB ,256 Bit ,192.3GB/sec,1502 MHz,GeForce GTX 760 Zotac AMP! Edition,"
25-Jun-2013 ",4096x2160,Yes
Nvidia,230 Watts,4096 MB ,256 Bit ,224.4GB/sec,1753 MHz,GeForce GTX 770 DirectCU II 4GB OC Edition,"
30-May-2013 ",4096x2160,Yes
Nvidia,170 Watts,2048 MB ,256 Bit ,192.3GB/sec,1502 MHz,GeForce GTX 760 Zotac 2GB Edition,"
25-Jun-2013 ",4096x2160,Yes
Nvidia,170 Watts,4096 MB ,256 Bit ,192.3GB/sec,1502 MHz,GeForce GTX 760 Zotac 4GB Edition,"
25-Jun-2013 ",4096x2160,Yes
Nvidia,170 Watts,2048 MB ,256 Bit ,192.3GB/sec,1502 MHz,GeForce GTX 760 WindForce 3X OC Edition,"
25-Jun-2013 ",4096x2160,Yes
Nvidia,170 Watts,4096 MB ,256 Bit ,192.3GB/sec,1502 MHz,GeForce GTX 760 WindForce 3X OC 4GB Edition,"
25-Jun-2013 ",4096x2160,Yes
Nvidia,170 Watts,2048 MB ,256 Bit ,198.7GB/sec,1552 MHz,GeForce GTX 760 WinFast Dual Fan OC 2GB Edition,"
25-Jul-2013 ",4096x2160,Yes
Nvidia,170 Watts,2048 MB ,256 Bit ,192.3GB/sec,1502 MHz,GeForce GTX 760 WindForce 2X OC 2GB Edition,"
21-Apr-2014 ",4096x2160,Yes
Nvidia,,2048 MB ,256 Bit ,224.4GB/sec,1753 MHz,GeForce GTX 770 MSI 2GB OC Edition,"
18-Jul-2013 ",4096x2160,Yes
Nvidia,170 Watts,2048 MB ,256 Bit ,192.3GB/sec,1502 MHz,GeForce GTX 760 Ti (OEM),"
17-Oct-2013 ",4096x2160,Yes
Nvidia,170 Watts,4096 MB ,256 Bit ,198.7GB/sec,1552 MHz,GeForce GTX 760 WinFast Dual Fan OC 4GB Edition,"
25-Jul-2013 ",4096x2160,Yes
Nvidia,170 Watts,4096 MB ,256 Bit ,198.4GB/sec,1550 MHz,GeForce GTX 760 Palit JetStream 4GB Edition,"
25-Jun-2013 ",4096x2160,Yes
Nvidia,170 Watts,2048 MB ,256 Bit ,192.3GB/sec,1502 MHz,GeForce GTX 760 MSI TwinFrozr OC 2GB Edition,"
25-Jun-2013 ",4096x2160,Yes
Nvidia,170 Watts,2048 MB ,256 Bit ,192.3GB/sec,1502 MHz,GeForce GTX 760 MSI TwinFrozr Gaming Edition,"
25-Jun-2013 ",4096x2160,Yes
Nvidia,170 Watts,2048 MB ,256 Bit ,192.3GB/sec,1502 MHz,GeForce GTX 760 MSI TwinFrozr Gaming OC Edition,"
25-Jun-2013 ",4096x2160,Yes
Nvidia,300 Watts,4096 MB ,256 Bit ,224.4GB/sec,1753 MHz,GeForce GTX 770 Asus ROG Poseidon 2GB Edition,"
30-May-2013 ",4096x2160,Yes
Nvidia,170 Watts,2048 MB ,256 Bit ,192.3GB/sec,1502 MHz,GeForce GTX 760 MSI OC 2GB Edition,"
01-Jul-2013 ",4096x2160,Yes
Nvidia,170 Watts,4096 MB ,256 Bit ,192.3GB/sec,1502 MHz,GeForce GTX 760 MSI TwinFrozr Gaming OC 4GB Edition,"
25-Jun-2013 ",4096x2160,Yes
Nvidia,,2048 MB ,256 Bit ,224.4GB/sec,1753 MHz,GeForce GTX 770 DirectCU II 2GB OC Edition,"
30-May-2013 ",4096x2160,Yes
Nvidia,170 Watts,2048 MB ,256 Bit ,192.3GB/sec,1502 MHz,GeForce GTX 760 KFA2 EX OC 2GB Edition,"
25-Jun-2013 ",4096x2160,Yes
Nvidia,170 Watts,4096 MB ,256 Bit ,192.3GB/sec,1502 MHz,GeForce GTX 760 KFA2 EX OC 4GB Edition,"
25-Jun-2013 ",4096x2160,Yes
Nvidia,170 Watts,4096 MB ,256 Bit ,192.3GB/sec,1502 MHz,GeForce GTX 760 Gainward Phantom 4GB Edition,"
19-Oct-2013 ",4096x2160,Yes
Nvidia,170 Watts,2048 MB ,256 Bit ,192.3GB/sec,1502 MHz,GeForce GTX 760 Galaxy GC 2GB Edition,"
23-Jun-2013 ",4096x2160,Yes
Nvidia,170 Watts,2048 MB ,256 Bit ,192.3GB/sec,1502 MHz,GeForce GTX 760 EVGA W/ ACX 2GB Edition,"
25-Jun-2013 ",4096x2160,Yes
Nvidia,170 Watts,2048 MB ,256 Bit ,192.3GB/sec,1502 MHz,GeForce GTX 760 MSI Gaming ITX 2GB Edition,"
20-Nov-2013 ",4096x2160,Yes
Nvidia,170 Watts,2048 MB ,256 Bit ,198.4GB/sec,1550 MHz,GeForce GTX 760 Gainward Phantom 2GB Edition,"
25-Jun-2013 ",4096x2160,Yes
Nvidia,170 Watts,2048 MB ,256 Bit ,192.3GB/sec,1502 MHz,GeForce GTX 760 Gainward 2GB Edition,"
25-Jun-2013 ",4096x2160,Yes
Nvidia,160 Watts,2048 MB ,256 Bit ,192.3GB/sec,1502 MHz,GeForce GTX 760 Inno3D OC 2GB Edition,"
25-Jun-2013 ",4096x2160,Yes
Nvidia,170 Watts,2048 MB ,256 Bit ,192.3GB/sec,1502 MHz,GeForce GTX 760 EVGA SC W/ ACX 2GB Edition,"
25-Jun-2013 ",4096x2160,Yes
Nvidia,170 Watts,2048 MB ,256 Bit ,192.3GB/sec,1502 MHz,GeForce GTX 760 EVGA SC 2GB Edition,"
25-Jun-2013 ",4096x2160,Yes
Nvidia,170 Watts,4096 MB ,256 Bit ,192.3GB/sec,1502 MHz,GeForce GTX 760 EVGA SC W/ ACX 4GB Edition,"
25-Jun-2013 ",4096x2160,Yes
Nvidia,170 Watts,2048 MB ,256 Bit ,192.3GB/sec,1502 MHz,GeForce GTX 760 MSI Hawk Edition,"
25-Jun-2013 ",4096x2160,Yes
Nvidia,170 Watts,4096 MB ,256 Bit ,192.3GB/sec,1502 MHz,GeForce GTX 760 EVGA 4GB Edition,"
25-Jun-2013 ",4096x2160,Yes
Nvidia,170 Watts,2048 MB ,256 Bit ,198.7GB/sec,1552 MHz,GeForce GTX 760 PNY Enthusiast OC Edition,"
14-Sep-2013 ",4096x2160,Yes
Nvidia,35 Watts,2048 MB ,64 Bit ,16GB/sec,1000 MHz,GeForce GT 930 2GB [not released],"
31-Oct-2016 ",4096x2160,No
Nvidia,170 Watts,2048 MB ,256 Bit ,192.3GB/sec,1502 MHz,GeForce GTX 760 Asus DirectCU II OC Edition,"
25-Jun-2013 ",4096x2160,Yes
Nvidia,170 Watts,4096 MB ,256 Bit ,192.3GB/sec,1502 MHz,GeForce GTX 760 EVGA Dual 4GB FTW w/ ACX Edition,"
25-Jun-2013 ",4096x2160,Yes
Nvidia,170 Watts,2048 MB ,256 Bit ,192.3GB/sec,1502 MHz,GeForce GTX 760 Asus DC Mini Edition,"
25-Sep-2013 ",4096x2160,Yes
Nvidia,170 Watts,2048 MB ,256 Bit ,192.3GB/sec,1502 MHz,GeForce GTX 760 Asus DirectCU II TOP SSU Edition,"
25-Jun-2013 ",4096x2160,Yes
Nvidia,250 Watts,4096 MB ,256 Bit ,384.5GB/sec,1502 MHz,GeForce GTX 760 Asus ROG MARS Edition,"
19-Nov-2013 ",4096x2160,Yes
Nvidia,130 Watts,3072 MB ,192 Bit ,134.4GB/sec,1400 MHz,GeForce GTX 760 3GB (OEM),"
27-Jul-2013 ",4096x2160,No
Nvidia,170 Watts,4096 MB ,256 Bit ,192.3GB/sec,1502 MHz,GeForce GTX 760 Asus ROG Striker Platinum Edition,"
19-Apr-2014 ",4096x2160,Yes
Nvidia,130 Watts,1536 MB ,192 Bit ,134.4GB/sec,1400 MHz,GeForce GTX 760 1.5GB (OEM),"
27-Jun-2013 ",4096x2160,No
Nvidia,55 Watts,1024 MB ,128 Bit ,80GB/sec,1250 MHz,GeForce GTX 750 Zotac 1GB Edition,"
18-Feb-2014 ",4096x2160,No
Nvidia,55 Watts,2048 MB ,128 Bit ,80GB/sec,1250 MHz,GeForce GTX 750 Zotac 2GB Edition,"
18-Feb-2014 ",4096x2160,No
Nvidia,60 Watts,1024 MB ,128 Bit ,86.4GB/sec,1350 MHz,GeForce GTX 750 Ti Zotac 1GB Edition,"
18-Feb-2014 ",4096x2160,No
Nvidia,90 Watts,2048 MB ,128 Bit ,96.1GB/sec,1502 MHz,GeForce GTX 750 Ti Zotac Thunderbolt 2GB Edition,"
18-Feb-2014 ",4096x2160,No
Nvidia,170 Watts,2048 MB ,256 Bit ,192.3GB/sec,1502 MHz,GeForce GTX 760,"
25-Jun-2013 ",4096x2160,Yes
Nvidia,55 Watts,1024 MB ,128 Bit ,86.4GB/sec,1350 MHz,GeForce GTX 750 Zotac Thunderbolt 1GB Edition,"
18-Feb-2014 ",4096x2160,No
Nvidia,60 Watts,2048 MB ,128 Bit ,96.1GB/sec,1502 MHz,GeForce GTX 750 Ti PNY Performance OC 2GB Edition,"
18-Feb-2014 ",4096x2160,No
Nvidia,60 Watts,2048 MB ,128 Bit ,86.4GB/sec,1350 MHz,GeForce GTX 750 Ti Zotac 2GB Edition,"
18-Feb-2014 ",4096x2160,No
Nvidia,60 Watts,2048 MB ,128 Bit ,86.4GB/sec,1350 MHz,GeForce GTX 750 Ti Zotac OC 2GB Edition,"
18-Feb-2014 ",4096x2160,No
Nvidia,60 Watts,2048 MB ,128 Bit ,88GB/sec,1375 MHz,GeForce GTX 750 Ti Palit StormX OC 2GB Edition,"
18-Feb-2014 ",4096x2160,No
Nvidia,90 Watts,2048 MB ,128 Bit ,96.1GB/sec,1502 MHz,GeForce GTX 750 Ti Palit StormX Dual 2GB Edition,"
18-Feb-2014 ",4096x2160,No
Nvidia,60 Watts,2048 MB ,128 Bit ,86.4GB/sec,1350 MHz,GeForce GTX 750 Ti MSI OC 2GB Edition,"
18-Feb-2014 ",4096x2160,No
Nvidia,60 Watts,2048 MB ,128 Bit ,86.4GB/sec,1350 MHz,GeForce GTX 750 Ti MSI OC v1 2GB Edition,"
01-May-2014 ",4096x2160,No
Nvidia,60 Watts,2048 MB ,128 Bit ,86.4GB/sec,1350 MHz,GeForce GTX 750 Ti Inno3D OC 2GB Edition,"
18-Feb-2014 ",4096x2160,No
Nvidia,60 Watts,2048 MB ,128 Bit ,86.4GB/sec,1350 MHz,GeForce GTX 750 Ti MSI Low Profile 2GB Edition,"
01-Nov-2014 ",4096x2160,No
Nvidia,60 Watts,2048 MB ,128 Bit ,86.4GB/sec,1350 MHz,GeForce GTX 750 Ti KFA2 OC 2GB Edition,"
18-Feb-2014 ",4096x2160,No
Nvidia,60 Watts,2048 MB ,128 Bit ,86.4GB/sec,1350 MHz,GeForce GTX 750 Ti Gigabyte WindForce 2X 2GB Black Edition,"
12-May-2014 ",4096x2160,No
Nvidia,60 Watts,2048 MB ,128 Bit ,86.4GB/sec,1350 MHz,GeForce GTX 750 Ti MSI Gaming 2GB Edition,"
18-Feb-2014 ",4096x2160,No
Nvidia,75 Watts,4096 MB ,128 Bit ,86.4GB/sec,1350 MHz,GeForce GTX 750 Ti Gigabyte WindForce 2X OC 4GB Edition,"
23-Jan-2015 ",4096x2160,No
Nvidia,60 Watts,2048 MB ,128 Bit ,86.4GB/sec,1350 MHz,GeForce GTX 750 Ti Gigabyte OC 2GB Edition,"
18-Feb-2014 ",4096x2160,No
Nvidia,60 Watts,2048 MB ,128 Bit ,86.4GB/sec,1350 MHz,GeForce GTX 750 Ti Gigabyte WindForce 2X OC 2GB Edition,"
18-Feb-2014 ",4096x2160,No
Nvidia,75 Watts,2048 MB ,128 Bit ,86.4GB/sec,1350 MHz,GeForce GTX 750 Ti Gigabyte OC 1GB Edition,"
18-Feb-2014 ",4096x2160,No
Nvidia,60 Watts,2048 MB ,128 Bit ,86.4GB/sec,1350 MHz,GeForce GTX 750 Ti Gigabyte Low Profile OC 2GB Edition,"
01-Sep-2014 ",4096x2160,No
Nvidia,60 Watts,2048 MB ,128 Bit ,86.4GB/sec,1350 MHz,GeForce GTX 750 Ti Galaxy OC 2GB Edition,"
18-Feb-2014 ",4096x2160,No
Nvidia,60 Watts,2048 MB ,128 Bit ,86.4GB/sec,1350 MHz,GeForce GTX 750 Ti Galaxy GC 2GB Edition,"
18-Feb-2014 ",4096x2160,No
Nvidia,350 Watts,4096 MB ,256 Bit ,384.5GB/sec,1502 MHz,GeForce GTX 760 SLI,"
25-Jun-2013 ",4096x2160,Yes
Nvidia,90 Watts,2048 MB ,128 Bit ,96.1GB/sec,1502 MHz,GeForce GTX 750 Ti Gainward Golden Sample 2GB Edition,"
18-Feb-2014 ",4096x2160,No
Nvidia,85 Watts,2048 MB ,128 Bit ,86.4GB/sec,1350 MHz,GeForce GTX 750 Ti EVGA FTW W/ ACX 2GB Edition,"
18-Feb-2014 ",4096x2160,No
Nvidia,60 Watts,2048 MB ,128 Bit ,86.4GB/sec,1350 MHz,GeForce GTX 750 Ti EVGA SuperClocked 2GB Edition,"
18-Feb-2014 ",4096x2160,No
Nvidia,60 Watts,2048 MB ,128 Bit ,88GB/sec,1375 MHz,GeForce GTX 750 Ti Gainward 2GB Edition,"
18-Feb-2014 ",4096x2160,No
Nvidia,65 Watts,2048 MB ,128 Bit ,86.4GB/sec,1350 MHz,GeForce GTX 750 Ti Asus Strix 2GB Edition,"
01-Aug-2014 ",4096x2160,No
Nvidia,60 Watts,2048 MB ,128 Bit ,86.4GB/sec,1350 MHz,GeForce GTX 750 Ti EVGA 2GB Edition,"
18-Feb-2014 ",4096x2160,No
Nvidia,60 Watts,2048 MB ,128 Bit ,86.4GB/sec,1350 MHz,GeForce GTX 750 Ti EVGA W/ ACX 2GB Edition,"
18-Feb-2014 ",4096x2160,No
Nvidia,60 Watts,2048 MB ,128 Bit ,86.4GB/sec,1350 MHz,GeForce GTX 750 Ti Asus 2GB Edition,"
18-Feb-2014 ",4096x2160,No
Nvidia,60 Watts,2048 MB ,128 Bit ,86.4GB/sec,1350 MHz,GeForce GTX 750 Ti Asus PH 2GB Edition,"
18-Feb-2014 ",4096x2160,No
Nvidia,55 Watts,1024 MB ,128 Bit ,81.6GB/sec,1275 MHz,GeForce GTX 750 Palit StormX OC 1GB Edition,"
18-Feb-2014 ",4096x2160,No
Nvidia,60 Watts,2048 MB ,128 Bit ,86.4GB/sec,1350 MHz,GeForce GTX 750 Ti,"
18-Feb-2014 ",4096x2160,No
Nvidia,150 Watts,2048 MB ,128 Bit ,86.4GB/sec,1350 MHz,GeForce GTX 750 Ti Asus OC 2GB Edition,"
18-Feb-2014 ",4096x2160,No
Nvidia,55 Watts,1024 MB ,128 Bit ,80.2GB/sec,1253 MHz,GeForce GTX 750 Sparkle 1GB Edition,"
18-Feb-2014 ",4096x2160,No
Nvidia,65 Watts,2048 MB ,128 Bit ,86.4GB/sec,1350 MHz,GeForce GTX 750 Ti Asus Strix OC 2GB Edition,"
18-Aug-2014 ",4096x2160,No
Nvidia,55 Watts,2048 MB ,128 Bit ,80GB/sec,1250 MHz,GeForce GTX 750 Palit KalmX 2GB Edition,"
15-Jul-2014 ",4096x2160,No
Nvidia,55 Watts,2048 MB ,128 Bit ,80GB/sec,1250 MHz,GeForce GTX 750 Palit StormX 2GB Edition,"
10-Mar-2014 ",4096x2160,Yes
Nvidia,55 Watts,2048 MB ,128 Bit ,80.2GB/sec,1253 MHz,GeForce GTX 750 MSI OC 2GB Edition,"
18-Feb-2014 ",4096x2160,No
Nvidia,55 Watts,2048 MB ,128 Bit ,80GB/sec,1250 MHz,GeForce GTX 750 Inno3D 2GB Edition,"
02-Mar-2014 ",4096x2160,No
Nvidia,55 Watts,2048 MB ,128 Bit ,80.2GB/sec,1253 MHz,GeForce GTX 750 MSI Gaming 2GB Edition,"
18-Feb-2014 ",4096x2160,No
Nvidia,55 Watts,1024 MB ,128 Bit ,80.2GB/sec,1253 MHz,GeForce GTX 750 MSI OC 1GB Edition,"
18-Feb-2014 ",4096x2160,No
Nvidia,75 Watts,4096 MB ,128 Bit ,86.4GB/sec,1350 MHz,GeForce GTX 750 Ti Asus Strix DirectCU II OC 4GB Edition,"
23-Jan-2015 ",4096x2160,No
Nvidia,170 Watts,2048 MB ,256 Bit ,198.4GB/sec,1550 MHz,GeForce GTX 760 Palit JetStream 2GB Edition,"
25-Jun-2013 ",4096x2160,Yes
Nvidia,,1024 MB ,128 Bit ,80.2GB/sec,1253 MHz,GeForce GTX 750 Gigabyte OC 1GB Edition,"
18-Feb-2014 ",4096x2160,No
Nvidia,55 Watts,1024 MB ,128 Bit ,80.2GB/sec,1253 MHz,GeForce GTX 750 EVGA Superclocked 1GB Edition,"
02-Mar-2014 ",4096x2160,No
Nvidia,55 Watts,1024 MB ,128 Bit ,80GB/sec,1250 MHz,GeForce GTX 750 Galaxy Slim OC 1GB Edition,"
10-Mar-2014 ",4096x2160,No
Nvidia,55 Watts,1024 MB ,128 Bit ,80.2GB/sec,1253 MHz,GeForce GTX 750 MSI Gaming 1GB Edition,"
18-Feb-2014 ",4096x2160,No
Nvidia,,2048 MB ,128 Bit ,80.2GB/sec,1253 MHz,GeForce GTX 750 Gigabyte OC 2GB Edition,"
18-Feb-2014 ",4096x2160,No
Nvidia,55 Watts,2048 MB ,128 Bit ,80.2GB/sec,1253 MHz,GeForce GTX 750 EVGA Superclocked 2GB Edition,"
02-Mar-2014 ",4096x2160,No
Nvidia,55 Watts,1024 MB ,128 Bit ,81.6GB/sec,1275 MHz,GeForce GTX 750 Gainward 1GB Edition,"
18-Feb-2014 ",4096x2160,No
Nvidia,55 Watts,2048 MB ,128 Bit ,80GB/sec,1250 MHz,GeForce GTX 750 Asus DirectCU Silent 2GB Edition,"
02-Mar-2014 ",4096x2160,No
Nvidia,55 Watts,1024 MB ,128 Bit ,80GB/sec,1250 MHz,GeForce GTX 750,"
18-Feb-2014 ",4096x2160,No
Nvidia,55 Watts,2048 MB ,128 Bit ,80.2GB/sec,1253 MHz,GeForce GTX 750 Asus 2GB OC Edition,"
18-Feb-2014 ",4096x2160,No
Nvidia,55 Watts,4096 MB ,128 Bit ,28.8GB/sec,900 MHz,GeForce GTX 745 (OEM),"
18-Feb-2014 ",4096x2160,No
Nvidia,55 Watts,1024 MB ,128 Bit ,80.2GB/sec,1253 MHz,GeForce GTX 750 Asus 1GB OC Edition,"
18-Feb-2014 ",4096x2160,No
Nvidia,55 Watts,2048 MB ,128 Bit ,81.6GB/sec,1275 MHz,GeForce GTX 750 Gainward 2GB Edition,"
18-Feb-2014 ",4096x2160,No
Nvidia,55 Watts,2048 MB ,128 Bit ,80GB/sec,1250 MHz,GeForce GTX 750 EVGA 2GB Edition,"
02-Mar-2014 ",4096x2160,No
Nvidia,64 Watts,2048 MB ,128 Bit ,80GB/sec,1250 MHz,GeForce GT 740 v3 MSI 2GB Edition,"
14-Apr-2015 ",4096x2160,No
Nvidia,64 Watts,2048 MB ,128 Bit ,80GB/sec,1250 MHz,GeForce GT 740 v3 Asus Dust Proof Fan OC 2GB Edition,"
14-Apr-2015 ",4096x2160,No
Nvidia,64 Watts,2048 MB ,128 Bit ,83.2GB/sec,1300 MHz,GeForce GT 740 v2 Inno3D iChill HerculeZ 2000 1GB Edition,"
29-May-2014 ",4096x2160,No
Nvidia,64 Watts,1024 MB ,128 Bit ,80GB/sec,1250 MHz,GeForce GT 740 v3,"
14-Apr-2015 ",4096x2160,No
Nvidia,64 Watts,2048 MB ,128 Bit ,80GB/sec,1250 MHz,GeForce GT 740 v2 Inno3D HerculeZ OC 2GB Edition,"
29-May-2014 ",4096x2160,No
Nvidia,64 Watts,2048 MB ,128 Bit ,80GB/sec,1250 MHz,GeForce GT 740 v2 Gainward Golden Sample 2GB Edition,"
29-May-2014 ",4096x2160,No
Nvidia,64 Watts,1024 MB ,128 Bit ,80GB/sec,1250 MHz,GeForce GT 740 v2 Gainward Golden Sample 1GB Edition,"
29-May-2014 ",4096x2160,No
Nvidia,64 Watts,2048 MB ,128 Bit ,80GB/sec,1250 MHz,GeForce GT 740 v2 Gainward 2GB Edition,"
29-May-2014 ",4096x2160,No
Nvidia,64 Watts,1024 MB ,128 Bit ,80GB/sec,1250 MHz,GeForce GT 740 v2 Inno3D HerculeZ OC 1GB Edition,"
29-May-2014 ",4096x2160,No
Nvidia,64 Watts,2048 MB ,128 Bit ,80GB/sec,1250 MHz,GeForce GT 740 v2 Gigabyte OC 2GB Edition,"
29-May-2014 ",4096x2160,No
Nvidia,64 Watts,1024 MB ,128 Bit ,80GB/sec,1250 MHz,GeForce GT 740 v2 EVGA Superclocked 1GB Edition,"
29-May-2014 ",4096x2160,No
Nvidia,64 Watts,4096 MB ,128 Bit ,80GB/sec,1250 MHz,GeForce GT 740 v2 EVGA Superclocked 4GB Edition,"
29-May-2014 ",4096x2160,No
Nvidia,64 Watts,1024 MB ,128 Bit ,80GB/sec,1250 MHz,GeForce GT 740 v2 Gainward 1GB Edition,"
29-May-2014 ",4096x2160,No
Nvidia,64 Watts,2048 MB ,128 Bit ,80GB/sec,1250 MHz,GeForce GT 740 v2 EVGA FTW 2GB Edition,"
29-May-2014 ",4096x2160,No
Nvidia,64 Watts,2048 MB ,128 Bit ,80GB/sec,1250 MHz,GeForce GT 740 v2 EVGA Superclocked 2GB Edition,"
29-May-2014 ",4096x2160,No
Nvidia,64 Watts,1024 MB ,128 Bit ,80GB/sec,1250 MHz,GeForce GT 740 v2 Asus OC 1GB Edition,"
29-May-2014 ",4096x2160,No
Nvidia,64 Watts,1024 MB ,128 Bit ,80GB/sec,1250 MHz,GeForce GT 740 v2 EVGA FTW 1GB Edition,"
29-May-2014 ",4096x2160,No
Nvidia,64 Watts,2048 MB ,128 Bit ,28.5GB/sec,891 MHz,GeForce GT 740 Gainward One-Slot Cooler 2GB Edition,"
29-May-2014 ",4096x2160,No
Nvidia,64 Watts,1024 MB ,128 Bit ,28.5GB/sec,891 MHz,GeForce GT 740 Gainward One-Slot Cooler 1GB Edition,"
29-May-2014 ",4096x2160,No
Nvidia,64 Watts,4096 MB ,128 Bit ,21.3GB/sec,667 MHz,GeForce GT 740 EVGA Superclocked SS 4GB Edition,"
29-May-2014 ",4096x2160,No
Nvidia,64 Watts,4096 MB ,128 Bit ,28.5GB/sec,891 MHz,GeForce GT 740 EVGA Superclocked DS 4GB Edition,"
29-May-2014 ",4096x2160,No
Nvidia,64 Watts,2048 MB ,128 Bit ,80GB/sec,1250 MHz,GeForce GT 740 v2 Asus OC 2GB Edition,"
29-May-2014 ",4096x2160,No
Nvidia,64 Watts,1024 MB ,128 Bit ,80GB/sec,1250 MHz,GeForce GT 740 v2,"
29-May-2014 ",4096x2160,No
Nvidia,64 Watts,2048 MB ,128 Bit ,28.5GB/sec,891 MHz,GeForce GT 740 EVGA Superclocked DS 2GB Edition,"
29-May-2014 ",4096x2160,No
Nvidia,64 Watts,2048 MB ,128 Bit ,21.3GB/sec,667 MHz,GeForce GT 740 EVGA Superclocked SS 2GB Edition,"
29-May-2014 ",4096x2160,No
Nvidia,64 Watts,2048 MB ,128 Bit ,28.8GB/sec,900 MHz,GeForce GT 740,"
 29-May-2014 ",4096x2160,No
Nvidia,64 Watts,2048 MB ,128 Bit ,28.5GB/sec,891 MHz,GeForce GT 740 Asus 2GB Edition,"
29-May-2014 ",4096x2160,No
Nvidia,49 Watts,4096 MB ,128 Bit ,16GB/sec,500 MHz,GeForce GT 730 v3 MSI 4GB Edition,"
18-Jun-2014 ",4096x2160,No
Nvidia,49 Watts,2048 MB ,128 Bit ,28.8GB/sec,900 MHz,GeForce GT 730 v3 Palit 2GB Edition,"
18-Jun-2014 ",4096x2160,No
Nvidia,49 Watts,4096 MB ,128 Bit ,17.1GB/sec,533 MHz,GeForce GT 730 v3 Zotac 4GB Edition,"
18-Jun-2014 ",4096x2160,No
Nvidia,55 Watts,2048 MB ,128 Bit ,80.2GB/sec,1253 MHz,GeForce GTX 750 Gigabyte OC Low Profile 2GB Edition,"
22-Jul-2014 ",4096x2160,No
Nvidia,49 Watts,2048 MB ,128 Bit ,28.8GB/sec,900 MHz,GeForce GT 730 v3 Gigabyte 2GB Edition,"
18-Jun-2014 ",4096x2160,No
Nvidia,49 Watts,2048 MB ,128 Bit ,21.3GB/sec,667 MHz,GeForce GT 730 v3 Inno3D 2GB Edition,"
18-Jun-2014 ",4096x2160,No
Nvidia,49 Watts,2048 MB ,128 Bit ,21.3GB/sec,667 MHz,GeForce GT 730 v3 MSI 2GB Edition,"
18-Jun-2014 ",4096x2160,No
Nvidia,65 Watts,2048 MB ,128 Bit ,17.1GB/sec,533 MHz,GeForce GT 730 v3 Biostar OC 2GB Edition,"
18-Jun-2014 ",4096x2160,No
Nvidia,49 Watts,1024 MB ,128 Bit ,28.8GB/sec,900 MHz,GeForce GT 730 v3 Gainward 1GB Edition,"
18-Jun-2014 ",4096x2160,No
Nvidia,75 Watts,2048 MB ,128 Bit ,28.8GB/sec,900 MHz,GeForce GT 730 v3 Asus 2GB Edition,"
18-Jun-2014 ",4096x2160,No
Nvidia,49 Watts,4096 MB ,128 Bit ,28.8GB/sec,900 MHz,GeForce GT 730 v3 Asus 4GB Edition,"
18-Jun-2014 ",4096x2160,No
Nvidia,49 Watts,2048 MB ,64 Bit ,40.1GB/sec,1253 MHz,GeForce GT 730 v2 MSI OC 2GB Edition,"
18-Jun-2014 ",4096x2160,No
Nvidia,38 Watts,2048 MB ,64 Bit ,40GB/sec,1250 MHz,GeForce GT 730 v2 Zotac 2GB Edition,"
18-Jun-2014 ",4096x2160,No
Nvidia,38 Watts,2048 MB ,64 Bit ,40.1GB/sec,1253 MHz,GeForce GT 730 v2 Inno3D Low Profile 2GB Edition,"
18-Jun-2014 ",4096x2160,No
Nvidia,38 Watts,1024 MB ,64 Bit ,40.1GB/sec,1253 MHz,GeForce GT 730 v2 Zotac 1GB Edition,"
18-Jun-2014 ",4096x2160,No
Nvidia,49 Watts,1024 MB ,64 Bit ,40.1GB/sec,1253 MHz,GeForce GT 730 v2 MSI OC 1GB Edition,"
18-Jun-2014 ",4096x2160,No
Nvidia,38 Watts,2048 MB ,64 Bit ,40GB/sec,1250 MHz,GeForce GT 730 v2 Gigabyte Rev 1.0 2GB Edition,"
18-Jun-2014 ",4096x2160,No
Nvidia,49 Watts,1024 MB ,64 Bit ,40.1GB/sec,1253 MHz,GeForce GT 730 v2 Gigabyte OC 1GB Edition,"
15-Jun-2015 ",4096x2160,No
Nvidia,23 Watts,2048 MB ,64 Bit ,14.4GB/sec,900 MHz,GeForce GT 730 Asus Silent 2GB Edition,"
18-Jun-2014 ",4096x2160,No
Nvidia,25 Watts,1024 MB ,64 Bit ,40GB/sec,1250 MHz,GeForce GT 730 v2,"
18-Jun-2014 ",4096x2160,No
Nvidia,23 Watts,1024 MB ,64 Bit ,14.4GB/sec,900 MHz,GeForce GT 730 Asus Silent 1GB Edition,"
18-Jun-2014 ",4096x2160,No
Nvidia,38 Watts,1024 MB ,64 Bit ,40.1GB/sec,1253 MHz,GeForce GT 730 v2 Inno3D Low Profile 1GB Edition,"
18-Jun-2014 ",4096x2160,No
Nvidia,49 Watts,1024 MB ,128 Bit ,28.8GB/sec,900 MHz,GeForce GT 730 v3,"
18-Jun-2014 ",4096x2160,No
Nvidia,38 Watts,2048 MB ,64 Bit ,40GB/sec,1250 MHz,GeForce GT 730 v2 Gigabyte Rev 2.0 2GB Edition,"
09-Dec-2014 ",4096x2160,No
Nvidia,23 Watts,4096 MB ,64 Bit ,14.4GB/sec,902 MHz,GeForce GT 730 Afox Low Profile 4GB Edition,"
18-Jun-2014 ",4096x2160,No
Nvidia,25 Watts,2048 MB ,64 Bit ,40GB/sec,1250 MHz,GeForce GT 730 v2 EVGA Low Profile 2GB Edition,"
18-Jun-2014 ",4096x2160,No
Nvidia,19 Watts,1024 MB ,64 Bit ,40GB/sec,1250 MHz,GeForce GT 720 v2,"
27-Mar-2014 ",4096x2160,No
Nvidia,19 Watts,2048 MB ,64 Bit ,40GB/sec,1250 MHz,GeForce GT 720 v2 MSI 2GB Edition,"
 27-Mar-2014 ",4096x2160,No
Nvidia,23 Watts,2048 MB ,64 Bit ,14.4GB/sec,900 MHz,GeForce GT 730,"
18-Jun-2014 ",4096x2160,No
Nvidia,,64 MB ,128 Bit ,3.7GB/sec,230 MHz,GeForce2 Ultra,"
14-Aug-2000 ",,No
Nvidia,19 Watts,2048 MB ,64 Bit ,14.4GB/sec,900 MHz,GeForce GT 710 v2,"
26-Jan-2016 ",4096x2160,No
Nvidia,30 Watts,1024 MB ,64 Bit ,14.4GB/sec,898 MHz,GeForce GT 710,"
22-Aug-2014 ",4096x2160,No
Nvidia,19 Watts,1024 MB ,64 Bit ,14.4GB/sec,900 MHz,GeForce GT 720,"
27-Mar-2014 ",4096x2160,No
Nvidia,4 Watts,64 MB ,128 Bit ,2.7GB/sec,166 MHz,GeForce 2 MX 64MB,"
28-Jun-2000 ",1600x1200,No
Nvidia,4 Watts,64 MB ,64 Bit ,1.3GB/sec,166 MHz,GeForce 2 MX 400 64MB,"
03-Mar-2001 ",1600x1200,No
Nvidia,25 Watts,2048 MB ,64 Bit ,14.4GB/sec,900 MHz,GeForce GT 710 v2 EVGA Low Profile 2GB Edition,"
26-Jan-2016 ",4096x2160,No
Nvidia,,64 MB ,128 Bit ,3.2GB/sec,200 MHz,GeForce2 Ti,"
01-Nov-2001 ",,No
Nvidia,,32 MB ,128 Bit ,2.7GB/sec,166 MHz,GeForce2 GTS,"
26-Apr-2000 ",,No
Nvidia,,256 MB ,128 Bit ,14.4GB/sec,450 MHz,GeForce FX 5700 Ultra,"
23-Oct-2003 ",2048x1536,No
Nvidia,,32 MB ,64 Bit ,1.3GB/sec,166 MHz,GeForce 2 MX 100/200 32MB,"
03-Mar-2001 ",1600x1200,No
Nvidia,59 Watts,256 MB ,256 Bit ,13.6GB/sec,425 MHz,GeForce FX 5900 Ultra,"
12-May-2003 ",2048x1536,No
Nvidia,,256 MB ,128 Bit ,3.2GB/sec,200 MHz,GeForce FX 5700 VE,"
02-Jan-2003 ",2048x1536,No
Nvidia,,256 MB ,128 Bit ,4GB/sec,250 MHz,GeForce FX 5700,"
01-Oct-2003 ",2048x1536,No
Nvidia,,128 MB ,128 Bit ,3.2GB/sec,200 MHz,GeForce FX 5600 XT,"
01-Mar-2003 ",2048x1536,No
Nvidia,,256 MB ,128 Bit ,3.2GB/sec,200 MHz,GeForce FX 5500,"
01-Mar-2004 ",2048x1536,No
Nvidia,,128 MB ,128 Bit ,3.2GB/sec,200 MHz,GeForce FX 5700 LE,"
01-Mar-2004 ",2048x1536,No
Nvidia,,128 MB ,128 Bit ,5.6GB/sec,350 MHz,GeForce FX 5600 Ultra,"
06-Mar-2003 ",2048x1536,No
Nvidia,,128 MB ,128 Bit ,3.2GB/sec,200 MHz,GeForce FX 5200,"
01-Mar-2003 ",2048x1536,No
Nvidia,,128 MB ,128 Bit ,4.4GB/sec,275 MHz,GeForce4 Ti 4400,"
06-Feb-2002 ",,No
Nvidia,,128 MB ,128 Bit ,5.2GB/sec,325 MHz,GeForce4 Ti 4600 ,"
06-Feb-2002 ",,No
Nvidia,25 Watts,2048 MB ,64 Bit ,14.4GB/sec,900 MHz,GeForce GT 710 v2 EVGA Passive 2GB Edition,"
26-Jan-2016 ",4096x2160,No
Nvidia,,128 MB ,128 Bit ,4.4GB/sec,275 MHz,GeForce4 MX 460,"
06-Feb-2002 ",,No
Nvidia,,64 MB ,64 Bit ,1.3GB/sec,166 MHz,GeForce4 MX 420,"
06-Feb-2002 ",,No
Nvidia,,128 MB ,128 Bit ,3.2GB/sec,200 MHz,GeForce 4 MX 440,"
06-Feb-2002 ",1600x1200,No
Nvidia,,128 MB ,64 Bit ,1.8GB/sec,222 MHz,GeForce4 Ti 4200,"
16-Apr-2002 ",,No
Nvidia,,128 MB ,128 Bit ,4.4GB/sec,275 MHz,GeForce 4 MX 440 AGP 8X,"
25-Sep-2002 ",,No
Nvidia,55 Watts,256 MB ,256 Bit ,32GB/sec,500 MHz,GeForce 6800 GS,"
01-Dec-2005 ",2560x1600,Yes
Nvidia,,128 MB ,64 Bit ,1.3GB/sec,166 MHz,GeForce 4 MX 4000,"
14-Dec-2003 ",1600x1200,No
Nvidia,,256 MB ,128 Bit ,16GB/sec,500 MHz,GeForce 6600 GT 256MB,"
01-Nov-2004 ",2560x1600,Yes
Nvidia,,256 MB ,256 Bit ,32GB/sec,500 MHz,GeForce 6800 GT Leadtek Edition,"
01-May-2004 ",2560x1600,Yes
Nvidia,,256 MB ,128 Bit ,3.2GB/sec,200 MHz,GeForce 6600 LE,"
30-Jan-2004 ",2560x1600,Yes
Nvidia,67 Watts,256 MB ,256 Bit ,32GB/sec,500 MHz,GeForce 6800 GT,"
08-Jun-2004 ",2560x1600,Yes
Nvidia,48 Watts,128 MB ,128 Bit ,15.2GB/sec,475 MHz,GeForce 6600 GT,"
01-Nov-2004 ",2560x1600,Yes
Nvidia,,256 MB ,128 Bit ,5.3GB/sec,333 MHz,GeForce 6500,"
02-Jan-2005 ",2560x1600,No
Nvidia,,256 MB ,64 Bit ,2.1GB/sec,266 MHz,GeForce 6200 LE,"
02-Jan-2005 ",2048x1536,No
Nvidia,,32 MB ,128 Bit ,3.2GB/sec,200 MHz,GeForce2 Pro,"
05-Dec-2000 ",,No
Nvidia,28 Watts,256 MB ,128 Bit ,4.4GB/sec,275 MHz,GeForce 6600,"
02-Jan-2004 ",2560x1600,Yes
Nvidia,,128 MB ,64 Bit ,2.8GB/sec,350 MHz,GeForce 6200 TurboCache,"
02-Jan-2005 ",2560x1600,No
Nvidia,,,64 Bit ,8.5GB/sec,533 MHz,GeForce 6150 SE / nForce 430 64MB DDR3,"
01-Oct-2010 ",,No
Nvidia,,,128 Bit ,,,GeForce 6150 LE,"
11-Oct-2004 ",2560x1600,No
Nvidia,,,128 Bit ,,,GeForce 6150 SE nForce 430,"
01-Jun-2006 ",2560x1600,No
Nvidia,,,128 Bit ,,,GeForce 6150 SE 256MB,"
01-Jun-2006 ",2560x1600,No
Nvidia,,,,,,GeForce 6100 nForce 405,"
20-Oct-2005 ",,No
Nvidia,,,128 Bit ,,,GeForce 6100,"
01-Nov-2005 ",2560x1600,No
Nvidia,,256 MB ,128 Bit ,8.8GB/sec,275 MHz,GeForce 6200,"
02-Jan-2004 ",2560x1600,No
